config,qid,title,question,gold_answer,answer,retrieved_titles,top_chunk,abstained,gold_retrieved,answer_recall,faith_hhem,faith_deberta
chunk_256,0,Anarchism,"According to the passage, where on the political spectrum is anarchism placed?","On the farthest left of the political spectrum, usually described as the libertarian wing of the socialist movement (libertarian socialism).","According to the passage, anarchism is placed on the far-left of the political spectrum.",Anarchism | Anarchism | Anarchism,"The individualist current emphasises negative liberty in opposing restraints upon the free individual, while the social current emphasises positive liberty in aiming to achieve the free potential of society through equality and social ownership. In a chronological sense, anarchism can be segmented by the classical currents of the late 19th century and the post-classical currents (anarcha-feminism, green anarchism, and post-anarchism) developed thereafter.

Beyond the specific factions of anarchi",False,True,0.2727272727272727,0.9873695969581604,0.0013095736503601074
chunk_256,1,Anarchism,Which revolutions does the passage say anarchists have taken part in?,"The Paris Commune, the Russian Civil War and the Spanish Civil War.","The passage mentions three main revolutions where anarchists have participated:

1. The Paris Commune
2. The Russian Civil War
3. The Spanish Civil War

These events are described as notable instances where anarchists played significant roles in uprisings against established governments or systems of governance.",Anarchism | Anarchism | Anarchism,"Various anarchist schools of thought formed during this period. Anarchists have taken part in several revolutions, most notably in the Paris Commune, the Russian Civil War and the Spanish Civil War, whose end marked the end of the classical era of anarchism. In the last decades of the 20th and into the 21st century, the anarchist movement has been resurgent once more, growing in popularity and influence within anti-capitalist, anti-war and anti-globalisation movements.

Anarchists employ diverse",False,True,1.0,0.7989705204963684,0.14223194122314453
chunk_256,2,Albedo,What is the numerical range of albedo and what do the values 0 and 1 represent?,"Albedo is measured on a scale from 0 to 1; 0 corresponds to a black body that absorbs all incident radiation, and 1 corresponds to a body that reflects all incident radiation.","The numerical range of albedo is between 0 and 1. A value of 0 represents a black body that absorbs all incident radiation, while a value of 1 represents a body that reflects all incident radiation.",Albedo | Albedo | Albedo,"The average albedo of Earth is about 0.3. This is far higher than for the ocean primarily because of the contribution of clouds.

Earth's surface albedo is regularly estimated via Earth observation satellite sensors such as NASA's MODIS instruments on board the Terra and Aqua satellites, and the CERES instrument on the Suomi NPP and JPSS. As the amount of reflected radiation is only measured for a single direction by satellite, not all directions, a mathematical model is used to translate a samp",False,True,0.7692307692307693,0.9412607550621033,0.017814576625823975
chunk_256,3,Albedo,For which wavelength range is albedo most often given due to measurement constraints?,"Albedo is often given for the spectrum between 0.3 and 3 μm, which includes visible light (0.4–0.7 μm).","For the spectrum in which most solar energy reaches the surface, typically between 0.3 and 3 μm.",Albedo | Albedo | Albedo,"The temporal resolution may range from seconds (as obtained from flux measurements) to daily, monthly, or annual averages.

Unless given for a specific wavelength (spectral albedo), albedo refers to the entire spectrum of solar radiation. Due to measurement constraints, it is often given for the spectrum in which most solar energy reaches the surface (between 0.3 and 3 μm). This spectrum includes visible light (0.4–0.7 μm), which explains why surfaces with a low albedo appear dark (e.g., trees a",False,True,0.38461538461538464,0.9787092208862305,0.020274102687835693
chunk_256,4,A,"What are the two forms of the lowercase version of the letter ""A""?",the double-storey a and single-storey ɑ,"The lowercase version of the letter ""A"" can be written in two forms: the double-storey a and single-storey ɑ.",A | A | A,"A, or a, is the first letter and the first vowel of the Latin alphabet, used in the modern English alphabet, the alphabets of other western European languages and others worldwide. Its name in English is a (pronounced ), plural aes. It is similar in shape to the Ancient Greek letter Alpha, from which it derives. The uppercase version consists of the two slanting sides of a triangle, crossed in the middle by a horizontal bar. The lowercase version can be written in two forms: the double-storey a ",False,True,1.0,0.973778486251831,0.007725536823272705
chunk_256,5,A,"What is the earliest known certain ancestor of the letter ""A""?","aleph (also written 'aleph), the first letter of the Phoenician alphabet","The earliest known certain ancestor of the letter ""A"" is aleph, which is the first letter of the Phoenician alphabet.",A | Alpha | A,"A, or a, is the first letter and the first vowel of the Latin alphabet, used in the modern English alphabet, the alphabets of other western European languages and others worldwide. Its name in English is a (pronounced ), plural aes. It is similar in shape to the Ancient Greek letter Alpha, from which it derives. The uppercase version consists of the two slanting sides of a triangle, crossed in the middle by a horizontal bar. The lowercase version can be written in two forms: the double-storey a ",False,True,0.7142857142857143,0.9007771611213684,1.2874603271484375e-05
chunk_256,6,Alabama,What is the capital of Alabama?,Montgomery,The capital of Alabama is Montgomery.,Alabama | Alabama | Alabama,"Alabama () is a state in the Southeastern region of the United States, bordered by Tennessee to the north; Georgia to the east; Florida and the Gulf of Mexico to the south; and Mississippi to the west. Alabama is the 30th largest by area and the 24th-most populous of the U.S. states.

Alabama is nicknamed the Yellowhammer State, after the state bird. Alabama is also known as the ""Heart of Dixie"" and the ""Cotton State"". The state tree is the longleaf pine, and the state flower is the camellia. Al",False,True,1.0,0.9779350757598877,3.731250762939453e-05
chunk_256,7,Alabama,Which city is the largest in Alabama by population and area?,Huntsville,Huntsville is the largest city in Alabama by population and area.,Alabama | Alabama | Alabama,"Alabama () is a state in the Southeastern region of the United States, bordered by Tennessee to the north; Georgia to the east; Florida and the Gulf of Mexico to the south; and Mississippi to the west. Alabama is the 30th largest by area and the 24th-most populous of the U.S. states.

Alabama is nicknamed the Yellowhammer State, after the state bird. Alabama is also known as the ""Heart of Dixie"" and the ""Cotton State"". The state tree is the longleaf pine, and the state flower is the camellia. Al",False,True,1.0,0.9750896096229553,1.52587890625e-05
chunk_256,8,Achilles,Who were Achilles' parents according to the passage?,"The Nereid Thetis and Peleus, king of Phthia.","According to the passage, Achilles' parents were Thetis Nereid and Peleus, the king of the Myrmidons.",Achilles | Achilles | Achilles,"Later attestations point to an Achílleion in Messenia (according to Stephanus Byzantinus) and an Achílleios (Ἀχίλλειος) in Laconia. Nicolae Densuşianu recognized a connection to Achilles in the names of Aquileia and of the northern arm of the Danube delta, called Chilia (presumably from an older Achileii), though his conclusion, that Leuce had sovereign rights over the Black Sea, evokes modern rather than archaic sea-law.

The kings of Epirus claimed to be descended from Achilles through his son",False,True,0.8,0.9529694318771362,8.130073547363281e-05
chunk_256,9,Achilles,Who is said to have killed Achilles near the end of the Trojan War?,"Paris, who shot him with an arrow.","Paris, who shot Achilles with an arrow.",Achilles | Achilles | Achilles,"In Greek mythology, Achilles ( ) or Achilleus () was a hero of the Trojan War who was known as being the greatest of all the Greek warriors. A central character in Homer's Iliad, he was the son of the Nereid Thetis and Peleus, king of Phthia and famous Argonaut. Achilles was raised in Phthia along his childhood companion Patroclus and received his education by the centaur Chiron. In the Iliad, he is presented as the commander of the mythical tribe of the Myrmidons. 

Achilles' most notable feat ",False,True,0.75,0.9461256265640259,4.971027374267578e-05
chunk_256,10,Abraham Lincoln,What are the birth and death dates of Abraham Lincoln?,"February 12, 1809 – April 15, 1865","The birth date of Abraham Lincoln is February 12, 1809, and the death date is April 15, 1865.",Abraham Lincoln | Abraham Lincoln | Abraham Lincoln,"Lincoln pressured border states to outlaw slavery, and he promoted the Thirteenth Amendment to the U.S. Constitution, which abolished slavery, except as punishment for a crime.

Lincoln managed his own successful re-election campaign. He sought to heal the war-torn nation through reconciliation. On April 14, 1865, just five days after the war's end at Appomattox, he was attending a play at Ford's Theatre in Washington, D.C., with his wife, Mary, when he was fatally shot by Confederate sympathize",False,True,1.0,0.8249742388725281,0.00018233060836791992
chunk_256,11,Abraham Lincoln,Which act angered Lincoln in 1854 and prompted him to re-enter politics?,The Kansas–Nebraska Act,The Kansas–Nebraska Act angered Abraham Lincoln in 1854 and prompted him to re-enter politics.,Abraham Lincoln | Abraham Lincoln | Abraham Lincoln,"As the slavery debate in the Nebraska and Kansas territories became particularly acrimonious, Illinois Senator Stephen A. Douglas proposed popular sovereignty as a compromise; the measure would allow the electorate of each territory to decide the status of slavery. The legislation alarmed many Northerners, who sought to prevent the spread of slavery that could result, but Douglas's Kansas–Nebraska Act narrowly passed Congress in May 1854.

Lincoln did not comment on the act until months later in",False,True,1.0,0.9207034111022949,4.1604042053222656e-05
chunk_256,12,Aristotle,In which city was Aristotle born?,Stagira,Stagira,Aristotle | Aristotle | Aristotle,"Aristotle (;  Aristotélēs, ; 384–322 BC) was an Ancient Greek philosopher and polymath. His writings cover a broad range of subjects spanning the natural sciences, philosophy, linguistics, economics, politics, psychology and the arts. As the founder of the Peripatetic school of philosophy in the Lyceum in Athens, he began the wider Aristotelian tradition that followed, which set the groundwork for the development of modern science.

Little is known about Aristotle's life. He was born in the city",False,True,1.0,0.627618670463562,0.975969361141324
chunk_256,13,Aristotle,Who requested Aristotle to tutor Alexander the Great?,Philip II of Macedon,Philip II of Macedon requested Aristotle to tutor Alexander the Great.,Aristotle | Aristotle | Alexander the Great,"Aristotle then accompanied Xenocrates to the court of his friend Hermias of Atarneus in Asia Minor. After the death of Hermias, Aristotle travelled with his pupil Theophrastus to the island of Lesbos, where together they researched the botany and zoology of the island and its sheltered lagoon. While in Lesbos, Aristotle married Pythias, either Hermias's adoptive daughter or niece. They had a daughter, whom they also named Pythias. In 343 BC, Aristotle was invited by Philip II of Macedon to becom",False,True,1.0,0.9010958671569824,5.1856040954589844e-05
chunk_256,14,An American in Paris,"When and where was the New York premiere of ""An American in Paris"" held?","December 13, 1928, in Carnegie Hall.","The New York premiere of ""An American in Paris"" was held on December 13, 1928, in Carnegie Hall, with Walter Damrosch conducting the New York Philharmonic.",An American in Paris | An American in Paris | An American in Paris,"An American in Paris is a jazz-influenced symphonic poem (or tone poem) for orchestra by American composer George Gershwin first performed in 1928. It was inspired by the time that Gershwin had spent in Paris and evokes the sights and energy of the French capital during the .

Gershwin scored the piece for the standard instruments of the symphony orchestra plus celesta, saxophones, and automobile horns. He brought back four Parisian taxi horns for the New York premiere of the composition, which ",False,True,1.0,0.9509649276733398,8.893013000488281e-05
chunk_256,15,An American in Paris,"Who conducted the New York Philharmonic at the premiere of ""An American in Paris""?",Walter Damrosch.,"Walter Damrosch conducted the New York Philharmonic at the premiere of ""An American in Paris"" on December 13, 1928, in Carnegie Hall.",An American in Paris | An American in Paris | An American in Paris,"An American in Paris is a jazz-influenced symphonic poem (or tone poem) for orchestra by American composer George Gershwin first performed in 1928. It was inspired by the time that Gershwin had spent in Paris and evokes the sights and energy of the French capital during the .

Gershwin scored the piece for the standard instruments of the symphony orchestra plus celesta, saxophones, and automobile horns. He brought back four Parisian taxi horns for the New York premiere of the composition, which ",False,True,1.0,0.9312198162078857,0.00023227930068969727
chunk_256,16,Academy Award for Best Production Design,In which year was the award category renamed to Best Production Design?,2012,The award category was renamed to Best Production Design in 2012 for the 85th Academy Awards.,Academy Award for Best Production Design | Academy Award for Best Production Design | Academy Awards,"The Academy Award for Best Production Design recognizes achievement for art direction in film. The category's original name was Best Art Direction, but was changed to its current name in 2012 for the 85th Academy Awards. This change resulted from the Art Directors' branch of the Academy of Motion Picture Arts and Sciences (AMPAS) being renamed the Designers' branch. Since 1947, the award is shared with the set decorators. It is awarded to the best interior design in a film.

The films below are ",False,True,1.0,0.9637542963027954,3.933906555175781e-05
chunk_256,17,Academy Award for Best Production Design,Since what year has the Academy Award for Best Production Design been shared with set decorators?,1947,"Since 1947, the Academy Award for Best Production Design has been shared with set decorators.",Academy Award for Best Production Design | Academy Award for Best Production Design | Academy Award for Best Production Design,"The Academy Award for Best Production Design recognizes achievement for art direction in film. The category's original name was Best Art Direction, but was changed to its current name in 2012 for the 85th Academy Awards. This change resulted from the Art Directors' branch of the Academy of Motion Picture Arts and Sciences (AMPAS) being renamed the Designers' branch. Since 1947, the award is shared with the set decorators. It is awarded to the best interior design in a film.

The films below are ",False,True,1.0,0.9804484248161316,1.5139579772949219e-05
chunk_256,18,Academy Awards,On what date was the first Academy Awards presentation held?,"May 16, 1929","May 16, 1929",Academy Awards | Academy Awards | Academy Awards,"It is also the oldest of the four major annual American entertainment awards; its equivalents – the Emmy Awards for television, the Tony Awards for theater, and the Grammy Awards for music – are modeled after the Academy Awards.

History 
The first Academy Awards presentation was held on May 16, 1929, at a private dinner function at The Hollywood Roosevelt Hotel with an audience of about 270 people.

The post-awards party was held at the Mayfair Hotel. The cost of guest tickets for that night's ",False,True,1.0,0.8093642592430115,0.9866233952343464
chunk_256,19,Academy Awards,At which hotel was the post-awards party held after the first Academy Awards?,Mayfair Hotel,The post-awards party was held at the Mayfair Hotel.,Academy Awards | Academy Awards | Academy Awards,"It is also the oldest of the four major annual American entertainment awards; its equivalents – the Emmy Awards for television, the Tony Awards for theater, and the Grammy Awards for music – are modeled after the Academy Awards.

History 
The first Academy Awards presentation was held on May 16, 1929, at a private dinner function at The Hollywood Roosevelt Hotel with an audience of about 270 people.

The post-awards party was held at the Mayfair Hotel. The cost of guest tickets for that night's ",False,True,1.0,0.9667695164680481,3.5762786865234375e-06
chunk_256,20,Actrius,"In what year was the film ""Actrius"" produced?",1996,1996,Actrius | Actaeon | Actaeon,"Actresses (Catalan: Actrius) is a 1997 Catalan language Spanish drama film produced and directed by Ventura Pons and based on the award-winning stage play E.R. by Josep Maria Benet i Jornet. The film has no male actors, with all roles played by females. The film was produced in 1996.

Synopsis 
In order to prepare herself to play a role commemorating the life of legendary actress Empar Ribera, young actress (Mercè Pons) interviews three established actresses who had been the Ribera's pupils: the",False,True,1.0,0.9339045286178589,0.9998358956217999
chunk_256,21,Actrius,Which actress portrayed the character Glòria Marc in the film?,Núria Espert,"The context provided does not mention any actress portraying the character Glòria Marc in a film. Therefore, the correct answer is:

None",Alfred Hitchcock | Alfred Hitchcock | Alfred Hitchcock,"Grant plays retired thief John Robie, who becomes the prime suspect for a spate of robberies in the Riviera. A thrill-seeking American heiress played by Kelly surmises his true identity and tries to seduce him. ""Despite the obvious age disparity between Grant and Kelly and a lightweight plot, the witty script (loaded with double entendres) and the good-natured acting proved a commercial success."" It was Hitchcock's last film with Kelly; she married Prince Rainier of Monaco in 1956, and ended her",True,False,0.3333333333333333,,
chunk_256,22,Animalia (book),In what year was the original edition of Animalia first published?,1986,The original edition of Animalia was first published in 1986.,Animalia (book) | Animalia (book) | Animalia (book),"Animalia is an illustrated children's book by Graeme Base. It was originally published in 1986, followed by a tenth anniversary edition in 1996, and a 25th anniversary edition in 2012. Over four million copies have been sold worldwide. A special numbered and signed anniversary edition was also published in 1996, with an embossed gold jacket.

Synopsis
Animalia is an alliterative alphabet book and contains twenty-six illustrations, one for each letter of the alphabet. Each illustration features a",False,True,1.0,0.9718062281608582,7.987022399902344e-06
chunk_256,23,Animalia (book),How many copies of Animalia have been sold worldwide?,Over four million copies,Over four million copies have been sold worldwide.,Animalia (book) | Animalia (book) | Animal Farm,"Animalia is an illustrated children's book by Graeme Base. It was originally published in 1986, followed by a tenth anniversary edition in 1996, and a 25th anniversary edition in 2012. Over four million copies have been sold worldwide. A special numbered and signed anniversary edition was also published in 1996, with an embossed gold jacket.

Synopsis
Animalia is an alliterative alphabet book and contains twenty-six illustrations, one for each letter of the alphabet. Each illustration features a",False,True,1.0,0.9908230304718018,0.0007748603820800781
chunk_256,24,International Atomic Time,How many atomic clocks are used in the weighted average that defines International Atomic Time (TAI)?,over 450 atomic clocks,Over 450 atomic clocks are used in the weighted average that defines International Atomic Time (TAI).,International Atomic Time | International Atomic Time | International Atomic Time,"TAI may be reported using traditional means of specifying days, carried over from non-uniform time standards based on the rotation of the Earth. Specifically, both Julian days and the Gregorian calendar are used. TAI in this form was synchronised with Universal Time at the beginning of 1958, and the two have drifted apart ever since, due primarily to the slowing rotation of the Earth.

Operation 
TAI is a weighted average of the time kept by over 450 atomic clocks in over 80 national laboratorie",False,True,1.0,0.9799588918685913,0.0006959438323974609
chunk_256,25,International Atomic Time,By how many seconds does Coordinated Universal Time (UTC) currently lag behind TAI?,exactly 37 seconds behind TAI,Coordinated Universal Time (UTC) is currently exactly 37 seconds behind International Atomic Time (TAI).,International Atomic Time | International Atomic Time | International Atomic Time,"International Atomic Time (abbreviated TAI, from its French name ) is a high-precision atomic coordinate time standard based on the notional passage of proper time on Earth's geoid. TAI is a weighted average of the time kept by over 450 atomic clocks in over 80 national laboratories worldwide. It is a continuous scale of time, without leap seconds, and it is the principal realisation of Terrestrial Time (with a fixed offset of epoch). It is the basis for Coordinated Universal Time (UTC), which i",False,True,1.0,0.8150962591171265,0.00020903348922729492
chunk_256,26,Altruism,"Who popularized the word ""altruism"" and possibly coined it?",The French philosopher Auguste Comte.,"Auguste Comte popularized the word ""altruism"" and possibly coined it.",Altruism | Altruism | Altruism,"The term was coined in the 19th century by the founding sociologist and philosopher of science Auguste Comte, and has become a major topic for psychologists (especially evolutionary psychology researchers), evolutionary biologists, and ethologists. Whilst ideas about altruism from one field can affect the other fields, the different methods and focuses of these fields always lead to different perspectives on altruism. In simple terms, altruism is caring about the welfare of other people and acti",False,True,0.5,0.9569804072380066,8.749961853027344e-05
chunk_256,27,Altruism,"What does the Latin word ""alteri,"" from which ""altruism"" is derived, mean?","""Other people"" or ""somebody else"".","The Latin word ""alteri,"" from which ""altruism"" is derived, means ""other people"" or ""somebody else.""",Altruism | Altruism | Altruism,"Altruism is the principle and practice of concern for the well-being and/or happiness of other humans or animals. While objects of altruistic concern vary, it is an important moral value in many cultures and religions. It may be considered a synonym of selflessness, the opposite of selfishness.

The word altruism was popularized (and possibly coined) by the French philosopher Auguste Comte in French, as , for an antonym of egoism. He derived it from the Italian , which in turn was derived from L",False,True,1.0,0.8105884194374084,0.0016102790832519531
chunk_256,28,Ayn Rand,In what year did Ayn Rand move to the United States?,1926,1926,Ayn Rand | Ayn Rand | Ayn Rand,"At 16, she began her studies in the department of social pedagogy, majoring in history. She was one of many bourgeois students purged from the university shortly before graduating. After complaints from a group of visiting foreign scientists, many purged students, including Rand, were reinstated. She completed her studies at the renamed Leningrad State University in October 1924. She then studied for a year at the State Technicum for Screen Arts in Leningrad. For an assignment, Rand wrote an ess",False,True,1.0,0.8959980607032776,0.9995802328630816
chunk_256,29,Ayn Rand,What novel did Ayn Rand publish in 1957?,Atlas Shrugged,Atlas Shrugged,Ayn Rand | Ayn Rand | Ayn Rand,"Later, Rand began allowing them to read the manuscript drafts of her new novel, Atlas Shrugged. In 1954, her close relationship with Nathaniel Branden turned into a romantic affair, with the knowledge of their spouses.

Published in 1957, Atlas Shrugged is considered Rand's magnum opus. She described the novel's theme as ""the role of the mind in man's existence—and, as a corollary, the demonstration of a new moral philosophy: the morality of rational self-interest"". It advocates the core tenets ",False,True,1.0,0.8694286346435547,0.9967205568682402
chunk_256,30,Alain Connes,When was Alain Connes born?,1 April 1947,Alain Connes was born on 1 April 1947.,Alain Connes | Alain Connes | Alain Connes,"Alain Connes (; born 1 April 1947 in Draguignan) is a French mathematician, known for his contributions to the study of operator algebras and noncommutative geometry. He is a professor at the , , Ohio State University and Vanderbilt University. He was awarded the Fields Medal in 1982.

Career
Alain Connes attended high school at  in Marseille, and was then a student of the classes préparatoires in . Between 1966 and 1970 he studed at École normale supérieure in Paris, and in 1973 he obtained a P",False,True,1.0,0.977629542350769,7.987022399902344e-06
chunk_256,31,Alain Connes,What award did Alain Connes receive in 1982?,Fields Medal,The Fields Medal.,Alain Connes | Alain Connes | Alain Connes,"He also introduced cyclic cohomology in the early 1980s as a first step in the study of noncommutative differential geometry.

He was a member of Nicolas Bourbaki.

Awards and honours

Connes was awarded the Peccot-Vimont Prize in 1976, the Ampère Prize in 1980, the Fields Medal in 1982, the Clay Research Award in 2000 and the Crafoord Prize in 2001. The French National Centre for Scientific Research granted him the silver medal in 1977 and the gold medal in 2004.

He was an invited speaker at t",False,True,1.0,0.9691153168678284,0.018352031707763672
chunk_256,32,Allan Dwan,What was Allan Dwan's birth name?,Joseph Aloysius Dwan,Joseph Aloysius Dwan,Allan Dwan | Allan Dwan | Allan Dwan,"Allan Dwan (born Joseph Aloysius Dwan; April 3, 1885 – December 28, 1981) was a pioneering Canadian-born American motion picture director, producer, and screenwriter.

Early life
Born Joseph Aloysius Dwan in Toronto, Ontario, Canada, Dwan was the younger son of commercial traveler of woolen clothing Joseph Michael Dwan (1857–1917) and his wife Mary Jane Dwan (née Hunt). The family moved to the United States when he was seven years old on December 4, 1892, by ferry from Windsor to Detroit, accord",False,True,1.0,0.9041761159896851,0.9984482158906758
chunk_256,33,Allan Dwan,In what year did Allan Dwan become the founding president of the East Coast chapter of the Motion Picture Directors Association?,1917,1917,Allan Dwan | Allan Dwan | Allan Dwan,"Allan Dwan (born Joseph Aloysius Dwan; April 3, 1885 – December 28, 1981) was a pioneering Canadian-born American motion picture director, producer, and screenwriter.

Early life
Born Joseph Aloysius Dwan in Toronto, Ontario, Canada, Dwan was the younger son of commercial traveler of woolen clothing Joseph Michael Dwan (1857–1917) and his wife Mary Jane Dwan (née Hunt). The family moved to the United States when he was seven years old on December 4, 1892, by ferry from Windsor to Detroit, accord",False,True,1.0,0.4937753975391388,0.9995834981673397
chunk_256,34,Algeria,What is the capital and largest city of Algeria?,Algiers,The capital and largest city of Algeria is Algiers.,Algeria | Algeria | Algeria,"With a population of 44 million, Algeria is the tenth-most populous country in Africa, and the 32nd-most populous country in the world. The capital and largest city is Algiers, located in the far north on the Mediterranean coast.

Algeria produced and is linked to many civilizations, empires and dynasties, including Numidians, Mauretanians, Phoenicians, Carthaginians, Romans, Vandals, Mauro-Romans, Byzantines, Umayyads, Ifranids, Abbasids, Rustamids, Idrisids, Sulaymanids, Aghlabids, Fatimids, Z",False,True,1.0,0.9827274680137634,6.9141387939453125e-06
chunk_256,35,Algeria,What is the population of Algeria as stated in the passage?,44 million,"The population of Algeria, as stated in the passage, is 44 million.",Algeria | Algeria | Algeria,"This network will be complemented by the East-West Highway, a major infrastructure project currently under construction. It is a 3-way,  highway, linking Annaba in the extreme east to the Tlemcen in the far west. Algeria is also crossed by the Trans-Sahara Highway, which is now completely paved. This road is supported by the Algerian government to increase trade between the six countries crossed: Algeria, Mali, Niger, Nigeria, Chad, and Tunisia.

Demographics

Algeria has a population of an esti",False,True,1.0,0.9888283014297485,1.6808509826660156e-05
chunk_256,36,List of Atlas Shrugged characters,What position does Dagny Taggart hold at Taggart Transcontinental?,She is vice-president in Charge of Operations for Taggart Transcontinental.,President,List of Atlas Shrugged characters | List of Atlas Shrugged characters | List of Atlas Shrugged characters,"Eddie Willers
Edwin ""Eddie"" Willers is the Special Assistant to the Vice-President in Charge of Operations at Taggart Transcontinental. His father and grandfather worked for the Taggarts, and himself likewise. He is completely loyal to Dagny and to Taggart Transcontinental. Willers does not possess the creative ability of Galt's associates, but matches them in moral courage and is capable of appreciating and making use of their creations. After Dagny shifts her attention and loyalty to saving th",False,True,0.14285714285714285,0.6529588103294373,0.9759005531668663
chunk_256,37,List of Atlas Shrugged characters,What is the full name of Francisco d'Anconia as given in the passage?,Francisco Domingo Carlos Andres Sebastián d'Anconia,Francisco d'Ancona,Ankara | Ankara | Ankara,"Ancyra quickly turned into a Christian city, with a life dominated by monks and priests and theological disputes. The town council or senate gave way to the bishop as the main local figurehead. During the middle of the 4th century, Ancyra was involved in the complex theological disputes over the nature of Christ, and a form of Arianism seems to have originated there.

In 362–363, Emperor Julian passed through Ancyra on his way to an ill-fated campaign against the Persians, and according to Chris",False,False,0.25,0.02657451294362545,0.09492909908294678
chunk_256,38,Anthropology,Which subfield of anthropology studies how language influences social life?,Linguistic anthropology,Linguistic anthropology,Anthropology | Anthropology | Anthropology,"It is sometimes referred to as sociocultural anthropology in the parts of the world that were influenced by the European tradition.

Fields

Anthropology is a global discipline involving humanities, social sciences and natural sciences. Anthropology builds upon knowledge from natural sciences, including the discoveries about the origin and evolution of Homo sapiens, human physical traits, human behavior, the variations among different groups of humans, how the evolutionary past of Homo sapiens h",False,True,1.0,0.978675365447998,0.9923785701394081
chunk_256,39,Anthropology,"In which regions is archaeological anthropology considered a branch of anthropology, and how is it viewed in Europe?","It is considered a branch of anthropology in North America and Asia, while in Europe it is viewed as a discipline in its own right or grouped under other related disciplines such as history and palaeontology.","In North America and Asia, archaeological anthropology is considered a branch of anthropology. In Europe, archaeology is viewed as a discipline in its own right or grouped under other related disciplines, such as history and palaeontology.",Anthropology | Anthropology | Anthropology,"Anthropology is the scientific study of humanity, concerned with human behavior, human biology, cultures, societies, and linguistics, in both the present and past, including past human species. Social anthropology studies patterns of behavior, while cultural anthropology studies cultural meaning, including norms and values. A portmanteau term sociocultural anthropology is commonly used today. Linguistic anthropology studies how language influences social life. Biological or physical anthropology",False,True,0.95,0.9670069217681885,0.6236061155796051
chunk_256,40,Agricultural science,Who conducted experiments on the use of gypsum as a fertilizer in the 18th century?,Johann Friedrich Mayer,Johann Friedrich Mayer conducted experiments on the use of gypsum (hydrated calcium sulphate) as a fertilizer in the 18th century.,Agricultural science | Agriculture | Arsenic,"Agricultural science (or agriscience for short) is a broad multidisciplinary field of biology that encompasses the parts of exact, natural, economic and social sciences that are used in the practice and understanding of agriculture. Professionals of the agricultural science are called agricultural scientists or agriculturists.

History

In the 18th century, Johann Friedrich Mayer conducted experiments on the use of gypsum (hydrated calcium sulphate) as a fertilizer.

In 1843, John Bennet Lawes a",False,True,1.0,0.984214723110199,0.00018447637557983398
chunk_256,41,Agricultural science,"Which 1887 act used the term ""agricultural science"" and began a scientific revolution in United States agriculture?",The Hatch Act of 1887,"The 1887 Hatch Act used the term ""agricultural science"" and began a scientific revolution in United States agriculture.",Agricultural science | Agriculture | Agriculture,"Agricultural science (or agriscience for short) is a broad multidisciplinary field of biology that encompasses the parts of exact, natural, economic and social sciences that are used in the practice and understanding of agriculture. Professionals of the agricultural science are called agricultural scientists or agriculturists.

History

In the 18th century, Johann Friedrich Mayer conducted experiments on the use of gypsum (hydrated calcium sulphate) as a fertilizer.

In 1843, John Bennet Lawes a",False,True,1.0,0.9771220088005066,1.6927719116210938e-05
chunk_256,42,Alchemy,Which regions historically practiced alchemy according to the passage?,"China, India, the Muslim world, and Europe.","According to the passage, alchemy has been practiced in several regions throughout history:

1. **Ancient and Hellenistic Egypt**: This region played a significant role in the development of alchemy due to its rich cultural heritage and scientific practices.
   
2. **China**: Chinese alchemy has a long history dating back thousands of years, contributing significantly to the global understanding of alchemical principles.

3. **India**: Indian alchemy also has a substantial historical legacy, particularly in the field of Ayurveda, which incorporates elements of alchemy.

4. **Muslim World**: Islamic alchemy, often referred to as ""al-Kimiya,"" had a profound influence on the development of alchemy across the medieval period.

5. **Europe**: European alchemy emerged independently of the Eastern traditions but",Alchemy | Alchemy | Alchemy,"Although European craftsmen and technicians pre-existed, Robert notes in his preface that alchemy (here still referring to the elixir rather than to the art itself) was unknown in Latin Europe at the time of his writing. The translation of Arabic texts concerning numerous disciplines including alchemy flourished in 12th-century Toledo, Spain, through contributors like Gerard of Cremona and Adelard of Bath. Translations of the time included the Turba Philosophorum, and the works of Avicenna and M",False,True,1.0,0.054201774299144745,0.021594762802124023
chunk_256,43,Alchemy,What were common aims of alchemists mentioned in the passage?,"Chrysopoeia (transmuting base metals like lead into noble metals such as gold), creating an elixir of immortality, and creating panaceas able to cure any disease.","The common aims of alchemists mentioned in the passage include:

- Transmuting base substances (like lead) into gold.
- Purification and spiritual regeneration of the human soul.
- Symbolizing a religious regeneration of the human soul through alchemical practices.
- Evolving from an imperfect, diseased, corruptible, and ephemeral state toward a perfect, healthy, incorruptible, and everlasting state.
- Representing a mystical key that would make the evolution towards perfection possible.",Alchemy | Alchemy | Alchemy,"Finally, the alchemists practiced their art: they actively experimented with chemicals and made observations and theories about how the universe operated. Their entire philosophy revolved around their belief that man's soul was divided within himself after the fall of Adam. By purifying the two parts of man's soul, man could be reunited with God.

In the 14th century, alchemy became more accessible to Europeans outside the confines of Latin speaking churchmen and scholars. Alchemical discourse s",False,True,0.3333333333333333,0.8742925524711609,0.007999777793884277
chunk_256,44,Alien,Which 1979 film in the Alien franchise was directed by Ridley Scott?,Alien (film),The 1979 film in the Alien franchise directed by Ridley Scott is Alien.,Alien | Alien | Alien,"Predator (film), fifth film in the franchise from 2004 by Paul W. S. Anderson
 Aliens vs. Predator: Requiem, sixth film in the franchise from 2007 by the Brothers Strause
 Prometheus (2012 film), seventh film in the franchise from 2012 by Ridley Scott
 Alien: Covenant, eighth film in the franchise from 2017 by Ridley Scott
 Alien 2: On Earth, a 1980 unofficial sequel of the 1979 Alien film
Alien Visitor (also titled Epsilon) (1995 film) AustralianItalian science fiction film by Rolf de Heer
 The",False,True,1.0,0.9932659864425659,7.152557373046875e-07
chunk_256,45,Alien,What is AliEn (ALICE Environment) described as in the passage?,a grid framework,The ALICE Environment is described as a grid framework in the arts and entertainment category.,Alien | Alternate history | Anaximander,"Alien primarily refers to:
 Alien (law), a person in a country who is not a national of that country
 Enemy alien, the above in times of war
 Extraterrestrial life, life which does not originate from Earth
 Specifically, a lifeform with extraterrestrial intelligence
 For fictional extraterrestrial life, see Extraterrestrials in fiction
 Introduced species, a species not native to its environment

Alien(s), or The Alien(s) may also refer to:

Science and technology 
 AliEn (ALICE Environment), a ",False,True,1.0,0.9868842363357544,0.004373788833618164
chunk_256,46,Astronomer,What are the two main types of astronomers described in the passage?,Observational and theoretical.,Observational and theoretical.,Astronomer | Astronomer | Amateur astronomy,"An astronomer is a scientist in the field of astronomy who focuses their studies on a specific question or field outside the scope of Earth. They observe astronomical objects such as stars, planets, moons, comets and galaxies – in either observational (by analyzing the data) or theoretical astronomy. Examples of topics or fields astronomers study include planetary science, solar astronomy, the origin or evolution of stars, or the formation of galaxies. A related but distinct subject is physical ",False,True,1.0,0.9819056987762451,0.024007678031921387
chunk_256,47,Astronomer,"Which subject studies the Universe as a whole, according to the passage?",Physical cosmology.,"According to the passage, Arthur Schopenhauer studied the Universe as a whole. Specifically, he argued that the world as representation has plurality and is ordered in a spatio-temporal framework, with the world manifesting itself to our experience as a multiplicity of objects.",Anaximander | Arthur Schopenhauer | Arthur Schopenhauer,"Anaximander explains how the four elements of ancient physics (air, earth, water and fire) are formed, and how Earth and terrestrial beings are formed through their interactions. Unlike other Pre-Socratics, he never defines this principle precisely, and it has generally been understood (e.g., by Aristotle and by Saint Augustine) as a sort of primal chaos. According to him, the Universe originates in the separation of opposites in the primordial matter. It embraces the opposites of hot and cold, ",False,False,0.0,0.9517525434494019,0.03904825448989868
chunk_256,48,ASCII,In what year was the first edition of the ASCII standard published?,1963,The first edition of the ASCII standard was published in 1963.,ASCII | ASCII | ASCII,"Work on the ASCII standard began in May 1961, with the first meeting of the American Standards Association's (ASA) (now the American National Standards Institute or ANSI) X3.2 subcommittee. The first edition of the standard was published in 1963, underwent a major revision during 1967, and experienced its most recent update during 1986. Compared to earlier telegraph codes, the proposed Bell code and ASCII were both ordered for more convenient sorting (i.e., alphabetization) of lists and added fe",False,True,1.0,0.9762409329414368,9.298324584960938e-06
chunk_256,49,ASCII,Which organization prefers the name US-ASCII for this character encoding?,The Internet Assigned Numbers Authority (IANA),The Internet Assigned Numbers Authority (IANA) prefers the name US-ASCII for this character encoding.,ASCII | ASCII | ASCII,"ASCII ( ), abbreviated from American Standard Code for Information Interchange, is a character encoding standard for electronic communication. ASCII codes represent text in computers, telecommunications equipment, and other devices. Because of technical limitations of computer systems at the time it was invented, ASCII has just 128 code points, of which only 95 are , which severely limited its scope. Modern computer systems have evolved to use Unicode, which has millions of code points, but the ",False,True,1.0,0.9758339524269104,0.0003597736358642578
chunk_256,50,Animation,"In traditional animation, on what type of sheets are images drawn or painted by hand?",transparent celluloid sheets (cels),"In traditional animation, images are drawn or painted by hand on transparent celluloid sheets called cels.",Animation | Animation | Animation,"The individual frames of a traditionally animated film are photographs of drawings, first drawn on paper. To create the illusion of movement, each drawing differs slightly from the one before it. The animators' drawings are traced or photocopied onto transparent acetate sheets called cels, which are filled in with paints in assigned colors or tones on the side opposite the line drawings. The completed character cels are photographed one-by-one against a painted background by a rostrum camera ont",False,True,1.0,0.9913238286972046,0.0003966689109802246
chunk_256,51,Animation,What does the abbreviation CGI stand for according to the passage?,computer-generated imagery,"According to the passage, the abbreviation CGI stands for ""Common Gateway Interface"".",ASCII | ASCII | Abbreviation,"A historically common and still prevalent convention uses the ETX character convention to interrupt and halt a program via an input data stream, usually from a keyboard.

The Unix terminal driver uses the end-of-transmission character (EOT), also known as control-D, to indicate the end of a data stream.

In the C programming language, and in Unix conventions, the null character is used to terminate text strings; such null-terminated strings can be known in abbreviation as ASCIZ or ASCIIZ, where ",False,False,0.0,0.07045522332191467,0.00020903348922729492
chunk_256,52,Apollo,Who are Apollo's parents according to the passage?,Zeus and Leto,"According to the passage, Apollo's parents are Zeus and Leto.",Apollo | Apollo | Apollo,"Apollo is said to have been the lover of all nine Muses, and not being able to choose one of them, decided to remain unwed. He fathered the Corybantes by the Muse Thalia, Orpheus by Calliope, Linus of Thrace by Calliope or Urania and Hymenaios (Hymen) by one of the Muses.

In the Great Eoiae that is attributed to Hesoid, Scylla is the daughter of Apollo and Hecate.

Cyrene was a Thessalian princess whom Apollo loved. In her honor, he built the city Cyrene and made her its ruler. She was later gr",False,True,1.0,0.627403199672699,2.6106834411621094e-05
chunk_256,53,Apollo,What name is Apollo known by in Greek-influenced Etruscan mythology?,Apulu,"In Greek-influenced Etruscan mythology, Apollo is known as Apulu.",Apollo | Apollo | Apollo,"Apollo or Apollon is one of the  Olympian deities in classical Greek and Roman religion and Greek and Roman mythology. Apollo has been recognized as a god of archery, music and dance, truth and prophecy, healing and diseases, the Sun and light, poetry, and more. One of the most important and complex of the Greek gods, he is the son of Zeus and Leto, and the twin brother of Artemis, goddess of the hunt. He is considered to be the most beautiful god and is represented as the ideal of the kouros (e",False,True,1.0,0.9854611754417419,6.67572021484375e-06
chunk_256,54,Andre Agassi,In what year did Andre Agassi first reach the world No. 1 ranking?,1995,1995,Andre Agassi | Andre Agassi | Andre Agassi,"Andre Kirk Agassi ( ; born April 29, 1970) is an American former world No. 1 tennis player. He is an eight-time major champion and an Olympic gold medalist, as well as a runner-up in seven other majors. Agassi is widely considered one of the greatest tennis players of all time.

Agassi is the second of five men to achieve the career Grand Slam in the Open Era and the fifth of eight overall to make the achievement. He is also the first of two men to achieve the career Golden Slam (career Grand Sl",False,True,1.0,0.6350963711738586,0.9994557867757976
chunk_256,55,Andre Agassi,How many Masters titles did Andre Agassi win?,17,"According to the provided context, Andre Agassi won 17 Masters titles.",Andre Agassi | Andre Agassi | Andre Agassi,"He won five titles in ten finals and was runner-up at the Masters Series tournament in Key Biscayne, losing to Marcelo Ríos, who became No. 1 as a result. At the year end he was awarded the ATP Most Improved Player of the Year for the second time in his career (the first being 10 years earlier in 1988).

Agassi entered the history books in 1999 when he came back from two sets to love down to beat Andrei Medvedev in a five-set French Open final, becoming, at the time, only the fifth male player (",False,True,1.0,0.9625946283340454,1.633167266845703e-05
chunk_256,56,Austroasiatic languages,How many Austroasiatic languages does Ethnologue identify?,168,Ethnologue identifies 168 Austroasiatic languages.,Austroasiatic languages | Austroasiatic languages | Austroasiatic languages,"The Austroasiatic languages   are a large language family spoken throughout mainland Southeast Asia, South Asia and East Asia. These languages are natively spoken by the majority of the population in Vietnam and Cambodia, and by minority populations scattered throughout parts of Thailand, Laos, India, Myanmar, Malaysia, Bangladesh, Nepal, and southern China. Approximately 117 million people speak an Austroasiatic language, of which more than two-thirds are Vietnamese speakers. Of the Austroasiat",False,True,1.0,0.9888368844985962,4.756450653076172e-05
chunk_256,57,Austroasiatic languages,"Which Austroasiatic languages are presently considered national languages of sovereign states, and in which countries are they official?",Vietnamese in Vietnam and Khmer in Cambodia,"Only Vietnamese and Khmer are presently considered national languages of sovereign states. Vietnamese is the national language of Vietnam, and Khmer is the national language of Cambodia.",Austroasiatic languages | Austroasiatic languages | Demographics of Angola,"The Austroasiatic languages   are a large language family spoken throughout mainland Southeast Asia, South Asia and East Asia. These languages are natively spoken by the majority of the population in Vietnam and Cambodia, and by minority populations scattered throughout parts of Thailand, Laos, India, Myanmar, Malaysia, Bangladesh, Nepal, and southern China. Approximately 117 million people speak an Austroasiatic language, of which more than two-thirds are Vietnamese speakers. Of the Austroasiat",False,True,1.0,0.9799540042877197,0.00047659873962402344
chunk_256,58,Afroasiatic languages,Approximately how many languages are included in the Afroasiatic language family?,about 400 languages,There are approximately 400 languages included in the Afroasiatic language family.,Afroasiatic languages | Afroasiatic languages | Afroasiatic languages,"Arabic, if counted as a single language, is by far the most widely spoken within the family, with around 300 million native speakers concentrated primarily in the Middle East and North Africa. Other major Afroasiatic languages include the Chadic Hausa language with over 34 million native speakers, the Semitic Amharic language with 34 million, the Cushitic Oromo language with 35 million, and the Cushitic Somali language with 22 million. Other Afroasiatic languages with millions of native speakers",False,True,0.6666666666666666,0.9945540428161621,0.00016033649444580078
chunk_256,59,Afroasiatic languages,"Which Afroasiatic language has the greatest number of native speakers, and roughly how many does it have?","Arabic, with around 300 million native speakers","The Afroasiatic language with the greatest number of native speakers is Arabic, with approximately 300 million native speakers.",Afroasiatic languages | Afroasiatic languages | Afroasiatic languages,"Arabic, if counted as a single language, is by far the most widely spoken within the family, with around 300 million native speakers concentrated primarily in the Middle East and North Africa. Other major Afroasiatic languages include the Chadic Hausa language with over 34 million native speakers, the Semitic Amharic language with 34 million, the Cushitic Oromo language with 35 million, and the Cushitic Somali language with 22 million. Other Afroasiatic languages with millions of native speakers",False,True,0.8333333333333334,0.9461241364479065,3.790855407714844e-05
chunk_256,60,Andorra,Who are the two co‑princes that currently head Andorra?,"the bishop of Urgell in Catalonia, Spain and the president of France","The current co-princes who head Andorra are:

1. The bishop of Urgell in Catalonia, Spain.
2. The president of France.",Andorra | Andorra | Andorra,"Andorra, officially the Principality of Andorra, is a sovereign landlocked country and microstate on the Iberian Peninsula, in the eastern Pyrenees, bordered by France to the north and Spain to the south. Believed to have been created by Charlemagne, Andorra was ruled by the count of Urgell until 988, when it was transferred to the Roman Catholic Diocese of Urgell. The present principality was formed by a charter in 1278. It is currently headed by two co-princes: the bishop of Urgell in Cataloni",False,True,1.0,0.9469814896583557,0.00045567750930786133
chunk_256,61,Andorra,What is the official language of Andorra?,Catalan,The official language of Andorra is Catalan.,Andorra | Andorra | Andorra,"Moreover, they are not allowed to be elected as prime minister or to own more than 33% of the capital stock of a privately held company.

Languages

According to mother tongue percentage statistics by the Andorran Government released in 2018:

The historic and official language is Catalan, a Romance language. The Andorran government encourages the use of Catalan. It funds a Commission for Catalan Toponymy in Andorra (Catalan: ), and provides free Catalan classes to assist immigrants. Andorran te",False,True,1.0,0.9876595139503479,4.0531158447265625e-05
chunk_256,62,Arithmetic mean,What is the arithmetic mean defined as in mathematics and statistics?,It is the sum of a collection of numbers divided by the count of numbers in the collection.,The arithmetic mean is defined as the sum of a collection of numbers divided by the count of numbers in the collection. It is also known as the mean or average.,Arithmetic mean | Arithmetic mean | Arithmetic mean,"In mathematics and statistics, the arithmetic mean ( ), arithmetic average, or just the mean or average (when the context is clear) is the sum of a collection of numbers divided by the count of numbers in the collection. The collection is often a set of results from an experiment, an observational study, or a survey. The term ""arithmetic mean"" is preferred in some mathematics and statistics contexts because it helps distinguish it from other types of means, such as geometric and harmonic.

In ad",False,True,1.0,0.9815214276313782,0.2998734712600708
chunk_256,63,Arithmetic mean,"Why is the term ""arithmetic mean"" preferred in some mathematics and statistics contexts?","Because it helps distinguish it from other types of means, such as geometric and harmonic.","The term ""arithmetic mean"" is preferred in some mathematics and statistics contexts because it helps distinguish it from other types of means, such as geometric and harmonic, which have different definitions and uses.",Arithmetic mean | Arithmetic mean | Arithmetic mean,"In mathematics and statistics, the arithmetic mean ( ), arithmetic average, or just the mean or average (when the context is clear) is the sum of a collection of numbers divided by the count of numbers in the collection. The collection is often a set of results from an experiment, an observational study, or a survey. The term ""arithmetic mean"" is preferred in some mathematics and statistics contexts because it helps distinguish it from other types of means, such as geometric and harmonic.

In ad",False,True,1.0,0.7840237021446228,0.04088395833969116
chunk_256,64,American Football Conference,How many teams are in each conference of the NFL?,Each conference contains 16 teams.,Each conference of the NFL contains 16 teams.,American Football Conference | American Football Conference | American Football Conference,"The American Football Conference (AFC) is one of the two conferences of the National Football League (NFL), the highest professional level of American football in the United States. The AFC and its counterpart, the National Football Conference (NFC), each contain 16 teams with 4 divisions. Both conferences were created as part of the 1970 merger between the National Football League, and the American Football League (AFL). All ten of the AFL teams, and three NFL teams, became members of the new A",False,True,1.0,0.9632501006126404,9.763240814208984e-05
chunk_256,65,American Football Conference,Which team is the current AFC champion and which team did they defeat in the 2022 AFC Championship Game?,"The Kansas City Chiefs are the current AFC champions, and they defeated the Cincinnati Bengals.","The current AFC champion is the Kansas City Chiefs, who defeated the Cincinnati Bengals in the 2022 AFC Championship Game for their third conference championship.",American Football Conference | American Football Conference | American Football Conference,"The American Football Conference (AFC) is one of the two conferences of the National Football League (NFL), the highest professional level of American football in the United States. The AFC and its counterpart, the National Football Conference (NFC), each contain 16 teams with 4 divisions. Both conferences were created as part of the 1970 merger between the National Football League, and the American Football League (AFL). All ten of the AFL teams, and three NFL teams, became members of the new A",False,True,0.8,0.9797206521034241,1.430511474609375e-05
chunk_256,66,Animal Farm,On what date was Animal Farm first published in England?,17 August 1945,"August 17, 1945",Animal Farm | Animal Farm | Animal Farm,"Animal Farm is a beast fable, in the form of a satirical allegorical novella, by George Orwell, first published in England on 17 August 1945. It tells the story of a group of anthropomorphic farm animals who rebel against their human farmer, hoping to create a society where the animals can be equal, free, and happy. Ultimately, the rebellion is betrayed and, under the dictatorship of a pig named Napoleon, the farm ends up in a state as bad as it was before.

According to Orwell, Animal Farm refl",False,True,1.0,0.9422823190689087,0.9990264562075026
chunk_256,67,Animal Farm,What is the name of the pig who becomes the dictator after the rebellion?,Napoleon,Napoleon,Animal Farm | Animal Farm | Animal Farm,"When Old Major dies, two young pigs, Snowball and Napoleon, assume command and stage a revolt, driving Mr. Jones off the farm and renaming the property ""Animal Farm"". They adopt the Seven Commandments of Animalism, the most important of which is, ""All animals are equal"". The decree is painted in large letters on one side of the barn. Snowball teaches the animals to read and write, while Napoleon educates young puppies on the principles of Animalism. To commemorate the start of Animal Farm, Snowb",False,True,1.0,0.9005383253097534,0.9985730402404442
chunk_256,68,Amphibian,How many living orders are in the subclass Lissamphibia?,"Three (Anura, Urodela, and Gymnophiona).","There are three living orders in the subclass Lissamphibia. These include:

1. Anura (frogs)
2. Caudata (salamanders)
3. Gymnophiona (caecilians)",Amphibian | Amphibian | Alismatales,"Authorities disagree as to whether Salientia is a superorder that includes the order Anura, or whether Anura is a sub-order of the order Salientia. The Lissamphibia are traditionally divided into three orders, but an extinct salamander-like family, the Albanerpetontidae, is now considered part of Lissamphibia alongside the superorder Salientia. Furthermore, Salientia includes all three recent orders plus the Triassic proto-frog, Triadobatrachus.

Evolutionary history 

The first major groups of ",False,True,0.75,0.584332287311554,0.03687334060668945
chunk_256,69,Amphibian,What secondary respiratory surface do some small terrestrial salamanders and frogs rely on entirely?,Their skin.,Some small terrestrial salamanders and frogs rely on their skin entirely for gas exchange.,Amphibian | Amphibian | Amphibian,"Some tree frogs with limited access to water excrete most of their metabolic waste as uric acid.

Urinary bladder

Respiratory system 

The lungs in amphibians are primitive compared to those of amniotes, possessing few internal septa and large alveoli, and consequently having a comparatively slow diffusion rate for oxygen entering the blood. Ventilation is accomplished by buccal pumping. Most amphibians, however, are able to exchange gases with the water or air via their skin. To enable suffici",False,True,1.0,0.23375965654850006,8.225440979003906e-06
chunk_256,70,Alaska,What was Alaska's population as of 2020?,"736,081","Alaska's population as of 2020 was 733,391.",Alaska | Alaska | Alaska,"The climate in the extreme north of Alaska is Arctic (Köppen: ET) with long, very cold winters and short, cool summers. Even in July, the average low temperature in Utqiaġvik is . Precipitation is light in this part of Alaska, with many places averaging less than  per year, mostly as snow which stays on the ground almost the entire year.

Flora and fauna

Demographics

The United States Census Bureau found in the 2020 United States census that the population of Alaska was 733,391 on April 1, 202",False,True,0.0,0.9557299613952637,1.1920928955078125e-05
chunk_256,71,Alaska,What is the state capital of Alaska?,Juneau,The state capital of Alaska is Juneau.,Alaska | Alaska | Alaska,"The state capital of Juneau is the second-largest city in the United States by area. The former capital of Alaska, Sitka, is the largest U.S. city by area. The state's most populous city is Anchorage.  Approximately half of Alaska's residents live within the Anchorage metropolitan area.

Indigenous people have lived in Alaska for thousands of years, and it is widely believed that the region served as the entry point for the initial settlement of North America by way of the Bering land bridge. Th",False,True,1.0,0.9582317471504211,1.2040138244628906e-05
chunk_256,72,Agriculture,What proportion of the world's farmland is operated by the largest one percent of farms?,more than 70 percent,Around 70 percent of the world's farmland is operated by the largest one percent of farms.,Agriculture | Agriculture | Agriculture,"Agriculture encompasses crop and livestock production, aquaculture, fisheries and forestry for food and non-food products. Agriculture was the key development in the rise of sedentary human civilization, whereby farming of domesticated species created food surpluses that enabled people to live in cities. While humans started gathering grains at least 105,000 years ago, nascent farmers only began planting them around 11,500 years ago. Sheep, goats, pigs and cattle were domesticated around 10,000 ",False,True,0.5,0.9639894366264343,0.0003897547721862793
chunk_256,73,Agriculture,Approximately how many years ago did nascent farmers begin planting grains?,"around 11,500 years ago","About 11,500 years ago.",Agriculture | Agriculture | Agriculture,"Farmers grew wheat, barley, vegetables such as lentils and onions, and fruits including dates, grapes, and figs. Ancient Egyptian agriculture relied on the Nile River and its seasonal flooding. Farming started in the predynastic period at the end of the Paleolithic, after 10,000 BC. Staple food crops were grains such as wheat and barley, alongside industrial crops such as flax and papyrus. In India, wheat, barley and jujube were domesticated by 9,000 BC, soon followed by sheep and goats. Cattle,",False,True,0.8,0.9572160840034485,0.001385807991027832
chunk_256,74,Aldous Huxley,In which city did Aldous Huxley live from 1937 until his death?,Los Angeles,Los Angeles,Aldous Huxley | Aldous Huxley | Aldous Huxley,"Aldous Leonard Huxley ( ; 26 July 1894 – 22 November 1963) was an English writer and philosopher. His bibliography spans nearly 50 books, including novels and non-fiction works, as well as essays, narratives, and poems.

Born into the prominent Huxley family, he graduated from Balliol College, Oxford, with an undergraduate degree in English literature. Early in his career, he published short stories and poetry and edited the literary magazine Oxford Poetry, before going on to publish travel writ",False,True,1.0,0.5577155351638794,0.9925248795188963
chunk_256,75,Aldous Huxley,How many times was Aldous Huxley nominated for the Nobel Prize in Literature?,nine times,Nine times.,Aldous Huxley | Aldous Huxley | Aldous Huxley,"He was nominated for the Nobel Prize in Literature nine times, and was elected Companion of Literature by the Royal Society of Literature in 1962.

Huxley was a pacifist. He grew interested in philosophical mysticism, as well as universalism, addressing these subjects in his works such as The Perennial Philosophy, which illustrates commonalities between Western and Eastern mysticism, and The Doors of Perception, which interprets his own psychedelic experience with mescaline. In his most famous n",False,True,1.0,0.9723770022392273,0.0010362863540649414
chunk_256,76,Ada,Which Ada is a town and municipality in Serbia?,"Ada, Serbia","Ada, Serbia, a town and municipality",Ada | Ada | Aalborg Municipality,"Ada may refer to:

Places

Africa
 Ada Foah, a town in Ghana
 Ada (Ghana parliament constituency)
 Ada, Osun, a town in Nigeria

Asia
 Ada, Urmia, a village in West Azerbaijan Province, Iran
 Ada, Karaman, a village in Karaman Province, Turkey

Europe
 Ada, Bosnia and Herzegovina, a village
 Ada, Croatia, a village
 Ada, Serbia, a town and municipality
 Ada Ciganlija or Ada, a river island artificially turned into a peninsula in Belgrade, Serbia

United States 
 Ada, Alabama, an unincorporated c",False,True,1.0,0.9862062335014343,0.3733901381492615
chunk_256,77,Ada,Ada County is located in which U.S. state?,Idaho,Ada County is located in the United States state of Idaho.,Alabama | Ada | Alabama,"Alabama () is a state in the Southeastern region of the United States, bordered by Tennessee to the north; Georgia to the east; Florida and the Gulf of Mexico to the south; and Mississippi to the west. Alabama is the 30th largest by area and the 24th-most populous of the U.S. states.

Alabama is nicknamed the Yellowhammer State, after the state bird. Alabama is also known as the ""Heart of Dixie"" and the ""Cotton State"". The state tree is the longleaf pine, and the state flower is the camellia. Al",False,True,1.0,0.9604080319404602,4.0531158447265625e-06
chunk_256,78,Aberdeen (disambiguation),"In which African country is Aberdeen, Eastern Cape located?",South Africa,"The Aberdeen mentioned in the context refers to Aberdeen, Eastern Cape, South Africa. This can be seen from the information provided about Aberdeen being one of several places referred to under the disambiguation category ""Aberdeen"". Specifically, it states that Aberdeen may also refer to ""Aberdeen, Eastern Cape, South Africa"", indicating that this location is situated within South Africa's Eastern Cape Province.",Angola | Aberdeen (disambiguation) | Aberdeen (disambiguation),"Angola ( ; ; , ), officially the Republic of Angola (), is a country on the west-central coast of Southern Africa. It is the second-largest Lusophone (Portuguese-speaking) country in both total area and population (behind Brazil in both cases), and is the seventh-largest country in Africa. It is bordered by Namibia to the south, the Democratic Republic of the Congo to the north, Zambia to the east, and the Atlantic Ocean to the west. Angola has an exclave province, the province of Cabinda, that ",False,True,1.0,0.7092700004577637,0.1149137020111084
chunk_256,79,Aberdeen (disambiguation),What is the estimated number of people living in the junks of Aberdeen floating village?,"approximately 6,000 people","The provided text does not mention anything about a ""floating village"" or its population size. Therefore, based solely on the given information, I cannot determine the estimated number of people living in the ""junk(s)"" of Aberdeen floating village.",Aberdeenshire | Aberdeenshire | Aberdeenshire,"The largest ethnic minority group are Asian Scottish/British at 0.8%. In addition to the English language, 48.8% of residents reported being able to speak and understand the Scots language.

Settlements

The largest settlements in Aberdeenshire are:

Economy
Aberdeenshire's Gross Domestic Product (GDP) is estimated at £3,496M (2011), representing 5.2% of the Scottish total. Aberdeenshire's economy is closely linked to Aberdeen City's (GDP £7,906M), and in 2011, the region as a whole was calculat",False,False,0.25,0.38536450266838074,0.19690340757369995
chunk_256,80,Algae,What term is used for algae that are carried by water?,Phytoplankton,Plankton,Algae | Algae | Algae,"Algae (, ; : alga ) is an informal term for a large and diverse group of photosynthetic, eukaryotic organisms. It is a polyphyletic grouping that includes species from multiple distinct clades. Included organisms range from unicellular microalgae, such as Chlorella, Prototheca and the diatoms, to multicellular forms, such as the giant kelp, a large brown alga which may grow up to  in length. Most are aquatic and lack many of the distinct cell and tissue types, such as stomata, xylem and phloem t",False,True,0.0,0.8760187029838562,0.49433159828186035
chunk_256,81,Algae,Which algae have secondary chloroplasts derived from an endosymbiotic red alga?,Diatoms and brown algae,Diatoms and brown algae have secondary chloroplasts derived from an endosymbiotic red alga.,Algae | Algae | Algae,"Algae constitute a polyphyletic group since they do not include a common ancestor, and although their plastids seem to have a single origin, from cyanobacteria, they were acquired in different ways. Green algae are examples of algae that have primary chloroplasts derived from endosymbiotic cyanobacteria. Diatoms and brown algae are examples of algae with secondary chloroplasts derived from an endosymbiotic red alga. Algae exhibit a wide range of reproductive strategies, from simple asexual cell ",False,True,1.0,0.9828552007675171,0.0002415776252746582
chunk_256,82,Analysis of variance,Who developed analysis of variance (ANOVA)?,Ronald Fisher,Ronald Fisher developed analysis of variance (ANOVA).,Analysis of variance | Analysis of variance | Analysis of variance,"Analysis of variance (ANOVA) is a collection of statistical models and their associated estimation procedures (such as the ""variation"" among and between groups) used to analyze the differences among means. ANOVA was developed by the statistician Ronald Fisher. ANOVA is based on the law of total variance, where the observed variance in a particular variable is partitioned into components attributable to different sources of variation. In its simplest form, ANOVA provides a statistical test of whe",False,True,1.0,0.9893112778663635,0.000268399715423584
chunk_256,83,Analysis of variance,On what law is ANOVA based?,the law of total variance,ANOVA is based on the law of total variance.,Analysis of variance | Analysis of variance | Analysis of variance,"Analysis of variance (ANOVA) is a collection of statistical models and their associated estimation procedures (such as the ""variation"" among and between groups) used to analyze the differences among means. ANOVA was developed by the statistician Ronald Fisher. ANOVA is based on the law of total variance, where the observed variance in a particular variable is partitioned into components attributable to different sources of variation. In its simplest form, ANOVA provides a statistical test of whe",False,True,1.0,0.9798235893249512,0.0004280209541320801
chunk_256,84,Alkane,What type of carbon–carbon bonds are found in alkanes according to the passage?,All carbon–carbon bonds in alkanes are single bonds.,"According to the passage, alkanes contain only **C–H** and **C–C** single bonds.",Alkane | Alkane | Alkane,"the cycloalkanes) or polycyclic, despite their having a distinct general formula (i.e. cycloalkanes are ).

In an alkane, each carbon atom is sp3-hybridized with 4 sigma bonds (either C–C or C–H), and each hydrogen atom is joined to one of the carbon atoms (in a C–H bond). The longest series of linked carbon atoms in a molecule is known as its carbon skeleton or carbon backbone. The number of carbon atoms may be considered as the size of the alkane.

One group of the higher alkanes are waxes, so",False,True,0.6,0.8330179452896118,0.0012570023536682129
chunk_256,85,Alkane,"According to the passage, what hybridization do carbon atoms have in an alkane?",Each carbon atom in an alkane is sp3‑hybridized.,Carbon atoms in an alkane are sp3-hybridized.,Alkane | Alkane | Alkane,"the cycloalkanes) or polycyclic, despite their having a distinct general formula (i.e. cycloalkanes are ).

In an alkane, each carbon atom is sp3-hybridized with 4 sigma bonds (either C–C or C–H), and each hydrogen atom is joined to one of the carbon atoms (in a C–H bond). The longest series of linked carbon atoms in a molecule is known as its carbon skeleton or carbon backbone. The number of carbon atoms may be considered as the size of the alkane.

One group of the higher alkanes are waxes, so",False,True,0.6666666666666666,0.989967942237854,8.416175842285156e-05
chunk_256,86,Appellate procedure in the United States,"According to the passage, what is the purpose of filing a petition for review in most appeals?",To overturn the lower court's decision.,"According to the passage, the purpose of filing a petition for review in most appeals is to seek appellate review of lower court decisions.",Appellate procedure in the United States | Appellate procedure in the United States | Appellate procedure in the United States,"The second is the collateral appeal or post-conviction petition, in which the petitioner-appellant files the appeal in a court of first instance—usually the court that tried the case.

The key distinguishing factor between direct and collateral appeals is that the former occurs in state courts, and the latter in federal courts.

Relief in post-conviction is rare and is most often found in capital or violent felony cases.  The typical scenario involves an incarcerated defendant locating DNA evide",False,True,0.4,0.952959418296814,0.00015175342559814453
chunk_256,87,Appellate procedure in the United States,What alternative names for appellate courts are mentioned in the passage?,"Appeals courts, courts of appeals, superior courts, or supreme courts.","The alternative names for appellate courts mentioned in the passage are:

1. Court of Appeals
2. Court of Appeal
3. Court of Errors
4. Court of Errors and Appeals
5. Court of Cassation",Appellate court | Appellate court | Appellate procedure in the United States,"In some jurisdictions, a court able to hear appeals is known as an appellate division.

The phrase ""court of appeals"" most often refers to intermediate appellate courts.  However, the New York Court of Appeals is the highest appellate court in New York. The New York Supreme Court is a trial court of general jurisdiction. The Supreme Court of Maryland was known as the Court of Appeals, and the Appellate Court of Maryland was known as the Court of Special Appeals, until a 2022 constitutional amend",False,True,0.5,0.5936346054077148,0.015130758285522461
chunk_256,88,Appellate court,What alternative names for an appellate court are given in the passage?,"court of appeal(s), appeal court, court of second instance or second instance court","The alternative name for an appellate court mentioned in the passage is ""court of appeals"".",Appellate court | Appellate procedure in the United States | Appellate court,"jurisdictions title their appellate court a court of appeal or court of appeals.  Both terms are used in the United States, but the plural form is more common in American English, while in contrast, British English uses only the singular form. The correct form is whichever is the statutorily prescribed or customary form for a particular court and particular jurisdiction; in other words, one should never write ""court of appeal"" when the court at issue clearly prefers to be called a ""court of appe",False,True,0.2,0.9647339582443237,0.0005953311920166016
chunk_256,89,Appellate court,"According to the passage, how does an appellate court review an issue of fact?",It generally looks for clear error and gives deference to the trial court's findings.,"According to the passage, an appellate court reviews an issue of fact by looking for clear error when reviewing lower decisions on an issue of fact.",Appellate court | Appellate court | Appellate procedure in the United States,"It is the duty of trial judges or juries to find facts, view the evidence firsthand, and observe witness testimony. When reviewing lower decisions on an issue of fact, courts of appeal generally look for clear error. The appellate court reviews issues of law  (anew, no deference) and may reverse or modify the lower court's decision if the appellate court believes the lower court misapplied the facts or the law. An appellate court may also review the lower judge's discretionary decisions, such as",False,True,0.3,0.9722191095352173,0.00593411922454834
chunk_256,90,Arraignment,Who reads out the indictment during arraignment in Australia?,The clerk of the court reads out the indictment.,"During arraignment in Australia, the clerk of the court reads out the indictment.",Arraignment | Arraignment | Affidavit,"Arraignment is a formal reading of a criminal charging document in the presence of the defendant, to inform them of the charges against them. In response to arraignment, in some jurisdictions, the accused is expected to enter a plea; in other jurisdictions, no plea is required. Acceptable pleas vary among jurisdictions, but they generally include guilty, not guilty, and the peremptory pleas, or pleas in bar, setting out reasons why a trial cannot proceed. Pleas of nolo contendere ('no contest') ",False,True,1.0,0.9753696322441101,0.0012595057487487793
chunk_256,91,Arraignment,"In British Columbia, what pleas are the defendant asked to enter for each charge during arraignment?",The defendant is asked whether they plead guilty or not guilty.,"During arraignment in British Columbia, the defendant is asked whether they plead guilty or not guilty to each charge.",Arraignment | Arraignment | Arraignment,"Arraignment is a formal reading of a criminal charging document in the presence of the defendant, to inform them of the charges against them. In response to arraignment, in some jurisdictions, the accused is expected to enter a plea; in other jurisdictions, no plea is required. Acceptable pleas vary among jurisdictions, but they generally include guilty, not guilty, and the peremptory pleas, or pleas in bar, setting out reasons why a trial cannot proceed. Pleas of nolo contendere ('no contest') ",False,True,1.0,0.9619942307472229,0.022328734397888184
chunk_256,92,America the Beautiful,"Who wrote the lyrics for ""America the Beautiful""?",Katharine Lee Bates,"Katharine Lee Bates wrote the lyrics for ""America the Beautiful.""",America the Beautiful | America the Beautiful | America the Beautiful,"""America the Beautiful"" is a patriotic American song. Its lyrics were written by Katharine Lee Bates and its music was composed by church organist and choirmaster Samuel A. Ward at Grace Episcopal Church in Newark, New Jersey. The two never met.

Bates wrote the words as a poem, originally entitled ""Pikes Peak"". It was first published in the Fourth of July 1895 edition of the church periodical, The Congregationalist. At that time, the poem was entitled ""America"".

Ward had initially composed the",False,True,1.0,0.9199151992797852,3.993511199951172e-05
chunk_256,93,America the Beautiful,"In what year was the combination of Ward's melody and Bates's poem first entitled ""America the Beautiful""?",1910,"The combination of Ward's melody and Bates's poem was first entitled ""America the Beautiful"" in 1910.",America the Beautiful | America the Beautiful | America the Beautiful,"""America the Beautiful"" is a patriotic American song. Its lyrics were written by Katharine Lee Bates and its music was composed by church organist and choirmaster Samuel A. Ward at Grace Episcopal Church in Newark, New Jersey. The two never met.

Bates wrote the words as a poem, originally entitled ""Pikes Peak"". It was first published in the Fourth of July 1895 edition of the church periodical, The Congregationalist. At that time, the poem was entitled ""America"".

Ward had initially composed the",False,True,1.0,0.9165992140769958,8.249282836914062e-05
chunk_256,94,Assistive technology,What activities are listed as examples of activities of daily living (ADLs) in the passage?,"toileting, mobility (ambulation), eating, bathing, dressing, grooming, and personal device care.","Toileting, mobility (ambulation), eating, bathing, dressing, grooming, and personal device care.",Assistive technology | Alps | Adventure,"Assistive technology (AT) is a term for assistive, adaptive, and rehabilitative devices for people with disabilities and the elderly. Disabled people often have difficulty performing activities of daily living (ADLs) independently, or even with assistance. ADLs are self-care activities that include toileting, mobility (ambulation), eating, bathing, dressing, grooming, and personal device care. Assistive technology can ameliorate the effects of disabilities that limit the ability to perform ADLs.",False,True,1.0,0.9842357635498047,0.7447491884231567
chunk_256,95,Assistive technology,What assistive technology does the passage say students who have challenges writing or keyboarding can use?,voice recognition software.,Students who have challenges writing or keyboarding can use voice recognition software instead.,Assistive technology | Assistive technology | Assistive technology,"Due to assistive technology, disabled people have an opportunity of a more positive and easygoing lifestyle, with an increase in ""social participation"", ""security and control"", and a greater chance to ""reduce institutional costs without significantly increasing household expenses."" In schools, assistive technology can be critical in allowing students with disabilities to access the general education curriculum. Students who experience challenges writing or keyboarding, for example, can use voice",False,True,1.0,0.9888788461685181,0.00010514259338378906
chunk_256,96,Abacus,What is another name for the abacus mentioned in the passage?,a counting frame,"An alternative term for the abacus mentioned in the passage is ""abaci"".",Abacus | Abacus | Abacus,"While the table strewn with dust definition is popular, some argue evidence is insufficient for that conclusion. Greek  probably borrowed from a Northwest Semitic language like Phoenician, evidenced by a cognate with the Hebrew word ʾābāq (), or ""dust"" (in the post-Biblical sense ""sand used as a writing surface"").

Both abacuses and abaci are used as plurals. The user of an abacus is called an abacist.

History

Mesopotamia
The Sumerian abacus appeared between 2700 and 2300 BC. It held a table o",False,True,0.0,0.8188443779945374,0.0006641745567321777
chunk_256,97,Abacus,"In Roman and East Asian abacuses, what does the top deck represent?",fives,"In Roman and East Asian abacuses, the top deck represents fives.",Abacus | Abacus | Abacus,"There are two beads on each rod in the upper deck and five beads each in the bottom one, to represent numbers in a bi-quinary coded decimal-like system. The beads are usually rounded and made of hardwood. The beads are counted by moving them up or down towards the beam; beads moved toward the beam are counted, while those moved away from it are not. One of the top beads is 5, while one of the bottom beads is 1. Each rod has a number under it, showing the place value. The suanpan can be reset to ",False,True,1.0,0.9528515934944153,1.4543533325195312e-05
chunk_256,98,Acid,What are the two categories of acids described in the passage?,Brønsted–Lowry acids (proton donors) and Lewis acids (which form a covalent bond with an electron pair).,The two categories of acids described in the passage are mineral acids and common acids.,Acid | Acid | Acid,"Acids form aqueous solutions with a sour taste, can turn blue litmus red, and react with bases and certain metals (like calcium) to form salts. The word acid is derived from the Latin , meaning 'sour'. An aqueous solution of an acid has a pH less than 7 and is colloquially also referred to as ""acid"" (as in ""dissolved in acid""), while the strict definition refers only to the solute. A lower pH means a higher acidity, and thus a higher concentration of positive hydrogen ions in the solution. Chemi",False,True,0.08333333333333333,0.9231752157211304,0.0001590251922607422
chunk_256,99,Acid,"According to the passage, what pH value characterizes an aqueous solution of an acid?",A pH less than 7.,An aqueous solution of an acid has a pH less than 7.,Acid | Acid | Acid,"Acids form aqueous solutions with a sour taste, can turn blue litmus red, and react with bases and certain metals (like calcium) to form salts. The word acid is derived from the Latin , meaning 'sour'. An aqueous solution of an acid has a pH less than 7 and is colloquially also referred to as ""acid"" (as in ""dissolved in acid""), while the strict definition refers only to the solute. A lower pH means a higher acidity, and thus a higher concentration of positive hydrogen ions in the solution. Chemi",False,True,1.0,0.9839268326759338,0.0018494725227355957
chunk_256,100,Bitumen,What is the largest natural deposit of bitumen in the world and how much is it estimated to contain?,"The Pitch Lake of southwest Trinidad, estimated to contain 10 million tons.","The largest natural deposit of bitumen in the world is the Athabasca oil sands, which covers approximately 140,000 square kilometers in northern Alberta, Canada. It is estimated that these deposits contain about 17 billion barrels of recoverable oil.",Bitumen | Bitumen | Bitumen,"The backs of tippers carrying asphalt, as well as some handling equipment, are also commonly sprayed with a releasing agent before filling to aid release. Diesel oil is no longer used as a release agent due to environmental concerns.

Oil sands

Naturally occurring crude bitumen impregnated in sedimentary rock is the prime feed stock for petroleum production from ""oil sands"", currently under development in Alberta, Canada. Canada has most of the world's supply of natural bitumen, covering 140,00",False,True,0.2222222222222222,0.029770849272608757,0.0032923221588134766
chunk_256,101,Bitumen,What percentage of annual bitumen production is destined for road construction?,70%,Approximately 85% of the annual bitumen production is destined for road construction.,Bitumen | Bitumen | Bitumen,"The remaining 5% of bitumen is used mainly for sealing and insulating purposes in a variety of building materials, such as pipe coatings, carpet tile backing and paint. Bitumen is applied in the construction and maintenance of many structures, systems, and components, such as the following:

 Highways
 Airport runways
 Footways and pedestrian ways
 Car parks
 Racetracks
 Tennis courts
 Roofing
 Damp proofing
 Dams
 Reservoir and pool linings
 Soundproofing
 Pipe coatings
 Cable coatings
 Paints
",False,True,0.0,0.9473941922187805,0.00030171871185302734
chunk_256,102,American National Standards Institute,Where are the headquarters of the American National Standards Institute (ANSI) located?,"Washington, D.C.","The headquarters of the American National Standards Institute (ANSI) are located in Washington, D.C.",American National Standards Institute | American National Standards Institute | American National Standards Institute,"The American National Standards Institute (ANSI  ) is a private nonprofit organization that oversees the development of voluntary consensus standards for products, services, processes, systems, and personnel in the United States. The organization also coordinates U.S. standards with international standards so that American products can be used worldwide.

ANSI accredits standards that are developed by representatives of other standards organizations, government agencies, consumer groups, compani",False,True,1.0,0.9472582936286926,0.00013935565948486328
chunk_256,103,American National Standards Institute,What sources fund the ANSI annual operating budget?,"The sale of publications, membership dues and fees, accreditation services, fee-based programs, and international standards programs.","The American National Standards Institute (ANSI) annually operates its budget through several funding sources:

1. **Publication Sales**: This includes sales of various documents and materials produced by ANSI.
   
2. **Membership Dues and Fees**: Members pay regular fees to support the organization's activities and operations.

3. **Accreditation Services**: The cost associated with certifying organizations according to international standards.

4. **Fee-Based Programs**: Additional revenue generated from specific programs offered by ANSI.

5. **International Standards Programs**: Funding related to the implementation and maintenance of international standards.

These diverse sources contribute to the financial stability and operational capabilities of ANSI, ensuring its continued effectiveness in overseeing standards development and coordination within the United States.",American National Standards Institute | American National Standards Institute | American National Standards Institute,"The American National Standards Institute (ANSI  ) is a private nonprofit organization that oversees the development of voluntary consensus standards for products, services, processes, systems, and personnel in the United States. The organization also coordinates U.S. standards with international standards so that American products can be used worldwide.

ANSI accredits standards that are developed by representatives of other standards organizations, government agencies, consumer groups, compani",False,True,0.8333333333333334,0.15901528298854828,0.0829198956489563
chunk_256,104,Apollo 11,When did the Apollo 11 Lunar Module Eagle land on the Moon?,"July 20, 1969, at 20:17 UTC.","On July 20, 1969, at 20:17 UTC, the Apollo 11 Lunar Module Eagle landed on the Moon's surface.",Apollo 11 | Apollo 11 | Apollo 11,"Apollo 11 was launched by a Saturn V rocket from Kennedy Space Center on Merritt Island, Florida, on July 16 at 13:32 UTC, and it was the fifth crewed mission of NASA's Apollo program. The Apollo spacecraft had three parts: a command module (CM) with a cabin for the three astronauts, the only part that returned to Earth; a service module (SM), which supported the command module with propulsion, electrical power, oxygen, and water; and a lunar module (LM) that had two stages—a descent stage for l",False,True,1.0,0.9601222276687622,0.03358954191207886
chunk_256,105,Apollo 11,How long were Armstrong and Aldrin on the Moon's surface before lifting off to rejoin Columbia?,"21 hours, 36 minutes.","21 hours, 36 minutes",Apollo 11 | Apollo 11 | Apollo 11,"Apollo 11 (July 16–24, 1969) was the American spaceflight that first landed humans on the Moon. Commander Neil Armstrong and Lunar Module Pilot Buzz Aldrin landed the Apollo Lunar Module Eagle on July 20, 1969, at 20:17 UTC, and Armstrong became the first person to step onto the Moon's surface six hours and 39 minutes later, on July 21 at 02:56 UTC. Aldrin joined him 19 minutes later, and they spent about two and a quarter hours together exploring the site they had named Tranquility Base upon la",False,True,1.0,0.9307690262794495,0.9634718745946884
chunk_256,106,Apollo 8,On what dates did Apollo 8 take place?,"December 21–27, 1968","Apollo 8 took place from December 21, 1968, to December 27, 1968.",Apollo 8 | Apollo 8 | Apollo 8,"The choral music piece Earthrise by Luke Byrne commemorates the mission. The piece was premièred on January 19, 2020, by Sydney Philharmonia Choirs at the Sydney Opera House.

Notes

References

Bibliography

External links

 ""Apollo 8"" at Encyclopedia Astronautica
  Article about the 40th anniversary of Apollo8

Multimedia
 Apollo 8: Go for TLI 1969 NASA film at the Internet Archive
 Debrief: Apollo 8 1969 NASA film at the Internet Archive
 ""Apollo 07 and 08 16mm Onboard Film (1968)"" raw footag",False,True,1.0,0.9821236729621887,3.170967102050781e-05
chunk_256,107,Apollo 8,How many times did the Apollo 8 crew orbit the Moon?,ten times,The Apollo 8 crew orbited the Moon ten times.,Apollo 8 | Apollo 8 | Apollo 8,"Astronaut Jim McDivitt's crew, who were training to fly the first lunar module flight in low Earth orbit, became the crew for the Apollo9 mission, and Borman's crew were moved to the Apollo8 mission. This left Borman's crew with two to three months' less training and preparation time than originally planned, and replaced the planned lunar module training with translunar navigation training.

Apollo 8 took 68 hours to travel the distance to the Moon. The crew orbited the Moon ten times over the c",False,True,1.0,0.9926595091819763,7.152557373046875e-06
chunk_256,108,Astronaut,What term is typically used for astronauts fielded by Russia or the Soviet Union?,cosmonauts,The term typically used for astronauts fielded by Russia or the Soviet Union is cosmonaut.,Astronaut | Astronaut | Astronaut,"The first known formal use of the term astronautics in the scientific community was the establishment of the annual International Astronautical Congress in 1950, and the subsequent founding of the International Astronautical Federation the following year.

NASA applies the term astronaut to any crew member aboard NASA spacecraft bound for Earth orbit or beyond. NASA also uses the term as a title for those selected to join its Astronaut Corps. The European Space Agency similarly uses the term ast",False,True,0.0,0.9863486289978027,1.3470649719238281e-05
chunk_256,109,Astronaut,How many astronauts have flown in space since 1961?,600 astronauts,"Since 1961, 600 astronauts have flown in space.",Astronaut | Astronaut | Astronaut,"Since 1961, 600 astronauts have flown in space.  Until 2002, astronauts were sponsored and trained exclusively by governments, either by the military or by civilian space agencies. With the suborbital flight of the privately funded SpaceShipOne in 2004, a new category of astronaut was created: the commercial astronaut.

Definition 

The criteria for what constitutes human spaceflight vary, with some focus on the point where the atmosphere becomes so thin that centrifugal force, rather than aerod",False,True,1.0,0.9873316884040833,1.7523765563964844e-05
chunk_256,110,A Modest Proposal,"In what year was ""A Modest Proposal"" written and published anonymously by Jonathan Swift?",1729.,"""A Modest Proposal"" was written and published anonymously by Jonathan Swift in 1729.",A Modest Proposal | A Modest Proposal | A Modest Proposal,"A Modest Proposal For preventing the Children of Poor People From being a Burthen to Their Parents or Country, and For making them Beneficial to the Publick, commonly referred to as A Modest Proposal, is a Juvenalian satirical essay written and published anonymously by Jonathan Swift in 1729.

The essay suggests that the impoverished Irish might ease their economic troubles by selling their children as food to rich gentlemen and ladies. This satirical hyperbole mocked heartless attitudes towards",False,True,1.0,0.9712463617324829,4.291534423828125e-06
chunk_256,111,A Modest Proposal,"According to the passage, what does the phrase ""a modest proposal"" allude to in English writing?",It is now conventionally an allusion to this style of straight-faced satire.,"According to the passage, the phrase ""a modest proposal"" alludes to Jonathan Swift's style of satire, which is characterized by its directness and seriousness despite its underlying mockery.",A Modest Proposal | A Modest Proposal | A Modest Proposal,"A Modest Proposal For preventing the Children of Poor People From being a Burthen to Their Parents or Country, and For making them Beneficial to the Publick, commonly referred to as A Modest Proposal, is a Juvenalian satirical essay written and published anonymously by Jonathan Swift in 1729.

The essay suggests that the impoverished Irish might ease their economic troubles by selling their children as food to rich gentlemen and ladies. This satirical hyperbole mocked heartless attitudes towards",False,True,0.2857142857142857,0.6051466464996338,0.0008744597434997559
chunk_256,112,Alkali metal,Which chemical elements are listed as the alkali metals in the passage?,"Lithium (Li), sodium (Na), potassium (K), rubidium (Rb), caesium (Cs), and francium (Fr).","Lithium (Li), Sodium (Na), Potassium (K), Rubidium (Rb), Caesium (Cs), Francium (Fr)",Alkali metal | Alkali metal | Alkali metal,"The alkali metals consist of the chemical elements lithium (Li), sodium (Na), potassium (K), rubidium (Rb), caesium (Cs), and francium (Fr). Together with hydrogen they constitute group 1, which lies in the s-block of the periodic table. All alkali metals have their outermost electron in an s-orbital: this shared electron configuration results in their having very similar characteristic properties. Indeed, the alkali metals provide the best example of group trends in properties in the periodic t",False,True,1.0,0.9526174068450928,0.7412528395652771
chunk_256,113,Alkali metal,What is the charge on the cations formed when alkali metals lose their outermost electron?,+1,+1,Alkali metal | Alkali metal | Alkali metal,"Therefore, the only factor which affects the atomic radius of the alkali metals is the number of electron shells. Since this number increases down the group, the atomic radius must also increase down the group.

The ionic radii of the alkali metals are much smaller than their atomic radii. This is because the outermost electron of the alkali metals is in a different electron shell than the inner electrons, and thus when it is removed the resulting atom has one fewer electron shell and is smaller",False,True,1.0,0.7877596020698547,0.9913390688598156
chunk_256,114,Alphabet,Which script is identified in the passage as the first fully phonemic alphabet and the ancestor of most modern alphabets?,the Proto-Sinaitic script,The Proto-Sinaitic script is identified in the passage as the first fully phonemic alphabet and the ancestor of most modern alphabets.,Alphabet | Alphabet | Alphabet,"An alphabet is a standardized set of basic written graphemes (called letters) representing phonemes, units of sounds that distinguish words, of certain spoken languages. Not all writing systems represent language in this way; in a syllabary, each character represents a syllable, and logographic systems use characters to represent words, morphemes, or other semantic units.

The Egyptians have created the first alphabet in a technical sense. The short uniliteral signs are used to write pronunciati",False,True,1.0,0.945708692073822,0.0001366138458251953
chunk_256,115,Alphabet,Name three modern alphabets that the passage says descended from the Phoenician alphabet.,"Arabic, Greek, Latin","Three modern alphabets that the passage says descended from the Phoenician alphabet are Latin, Cyrillic, and Greek.",Alpha | Alphabet | Abjad,"History and symbolism

Origin
The Phoenician alphabet was adopted for Greek in the early 8th century BC, perhaps in Euboea. 
The majority of the letters of the Phoenician alphabet were adopted into Greek with much the same sounds as they had had in Phoenician, but ʼāleph, the Phoenician letter representing the glottal stop ,
was adopted as representing the vowel ; similarly, hē  and ʽayin  are Phoenician consonants that became Greek vowels, epsilon  and omicron , respectively.

Plutarch
Plutarch",False,True,0.6666666666666666,0.9550485610961914,7.486343383789062e-05
chunk_256,116,Atomic number,What does the atomic number (symbol Z) equal for ordinary nuclei composed of protons and neutrons?,"It equals the proton number (np), the number of protons found in the nucleus of every atom of that element.",The atomic number (symbol Z) of an ordinary nucleus composed of protons and neutrons is equal to the proton number (np) or the number of protons found in the nucleus of every atom of that element.,Atomic number | Atomic number | Atom,"The atomic number or nuclear charge number (symbol Z) of a chemical element is the charge number of an atomic nucleus. For ordinary nuclei composed of protons and neutrons, this is equal to the proton number (np) or the number of protons found in the nucleus of every atom of that element. The atomic number can be used to uniquely identify ordinary chemical elements. In an ordinary uncharged atom, the atomic number is also equal to the number of electrons.

For an ordinary atom which contains pro",False,True,0.9,0.9785563945770264,0.002652287483215332
chunk_256,117,Atomic number,"In an ordinary uncharged atom, what is the atomic number equal to?",It is also equal to the number of electrons.,"In an ordinary uncharged atom, the atomic number is equal to the number of protons found in the nucleus of every atom of that element.",Atomic number | Atom | Atom,"The atomic number or nuclear charge number (symbol Z) of a chemical element is the charge number of an atomic nucleus. For ordinary nuclei composed of protons and neutrons, this is equal to the proton number (np) or the number of protons found in the nucleus of every atom of that element. The atomic number can be used to uniquely identify ordinary chemical elements. In an ordinary uncharged atom, the atomic number is also equal to the number of electrons.

For an ordinary atom which contains pro",False,True,0.5,0.9721388220787048,0.003551959991455078
chunk_256,118,Anatomy,Into what two parts is the discipline of anatomy divided?,macroscopic and microscopic parts.,The discipline of anatomy is divided into macroscopic and microscopic parts.,Anatomy | Anatomy | Anatomy,"Anatomy () is the branch of biology concerned with the study of the structure of organisms and their parts. Anatomy is a branch of natural science that deals with the structural organization of living things. It is an old science, having its beginnings in prehistoric times. Anatomy is inherently tied to developmental biology, embryology, comparative anatomy, evolutionary biology, and phylogeny, as these are the processes by which anatomy is generated, both over immediate and long-term timescales",False,True,1.0,0.9841948747634888,0.0001830458641052246
chunk_256,119,Anatomy,Which advanced imaging techniques have recently increased in use for visualizing the body's structures?,MRI and CT scans.,"Recent advancements in non-invasive imaging techniques include X-rays, magnetic resonance imaging (MRI), computed tomography (CT), and ultrasound imaging. These methods allow for detailed examination of internal structures with unprecedented clarity compared to previous technologies.",Anatomy | Anatomy | Anatomy,"Equally important advances have occurred in  non-invasive techniques for examining the interior structures of the body. X-rays can be passed through the body and used in medical radiography and fluoroscopy to differentiate interior structures that have varying degrees of opaqueness. Magnetic resonance imaging, computed tomography, and ultrasound imaging have all enabled examination of internal structures in unprecedented detail to a degree far beyond the imagination of earlier generations.

See ",False,True,0.6666666666666666,0.7317796349525452,0.2739141583442688
chunk_256,120,Andrei Tarkovsky,When did Andrei Tarkovsky die?,29 December 1986,Andrei Tarkovsky died on 29 December 1986.,Andrei Tarkovsky | Andrei Tarkovsky | Andrei Tarkovsky,"In 1986, he also published an influential book about cinema and art entitled Sculpting in Time. He died later that year of cancer, a condition possibly caused by the toxic locations used in the filming of Stalker.

Tarkovsky was the recipient of several awards at the Cannes Film Festival throughout his career, including the FIPRESCI prize, the Prize of the Ecumenical Jury, and the Grand Prix Spécial du Jury. He was also awarded the Golden Lion at the Venice Film Festival for his debut film, Ivan",False,True,1.0,0.9443144798278809,0.0001010894775390625
chunk_256,121,Andrei Tarkovsky,Which of Tarkovsky's films earned him the Golden Lion at the Venice Film Festival?,Ivan's Childhood,Ivan's Childhood,Andrei Tarkovsky | Andrei Tarkovsky | Andrei Tarkovsky,"In 1986, he also published an influential book about cinema and art entitled Sculpting in Time. He died later that year of cancer, a condition possibly caused by the toxic locations used in the filming of Stalker.

Tarkovsky was the recipient of several awards at the Cannes Film Festival throughout his career, including the FIPRESCI prize, the Prize of the Ecumenical Jury, and the Grand Prix Spécial du Jury. He was also awarded the Golden Lion at the Venice Film Festival for his debut film, Ivan",False,True,1.0,0.8707769513130188,0.9994274534401484
chunk_256,122,Abel,Who killed Abel according to the passage?,Cain,Cain killed Abel out of jealousy.,Abel | Abel | Abel,"Abel is a Biblical figure in the Book of Genesis within Abrahamic religions. He was the younger brother of Cain, and the younger son of Adam and Eve, the first couple in Biblical history. He was a shepherd who offered his firstborn flock up to God as an offering. God accepted his offering but not his brother's. Cain then killed Abel out of jealousy. 

According to Genesis, this was the first murder in the history of mankind.

Life and death

Interpretations

Jewish and Christian interpretations
",False,True,1.0,0.9921322464942932,0.0007703304290771484
chunk_256,123,Abel,What was Abel's occupation?,He was a shepherd,Abel was a shepherd.,Abel | Abel | Abel,"Abel is a Biblical figure in the Book of Genesis within Abrahamic religions. He was the younger brother of Cain, and the younger son of Adam and Eve, the first couple in Biblical history. He was a shepherd who offered his firstborn flock up to God as an offering. God accepted his offering but not his brother's. Cain then killed Abel out of jealousy. 

According to Genesis, this was the first murder in the history of mankind.

Life and death

Interpretations

Jewish and Christian interpretations
",False,True,0.5,0.9948348999023438,5.7578086853027344e-05
chunk_256,124,Animal (disambiguation),What is the full title of the book listed under 'Books and publications'?,Animal: The Definitive Visual Guide to The World's WildLife,"The full title of the book listed under 'Books and publications' is ""Women Artists at the Millennium.""",Art | Augustin-Jean Fresnel | Austrian German,"Women Artists at the Millennium. Massachusetts: October Books/The MIT Press, 2006. 
 
 Carl Jung, Man and His Symbols. London: Pan Books, 1978. 
 E.H. Gombrich, The Story of Art. London: Phaidon Press, 1995. 
 Florian Dombois, Ute Meta Bauer, Claudia Mareis and Michael Schwab, eds. Intellectual Birdhouse. Artistic Practice as Research. London: Koening Books, 2012. 
 Kristine Stiles and Peter Selz, eds. Theories and Documents of Contemporary Art. Berkeley: University of California Press, 1986
 Kl",False,False,0.0,0.9019214510917664,0.00013184547424316406
chunk_256,125,Animal (disambiguation),Which American professional wrestler used the ring name 'Road Warrior Animal'?,Joseph Michael Laurinaitis,"Joseph Michael Laurinaitis, better known by his ring name ""Road Warrior Animal"", used the ring name 'Road Warrior Animal'.",Animal (disambiguation) | Auto racing | Achilles,"An animal is a multicellular, eukaryotic organism of the kingdom Animalia or Metazoa.

Animal, Animals, or The Animal may also refer to:

People
 The Animal (nickname), a list of people nicknamed ""The Animal"" or ""Animal""
 Animal Hamaguchi, a ring name of Japanese retired professional wrestler Heigo Hamaguchi (born 1947)
 Road Warrior Animal or Animal, ring names of American professional wrestler Joseph Michael Laurinaitis (1960–2020)

Books and publications
 Animal (book), full title Animal: The",False,True,1.0,0.8264495730400085,0.0010944604873657227
chunk_256,126,Aardwolf,What is the scientific name of the aardwolf?,Proteles cristatus,Proteles cristatus,Aardwolf | Aardwolf | Aardwolf,"The aardwolf (Proteles cristatus) is an insectivorous species of hyena, native to East and Southern Africa. Its name means ""earth-wolf"" in Afrikaans and Dutch. It is also called the maanhaar-jackal (Afrikaans for ""mane-jackal""), termite-eating hyena and civet hyena, based on its habit of secreting substances from its anal gland, a characteristic shared with the African civet.

Unlike many of its relatives in the order Carnivora, the aardwolf does not hunt large animals. It eats insects and their",False,True,1.0,0.9247692823410034,0.955734122544527
chunk_256,127,Aardwolf,How many termites can an aardwolf lap up during a single night?,"as many as 300,000 termites","An aardwolf can consume up to 250,000 termites per night using its long, sticky tongue.",Aardwolf | Aardwolf | Aardvark,"Feeding
The aardwolf feeds primarily on termites and more specifically on Trinervitermes. This genus of termites has different species throughout the aardwolf's range. In East Africa, they eat Trinervitermes bettonianus, in central Africa, they eat Trinervitermes rhodesiensis, and in southern Africa, they eat T. trinervoides. Their technique consists of licking them off the ground as opposed to the aardvark, which digs into the mound. They locate their food by sound and also from the scent secre",False,True,0.5,0.9798734188079834,0.05970168113708496
chunk_256,128,Adobe,What two main components compose adobe as a building material?,Earth and organic materials.,The two main components that compose adobe as a building material are earth and organic materials such as straw or dung.,Adobe | Adobe | Adobe,"Adobe ( ; ) is a building material made from earth and organic materials.  is Spanish for mudbrick. In some English-speaking regions of Spanish heritage, such as the Southwestern United States, the term is used to refer to any kind of earthen construction, or various architectural styles like Pueblo Revival or Territorial Revival. Most adobe buildings are similar in appearance to cob and rammed earth buildings. Adobe is among the earliest building materials, and is used throughout the world.

Ad",False,True,1.0,0.9538069367408752,0.0005884170532226562
chunk_256,129,Adobe,To what time period has adobe architecture been dated?,"Before 5,100 B.C.","To what time period has adobe architecture been dated? The earliest dating of adobe architecture is before 5,100 B.C.",Adobe | Adobe | Adobe,"Adobe ( ; ) is a building material made from earth and organic materials.  is Spanish for mudbrick. In some English-speaking regions of Spanish heritage, such as the Southwestern United States, the term is used to refer to any kind of earthen construction, or various architectural styles like Pueblo Revival or Territorial Revival. Most adobe buildings are similar in appearance to cob and rammed earth buildings. Adobe is among the earliest building materials, and is used throughout the world.

Ad",False,True,1.0,0.9615015983581543,0.004718363285064697
chunk_256,130,Adventure,Which British adventurer is cited as using adventures to draw global sustainability lessons for schoolchildren?,Jason Lewis,Jason Lewis is cited as using adventures to draw global sustainability lessons for schoolchildren.,Adventure | Adventure | A. A. Milne,"Similarly, Helen Keller stated that ""Life is either a daring adventure or nothing.""

Outdoor adventurous activities are typically undertaken for the purposes of recreation or excitement: examples are adventure racing and adventure tourism. Adventurous activities can also lead to gains in knowledge, such as those undertaken by explorers and pioneersthe British adventurer Jason Lewis, for example, uses adventures to draw global sustainability lessons from living within finite environmental constra",False,True,1.0,0.992264986038208,3.147125244140625e-05
chunk_256,131,Adventure,"According to the passage, what does adventure education intentionally use challenging experiences for?",learning,"According to the passage, adventure education intentionally uses challenging experiences for learning.",Adventure | Adventure | Adventure,"Similarly, Helen Keller stated that ""Life is either a daring adventure or nothing.""

Outdoor adventurous activities are typically undertaken for the purposes of recreation or excitement: examples are adventure racing and adventure tourism. Adventurous activities can also lead to gains in knowledge, such as those undertaken by explorers and pioneersthe British adventurer Jason Lewis, for example, uses adventures to draw global sustainability lessons from living within finite environmental constra",False,True,1.0,0.9911435842514038,6.759166717529297e-05
chunk_256,132,Asia,What is the land area of Asia in square kilometers?,more than 44 million square kilometers,More than 44 million square kilometers.,Asia | Asia | Asia,"Asia ( ,  ) is the largest continent in the world by both land area and population. It covers an area of more than 44 million square kilometers, about 30% of Earth's total land area and 8% of Earth's total surface area. The continent, which has long been home to the majority of the human population, was the site of many of the first civilizations. Its 4.7 billion people constitute roughly 60% of the world's population, having more people than all other continents combined.

Asia shares the landm",False,True,1.0,0.9903970956802368,0.003614664077758789
chunk_256,133,Asia,What proportion of the world's population lives in Asia?,roughly 60%,"The context states that ""its 4. 7 billion people constitute roughly 60% of the world's population"". Therefore, the proportion of the world's population living in Asia is approximately 60%.",Asia | Asia | Asia,"Asia ( ,  ) is the largest continent in the world by both land area and population. It covers an area of more than 44 million square kilometers, about 30% of Earth's total land area and 8% of Earth's total surface area. The continent, which has long been home to the majority of the human population, was the site of many of the first civilizations. Its 4.7 billion people constitute roughly 60% of the world's population, having more people than all other continents combined.

Asia shares the landm",False,True,1.0,0.9309007525444031,0.36602306365966797
chunk_256,134,Aruba,What is the capital of Aruba?,Oranjestad,Oranjestad,Aruba | Aruba | Aruba,"Aruba has no administrative subdivisions, but, for census purposes, is divided into eight regions. Its capital is Oranjestad.
	
Unlike much of the Caribbean region, Aruba has a dry climate and an arid, cactus-strewn landscape. The relatively warm and sunny weather, and the climate allow for related tourism activities all year round. Its area is  and it is quite densely populated, with 108,166 inhabitants per the 2020 census.

Etymology

The name Aruba most likely came from the Caquetío Oruba whi",False,True,1.0,0.8766432404518127,0.9982759063132107
chunk_256,135,Aruba,In what year did Aruba become a constituent country within the Kingdom of the Netherlands?,1986,1986,Aruba | Aruba | Aruba,"Aruba ( ,  or , ), officially the Country of Aruba (; ), is a constituent country of the Kingdom of the Netherlands physically located in the mid-south of the Caribbean Sea, about  north of the Venezuelan peninsula of Paraguaná  and  northwest of Curaçao. It measures  long from its northwestern to its southeastern end and  across at its widest point. Together with Bonaire and Curaçao, Aruba forms a group referred to as the ABC islands. Collectively, these and the other three Dutch substantial is",False,True,1.0,0.865656316280365,0.9994472214020789
chunk_256,136,Articles of Confederation,On what date did the Articles of Confederation come into force?,"March 1, 1781","March 1, 1781",Articles of Confederation | Articles of Confederation | Articles of Confederation,"The Articles of Confederation and Perpetual Union was an agreement among the 13 states of the United States, formerly the Thirteen Colonies, that served as the nation's first frame of government. It was debated by the Second Continental Congress at Independence Hall in Philadelphia between July 1776 and November 1777, and finalized by the Congress on November 15, 1777. It came into force on March 1, 1781, after being ratified by all 13 colonial states. A guiding principle of the Articles was the",False,True,1.0,0.8860140442848206,0.9961977750062943
chunk_256,137,Articles of Confederation,Which body debated the Articles of Confederation at Independence Hall in Philadelphia?,the Second Continental Congress,The Second Continental Congress debated the Articles of Confederation at Independence Hall in Philadelphia.,Articles of Confederation | Articles of Confederation | Articles of Confederation,"The Articles of Confederation and Perpetual Union was an agreement among the 13 states of the United States, formerly the Thirteen Colonies, that served as the nation's first frame of government. It was debated by the Second Continental Congress at Independence Hall in Philadelphia between July 1776 and November 1777, and finalized by the Congress on November 15, 1777. It came into force on March 1, 1781, after being ratified by all 13 colonial states. A guiding principle of the Articles was the",False,True,1.0,0.969927966594696,5.7220458984375e-06
chunk_256,138,Atlantic Ocean,What percentage of Earth's surface does the Atlantic Ocean cover?,Approximately 17%.,The Atlantic Ocean covers approximately 17% of Earth's surface.,Atlantic Ocean | Atlantic Ocean | Atlantic Ocean,"Including these marginal seas the coast line of the Atlantic measures  compared to  for the Pacific.

Including its marginal seas, the Atlantic covers an area of  or 23.5% of the global ocean and has a volume of  or 23.3% of the total volume of the earth's oceans. Excluding its marginal seas, the Atlantic covers  and has a volume of . The North Atlantic covers  (11.5%) and the South Atlantic  (11.1%). The average depth is  and the maximum depth, the Milwaukee Deep in the Puerto Rico Trench, is .",False,True,1.0,0.990881085395813,6.508827209472656e-05
chunk_256,139,Atlantic Ocean,Which European powers are mentioned as colonizing the Americas after Columbus's expedition?,"Portugal, Spain, France, and the United Kingdom.","After Columbus's expedition, the European powers mentioned as colonizing the Americas include Portugal, Spain, France, and the United Kingdom.",Atlantic Ocean | Atlantic Ocean | Aruba,"The Atlantic Ocean is the second-largest of the world's five oceans, with an area of about . It covers approximately 17% of Earth's surface and about 24% of its water surface area. It is known to separate the ""Old World"" of Africa, Europe, and Asia from the ""New World"" of the Americas in the European perception of the World.

Through its separation of Europe, Africa, and Asia from the Americas, the Atlantic Ocean has played a central role in the development of human society, globalization, and t",False,True,1.0,0.9193987250328064,0.0001437664031982422
chunk_256,140,Arthur Schopenhauer,When was Arthur Schopenhauer born?,22 February 1788,Arthur Schopenhauer was born on 22 February 1788.,Arthur Schopenhauer | Arthur Schopenhauer | Arthur Schopenhauer,"Though his work failed to garner substantial attention during his lifetime, Schopenhauer had a posthumous impact across various disciplines, including philosophy, literature, and science. His writing on aesthetics, morality, and psychology have influenced many thinkers and artists.

Life

Early life 

Arthur Schopenhauer was born on 22 February 1788, in Danzig (then part of the Polish–Lithuanian Commonwealth; present-day Gdańsk, Poland) on Heiligegeistgasse (present day Św. Ducha 47), the son of",False,True,1.0,0.9770326614379883,7.3909759521484375e-06
chunk_256,141,Arthur Schopenhauer,What is the title of Schopenhauer's 1818 work?,The World as Will and Representation,The World as Will and Representation,Arthur Schopenhauer | Arthur Schopenhauer | Arthur Schopenhauer,"Arthur Schopenhauer ( , ; 22 February 1788 – 21 September 1860) was a German philosopher. He is best known for his 1818 work The World as Will and Representation (expanded in 1844), which characterizes the phenomenal world as the manifestation of a blind and irrational noumenal will. Building on the transcendental idealism of Immanuel Kant (1724–1804), Schopenhauer developed an atheistic metaphysical and ethical system that rejected the contemporaneous ideas of German idealism. He was among the ",False,True,1.0,0.9346678256988525,0.914290726184845
chunk_256,142,Angola,What is the capital and most populous city of Angola?,Luanda,Luanda,Angola | Angola | Angola,"Angola ( ; ; , ), officially the Republic of Angola (), is a country on the west-central coast of Southern Africa. It is the second-largest Lusophone (Portuguese-speaking) country in both total area and population (behind Brazil in both cases), and is the seventh-largest country in Africa. It is bordered by Namibia to the south, the Democratic Republic of the Congo to the north, Zambia to the east, and the Atlantic Ocean to the west. Angola has an exclave province, the province of Cabinda, that ",False,True,1.0,0.835637092590332,0.9963071474339813
chunk_256,143,Angola,In what year did Angola achieve independence?,1975,1975,Angola | Economy of Angola | Angola,"The Portuguese colony that became Angola did not have its present borders until the early 20th century, owing to resistance by native groups such as the Cuamato, the Kwanyama and the Mbunda.

After a protracted anti-colonial struggle, Angola achieved independence in 1975 as a Marxist–Leninist one-party Republic. The country descended into a devastating civil war the same year, between the ruling People's Movement for the Liberation of Angola (MPLA), backed by the Soviet Union and Cuba, the insur",False,True,1.0,0.6901270747184753,0.9989412524737418
chunk_256,144,Demographics of Angola,"According to the 2014 census, what was Angola's total population?","25,789,024 inhabitants","According to the 2014 census data provided in the context, Angola's total population was 25,789,024 inhabitants.",Angola | Demographics of Angola | Demographics of Angola,"Demographics

Angola has a population of 24,383,301 inhabitants according to the preliminary results of its 2014 census, the first one conducted or carried out since 15 December 1970. It is composed of Ovimbundu (language Umbundu) 37%, Ambundu (language Kimbundu) 23%, Bakongo 13%, and 32% other ethnic groups (including the Chokwe, the Ovambo, the Ganguela and the Xindonga) as well as about 2% mulattos (mixed European and African), 1.6% Chinese and 1% European. The Ambundu and Ovimbundu ethnic gr",False,True,1.0,0.9634325504302979,0.00023502111434936523
chunk_256,145,Demographics of Angola,"Which ethnic group represents the largest percentage of Angola's population, and what is that percentage?","The Ovimbundu, representing 37% of the population","The Ovimbundu ethnic group represents the largest percentage of Angola's population, at 37%.",Angola | Demographics of Angola | Demographics of Angola,"Demographics

Angola has a population of 24,383,301 inhabitants according to the preliminary results of its 2014 census, the first one conducted or carried out since 15 December 1970. It is composed of Ovimbundu (language Umbundu) 37%, Ambundu (language Kimbundu) 23%, Bakongo 13%, and 32% other ethnic groups (including the Chokwe, the Ovambo, the Ganguela and the Xindonga) as well as about 2% mulattos (mixed European and African), 1.6% Chinese and 1% European. The Ambundu and Ovimbundu ethnic gr",False,True,0.75,0.5794464945793152,6.103515625e-05
chunk_256,146,Politics of Angola,How many parliamentarians are elected to Angola's National Assembly?,220,220,Politics of Angola | Politics of Angola | Politics of Angola,"The current political regime in Angola is presidentialism, in which the President of the Republic is also head of state and government; it is advised by a Council of Ministers, which together with the President form the national executive power. Legislative power rests with the 220 parliamentarians elected to the National Assembly. The President of the Republic, together with the parliament, appoints the majority of the members of the two highest bodies of the judiciary, that is, the Constitutio",False,True,1.0,0.7072727680206299,0.9961755161639303
chunk_256,147,Politics of Angola,Which two highest bodies of the judiciary have the majority of their members appointed by the President together with the parliament?,the Constitutional Court and the Supreme Court,"In Azerbaijan, the highest bodies of the judiciary that have the majority of their members appointed by the President together with the parliament include the Constitutional Court, Supreme Court, and Economic Court.",Andorra | Azerbaijan | Politics of Angola,"Once any bill is approved, the Syndic General is responsible for presenting it to the co-princes so that they may sign and enact it.

If the prime minister is not satisfied with the council, he may request that the co-princes dissolve the council and order new elections. In turn, the councillors have the power to remove the prime minister from office. After a motion of censure is approved by at least one-fifth of the councillors, the council will vote and if it receives the absolute majority of ",False,True,1.0,0.8713453412055969,0.03358954191207886
chunk_256,148,Economy of Angola,What was Angola's reported annual average GDP growth from 2001 to 2010?,11.1 percent,"According to the given context, Angola had the world's highest annual average GDP growth during this period, specifically at 11.1% from 2001 to 2010.",Angola | Economy of Angola | Angola,"In the period 2001–10, Angola had the world's highest annual average GDP growth, at 11.1%.

In 2004, the Exim Bank of China approved a $2 billion line of credit to Angola, to be used for rebuilding Angola's infrastructure, and to limit the influence of the International Monetary Fund there.

China is Angola's biggest trade partner and export destination as well as the fourth-largest source of imports. Bilateral trade reached $27.67 billion in 2011, up 11.5% year-on-year. China's imports, mainly ",False,True,0.6666666666666666,0.9585139155387878,0.08795475959777832
chunk_256,149,Economy of Angola,"In 2017, what percentage of Angola's government revenue was accounted for by the oil sector?",64 percent,"In 2017, the oil sector accounted for over 90 percent of Angola's government revenue.",Angola | Economy of Angola | Economy of Angola,"Natural resources

The Economist reported in 2008 that diamonds and oil make up 60% of Angola's economy, almost all of the country's revenue and all of its dominant exports. Growth is almost entirely driven by rising oil production which surpassed  in late 2005 and was expected to grow to  by 2007. Control of the oil industry is consolidated in Sonangol Group, a conglomerate owned by the Angolan government. In December 2006, Angola was admitted as a member of OPEC.

According to the Heritage Fou",False,True,0.5,0.7981020212173462,3.0517578125e-05
chunk_256,150,Angolan Armed Forces,Who has been the Chief of the General Staff of the Angolan Armed Forces since 2018?,António Egídio de Sousa Santos,António Egídio de Sousa Santos has been the Chief of the General Staff of the Angolan Armed Forces since 2018.,Angolan Armed Forces | Angola | Angola,"The Angolan Armed Forces () or FAA is the military of Angola. The FAA consist of the Angolan Army (), the Angolan Navy () and the National Air Force of Angola (). Reported total manpower in 2021 was about 107,000.  The FAA is headed by the Chief of the General Staff António Egídio de Sousa Santos since 2018, who reports to the minister of National Defense, currently João Ernesto dos Santos.

History

Roots 
The FAA succeeded to the previous People's Armed Forces for the Liberation of Angola (FAP",False,True,1.0,0.968083918094635,0.0002415776252746582
chunk_256,151,Angolan Armed Forces,On what date were the Angolan Armed Forces created?,9 October 1991,The Angolan Armed Forces were created on 9 October 1991.,Angolan Armed Forces | Angolan Armed Forces | Angola,"Later, consequences for FALA personnel in Luanda were harsh with FAPLA veterans persecuting their erstwhile opponents in certain areas and reports of vigilantism.

Founding 
The Angolan Armed Forces were created on 9 October 1991. The institutionalization of the FAA was made in the Bicesse Accords, signed in 1991, between the Angolan Government and UNITA. The principles that would govern the FAA were defined in a joint proposal presented on September 24, 1991 and approved on 9 October. On 14 Nov",False,True,1.0,0.9801472425460815,1.430511474609375e-05
chunk_256,152,Albert Sidney Johnston,In which three armies did Albert Sidney Johnston serve as a general?,"the Texian Army, the United States Army, and the Confederate States Army.","The three armies where Albert Sidney Johnston served as a general were the Texian Army, the United States Army, and the Confederate States Army.",Albert Sidney Johnston | Albert Sidney Johnston | Albert Sidney Johnston,"Albert Sidney Johnston (February 2, 1803 – April 6, 1862) served as a general in three different armies: the Texian Army, the United States Army, and the Confederate States Army. He saw extensive combat during his 34-year military career, fighting actions in the Black Hawk War, the Texas-Indian Wars, the Mexican–American War, the Utah War, and the American Civil War.

Considered by Confederate States President Jefferson Davis to be the finest general officer in the Confederacy before the later e",False,True,1.0,0.9752364158630371,9.572505950927734e-05
chunk_256,153,Albert Sidney Johnston,On what date was Albert Sidney Johnston killed at the Battle of Shiloh?,"April 6, 1862.","April 6, 1862",Albert Sidney Johnston | Albert Sidney Johnston | Albert Sidney Johnston,"Albert Sidney Johnston (February 2, 1803 – April 6, 1862) served as a general in three different armies: the Texian Army, the United States Army, and the Confederate States Army. He saw extensive combat during his 34-year military career, fighting actions in the Black Hawk War, the Texas-Indian Wars, the Mexican–American War, the Utah War, and the American Civil War.

Considered by Confederate States President Jefferson Davis to be the finest general officer in the Confederacy before the later e",False,True,1.0,0.7551696300506592,0.9994652643217705
chunk_256,154,Android (robot),"In which publication does the Oxford English Dictionary trace the earliest use of the term ""androides""?",Ephraim Chambers' 1728 Cyclopaedia,"The Oxford English Dictionary traces the earliest use of the term ""androides"" in Ephraim Chambers' 1728 Cyclopaedia.",Android (robot) | Android (robot) | A,"An android is a humanoid robot or other artificial being often made from a flesh-like material. Historically, androids were completely within the domain of science fiction and frequently seen in film and television, but advances in robot technology now allow the design of functional and realistic humanoid robots.

Terminology

The Oxford English Dictionary traces the earliest use (as ""Androides"") to Ephraim Chambers' 1728 Cyclopaedia, in reference to an automaton that St. Albertus Magnus alleged",False,True,1.0,0.9714930057525635,3.838539123535156e-05
chunk_256,155,Android (robot),"In what year did the term ""android"" appear in US patents referring to miniature human-like toy automatons?",1863,"The term ""android"" appeared in US patents referring to miniature human-like toy automatons in 1863.",Android (robot) | Android (robot) | Android (robot),"An android is a humanoid robot or other artificial being often made from a flesh-like material. Historically, androids were completely within the domain of science fiction and frequently seen in film and television, but advances in robot technology now allow the design of functional and realistic humanoid robots.

Terminology

The Oxford English Dictionary traces the earliest use (as ""Androides"") to Ephraim Chambers' 1728 Cyclopaedia, in reference to an automaton that St. Albertus Magnus alleged",False,True,1.0,0.9688742160797119,1.919269561767578e-05
chunk_256,156,Alberta,What is the capital of Alberta?,Edmonton,Edmonton is the capital of Alberta.,Alberta | Alberta | Alberta,"Alberta ( ) is one of the thirteen provinces and territories of Canada. It is a part of Western Canada and is one of the three prairie provinces. Alberta is bordered by British Columbia to the west, Saskatchewan to the east, the Northwest Territories to the north, and the U.S. state of Montana to the south. It is one of the only two landlocked provinces in Canada, with Saskatchewan being the other. The eastern part of the province is occupied by the Great Plains, while the western part borders t",False,True,1.0,0.9710816144943237,5.9485435485839844e-05
chunk_256,157,Alberta,Which U.S. state borders Alberta to the south?,Montana,Montana,Alberta | Alberta | Alaska,"Alberta's southern border is the 49th parallel north, which separates it from the U.S. state of Montana. The 60th parallel north divides Alberta from the Northwest Territories. The 110th meridian west separates it from the province of Saskatchewan; while on the west its boundary with British Columbia follows the 120th meridian west south from the Northwest Territories at 60°N until it reaches the Continental Divide at the Rocky Mountains, and from that point follows the line of peaks marking the",False,True,1.0,0.5927148461341858,0.9966820285189897
chunk_256,158,List of anthropologists,Which anthropologist is listed under the letter B and has the name Franz Boas?,Franz Boas,Franz Boas,Anthropology | Anthropology | Anthropology,"For example, the World Council of Anthropological Associations (WCAA), ""a network of national, regional and international associations that aims to promote worldwide communication and cooperation in anthropology"", currently contains members from about three dozen nations.

Since the work of Franz Boas and Bronisław Malinowski in the late 19th and early 20th centuries, social anthropology in Great Britain and cultural anthropology in the US have been distinguished from other social sciences by th",False,False,1.0,0.8517339825630188,0.9806178081780672
chunk_256,159,List of anthropologists,Who is the anthropologist listed under the letter D with the first name Wade?,Wade Davis,"Based on the provided information, there is no mention of any anthropologists named Wade. Therefore, the correct answer cannot be determined from the given context.",Allen Ginsberg | Anthropology | Anthropology,"Irwin Allen Ginsberg (; June 3, 1926 – April 5, 1997) was an American poet and writer. As a student at Columbia University in the 1940s, he began friendships with Lucien Carr, William S. Burroughs and Jack Kerouac, forming the core of the Beat Generation. He vigorously opposed militarism, economic materialism, and sexual repression, and he embodied various aspects of this counterculture with his views on drugs, sex, multiculturalism, hostility to bureaucracy, and openness to Eastern religions.

",True,False,0.5,,
chunk_256,160,Actinopterygii,What class is the sister class to Actinopterygii?,Sarcopterygii (lobe-finned fish),Neopterygii,Actinopterygii | Actinopterygii | Actinopterygii,"Approximate divergence dates for the different actinopterygian clades (in millions of years, mya) are from Near et al., 2012.

The polypterids (bichirs and reedfish) are the sister lineage of all other actinopterygians, the Acipenseriformes (sturgeons and paddlefishes) are the sister lineage of Neopterygii, and Holostei (bowfin and gars) are the sister lineage of teleosts. The Elopomorpha (eels and tarpons) appear to be the most basal teleosts.

The earliest known fossil actinopterygian is Andre",False,True,0.0,0.8680493831634521,0.9997551091655623
chunk_256,161,Actinopterygii,Approximately what percentage of actinopterygian species are teleosts?,~99%,Approximately 96% of actinopterygian species are teleosts.,Actinopterygii | Actinopterygii | Actinopterygii,"This mode of reproduction may be related to the fish's habit of spending long periods out of water in the mangrove forests it inhabits. Males are occasionally produced at temperatures below  and can fertilise eggs that are then spawned by the female. This maintains genetic variability in a species that is otherwise highly inbred.

Classification and fossil record

Actinopterygii is divided into the classes Cladistia and Actinopteri. The latter comprises the subclasses Chondrostei and Neopterygii",False,True,0.0,0.8762635588645935,1.1920928955078125e-05
chunk_256,162,Albert Einstein,When was Albert Einstein born?,14 March 1879,Albert Einstein was born on 14 March 1879.,Albert Einstein | Albert Einstein | Albert Einstein,"Einstein supported the Allies but generally viewed the idea of nuclear weapons with great dismay.

Life and career

Childhood, youth and education 

Albert Einstein was born in Ulm, in the Kingdom of Württemberg in the German Empire, on 14 March 1879. His parents, secular Ashkenazi Jews, were Hermann Einstein, a salesman and engineer, and Pauline Koch. In 1880, the family moved to Munich, where Einstein's father and his uncle Jakob founded Elektrotechnische Fabrik J. Einstein & Cie, a company th",False,True,1.0,0.9774341583251953,2.4080276489257812e-05
chunk_256,163,Albert Einstein,For what discovery did Einstein receive the 1921 Nobel Prize in Physics?,for his discovery of the law of the photoelectric effect,For his discovery of the law of the photoelectric effect.,Albert Einstein | Albert Einstein | Albert Einstein,"Einstein was elected a Foreign Member of the Royal Netherlands Academy of Arts and Sciences in 1920, and a Foreign Member of the Royal Society in 1921. In 1922, he was awarded the 1921 Nobel Prize in Physics ""for his services to Theoretical Physics, and especially for his discovery of the law of the photoelectric effect"". At this point some physicists still regarded the general theory of relativity sceptically, and the Nobel citation displayed a degree of doubt even about the work on photoelectr",False,True,1.0,0.9752824306488037,0.0002512335777282715
chunk_256,164,Afghanistan,What is the capital and largest city of Afghanistan?,Kabul,Kabul is the capital and largest city of Afghanistan.,Afghanistan | Afghanistan | Afghanistan,"Afghanistan, officially the Islamic Emirate of Afghanistan, is a landlocked country located at the crossroads of Central Asia and South Asia. Referred to as the Heart of Asia, it is bordered by Pakistan to the east and south, Iran to the west, Turkmenistan to the northwest, Uzbekistan to the north, Tajikistan to the northeast, and China to the northeast and east. Occupying  of land, the country is predominantly mountainous with plains in the north and the southwest, which are separated by the Hi",False,True,1.0,0.9847532510757446,1.609325408935547e-05
chunk_256,165,Afghanistan,"According to the World Population review, what is Afghanistan's population?",40.2 million,"According to the World Population review, Afghanistan's population is 40.2 million.",Afghanistan | Afghanistan | Afghanistan,"Afghanistan had a 2018 Forest Landscape Integrity Index mean score of 8.85/10, ranking it 15th globally out of 172 countries.

Demographics 

The population of Afghanistan was estimated at 32.9 million as of 2019 by the Afghanistan Statistics and Information Authority, whereas the UN estimates over 38.0 million. In 1979 the total population was reported to be about 15.5 million. About 23.9% of them are urbanite, 71.4% live in rural areas, and the remaining 4.7% are nomadic. An additional 3 milli",False,True,1.0,0.9682751297950745,1.0609626770019531e-05
chunk_256,166,Albania,Which countries share land borders with Albania?,"Montenegro, Kosovo, North Macedonia, and Greece.","Montenegro to the northwest, Kosovo to the northeast, North Macedonia to the east and Greece to the south.",Albania | Albania | Albania,"Albania ( ;  or ), officially the Republic of Albania (), is a country in Southeast Europe. The country is located in the Balkans on the Adriatic and Ionian Seas within the Mediterranean Sea and shares land borders with Montenegro to the northwest, Kosovo to the northeast, North Macedonia to the east and Greece to the south. Spanning an area of , it displays a varied range of climatic, geological, hydrological and morphological conditions. The country's landscapes range from rugged snow-capped m",False,True,1.0,0.9697349667549133,0.7431679964065552
chunk_256,167,Albania,What is the capital and largest city of Albania?,Tirana.,The capital and largest city of Albania is Tirana.,Albania | Albania | Albania,"Albania ( ;  or ), officially the Republic of Albania (), is a country in Southeast Europe. The country is located in the Balkans on the Adriatic and Ionian Seas within the Mediterranean Sea and shares land borders with Montenegro to the northwest, Kosovo to the northeast, North Macedonia to the east and Greece to the south. Spanning an area of , it displays a varied range of climatic, geological, hydrological and morphological conditions. The country's landscapes range from rugged snow-capped m",False,True,1.0,0.9838885068893433,7.62939453125e-06
chunk_256,168,Allah,"According to the passage, from which Arabic phrase is the word “Allah” thought to be derived, and what does that phrase mean?","It is thought to be derived by contraction from al‑ilāh, which means “the god.”","According to the passage, the word ""Allah"" is thought to be derived from the Arabic phrase ""Anta,"" which translates to ""you"" in English.",Allah | Allah | Allah,"Allah (; , , ) is the common Arabic word for God. In the English language, the word generally refers to God in Islam. The word is thought to be derived by contraction from al-ilāh, which means ""the god"", and is linguistically related to the Aramaic words Elah and Syriac  (ʼAlāhā) and the Hebrew word El (Elohim) for God.

The word Allah has been used by Arabic people of different religions since pre-Islamic times. The pre-Islamic Arabs worshipped a supreme deity whom they called Allah, alongside ",False,True,0.25,0.2619175612926483,0.00021904706954956055
chunk_256,169,Allah,Name three non‑Muslim religious communities mentioned in the passage that use the term “Allah” to refer to God.,"Judaeo‑Arabic‑speaking Jews, Arab Christians, and Bábists.","Based on the information provided in the context, three non-Muslim religious communities that use the term ""Allah"" to refer to God are:

1. Bábists
2. Baháʼís
3. Mandaeans",Allah | Allah | Allah,"It is also often, albeit not exclusively, used in this way by Bábists, Baháʼís, Mandaeans, Indonesian and Maltese Christians, and Sephardi Jews, as well as by the Gagauz people. Similar usage by Christians and Sikhs in Peninsular Malaysia has recently led to political and legal controversies.

Etymology

The etymology of the word Allāh has been discussed extensively by classical Arab philologists. Grammarians of the Basra school regarded it as either formed ""spontaneously"" (murtajal) or as the d",False,True,0.25,0.3563014566898346,0.0808640718460083
chunk_256,170,Azerbaijan,What is the capital and largest city of Azerbaijan?,Baku,Baku is the capital and largest city of Azerbaijan.,Geography of Azerbaijan | Azerbaijan | Geography of Azerbaijan,"Located in the region of the southern Caucasus Mountains, Azerbaijan borders the Caspian Sea to the east, Georgia and Russia to the north, Iran to the south, and Armenia to the southwest and west. A small part of Nakhchivan also borders Turkey to the northwest. The capital of Azerbaijan is the ancient city of Baku, which has the largest and best harbor on the Caspian Sea and has long been the center of the republic's oil industry.

Topography and drainage

The elevation changes over a relatively",False,True,1.0,0.9850500226020813,7.510185241699219e-06
chunk_256,171,Azerbaijan,On what date did the modern Republic of Azerbaijan proclaim its independence?,30 August 1991,"On 30 August 1991, the modern Republic of Azerbaijan proclaimed its independence.",Azerbaijan | Azerbaijan | Azerbaijan,"The disturbances in Azerbaijan, in response to Moscow's indifference to an already heated conflict, resulted in calls for independence and secession, which culminated in the Black January events in Baku. Later in 1990, the Supreme Council of the Azerbaijan SSR dropped the words ""Soviet Socialist"" from the title, adopted the ""Declaration of Sovereignty of the Azerbaijan Republic"" and restored the flag of the Azerbaijan Democratic Republic as the state flag. As a consequence of the failed 1991 Sov",False,True,1.0,0.9731484651565552,8.96453857421875e-05
chunk_256,172,Amateur astronomy,What types of celestial objects or events do amateur astronomers monitor as part of citizen science?,"Variable stars, double stars, sunspots, and occultations of stars by the Moon or asteroids.","Amateur astronomers monitor various celestial objects and events as part of citizen science, including:

1. Monitoring variable stars.
2. Observing double stars.
3. Studying sunspots.
4. Recording observations of the Moon's transit across the Sun during solar eclipses.
5. Discovering transient astronomical events such as comets, galactic novae, or supernovae in other galaxies.",Amateur astronomy | Amateur astronomy | Amateur astronomy,"Amateur astronomers typically view the sky at night, when most celestial objects and astronomical events are visible, but others observe during the daytime by viewing the Sun and solar eclipses.  Some just look at the sky using nothing more than their eyes or binoculars, but more dedicated amateurs often use portable telescopes or telescopes situated in their private or club observatories. Amateurs can also join as members of amateur astronomical societies, which can advise, educate or guide the",False,True,0.7142857142857143,0.8510707020759583,0.015663623809814453
chunk_256,173,Amateur astronomy,Do amateur astronomers use astronomy as their primary source of income or support?,"No, they do not use the field of astronomy as their primary source of income or support.","No, amateur astronomers do not use astronomy as their primary source of income or support.",Amateur astronomy | Amateur astronomy | Amateur astronomy,"Amateur astronomy is a hobby where participants enjoy observing or imaging celestial objects in the sky using the unaided eye, binoculars, or telescopes. Even though scientific research may not be their primary goal, some amateur astronomers make contributions in doing citizen science, such as by monitoring variable stars, double stars, sunspots, or occultations of stars by the Moon or asteroids, or by discovering transient astronomical events, such as comets, galactic novae or supernovae in oth",False,True,0.8,0.9846594333648682,0.00018018484115600586
chunk_256,174,Aikido,In approximately how many countries is Aikido practiced?,around 140 countries,Around 140 countries.,Aikido | Aikido | Aikido,"Aikido ( ,  , , ) is a modern Japanese martial art that is split into many different styles, including Iwama Ryu, Iwama Shin Shin Aiki Shuren Kai, Shodokan Aikido, Yoshinkan, Renshinkai, Aikikai and Ki Aikido. Aikido is now practiced in around 140 countries. It was originally developed by Morihei Ueshiba, as a synthesis of his martial studies, philosophy and religious beliefs. Ueshiba's goal was to create an art that practitioners could use to defend themselves while also protecting their attack",False,True,1.0,0.9665603637695312,0.005260884761810303
chunk_256,175,Aikido,Who originally developed Aikido?,Morihei Ueshiba,Morihei Ueshiba originally developed Aikido.,Aikido | Aikido | Aikido,"During Ueshiba's lifetime and continuing today, aikido has evolved from the  that Ueshiba studied into a variety of expressions by martial artists throughout the world.

Initial development

Ueshiba developed aikido primarily during the late 1920s through the 1930s through the synthesis of the older martial arts that he had studied. The core martial art from which aikido derives is Daitō-ryū Aiki-jūjutsu, which Ueshiba studied directly with Takeda Sōkaku, the reviver of that art. Additionally, U",False,True,1.0,0.9714859127998352,9.059906005859375e-06
chunk_256,176,Art,What are the three classical branches of visual art in the Western tradition?,"painting, sculpture, and architecture","Painting, sculpture, and architecture.",Art | Art | Art,"Art is a diverse range of human activity, and its resulting product, that involves creative or imaginative talent expressive of technical proficiency, beauty, emotional power, or conceptual ideas.

There is no generally agreed definition of what constitutes art, and its interpretation has varied greatly throughout history and across cultures. In the Western tradition, the three classical branches of visual art are painting, sculpture, and architecture. Theatre, dance, and other performing arts, ",False,True,1.0,0.9561264514923096,0.004564940929412842
chunk_256,177,Art,Until which century was art referred to as any skill or mastery and not differentiated from crafts or sciences?,the 17th century,"Until the 17th century, art was referred to as any skill or mastery and was not differentiated from crafts or sciences.",Art | Artist | Art,"Art is a diverse range of human activity, and its resulting product, that involves creative or imaginative talent expressive of technical proficiency, beauty, emotional power, or conceptual ideas.

There is no generally agreed definition of what constitutes art, and its interpretation has varied greatly throughout history and across cultures. In the Western tradition, the three classical branches of visual art are painting, sculpture, and architecture. Theatre, dance, and other performing arts, ",False,True,1.0,0.9774331450462341,8.225440979003906e-05
chunk_256,178,Agnostida,Into which two suborders is the order Agnostida divided?,Agnostina and Eodiscina,Agnostida is divided into two suborders - Agnostina and Eodiscina.,Agnostida | Alismatales | Agnostida,"Agnostida are an order of extinct arthropods which have classically been seen as a group of highly modified trilobites, though some recent research has doubted this placement. Regardless, they appear to be close relatives as part of the Artiopoda. They are present in the Lower Cambrian fossil record along with trilobites from the Redlichiida, Corynexochida, and Ptychopariida orders, and were highly diverse throughout the Cambrian. Agnostidan diversity severely declined during the Cambrian-Ordovi",False,True,1.0,0.916000485420227,2.300739288330078e-05
chunk_256,179,Agnostida,In which geological period did the last agnostidans go extinct?,Late Ordovician,The last agnostidans went extinct in the Late Ordovician.,Agnostida | Agnostida | Aegean Sea,"Agnostida are an order of extinct arthropods which have classically been seen as a group of highly modified trilobites, though some recent research has doubted this placement. Regardless, they appear to be close relatives as part of the Artiopoda. They are present in the Lower Cambrian fossil record along with trilobites from the Redlichiida, Corynexochida, and Ptychopariida orders, and were highly diverse throughout the Cambrian. Agnostidan diversity severely declined during the Cambrian-Ordovi",False,True,1.0,0.9630508422851562,4.887580871582031e-06
chunk_256,180,Abortion,What percentage of all pregnancies end in a miscarriage or spontaneous abortion according to the passage?,Approximately 30% to 40% of all pregnancies.,"According to the passage, between 15% and 30% of known pregnancies end in clinically apparent miscarriage, depending on the age and health of the pregnant woman.",Abortion | Abortion | Abortion,"An abortion is referred to as an elective or voluntary abortion when it is performed at the request of the woman for non-medical reasons. Confusion sometimes arises over the term elective because ""elective surgery"" generally refers to all scheduled surgery, whether medically necessary or not.

Spontaneous

Miscarriage, also known as spontaneous abortion, is the unintentional expulsion of an embryo or fetus before the 24th week of gestation. A pregnancy that ends before 37 weeks of gestation resu",False,True,0.4,0.9731018543243408,0.08108216524124146
chunk_256,181,Abortion,"According to the passage, how does the risk of maternal mortality in the United States after an induced abortion compare to the risk after childbirth?",The risk of maternal mortality is 14 times lower after an induced abortion than after childbirth.,"The risk of maternal mortality in the United States after an induced abortion is approximately 0.7 maternal deaths per 100,000 procedures, which is about 1/20th the risk of maternal mortality associated with childbirth.",Abortion | Abortion | Abortion,"The rate of failed procedures does not appear to vary significantly depending on whether the abortion is performed by a doctor or a mid-level practitioner.

Complications after second trimester abortion are similar to those after first trimester abortion, and depend somewhat on the method chosen. The risk of death from abortion approaches roughly half the risk of death from childbirth the farther along a woman is in pregnancy; from one in a million before 9 weeks gestation to nearly one in ten t",False,True,0.6363636363636364,0.46711382269859314,0.01436471939086914
chunk_256,182,American Revolutionary War,On what date did the American Revolutionary War end?,"September 3, 1783","September 3, 1783",American Revolutionary War | American Revolutionary War | American Revolutionary War,"The American Revolutionary War (April 19, 1775 – September 3, 1783), also known as the Revolutionary War or American War of Independence, was the military conflict of the American Revolution in which American Patriot forces under George Washington's command defeated the British, resulting in the Treaty of Paris (1783) recognizing the independence and sovereignty of the United States. Fighting began on April 19, 1775, at the Battles of Lexington and Concord. The war was formalized and intensified",False,True,1.0,0.8921198844909668,0.996123073855415
chunk_256,183,American Revolutionary War,Which two European kingdoms eventually supported the American patriot forces?,The Kingdom of France and the Kingdom of Spain,France and Spain,American Revolutionary War | American Revolutionary War | American Revolutionary War,"Over time, the Continental Army established its military credibility, defeating or holding their own against British regulars and their hired Hessians known to all European great powers. Battles such as the Battle of Bennington, the Battles of Saratoga, and even defeats such as the Battle of Germantown, proved decisive in gaining the attention and support of powerful European nations, including France, Spain, and the Dutch Republic; the Dutch, impressed by these American victories and conflicts,",False,True,0.6666666666666666,0.5830069780349731,0.8699357211589813
chunk_256,184,Ampere,What is the symbol used for the unit ampere?,A,The symbol used for the unit ampere is A.,Ampere | Ampere | Ampere,"The ampere ( ,  ; symbol: A), often shortened to amp, is the unit of electric current in the International System of Units (SI).  One ampere is equal to 1 coulomb moving past a point in 1 second, or  electrons' worth of charge moving past a point in 1 second. It is named after French mathematician and physicist André-Marie Ampère (1775–1836), considered the father of electromagnetism along with Danish physicist Hans Christian Ørsted.

As of the 2019 redefinition of the SI base units, the ampere ",False,True,,0.9864712357521057,5.1021575927734375e-05
chunk_256,185,Ampere,"According to the passage, how much charge moving past a point in one second defines one ampere?",1 coulomb,One ampere is defined as the amount of charge that moves past a given point in one second.,Ampere | Ampere | Ampere,"Ampère's force law states that there is an attractive or repulsive force between two parallel wires carrying an electric current. This force is used in the formal definition of the ampere.

The SI unit of charge, the coulomb, was then defined as ""the quantity of electricity carried in 1 second by a current of 1 ampere"". Conversely, a current of one ampere is one coulomb of charge going past a given point per second:

In general, charge  was determined by steady current  flowing for a time  as .
",False,True,0.0,0.9797114729881287,0.0006524920463562012
chunk_256,186,Algorithm,What term is used for algorithms that incorporate random input?,randomized algorithms,Randomized algorithms incorporate random input.,Algorithm | Algorithm | Algorithm,"Starting from an initial state and initial input (perhaps empty), the instructions describe a computation that, when executed, proceeds through a finite number of well-defined successive states, eventually producing ""output"" and terminating at a final ending state. The transition from one state to the next is not necessarily deterministic; some algorithms, known as randomized algorithms, incorporate random input.

History

Ancient algorithms 
Since antiquity, step-by-step procedures for solving ",False,True,1.0,0.989700436592102,0.00029593706130981445
chunk_256,187,Algorithm,"Which computer scientist used human characteristic terms such as ""memory"", ""search"", and ""stimulus"" as metaphors for machines?",Alan Turing,"Alan Turing used human characteristic terms such as ""memory"", ""search"", and ""stimulus"" as metaphors for machines.",Artificial intelligence | Artificial intelligence | Algorithm,"Artificial intelligence (AI) is the intelligence of machines or software, as opposed to the intelligence of humans or animals. It is also the field of study in computer science that develops and studies intelligent machines. ""AI"" may also refer to the machines themselves.

AI technology is widely used throughout industry, government and science. Some high-profile applications are: advanced web search engines (e.g., Google Search), recommendation systems (used by YouTube, Amazon, and Netflix), un",False,True,1.0,0.976405918598175,0.00011777877807617188
chunk_256,188,Annual plant,What is an annual plant defined as in the passage?,"A plant that completes its life cycle, from germination to the production of seeds, within one growing season, and then dies.","An annual plant is a plant that completes its life cycle, from germination to the production of seeds, within one growing season, and then dies.",Annual plant | Annual plant | Annual plant,"An annual plant is a plant that completes its life cycle, from germination to the production of seeds, within one growing season, and then dies. The length of growing seasons and period in which they take place vary according to geographical location, and may not correspond to the four traditional seasonal divisions of the year.

Description
With respect to the traditional seasons, annual plants are generally categorized into summer annuals and winter annuals. Summer annuals germinate during spr",False,True,1.0,0.984514057636261,0.5336628258228302
chunk_256,189,Annual plant,How long does it take oilseed rapa to complete a seed‑to‑seed life cycle under a bank of fluorescent lamps?,About five weeks.,"Under a bank of fluorescent lamps, oilseed rapa can go from seed-to-seed in about five weeks.",Annual plant | Aardvark | Amphibian,"An annual plant is a plant that completes its life cycle, from germination to the production of seeds, within one growing season, and then dies. The length of growing seasons and period in which they take place vary according to geographical location, and may not correspond to the four traditional seasonal divisions of the year.

Description
With respect to the traditional seasons, annual plants are generally categorized into summer annuals and winter annuals. Summer annuals germinate during spr",False,True,1.0,0.9598134160041809,0.014728665351867676
chunk_256,190,Atlas (disambiguation),What is the Atlas that is described as an Ancient Greek Titanic deity?,Atlas (mythology),"The Atlas that is described as an Ancient Greek Titanic deity is Atlas from mythology, specifically the Titan who supported the heavens according to Greek mythology.",Atlas (disambiguation) | Atlantic Ocean | Athena,"An atlas is a collection of maps.

Atlas may also refer to:

Mythology
 Atlas (mythology), an Ancient Greek Titanic deity
 Atlas, the first legendary king of Atlantis
 Atlas of Mauretania, a legendary king

Places

United States
 Atlas, California
 Atlas, Illinois
 Atlas, Texas
 Atlas, West Virginia
 Atlas, Wisconsin
 Atlas District, in Washington, D.C.
 Atlas Peak AVA, a California wine region
 Atlas Township, Michigan

Other places
 Atlas Cinema, a historic movie theatre in Istanbul, Turkey
 A",False,True,1.0,0.9236138463020325,2.5272369384765625e-05
chunk_256,191,Atlas (disambiguation),"Which Atlas is a historic movie theatre located in Istanbul, Turkey?",Atlas Cinema,"Based on the provided information, there is no mention of an ""Atlas"" being a historic movie theatre located in Istanbul, Turkey. The text does not provide details about any specific Atlas that fits this description. Therefore, I cannot determine which Atlas you are referring to without additional context or clarification.",Ankara | Athens | Ankara,"Theater 

The Turkish State Theatres also has its head office in Ankara and runs the following stages in the city:

125. Yıl Çayyolu Sahnesi
Büyük Tiyatro,
Küçük Tiyatro,
Şinasi Sahnesi,
Akün Sahnesi,
Altındağ Tiyatrosu,
İrfan Şahinbaş Atölye Sahnesi,
Oda Tiyatrosu,
Mahir Canova Sahnesi,
Muhsin Ertuğrul Sahnesi.

In addition, the city is served by several private theater companies, among which Ankara Sanat Tiyatrosu, who have their own stage in the city center, is a notable example.

Museums 

T",False,False,0.5,0.21000070869922638,0.1483554244041443
chunk_256,192,Mouthwash,What is the primary intended function of most mouthwashes?,They are antiseptic solutions intended to reduce the microbial load in the mouth.,"The primary intended function of most mouthwashes is to reduce the microbial load in the mouth, typically through the use of antiseptic solutions. These solutions are designed to help maintain good oral health by killing harmful bacteria and reducing the presence of plaque and other debris. However, it's important to note that while mouthwashes can play a significant role in oral hygiene, they should ideally be used in conjunction with other preventive measures like brushing and flossing, along with regular dental check-ups.",Mouthwash | Mouthwash | Mouthwash,"Effects
The most-commonly-used mouthwashes are commercial antiseptics, which are used at home as part of an oral hygiene routine. Mouthwashes combine ingredients to treat a variety of oral conditions. Variations are common, and mouthwash has no standard formulation, so its use and recommendation involves concerns about patient safety. Some manufacturers of mouthwash state that their antiseptic and antiplaque mouthwashes kill the bacterial plaque that causes cavities, gingivitis, and bad breath. ",False,True,1.0,0.6055185794830322,0.03544408082962036
chunk_256,193,Mouthwash,What effect can rinsing with water or mouthwash after brushing with a fluoride toothpaste have on salivary fluoride?,"It can reduce the availability of salivary fluoride, which can lower the anti‑cavity re‑mineralization and antibacterial effects of fluoride.",Rinsing with water or mouthwash after brushing with a fluoride toothpaste can reduce the availability of salivary fluoride. This can lower the anti-cavity re-mineralization and antibacterial effects of fluoride.,Mouthwash | Mouthwash | Mouthwash,"Fluoridated mouthwash may mitigate this effect or in high concentrations increase available fluoride, but is not as cost-effective as leaving the fluoride toothpaste on the teeth after brushing. A group of experts discussing post brushing rinsing in 2012 found that although there was clear guidance given in many public health advice publications to ""spit, avoid rinsing with water/excessive rinsing with water"" they believed there was a limited evidence base for best practice.

Use
Common use invo",False,True,1.0,0.9824730157852173,0.753285214304924
chunk_256,194,Alexander the Great,At what age did Alexander III of Macedon succeed his father Philip II to the throne?,20,Alexander III of Macedon succeeded his father Philip II to the throne at the age of 20.,Alexander the Great | Alexander the Great | Alexander the Great,"Alexander III of Macedon (; 20/21 July 356 BC – 10/11 June 323 BC), commonly known as Alexander the Great, was a king of the ancient Greek kingdom of Macedon. He succeeded his father Philip II to the throne in 336 BC at the age of 20, and spent most of his ruling years conducting a lengthy military campaign throughout Western Asia and Egypt. By the age of 30, he had created one of the largest empires in history, stretching from Greece to northwestern India. He was undefeated in battle and is wid",False,True,1.0,0.9834271669387817,1.7642974853515625e-05
chunk_256,195,Alexander the Great,In which year did Alexander invade the Achaemenid Persian Empire?,334 BC,334 BC,Alexander the Great | Anatolia | Alexander the Great,"Alexander then led the League of Corinth, and used his authority to launch the pan-Hellenic project envisaged by his father, assuming leadership over all Greeks in their conquest of Persia.

In 334 BC, he invaded the Achaemenid Persian Empire and began a series of campaigns that lasted for 10 years. Following his conquest of Asia Minor, Alexander broke the power of Achaemenid Persia in a series of decisive battles, including those at Issus and Gaugamela; he subsequently overthrew Darius III and ",False,True,1.0,0.7850503921508789,0.9960160297341645
chunk_256,196,Alfred Korzybski,What is Alfred Korzybski's best known dictum?,The map is not the territory,"Alfred Korzybski's best known dictum is ""The map is not the territory.""",Alfred Korzybski | Alfred Korzybski | Alfred Korzybski,"Alfred Habdank Skarbek Korzybski (, ; July 3, 1879 – March 1, 1950) was a Polish-American independent scholar who developed a field called general semantics, which he viewed as both distinct from, and more encompassing than, the field of semantics. He argued that human knowledge of the world is limited both by the human nervous system and the languages humans have developed, and thus no one can have direct access to reality, given that the most we can know is that which is filtered through the b",False,True,1.0,0.9770725965499878,0.00010597705841064453
chunk_256,197,Alfred Korzybski,In what year did Alfred Korzybski move to North America?,1916,1916,Alfred Korzybski | Alfred Korzybski | Alfred Korzybski,"He learned the Polish language at home and the Russian language in schools, and having a French and German governess, he became fluent in four languages as a child.

Korzybski studied engineering at the Warsaw University of Technology. During the First World War (1914–1918) Korzybski served as an intelligence officer in the Russian Army. After being wounded in a leg and suffering other injuries, he moved to North America in 1916 (first to Canada, then to the United States) to coordinate the ship",False,True,1.0,0.6340574622154236,0.9992021665093489
chunk_256,198,Asteroids (video game),Who designed the arcade game Asteroids?,Lyle Rains and Ed Logg,Lyle Rains and Ed Logg designed the arcade game Asteroids.,Asteroids (video game) | Asteroids (video game) | Asteroids (video game),"Asteroids is a space-themed multidirectional shooter arcade video game designed by Lyle Rains and Ed Logg released in November 1979 by Atari, Inc. The player controls a single spaceship in an asteroid field which is periodically traversed by flying saucers. The object of the game is to shoot and destroy the asteroids and saucers, while not colliding with either, or being hit by the saucers' counter-fire. The game becomes harder as the number of asteroids increases.

Asteroids was conceived durin",False,True,1.0,0.9828028082847595,5.698204040527344e-05
chunk_256,199,Asteroids (video game),How many upright and cocktail cabinets of Asteroids were sold?,"47,840 upright cabinets and 8,725 cocktail cabinets","47,840 upright cabinets and 8,725 cocktail cabinets.",Asteroids (video game) | Asteroids (video game) | Asteroid,"Asteroids went on to become the highest-grossing arcade video game of 1980 in the United States, dethroning Space Invaders. It shipped 70,000 arcade units worldwide in 1980, including over 60,000 sold in the United States that year, and grossed about  worldwide ( adjusted for inflation) by 1980. The game remained at the top of the US RePlay charts through March 1981. However, the game did not perform as well overseas in Europe and Asia. It sold 30,000 arcade units overseas, for a total of 100,00",False,True,1.0,0.9544893503189087,0.0008795857429504395
chunk_256,200,Asparagales,"In which year was the order Asparagales first put forward, and who proposed it?",It was first put forward by Huber in 1977.,The order Asparagales was first put forward in 1985 by Dahlgren.,Asparagales | Asparagales | Asparagales,"The attribution of botanical authority for the name Asparagales belongs to Johann Heinrich Friedrich Link (1767–1851) who coined the word 'Asparaginae' in 1829 for a higher order taxon that included Asparagus although Adanson and Jussieau had also done so earlier (see History). Earlier circumscriptions of Asparagales attributed the name to Bromhead (1838), who had been the first to use the term 'Asparagales'.

History

Pre-Darwinian 
The type genus, Asparagus, from which the name of the order is",False,True,0.6,0.7662603259086609,9.5367431640625e-06
chunk_256,201,Asparagales,"According to the APG circumscription, how many families, genera, and species are included in Asparagales?","Asparagales includes 14 families, 1,122 genera, and about 36,000 species.","According to the APG circumscription, Asparagales includes 14 families, approximately 1120 genera, and about 36,000 species.",Asparagales | Asparagales | Asparagales,"Comparison of family structures 
 

The taxonomic diversity of the monocotyledons is described in detail by Kubitzki. Up-to-date information on the Asparagales can be found on the Angiosperm Phylogeny Website.

The APG III system's family circumscriptions are being used as the basis of the Kew-hosted World Checklist of Selected Plant Families. With this circumscription, the order consists of 14 families (Dahlgren had 31) with approximately 1120 genera and 26000 species.

Order Asparagales Link
 ",False,True,0.8181818181818182,0.7740300297737122,8.988380432128906e-05
chunk_256,202,Alismatales,How many species are included in the Alismatales order?,"about 4,500 species","About 4,500 species are included in the Alismatales order.",Alismatales | Alismatales | Alismatales,"The Alismatales (alismatids) are an order of flowering plants including about 4,500 species. Plants assigned to this order are mostly tropical or aquatic. Some grow in fresh water, some in marine habitats. Perhaps the most important food crop in the order is the corm of the taro plant, Colocasia esculenta.

Description
The Alismatales comprise herbaceous flowering plants of often aquatic and marshy habitats, and the only monocots known to have green embryos other than the Amaryllidaceae. They al",False,True,1.0,0.978511393070221,0.00012731552124023438
chunk_256,203,Alismatales,What is the most important food crop in the Alismatales order?,"the corm of the taro plant, Colocasia esculenta","The most important food crop in the Alismatales order is the corm of the taro plant, Colocasia esculenta.",Alismatales | Alismatales | Agriculture,"The Alismatales (alismatids) are an order of flowering plants including about 4,500 species. Plants assigned to this order are mostly tropical or aquatic. Some grow in fresh water, some in marine habitats. Perhaps the most important food crop in the order is the corm of the taro plant, Colocasia esculenta.

Description
The Alismatales comprise herbaceous flowering plants of often aquatic and marshy habitats, and the only monocots known to have green embryos other than the Amaryllidaceae. They al",False,True,1.0,0.9776991605758667,0.00014150142669677734
chunk_256,204,Apiales,Which well‑known members are included in the order Apiales?,"carrots, celery, parsley, and Hedera helix (English ivy).","Well-known members of the order Apiales include carrots, celery, parsley, and English ivy.",Apiales | Apiales | Apiaceae,"The Apiales are an order of flowering plants. The families are those recognized in the APG III system. This is typical of the newer classifications, though there is some slight variation and in particular, the Torriceliaceae may also be divided.

Under this definition, well-known members include carrots, celery, parsley, and Hedera helix (English ivy).

The order Apiales is placed within the asterid group of eudicots as circumscribed by the APG III system. Within the asterids, Apiales belongs to",False,True,0.7142857142857143,0.969638466835022,4.088878631591797e-05
chunk_256,205,Apiales,"Within the asterids, to which unranked group does the order Apiales belong?",the campanulids.,"Within the asterids, the order Apiales belongs to an unranked group called the campanulids.",Apiales | Apiales | Asparagales,"The Apiales are an order of flowering plants. The families are those recognized in the APG III system. This is typical of the newer classifications, though there is some slight variation and in particular, the Torriceliaceae may also be divided.

Under this definition, well-known members include carrots, celery, parsley, and Hedera helix (English ivy).

The order Apiales is placed within the asterid group of eudicots as circumscribed by the APG III system. Within the asterids, Apiales belongs to",False,True,1.0,0.9759743809700012,5.829334259033203e-05
chunk_256,206,Asterales,What nutrient storage molecule do Asterales use instead of starch?,oligosaccharide inulin,Asterales use inulin as their nutrient storage molecule instead of starch.,Asterales | Asteraceae | Asteraceae,"Other Asterales are Rousseaceae (four genera), Campanulaceae (eighty-four genera) and Pentaphragmataceae (one genus).

All Asterales families are represented in the Southern Hemisphere; however, Asteraceae and Campanulaceae are cosmopolitan and Menyanthaceae nearly so.

Uses
The Asterales, by dint of being a super-set of the family Asteraceae, include some species grown for food, including the sunflower (Helianthus annuus), lettuce (Lactuca sativa) and chicory (Cichorium). Many are also used as ",False,True,0.5,0.9476295113563538,2.384185791015625e-06
chunk_256,207,Asterales,"What are the two growth forms, besides herbaceous species, that are present in the order Asterales?",trees and shrubs,"The two growth forms, besides herbaceous species, that are present in the order Asterales are trees and shrubs.",Asterales | Asteraceae | Asterales,"Asterales () is an order of dicotyledonous flowering plants that includes the large family Asteraceae (or Compositae) known for composite flowers made of florets, and ten families related to the Asteraceae. While asterids in general are characterized by fused petals, composite flowers consisting of many florets create the false appearance of separate petals (as found in the rosids).

The order is cosmopolitan (plants found throughout most of the world including desert and frigid zones), and incl",False,True,1.0,0.778157651424408,4.9114227294921875e-05
chunk_256,208,Asteroid,What are the three classification types of asteroids mentioned in the passage?,"C-type, M-type, and S-type.","The three classification types of asteroids mentioned in the passage are:

1. C-type
2. S-type
3. M-type",Asteroid | Asteroid | Asteroid,"The number of types continues to grow as more asteroids are studied.

The two most widely used taxonomies now used are the Tholen classification and SMASS classification. The former was proposed in 1984 by David J. Tholen, and was based on data collected from an eight-color asteroid survey performed in the 1980s. This resulted in 14 asteroid categories. In 2002, the Small Main-Belt Asteroid Spectroscopic Survey resulted in a modified version of the Tholen taxonomy with 24 different types. Both s",False,True,1.0,0.7844016551971436,0.024145424365997314
chunk_256,209,Asteroid,What percentage of Earth's Moon's mass does the total mass of all asteroids represent?,3%,3%,Asteroid | Asteroid | Asteroid,"On some rare occasions, a near-Earth asteroid may briefly become visible without technical aid; see 99942 Apophis.

The mass of all the objects of the asteroid belt, lying between the orbits of Mars and Jupiter, is estimated to be , ≈ 3.25% of the mass of the Moon. Of this, Ceres comprises , about 40% of the total. Adding in the next three most massive objects, Vesta (11%), Pallas (8.5%), and Hygiea (3–4%), brings this figure up to a bit over 60%, whereas the next seven most-massive asteroids br",False,True,1.0,0.8172739744186401,0.9593451544642448
chunk_256,210,Allocution,What is an allocution according to the passage?,A formal statement made to the court by the defendant who has been found guilty prior to being sentenced.,"According to the passage, an allocution is a formal statement made to the court by the defendant who has been found guilty prior to being sentenced. It is part of the criminal procedure in some jurisdictions using common law.",Allocution | Allocution | Arraignment,"An allocution, or allocutus, is a formal statement made to the court by the defendant who has been found guilty prior to being sentenced. It is part of the criminal procedure in some jurisdictions using common law.

Concept 
An allocution allows the defendant to explain why the sentence should be lenient. In plea bargains, an allocution may be required of the defendant. The defendant explicitly admits specifically and in detail the actions and their reasons in exchange for a reduced sentence.

I",False,True,1.0,0.9820308685302734,0.644364982843399
chunk_256,211,Allocution,"In Australia, who uses the term allocutus and how is it phrased?","It is used by the Clerk of Arraigns or another formal associate of the court, phrased as, ""Prisoner at the Bar, you have been found Guilty by a jury of your peers of the offense of XYZ. Do you have anything to say as to why the sentence of this Court should not now be passed upon you?""","In Australia, the term ""allocutus"" is used by the Clerk of Arraigns or another formal associate of the court. It is generally phrased as, ""Prisoner at the Bar, you have been found Guilty by a jury of your peers of the offense of XYZ.""",Allocution | Adelaide | Adelaide,"An allocution, or allocutus, is a formal statement made to the court by the defendant who has been found guilty prior to being sentenced. It is part of the criminal procedure in some jurisdictions using common law.

Concept 
An allocution allows the defendant to explain why the sentence should be lenient. In plea bargains, an allocution may be required of the defendant. The defendant explicitly admits specifically and in detail the actions and their reasons in exchange for a reduced sentence.

I",False,True,0.7037037037037037,0.972564160823822,0.5117928683757782
chunk_256,212,Affidavit,What is an affidavit as defined in the passage?,A written statement voluntarily made by an affiant or deponent under an oath or affirmation which is administered by a person authorized by law.,"An affidavit is a written statement voluntarily made by an affiant or deponent under an oath or affirmation which is administered by a person who is authorized to do so by law. It is a type of verified statement or showing containing a verification, made under oath on penalty of perjury, serving as evidence for its veracity and required in court proceedings.",Affidavit | Affidavit | Affidavit,"An  ( ; Medieval Latin for ""he has declared under oath"") is a written statement voluntarily made by an affiant or deponent under an oath or affirmation which is administered by a person who is authorized to do so by law. Such a statement is witnessed as to the authenticity of the affiant's signature by a taker of oaths, such as a notary public or commissioner of oaths. An affidavit is a type of verified statement or showing, or in other words, it contains a verification, which means that it is m",False,True,1.0,0.9769083857536316,0.8766343891620636
chunk_256,213,Affidavit,Who may witness the authenticity of the affiant's signature according to the passage?,"A taker of oaths, such as a notary public or commissioner of oaths.","According to the passage, a taker of oaths, such as a notary public or commissioner of oaths, may witness the authenticity of the affiant's signature.",Affidavit | Affidavit | Affidavit,"An  ( ; Medieval Latin for ""he has declared under oath"") is a written statement voluntarily made by an affiant or deponent under an oath or affirmation which is administered by a person who is authorized to do so by law. Such a statement is witnessed as to the authenticity of the affiant's signature by a taker of oaths, such as a notary public or commissioner of oaths. An affidavit is a type of verified statement or showing, or in other words, it contains a verification, which means that it is m",False,True,1.0,0.9902679324150085,0.012312352657318115
chunk_256,214,Aries (constellation),What is the area of the Aries constellation in square degrees?,441 square degrees,The area of the Aries constellation is 441 square degrees.,Aries (constellation) | Aries (constellation) | Aries (constellation),"Aries  is one of the constellations of the zodiac. It is located in the Northern celestial hemisphere between Pisces to the west and Taurus to the east. The name Aries is Latin for ram. Its old astronomical symbol is  (♈︎). It is one of the 48 constellations described by the 2nd century astronomer Ptolemy, and remains one of the 88 modern constellations.  It is a mid-sized constellation ranking 39th in overall size, with an area of 441 square degrees (1.1% of the celestial sphere).

Aries has re",False,True,1.0,0.976858913898468,1.5020370483398438e-05
chunk_256,215,Aries (constellation),What rank does Aries hold in overall size among constellations?,39th,Aries ranks 39th in overall size among constellations.,Aries (constellation) | Aries (constellation) | Aries (constellation),"Aries  is one of the constellations of the zodiac. It is located in the Northern celestial hemisphere between Pisces to the west and Taurus to the east. The name Aries is Latin for ram. Its old astronomical symbol is  (♈︎). It is one of the 48 constellations described by the 2nd century astronomer Ptolemy, and remains one of the 88 modern constellations.  It is a mid-sized constellation ranking 39th in overall size, with an area of 441 square degrees (1.1% of the celestial sphere).

Aries has re",False,True,1.0,0.9825254678726196,6.556510925292969e-06
chunk_256,216,Aquarius (constellation),"What is the apparent magnitude of Beta Aquarii, the brightest star in Aquarius?",2.9,"The apparent magnitude of Beta Aquarii, the brightest star in Aquarius, is 4.31.",Aquarius (constellation) | Aquarius (constellation) | Aquarius (constellation),"The two are also moving through space perpendicular to the plane of the Milky Way. Just shading α, β Aquarii is the brightest star in Aquarius with apparent  It also has the proper name of Sadalsuud. Having cooled and swollen to around 50 times the Sun's diameter, it is around 2200 times as luminous as the Sun. It is around 6.4 times as massive as the Sun and around 56 million years old. Sadalsuud is  from Earth. α Aquarii, also known as Sadalmelik, has apparent  It is  distant from Earth, and i",False,True,0.0,0.41312849521636963,9.417533874511719e-06
chunk_256,217,Aquarius (constellation),What title is given to Aquarius in the Babylonian star catalogues?,The Great One,"""The Great One""",Aquarius (constellation) | Aquarius (constellation) | Aquarius (constellation),"The Babylonian star-figure appears on entitlement stones and cylinder seals from the second millennium. It contained the winter solstice in the Early Bronze Age. In Old Babylonian astronomy, Ea was the ruler of the southernmost quarter of the Sun's path, the ""Way of Ea"", corresponding to the period of 45 days on either side of winter solstice. Aquarius was also associated with the destructive floods that the Babylonians regularly experienced, and thus was negatively connoted. In Ancient Egypt as",False,True,1.0,0.8023421168327332,0.9915543720126152
chunk_256,218,Anime,When did the earliest commercial Japanese animations date to?,1917,The earliest commercial Japanese animations date to 1917.,Anime | Anime | Anime,"was common in the eleventh century. Traveling storytellers narrated legends and anecdotes while the  was unrolled from the right to left in chronological order, as a moving panorama. Kagee was popular during the Edo period and originated from the shadows play of China. Magic lanterns from the Netherlands were also popular in the eighteenth century. The paper play called Kamishibai surged in the twelfth century and remained popular in the street theater until the 1930s. Puppets of the bunraku the",False,True,1.0,0.965657651424408,0.0001500844955444336
chunk_256,219,Anime,Which cartoonist's works contributed to the emergence of a characteristic anime art style in the 1960s?,Osamu Tezuka,Osamu Tezuka's works contributed to the emergence of a characteristic anime art style in the 1960s.,Anime | Anime | Anime,"is hand-drawn and computer-generated animation originating from Japan. Outside Japan and in English, anime refers specifically to animation produced in Japan. However, in Japan and in Japanese,  (a term derived from a shortening of the English word animation) describes all animated works, regardless of style or origin. Many works of animation with a similar style to Japanese animation are also produced outside Japan. Video games sometimes also feature themes and artstyles that can be considered ",False,True,1.0,0.9778025150299072,1.3470649719238281e-05
chunk_256,220,Ankara,What are the historical names of Ankara?,Ancyra and Angora,"Ánkyra (, ) in Greek and Ancyra in Latin",Ankara | Ankara | Ankara,"Ankara ( ,  ; ), historically known as Ancyra and Angora, is the capital of Turkey. Located in the central part of Anatolia, the city has a population of 5.1 million in its urban center and 5.7 million in Ankara Province, making it Turkey's second-largest city after Istanbul, but first by the urban area (2,767 km2).

Serving as the capital of the ancient Celtic state of Galatia (280–64 BC), and later of the Roman province with the same name (25 BC–7th century), the city is very old, with various",False,True,0.5,0.9156587719917297,0.6746938228607178
chunk_256,221,Ankara,On what date was the Grand National Assembly of Turkey established in Ankara?,23 April 1920,The Grand National Assembly of Turkey was established in Ankara on 23 April 1920.,Ankara | Ankara | Ankara,"The historical center of Ankara is a rocky hill rising  over the left bank of the Ankara River, a tributary of the Sakarya River. The hill remains crowned by the ruins of Ankara Castle. Although few of its outworks have survived, there are well-preserved examples of Roman and Ottoman architecture throughout the city, the most remarkable being the 20 BC Temple of Augustus and Rome that boasts the Monumentum Ancyranum, the inscription recording the .

On 23 April 1920, the Grand National Assembly ",False,True,1.0,0.9553262591362,3.635883331298828e-05
chunk_256,222,Arabic,In which century did Arabic emerge?,It emerged in the 1st century AD.,"According to the provided context, Arabic emerged in the 1st century AD.",Arabic | Arabic | Arabic,"Arabic (,  ; ,   or ) is a Semitic language spoken primarily across the Arab world. Having emerged in the 1st century AD, it is named after the Arab people; the term ""Arab"" was initially used to describe those living in the Arabian Peninsula, as perceived by geographers from ancient Greece.

Since the 7th century, Arabic has been characterized by diglossia, with an opposition between a standard prestige language—i.e., Literary Arabic: Modern Standard Arabic (MSA) or Classical Arabic—and diverse ",False,True,1.0,0.9819851517677307,0.00255584716796875
chunk_256,223,Arabic,Arabic is an official language of how many states?,It is an official language of 26 states and 1 disputed territory.,"According to the given context, Arabic is an official language of 26 states.",Arabic | Arabic | Algeria,"It is an official language of 26 states and 1 disputed territory, the third most after English and French. It is also one of six official languages of the United Nations.

Spoken varieties are the usual medium of communication in all other domains. They are not standardized and vary significantly, some of them being mutually unintelligible. The International Organization for Standardization assigns language codes to 33 varieties of Arabic, including MSA. Arabic vernaculars do not descend from MS",False,True,0.5714285714285714,0.9811033010482788,0.0013750791549682617
chunk_256,224,Alfred Hitchcock,How many Academy Award nominations did Alfred Hitchcock's films receive?,46,"Based on the information provided in the context, Alfred Hitchcock's films received 46 Academy Award nominations.",Alfred Hitchcock | Alfred Hitchcock | Alfred Hitchcock,"Rebecca won the Academy Award for Best Picture, with Hitchcock nominated as Best Director. He also received Oscar nominations for Lifeboat (1944), Spellbound (1945), Rear Window (1954) and Psycho (1960).

Hitchcock's other notable films include Rope (1948), Strangers on a Train (1951), Dial M for Murder (1954), To Catch a Thief (1955), The Trouble with Harry (1955),  Vertigo (1958), North by Northwest (1959), The Birds (1963) and  Marnie (1964), all of which were also financially successful and ",False,True,1.0,0.9904106855392456,0.00017327070236206055
chunk_256,225,Alfred Hitchcock,What was the title of Alfred Hitchcock's directorial debut?,The Pleasure Garden,The title of Alfred Hitchcock's directorial debut was The Lodger: A Story of the London Fog (1927).,Alfred Hitchcock | Alfred Hitchcock | Alfred Hitchcock,"Sir Alfred Joseph Hitchcock  (13 August 1899 – 29 April 1980) was an English film director, screenwriter, producer and editor. He is widely regarded as one of the most influential figures in the history of cinema. In a career spanning six decades, he directed over 50 feature films, many of which are still widely watched and studied today. Known as the ""Master of Suspense"", he became as well known as any of his actors thanks to his many interviews, his cameo roles in most of his films, and his ho",False,True,0.0,0.9083744287490845,1.9073486328125e-06
chunk_256,226,Anaconda,How many species of anacondas are currently recognized?,Four species,Four species are currently recognized.,Anaconda | Anaconda | Amphibian,"Anacondas or water boas are a group of large snakes of the genus Eunectes. They are found in tropical South America. Four species are currently recognized.

Description
Although the name applies to a group of snakes, it is often used to refer only to one species, in particular, the common or green anaconda (Eunectes murinus), which is the largest snake in the world by weight, and the second longest after the reticulated python.

Etymology
The South American names anacauchoa and anacaona were sug",False,True,1.0,0.9898080229759216,3.4689903259277344e-05
chunk_256,227,Anaconda,Which anaconda species is the largest snake in the world by weight?,the common or green anaconda (Eunectes murinus),The common or green anaconda (Eunectes murinus) is the largest snake in the world by weight.,Anaconda | Anaconda | Anaconda,"Anacondas or water boas are a group of large snakes of the genus Eunectes. They are found in tropical South America. Four species are currently recognized.

Description
Although the name applies to a group of snakes, it is often used to refer only to one species, in particular, the common or green anaconda (Eunectes murinus), which is the largest snake in the world by weight, and the second longest after the reticulated python.

Etymology
The South American names anacauchoa and anacaona were sug",False,True,1.0,0.9648106694221497,0.00017267465591430664
chunk_256,228,Altaic languages,Which language families are included in the proposed Altaic language family according to the passage?,"The Turkic, Mongolic, and Tungusic language families, and possibly also the Japonic and Koreanic languages.","Based on the information provided in the context, the proposed Altaic language family includes the Turkic, Mongolic, and Tungusic language families. Additionally, the passage mentions that some proponents of Altaic propose including Korean and Japanese into a ""Macro-Altaic"" family, but this is not universally accepted.",Altaic languages | Altaic languages | Altaic languages,"Altaic () is a controversial proposed language family that would include the Turkic, Mongolic and Tungusic language families and possibly also the Japonic and Koreanic languages. The hypothetical language family has long been rejected by most comparative linguists, although it continues to be supported by a small but stable scholarly minority. Speakers of the constituent languages are currently scattered over most of Asia north of 35° N and in some eastern parts of Europe, extending in longitude",False,True,0.5,0.9599660634994507,0.11109644174575806
chunk_256,229,Altaic languages,In which century was the Altaic family first proposed?,In the 18th century.,The Altaic family was first proposed in the 18th century.,Altaic languages | Altaic languages | Altaic languages,"Altaic () is a controversial proposed language family that would include the Turkic, Mongolic and Tungusic language families and possibly also the Japonic and Koreanic languages. The hypothetical language family has long been rejected by most comparative linguists, although it continues to be supported by a small but stable scholarly minority. Speakers of the constituent languages are currently scattered over most of Asia north of 35° N and in some eastern parts of Europe, extending in longitude",False,True,1.0,0.983892560005188,3.4570693969726562e-06
chunk_256,230,Austrian German,"In which year was the Österreichisches Wörterbuch, which formalized Austrian German, published?",1951,"The Österreichisches Wörterbuch, which formalized Austrian German, was published in 1951.",Austrian German | Austrian German | Austrian German,"Austrian German (), Austrian Standard German (ASG), Standard Austrian German (), Austrian High German (), or simply just Austrian (), is an official and standard variety of Standard High German written and spoken in Austria and Italian South Tyrol. It has the highest sociolinguistic prestige locally, as it is the variation used in the media and for other formal situations. In less formal situations, Austrians use Bavarian and Alemannic dialects, which are traditionally spoken but rarely written ",False,True,1.0,0.9607919454574585,5.245208740234375e-06
chunk_256,231,Austrian German,Which language was adopted as the standard for Austrian German for pragmatic reasons?,The already-standardized chancellery language of Saxony (Sächsische Kanzleisprache or Meißner Kanzleideutsch).,"The Austrian Dictionary, also known as the ""Österreichisches Wörterbuch,"" was adopted as the standard for Austrian German for official texts and schools starting from 1951. This standardization was driven by the need to unify the written language across different regions within Austria, particularly addressing the linguistic differences between the various dialects and the more prestigious forms of Standard German.",Austrian German | Austrian German | Austrian German,"Austrian German (), Austrian Standard German (ASG), Standard Austrian German (), Austrian High German (), or simply just Austrian (), is an official and standard variety of Standard High German written and spoken in Austria and Italian South Tyrol. It has the highest sociolinguistic prestige locally, as it is the variation used in the media and for other formal situations. In less formal situations, Austrians use Bavarian and Alemannic dialects, which are traditionally spoken but rarely written ",False,True,0.09090909090909091,0.2885790765285492,0.22507578134536743
chunk_256,232,Axiom of choice,Who formulated the axiom of choice and in what year?,Ernst Zermelo formulated the axiom of choice in 1904.,Ernst Zermelo formulated the axiom of choice in 1904.,Axiom of choice | Axiom of choice | Axiom of choice,"In mathematics, the axiom of choice, abbreviated AC or AoC, is an axiom of set theory equivalent to the statement that a Cartesian product of a collection of non-empty sets is non-empty. Informally put, the axiom of choice says that given any collection of sets, each containing at least one element, it is possible to construct a new set by arbitrarily choosing one element from each set, even if the collection is infinite. Formally, it states that for every indexed family  of nonempty sets, there",False,True,1.0,0.9483446478843689,0.0002041459083557129
chunk_256,233,Axiom of choice,What does the axiom of choice formally state for every indexed family of nonempty sets?,"It states that for every indexed family of nonempty sets, there exists an indexed set such that for every index i, the ith element of the indexed set is an element of the ith set.","The axiom of choice formally states that for every indexed family of nonempty sets, there exists a choice function.",Axiom of choice | Axiom of choice | Axiom of choice,"Examples
The nature of the individual nonempty sets in the collection may make it possible to avoid the axiom of choice even for certain infinite collections. For example, suppose that each member of the collection X is a nonempty subset of the natural numbers. Every such subset has a smallest element, so to specify our choice function we can simply say that it maps each set to the least element of that set. This gives us a definite choice of an element from each set, and makes it unnecessary to",False,True,0.5714285714285714,0.8458781838417053,0.00012636184692382812
chunk_256,234,Attila,When did Attila die?,March 453,"According to the provided context, Attila died in March 453.",Attila | Attila | Attila,"Attila (  or  ; ), frequently called Attila the Hun, was the ruler of the Huns from 434 until his death, in March 453. He was also the leader of an empire consisting of Huns, Ostrogoths, Alans, and Bulgars, among others, in Central and Eastern Europe.

During his reign, he was one of the most feared enemies of the Western and Eastern Roman Empires. He crossed the Danube twice and plundered the Balkans but was unable to take Constantinople. In 441, he led an invasion of the Eastern Roman (Byzanti",False,True,1.0,0.9596828818321228,0.0017614364624023438
chunk_256,235,Attila,Which groups were part of the empire Attila led?,"Huns, Ostrogoths, Alans, and Bulgars","The empire Attila led consisted of Huns, Ostrogoths, Alans, and Bulgars, among others, in Central and Eastern Europe.",Attila | Attila | Attila,"Attila (  or  ; ), frequently called Attila the Hun, was the ruler of the Huns from 434 until his death, in March 453. He was also the leader of an empire consisting of Huns, Ostrogoths, Alans, and Bulgars, among others, in Central and Eastern Europe.

During his reign, he was one of the most feared enemies of the Western and Eastern Roman Empires. He crossed the Danube twice and plundered the Balkans but was unable to take Constantinople. In 441, he led an invasion of the Eastern Roman (Byzanti",False,True,1.0,0.9917136430740356,0.00023323297500610352
chunk_256,236,Aegean Sea,Which straits connect the Aegean Sea to the Marmara Sea and the Black Sea?,The Dardanelles and the Bosphorus,The straits that connect the Aegean Sea to the Marmara Sea and the Black Sea are the Dardanelles and the Bosphorus.,Aegean Sea | Aegean Sea | Aegean Sea,"The Aegean sea is connected to the Sea of Marmara by the Dardanelles, also known from Classical Antiquity as the Hellespont. The Dardanelles are located to the northeast of the sea. It ultimately connects with the Black Sea through the Bosphoros strait, upon which lies the city of Istanbul. The Dardanelles and the Bosphoros are known as the Turkish Straits.",False,True,1.0,0.9370670914649963,0.000644981861114502
chunk_256,237,Aegean Sea,Which islands are included in the Dodecanese group?,"Rhodes, Kos, and Patmos","The Dodecanese group includes the islands of Rhodes, Kos, and Patmos.",Aegean Sea | Aegean Sea | Archipelago,"The Dodecanese, located to the southeast, includes the islands of Rhodes, Kos, and Patmos; the islands of Delos and Naxos are within the Cyclades to the south of the sea. Lesbos is part of the North Aegean Islands. Euboea, the second-largest island in Greece, is located in the Aegean, despite being administered as part of Central Greece. Nine out of twelve of the Administrative regions of Greece border the sea, along with the Turkish provinces of Edirne, Çanakkale, Balıkesir, Izmir, Aydın and Mu",False,True,1.0,0.9857306480407715,0.00010800361633300781
chunk_256,238,A Clockwork Orange (novel),Who is the author of A Clockwork Orange?,English writer Anthony Burgess,Anthony Burgess is the author of A Clockwork Orange.,A Clockwork Orange (novel) | A Clockwork Orange (novel) | A Clockwork Orange (novel),"A Clockwork Orange is a dystopian satirical black comedy novel by English writer Anthony Burgess, published in 1962. It is set in a near-future society that has a youth subculture of extreme violence. The teenage protagonist, Alex, narrates his violent exploits and his experiences with state authorities intent on reforming him. The book is partially written in a Russian-influenced argot called ""Nadsat"", which takes its name from the Russian suffix that is equivalent to '-teen' in English. Accord",False,True,0.5,0.9828458428382874,2.2649765014648438e-06
chunk_256,239,A Clockwork Orange (novel),In what year was A Clockwork Orange included on Time magazine's list of the 100 best English-language novels written since 1923?,2005,1962,A Clockwork Orange (novel) | A Clockwork Orange (novel) | A Clockwork Orange (novel),"A Clockwork Orange is a dystopian satirical black comedy novel by English writer Anthony Burgess, published in 1962. It is set in a near-future society that has a youth subculture of extreme violence. The teenage protagonist, Alex, narrates his violent exploits and his experiences with state authorities intent on reforming him. The book is partially written in a Russian-influenced argot called ""Nadsat"", which takes its name from the Russian suffix that is equivalent to '-teen' in English. Accord",False,True,0.0,0.9242039918899536,0.9996302611543797
chunk_256,240,Amsterdam,What is the population of Amsterdam within the city proper?,"921,402","The population of Amsterdam within the city proper is approximately 870,000 in 2021.",Amsterdam | Amsterdam | Amsterdam,"This was all the more remarkable as Amsterdam was neither the capital city nor the seat of government of the Dutch Republic, which itself was a much smaller state than Great Britain, France or the Ottoman Empire. In contrast to those other metropolises, Amsterdam was also surrounded by large towns such as Leiden (about 67,000), Rotterdam (45,000), Haarlem (38,000) and Utrecht (30,000).

The city's population declined in the early 19th century, dipping under 200,000 in 1820. By the second half of",False,True,0.0,0.8552872538566589,4.482269287109375e-05
chunk_256,241,Amsterdam,"Which area, annexed in 1921, is the oldest part of Amsterdam dating to the 9th century?",Sloten,"Sloten, annexed in 1921 by the municipality of Amsterdam, is the oldest part of the city, dating to the 9th century.",Amsterdam | Amsterdam | Amsterdam,"Amsterdam was the leading centre for finance and trade, as well as a hub of production of secular art. In the 19th and 20th centuries, the city expanded and many new neighborhoods and suburbs were planned and built. The canals of Amsterdam and the 19-20th century Defence Line of Amsterdam are both on the UNESCO World Heritage List. Sloten, annexed in 1921 by the municipality of Amsterdam, is the oldest part of the city, dating to the 9th century. The city has a long tradition of openness, libera",False,True,1.0,0.9455410838127136,0.00036263465881347656
chunk_256,242,Museum of Work,In which city is the Museum of Work located?,"Norrköping, Sweden.","Norrköping, Sweden.",Museum of Work | Museum of Work | Amsterdam,"The Museum of Work (Arbetets museum) is a museum located in Norrköping, Sweden. The museum is located in the Strykjärn (Clothes iron), a former weaving mill in the old industrial area on the Motala ström river in the city centre of Norrköping. The former textile factory Holmens Bruk (sv) operated in the building from 1917 to 1962.

The museum documents work and everyday life by collecting personal stories about people's professional lives from both the past and the present. The museum's archive ",False,True,1.0,0.9737706780433655,0.14432966709136963
chunk_256,243,Museum of Work,Since what year has the museum housed the EWK – Center for Political Illustration Art?,2009.,"Since 2009, the Museum of Work has housed the EWK – Center for Political Illustration Art.",Museum of Work | Museum of Work | Ankara,"The exhibition addresses themes such as work, environment and everyday life. A tour version of the exhibition is given in the locations Falun, Kristianstad and Örebro.

EWK – The Center for Political Illustration Art 
Since 2009, the Museum also houses EWK – center for political illustration art. The museum preserves, develops and conveys the political illustrator Ewert Karlsson's production. The museum also holds theme exhibitions with national and international political illustrators with the ",False,True,1.0,0.9762453436851501,0.00010848045349121094
chunk_256,244,Audi,Where is Audi AG headquartered?,"Ingolstadt, Bavaria, Germany.","Ingolstadt, Bavaria, Germany",Audi | Audi | Audi,"Audi AG () is a German automotive manufacturer of luxury vehicles headquartered in Ingolstadt, Bavaria, Germany. A subsidiary of the Volkswagen Group, Audi produces vehicles in nine production facilities worldwide.

The origins of the company are complex, dating back to the early 20th century and the initial enterprises (Horch and the Audiwerke) founded by engineer August Horch (1868–1951). Two other manufacturers (DKW and Wanderer) also contributed to the foundation of Auto Union in 1932. The m",False,True,1.0,0.9541069865226746,0.97046466358006
chunk_256,245,Audi,In how many production facilities worldwide does Audi produce vehicles?,Nine.,Nine,Audi | Audi | Audi,"Audi AG () is a German automotive manufacturer of luxury vehicles headquartered in Ingolstadt, Bavaria, Germany. A subsidiary of the Volkswagen Group, Audi produces vehicles in nine production facilities worldwide.

The origins of the company are complex, dating back to the early 20th century and the initial enterprises (Horch and the Audiwerke) founded by engineer August Horch (1868–1951). Two other manufacturers (DKW and Wanderer) also contributed to the foundation of Auto Union in 1932. The m",False,True,1.0,0.8296786546707153,0.44384145736694336
chunk_256,246,Aircraft,"What is the science of aviation, including designing and building aircraft, called?",Aeronautics.,"The science of aviation, including designing and building aircraft, is called aeronautics.",Aircraft | Aircraft | Aircraft,"An aircraft (: aircraft) is a vehicle that is able to fly by gaining support from the air. It counters the force of gravity by using either static lift or the dynamic lift of an airfoil, or, in a few cases, direct downward thrust from its engines. Common examples of aircraft include airplanes, helicopters, airships (including blimps), gliders, paramotors, and hot air balloons.

The human activity that surrounds aircraft is called aviation. The science of aviation, including designing and buildin",False,True,1.0,0.9797391295433044,4.756450653076172e-05
chunk_256,247,Aircraft,Into how many eras is the history of aircraft divided?,Five.,Five,Aircraft | Aircraft | Aircraft,"Each of the two World Wars led to great technical advances. Consequently, the history of aircraft can be divided into five eras:
 Pioneers of flight, from the earliest experiments to 1914.
 First World War, 1914 to 1918.
 Aviation between the World Wars, 1918 to 1939.
 Second World War, 1939 to 1945.
 Postwar era, also called the Jet Age, 1945 to the present day.

Methods of lift

Lighter than air – aerostats 

Aerostats use buoyancy to float in the air in much the same way that ships float on t",False,True,1.0,0.8789522051811218,0.975483663380146
chunk_256,248,Alfred Nobel,In what year was Alfred Nobel's invention dynamite patented?,1867,Dynamite was patented in 1867.,Alfred Nobel | Alfred Nobel | Alfred Nobel,"Alfred Bernhard Nobel ( , ; 21 October 1833 – 10 December 1896) was a Swedish chemist, engineer, inventor, businessman, and philanthropist. He is known for creating dynamite as well as having bequeathed his fortune to establish the Nobel Prize. He also made several important contributions to science, holding 355 patents in his lifetime. Nobel's most famous invention was dynamite, an explosive using  nitroglycerin; it was patented in 1867.

Nobel displayed an early aptitude for science and learni",False,True,1.0,0.9763729572296143,2.193450927734375e-05
chunk_256,249,Alfred Nobel,How many patents did Alfred Nobel hold during his lifetime?,355,"During his lifetime, Alfred Nobel held 355 patents.",Alfred Nobel | Alfred Nobel | Alfred Nobel,"Alfred Bernhard Nobel ( , ; 21 October 1833 – 10 December 1896) was a Swedish chemist, engineer, inventor, businessman, and philanthropist. He is known for creating dynamite as well as having bequeathed his fortune to establish the Nobel Prize. He also made several important contributions to science, holding 355 patents in his lifetime. Nobel's most famous invention was dynamite, an explosive using  nitroglycerin; it was patented in 1867.

Nobel displayed an early aptitude for science and learni",False,True,1.0,0.9756363034248352,7.3909759521484375e-06
chunk_256,250,Alexander Graham Bell,On what date was Alexander Graham Bell awarded the first U.S. patent for the telephone?,"March 7, 1876.","March 7, 1876",Alexander Graham Bell | Alexander Graham Bell | Alexander Graham Bell,"Alexander Graham Bell (, born Alexander Bell; March 3, 1847 – August 2, 1922) was a  Scottish-born inventor, scientist and engineer who is credited with patenting the first practical telephone. He also co-founded the American Telephone and Telegraph Company (AT&T) in 1885.

Bell's father, grandfather, and brother had all been associated with work on elocution and speech, and both his mother and wife were deaf; profoundly influencing Bell's life's work. His research on hearing and speech further ",False,True,1.0,0.9010587334632874,0.9996546832844615
chunk_256,251,Alexander Graham Bell,"What position did Bell hold in the National Geographic Society, and during which years did he serve?","He was the second president, serving from January 7, 1898, until 1903.","Bell held the position of the second president of the National Geographic Society. He served in this role from January 7, 1898, until 1903.",Alexander Graham Bell | Alexander Graham Bell | Alexander Graham Bell,"The laboratory was also the site where he and his associate invented his ""proudest achievement"", ""the photophone"", the ""optical telephone"" which presaged fibre optical telecommunications while the Volta Bureau would later evolve into the Alexander Graham Bell Association for the Deaf and Hard of Hearing (the AG Bell), a leading center for the research and pedagogy of deafness.

In partnership with Gardiner Greene Hubbard, Bell helped establish the publication Science during the early 1880s. In 1",False,True,0.8888888888888888,0.9580830335617065,5.519390106201172e-05
chunk_256,252,Anatolia,"Which seas bound Anatolia to the north, south, and west?","The Black Sea to the north, the Mediterranean Sea to the south, and the Aegean Sea to the west.","The Aegean Sea bounds Anatolia to the north, south, and west.",Anatolia | Anatolia | Aegean Sea,"Anatolia, also known as Asia Minor, is a large peninsula in West Asia and is the western-most extension of continental Asia. The land mass of Anatolia constitutes most of the territory of contemporary Turkey. Geographically, the Anatolian region is bounded by the Turkish Straits to the north-west, the Black Sea to the north, the Armenian Highlands to the east, the Mediterranean Sea to the south, and the Aegean Sea to the west. Topographically, the Sea of Marmara connects the Black Sea with the A",False,True,0.7142857142857143,0.9572547078132629,0.0002123713493347168
chunk_256,253,Anatolia,What were the major Anatolian languages mentioned in the passage?,"Hittite, Luwian, and Lydian.","The major Anatolian languages mentioned in the passage include Hittite, Luwian, and Lydian.",Anatolia | Ankara | Anatolia,"Anatolia sometimes is synonymous with Asian Turkey, thereby including the western part of the Armenian Highlands and northern Mesopotamia and making its eastern and southern borders coterminous with Turkey's borders.

The ancient Anatolian peoples spoke the now-extinct Anatolian languages of the Indo-European language family, which were largely replaced by the Greek language during classical antiquity as well as during the Hellenistic, Roman, and Byzantine periods. The major Anatolian languages ",False,True,1.0,0.9891185760498047,4.6133995056152344e-05
chunk_256,254,Apple Inc.,In which city is Apple Inc. headquartered?,"Cupertino, California","Cupertino, California",Apple Inc. | Apple Inc. | Apple Inc.,"Apple Inc. is an American multinational technology company headquartered in Cupertino, California. , Apple is the world's biggest company by market capitalization, and with  the largest technology company by 2022 revenue. , Apple is the fourth-largest personal computer vendor by unit sales; the largest manufacturing company by revenue; and the second-largest mobile phone manufacturer in the world. It is considered one of the Big Five American information technology companies, alongside Alphabet ",False,True,1.0,0.9348819851875305,0.9966102165635675
chunk_256,255,Apple Inc.,Who were the three founders of Apple Computer Company?,"Steve Wozniak, Steve Jobs and Ronald Wayne","The three founders of Apple Computer Company were Steve Jobs, Steve Wozniak, and Ronald Wayne.",Apple Inc. | Apple Inc. | Apple Inc.,"When Jobs resigned in 2011 for health reasons, and died two months later, he was succeeded as CEO by Tim Cook.

Apple became the first publicly traded U.S. company to be valued at over $1 trillion in August 2018, then at $2 trillion in August 2020, and at $3 trillion in January 2022. In June 2023, it was valued at just over $3 trillion. The company receives criticism regarding the labor practices of its contractors, its environmental practices, and its business ethics, including anti-competitive",False,True,1.0,0.7270022034645081,1.0728836059570312e-05
chunk_256,256,Aberdeenshire,Where is Aberdeenshire Council headquartered?,"Woodhill House, in Aberdeen.","Woodhill House, in Aberdeen.",Aberdeenshire | Aberdeenshire | Aberdeenshire,"Aberdeenshire (; ) is one of the 32 council areas of Scotland.

It takes its name from the County of Aberdeen, which has substantially different boundaries. The Aberdeenshire Council area includes all of the area of the historic counties of Aberdeenshire and Kincardineshire (except the area making up Aberdeen City council area), as well as part of Banffshire. The county boundaries are officially used for a few purposes, namely land registration and lieutenancy.

Aberdeenshire Council is headquar",False,True,1.0,0.9398093819618225,0.007785618305206299
chunk_256,257,Aberdeenshire,Which historic counties' areas are included in the Aberdeenshire Council area?,"All of the area of the historic counties of Aberdeenshire and Kincardineshire (except the area making up Aberdeen City council area), as well as part of Banffshire.",The historic counties of Aberdeenshire and Kincardineshire (except the area making up Aberdeen City council area) are included in the Aberdeenshire Council area.,Aberdeenshire | Aberdeenshire | Aberdeenshire,"Aberdeenshire (; ) is one of the 32 council areas of Scotland.

It takes its name from the County of Aberdeen, which has substantially different boundaries. The Aberdeenshire Council area includes all of the area of the historic counties of Aberdeenshire and Kincardineshire (except the area making up Aberdeen City council area), as well as part of Banffshire. The county boundaries are officially used for a few purposes, namely land registration and lieutenancy.

Aberdeenshire Council is headquar",False,True,0.7333333333333333,0.9552621841430664,0.0026470422744750977
chunk_256,258,Aztlan Underground,Which musical genres does Aztlan Underground combine in their music?,"Hip‑Hop, Punk Rock, Jazz, and electronic music with Chicano and Native American themes, and indigenous instrumentation.","Aztlan Underground combines Hip-Hop, Punk Rock, Jazz, and electronic music with Chicano and Native American themes, and indigenous instrumentation.",Aztlan Underground | Aztlan Underground | Aztlan Underground,"Aztlan Underground is a band from Los Angeles, California that combines Hip-Hop, Punk Rock, Jazz, and electronic music with Chicano and Native American themes, and indigenous instrumentation. They are often cited as progenitors of Chicano rap.

Background 
The band traces its roots to the late-1980s hardcore scene in the Eastside of Los Angeles. They have played rapcore, with elements of punk, hip hop, rock, funk, jazz, indigenous music, and spoken word. Indigenous drums, flutes, and rattles are",False,True,1.0,0.9909846782684326,2.6941299438476562e-05
chunk_256,259,Aztlan Underground,In what year did Aztlan Underground appear on Culture Clash on Fox?,1993,1993,Aztlan Underground | Aztlan Underground | Aztlan Underground,"Aztlan Underground is a band from Los Angeles, California that combines Hip-Hop, Punk Rock, Jazz, and electronic music with Chicano and Native American themes, and indigenous instrumentation. They are often cited as progenitors of Chicano rap.

Background 
The band traces its roots to the late-1980s hardcore scene in the Eastside of Los Angeles. They have played rapcore, with elements of punk, hip hop, rock, funk, jazz, indigenous music, and spoken word. Indigenous drums, flutes, and rattles are",False,True,1.0,0.5860713720321655,0.9996812489116564
chunk_256,260,American Civil War,On what date did the American Civil War end?,"May 26, 1865","The American Civil War officially ended on June 2, 1865, when Confederate Lt. Gen. Simon B. Buckner signed a military convention surrendering the Confederate Trans-Mississippi Department forces.",American Civil War | American Civil War | American Civil War,"The Confederate president, Jefferson Davis, was captured at Irwinville, Georgia on May 10, 1865.

On May 13, 1865, the last land battle of the war was fought at the Battle of Palmito Ranch in Texas.

On May 26, 1865, Confederate Lt. Gen. Simon B. Buckner, acting for General Edmund Kirby Smith, signed a military convention surrendering the Confederate trans-Mississippi Department forces. This date is often cited by contemporaries and historians as the end date of the American Civil War. On June 2",False,True,0.3333333333333333,0.7861670851707458,0.0851750373840332
chunk_256,261,American Civil War,Who was the President of the Confederacy?,Jefferson Davis,Jefferson Davis was the provisional president of the Confederate States of America.,American Civil War | Abraham Lincoln | American Civil War,"The Southern states believed slaveholding was a constitutional right because of the Fugitive Slave Clause of the Constitution. These states agreed to form a new federal government, the Confederate States of America, on February 4, 1861. They took control of federal forts and other properties within their boundaries with little resistance from outgoing President James Buchanan, whose term ended on March 4, 1861. Buchanan said that the Dred Scott decision was proof that the South had no reason for",False,True,1.0,0.9739281535148621,0.0001437664031982422
chunk_256,262,Andy Warhol,What are two of Andy Warhol's best‑known silkscreen paintings mentioned in the passage?,Campbell's Soup Cans (1962) and Marilyn Diptych (1962).,"Two of Andy Warhol's best-known silkscreen paintings mentioned in the passage are:

1. Campbell's Soup Cans (1962)
2. Marilyn Diptych (1962)",Andy Warhol | Andy Warhol | Andy Warhol,"Andy Warhol (; born Andrew Warhola Jr.; August 6, 1928 – February 22, 1987) was an American visual artist, film director, producer, and leading figure in the pop art movement. His works explore the relationship between artistic expression, advertising, and celebrity culture that flourished by the 1960s, and span a variety of media, including painting, silkscreening, photography, film, and sculpture. Some of his best-known works include the silkscreen paintings Campbell's Soup Cans (1962) and Mar",False,True,1.0,0.9625643491744995,0.0004381537437438965
chunk_256,263,Andy Warhol,Which experimental rock band did Andy Warhol manage and produce in the late 1960s?,The Velvet Underground.,The Velvet Underground,Andy Warhol | Andy Warhol | Andy Warhol,"These latter ""Warhol"" films starred Joe Dallesandro—more of a Morrissey star than a true Warhol superstar.

In the early 1970s, most of the films directed by Warhol were pulled out of circulation by Warhol and the people around him who ran his business. After Warhol's death, the films were slowly restored by the Whitney Museum and are occasionally projected at museums and film festivals. Few of the Warhol-directed films are available on video or DVD.

Music
In the mid-1960s, Warhol adopted the b",False,True,1.0,0.8191445469856262,0.9963357797823846
chunk_256,264,Alp Arslan,"What does the nickname ""Alp Arslan"" mean in Turkish?",Heroic Lion,"""Heroic Lion"" in Turkish.",Alp Arslan | Alp Arslan | Alp Arslan,"Alp Arslan, born Muhammad bin Dawud Chaghri, was the second sultan of the Seljuk Empire and great-grandson of Seljuk, the eponymous founder of the dynasty. He greatly expanded the Seljuk territory and consolidated his power, defeating rivals to the south and northwest, and his victory over the Byzantines at the Battle of Manzikert, in 1071, ushered in the Turkmen settlement of Anatolia. 

Muhammad bin Dawud Chaghri's military prowess and fighting skills earned him the nickname Alp Arslan, which ",False,True,1.0,0.9649350643157959,0.0006119012832641602
chunk_256,265,Alp Arslan,In what year did Alp Arslan win the Battle of Manzikert against the Byzantines?,1071,1071,Alp Arslan | Alp Arslan | Alp Arslan,"Alp Arslan handed control of his army to his eunuch slave general, Taranges, and commanded him to ""Win or be beheaded."" Taranges prepared for the battle by setting traps and organizing ambushes. The Seljuk and Byzantine armies met on Friday, 26 August 1071 at Manzikert on the Murat River, north of Lake Van, beginning the Battle of Manzikert. The Cuman mercenaries among the Byzantine forces immediately defected to the Turkic side. Seeing this, the Western mercenaries subsequently abandoned the ba",False,True,1.0,0.7147809863090515,0.9999187557186815
chunk_256,266,American Film Institute,Who chairs the board of trustees of the American Film Institute?,Kathleen Kennedy,Kathleen Kennedy chairs the board of trustees of the American Film Institute.,American Film Institute | American Film Institute | American Film Institute,"The American Film Institute (AFI) is an American nonprofit film organization that educates filmmakers and honors the heritage of the motion picture arts in the United States. AFI is supported by private funding and public membership fees.

Leadership

The institute is composed of leaders from the film, entertainment, business, and academic communities. The board of trustees is chaired by Kathleen Kennedy and the board of directors chaired by Robert A. Daly guide the organization, which is led by",False,True,1.0,0.9672602415084839,5.4836273193359375e-06
chunk_256,267,American Film Institute,In what year was the American Film Institute established?,1967,The American Film Institute was established in 1967.,American Film Institute | American Film Institute | American Film Institute,"The American Film Institute (AFI) is an American nonprofit film organization that educates filmmakers and honors the heritage of the motion picture arts in the United States. AFI is supported by private funding and public membership fees.

Leadership

The institute is composed of leaders from the film, entertainment, business, and academic communities. The board of trustees is chaired by Kathleen Kennedy and the board of directors chaired by Robert A. Daly guide the organization, which is led by",False,True,1.0,0.935901403427124,8.58306884765625e-06
chunk_256,268,Akira Kurosawa,"What was the title of Akira Kurosawa's directorial debut film released during World War II, and in what year was it released?","Sanshiro Sugata, 1943","Akira Kurosawa's directorial debut film released during World War II was ""Sanshiro Sugata"" (1943).",Akira Kurosawa | Akira Kurosawa | Akira Kurosawa,"was a Japanese filmmaker and painter who directed 30 films in a career spanning over five decades. He is widely regarded as one of the greatest and most influential filmmakers in the history of cinema. Kurosawa displayed a bold, dynamic style, strongly influenced by Western cinema yet distinct from it; he was involved with all aspects of film production.

Kurosawa entered the Japanese film industry in 1936, following a brief stint as a painter. After years of working on numerous films as an assi",False,True,1.0,0.957184910774231,2.5033950805664062e-06
chunk_256,269,Akira Kurosawa,Which Akira Kurosawa film won the Golden Lion at the 1951 Venice Film Festival?,Rashomon,Rashomon (1950),Akira Kurosawa | Akira Kurosawa | Akira Kurosawa,"The two men would go on to collaborate on another fifteen films.

Rashomon (1950), which premiered in Tokyo, became the surprise winner of the Golden Lion at the 1951 Venice Film Festival. The commercial and critical success of that film opened up Western film markets for the first time to the products of the Japanese film industry, which in turn led to international recognition for other Japanese filmmakers. Kurosawa directed approximately one film per year throughout the 1950s and early 1960s,",False,True,1.0,0.959695041179657,0.7304340898990631
chunk_256,270,Ancient Egypt,Who is credited with the political unification of Upper and Lower Egypt around 3100 BC?,Menes (often identified with Narmer),Menes (often identified with Narmer) is credited with the political unification of Upper and Lower Egypt around 3100 BC.,Ancient Egypt | Ancient Egypt | Ancient Egypt,"Ancient Egypt was a civilization in Northeast Africa situated in the Nile Valley. Ancient Egyptian civilization followed prehistoric Egypt and coalesced around 3100BC (according to conventional Egyptian chronology) with the political unification of Upper and Lower Egypt under Menes (often identified with Narmer). The history of ancient Egypt occurred as a series of stable kingdoms, separated by periods of relative instability known as Intermediate Periods: the Old Kingdom of the Early Bronze Age",False,True,1.0,0.9779114127159119,0.00018161535263061523
chunk_256,271,Ancient Egypt,"Which kingdom ruled Egypt after Alexander the Great's death until 30 BC, when it fell to the Roman Empire?",the Greek Ptolemaic Kingdom,"The Greek Ptolemaic Kingdom ruled Egypt after Alexander the Great's death until 30 BC, when it fell to the Roman Empire.",Ancient Egypt | Ancient Egypt | Alexander the Great,"Ancient Egypt was a civilization in Northeast Africa situated in the Nile Valley. Ancient Egyptian civilization followed prehistoric Egypt and coalesced around 3100BC (according to conventional Egyptian chronology) with the political unification of Upper and Lower Egypt under Menes (often identified with Narmer). The history of ancient Egypt occurred as a series of stable kingdoms, separated by periods of relative instability known as Intermediate Periods: the Old Kingdom of the Early Bronze Age",False,True,1.0,0.9486865401268005,4.398822784423828e-05
chunk_256,272,Analog Brothers,What is the title of the Analog Brothers' only album?,Pimp to Eat,The title of the Analog Brothers' only album is Pimp to Eat.,Analog Brothers | Analog Brothers | Analog Brothers,"Analog Brothers were an experimental hip hop band featuring Tracy ""Ice-T"" Marrow (Ice Oscillator) on keyboards, drums and vocals, Keith ""Kool Keith"" Thornton (Keith Korg) on bass, strings and vocals, Marc Live (Marc Moog) on drums, violins and vocals, Christopher ""Black Silver"" Rodgers (Silver Synth) on synthesizer, lazar bell and vocals, and Rex Colonel ""Pimpin' Rex"" Doby Jr. (Rex Roland JX3P) on keyboards, vocals and production. Its album Pimp to Eat featured guest appearances by various membe",False,True,1.0,0.2964952290058136,2.5033950805664062e-06
chunk_256,273,Analog Brothers,Which two members toured together as Black Ice in 2008?,Ice-T and Black Silver,Ice-T and Black Silver toured together as Black Ice in 2008.,Analog Brothers | Afro Celt Sound System | Analog Brothers,"After Pimp to Eat, the Analog Brothers continued performing together in various line ups. Kool Keith and Marc Live joined with Jacky Jasper to release two albums as KHM. Marc Live rapped with Ice-T's group SMG. Marc also formed a group with Black Silver called Live Black, but while five of their tracks were released on a demo CD sold at concerts, Live Black's first album has yet to be released.

In 2008, Ice-T and Black Silver toured together as Black Ice, and released an album together called U",False,True,1.0,0.9673042893409729,1.800060272216797e-05
chunk_256,274,Motor neuron diseases,Which specific motor neuron diseases are mentioned in the passage?,"Amyotrophic lateral sclerosis (ALS), progressive bulbar palsy (PBP), pseudobulbar palsy, progressive muscular atrophy (PMA), primary lateral sclerosis (PLS), spinal muscular atrophy (SMA) and monomelic amyotrophy (MMA), as well as some rarer variants resembling ALS.","The passage mentions several specific motor neuron diseases:

1. Amyotrophic lateral sclerosis (ALS)
2. Progressive bulbar palsy (PBP)
3. Pseudobulbar palsy
4. Progressive muscular atrophy (PMA)
5. Primary lateral sclerosis (PLS)
6. Spinal muscular atrophy (SMA)
7. Monomelic amyotrophy (MMA)

Additionally, it includes some rarer variants resembling ALS, such as:

8. Monomelic amyotrophy (MMA)
9. Progressive bulbar palsy (PBP)
10. Pseudobulbar palsy

These are listed under the broader category of motor neuron diseases, which encompasses a variety of conditions affecting motor neurons.",Motor neuron diseases | Motor neuron diseases | Motor neuron diseases,"Motor neuron diseases or motor neurone diseases (MNDs) are a group of rare neurodegenerative disorders that selectively affect motor neurons, the cells which control voluntary muscles of the body. They include amyotrophic lateral sclerosis (ALS), progressive bulbar palsy (PBP), pseudobulbar palsy, progressive muscular atrophy (PMA), primary lateral sclerosis (PLS), spinal muscular atrophy (SMA) and monomelic amyotrophy (MMA), as well as some rarer variants resembling ALS.

Motor neuron diseases ",False,True,0.9583333333333334,0.7593410611152649,0.08795475959777832
chunk_256,275,Motor neuron diseases,Does the passage state that there are approved treatments for most motor neuron disorders?,"No, the passage states that there are no approved treatments for the majority of motor neuron disorders, and care is mostly symptomatic.","No, the passage does not state that there are approved treatments for most motor neuron disorders. It states that currently, there are no approved treatments for the majority of motor neuron disorders.",Motor neuron diseases | Motor neuron diseases | Motor neuron diseases,"Treatment 
There are no known curative treatments for the majority of motor neuron disorders. Please refer to the articles on individual disorders for more details.

Prognosis 
The table below lists life expectancy for patients who are diagnosed with MND.

Terminology
In the United States and Canada, the term motor neuron disease usually refers to the group of disorders while amyotrophic lateral sclerosis is frequently called Lou Gehrig's disease. In the United Kingdom and Australia, the term mo",False,True,0.75,0.9733728766441345,0.12549346685409546
chunk_256,276,Abjad,"Who introduced the term ""abjad"" and in what year?",Peter T. Daniels introduced the term in 1990.,"Peter T. Daniels introduced the term ""abjad"" in 1990.",Abjad | Abjad | Abjad,"An abjad (, ; also abgad) is a writing system in which only consonants are represented, leaving vowel sounds to be inferred by the reader. This contrasts with alphabets, which provide graphemes for both consonants and vowels. The term was introduced in 1990 by Peter T. Daniels. Other terms for the same concept include: partial phonemic script, segmentally linear defective phonographic script, consonantary, consonant writing, and consonantal alphabet.

Impure abjads represent vowels with either o",False,True,1.0,0.9730913639068604,0.0008072257041931152
chunk_256,277,Abjad,What are two vowel marking systems mentioned for abjads?,nikkud for Hebrew and ḥarakāt for Arabic.,"Two vowel marking systems mentioned for abjads are:

1. Nikkud for Hebrew
2. Ḥarakāt for Arabic",Abjad | Abjad | Aramaic alphabet,"Similar to other semitic languages such as Phoenician, Hebrew and Semitic proto-alphabets: specifically, aleph, bet, gimel, dalet.

Terminology
According to the formulations of Peter T. Daniels, abjads differ from alphabets in that only consonants, not vowels, are represented among the basic graphemes. Abjads differ from abugidas, another category defined by Daniels, in that in abjads, the vowel sound is implied by phonology, and where vowel marks exist for the system, such as nikkud for Hebrew ",False,True,1.0,0.7815220355987549,0.05541276931762695
chunk_256,278,Abugida,What is an abugida and how does it differ from a full alphabet and an abjad?,"An abugida is a segmental writing system in which consonant–vowel sequences are written as units; each unit is based on a consonant letter and vowel notation is secondary, like a diacritical mark. This contrasts with a full alphabet, in which vowels have status equal to consonants, and with an abjad, in which vowel marking is absent, partial, or optional.","An abugida is a type of writing system where each character represents a consonant plus one or more vowels, determined by diacritical marks added to the consonant. The vowels are derived from the underlying consonant's phonetic value through a process called vowel harmony. 

In contrast, a full alphabet includes both consonants and vowels, while an abjad primarily consists of consonants without any accompanying vowels. An abjad uses a single letter to represent a consonant sound, whereas a full alphabet might include multiple letters representing different consonants or even vowels.

For example, Devanagari is considered an abugida because it combines a consonant with a vowel sign to create distinct vowel sounds. By contrast, Latin-based alphabets like English have separate letters for consonants and vowels",Abjad | Alphabet | Alphabet,"Similar to other semitic languages such as Phoenician, Hebrew and Semitic proto-alphabets: specifically, aleph, bet, gimel, dalet.

Terminology
According to the formulations of Peter T. Daniels, abjads differ from alphabets in that only consonants, not vowels, are represented among the basic graphemes. Abjads differ from abugidas, another category defined by Daniels, in that in abjads, the vowel sound is implied by phonology, and where vowel marks exist for the system, such as nikkud for Hebrew ",False,False,0.5161290322580645,0.0810798779129982,0.28254246711730957
chunk_256,279,Abugida,Which scholars introduced related concepts to the abugida and what terms did they use?,"James Germain Février (1948) introduced the term , David Diringer (1948) used the term semisyllabary, Fred Householder (1959) introduced the term pseudo-alphabet, Peter T. Daniels (1990) chose the Ethiopic term ""abugida"", Faber (1992) suggested ""segmentally coded syllabically linear phonographic script"", Bright (1992) used the term alphasyllabary, and Gnanadesikan and Rimzhim, Katz, & Fowler have suggested aksara or āksharik.","The scholars who introduced related concepts to the abugida were Peter T. Daniels and William Bright. They used the terms ""alphasyllabary"" and ""akshara,"" respectively.",Abugida | Abugida | Alphabet,"Ge'ez is one of several segmental writing systems in the world, others include Indic/Brahmic scripts and Canadian Aboriginal Syllabics. The word abugida is derived from the four letters, ä, bu, gi, and da, in much the same way that abecedary is derived from Latin letters a be ce de, abjad is derived from the Arabic a b j d, and alphabet is derived from the names of the two first letters in the Greek alphabet, alpha and beta. Abugida as a term in linguistics was proposed by Peter T. Daniels in hi",False,True,0.1951219512195122,0.6878293752670288,0.0012304186820983887
chunk_256,280,ABBA,In what year was ABBA formed in Stockholm?,1972,1972,ABBA | ABBA | ABBA,"ABBA ( , ; formerly named Björn & Benny, Agnetha & Anni-Frid or Björn & Benny, Agnetha & Frida) are  a Swedish pop supergroup formed in Stockholm in 1972 by Agnetha Fältskog, Björn Ulvaeus, Benny Andersson, and Anni-Frid Lyngstad. The group's name is an acronym of the first letters of their first names arranged as a palindrome. They are one of the most popular and successful musical groups of all time, and are one of the best-selling music acts in the history of popular music, topping the charts",False,True,1.0,0.9455804228782654,0.9995215743547305
chunk_256,281,ABBA,Which song did ABBA win the Eurovision Song Contest with?,Waterloo,"ABBA won the Eurovision Song Contest with the song ""Waterloo"".",ABBA | ABBA | ABBA,"In July 1980, ABBA released the single ""The Winner Takes It All"", the group's eighth UK chart topper (and their first since 1978). The song is widely misunderstood as being written about Ulvaeus and Fältskog's marital tribulations; Ulvaeus wrote the lyrics, but has stated they were not about his own divorce; Fältskog has repeatedly stated she was not the loser in their divorce. In the United States, the single peaked at number-eight on the Billboard Hot 100 chart and became ABBA's second Billboa",False,True,1.0,0.9832848906517029,3.6954879760742188e-06
chunk_256,282,Allegiance,What is the definition of allegiance as given in the passage?,"An allegiance is a duty of fidelity said to be owed, or freely committed, by the people, subjects or citizens to their state or sovereign.","An allegiance is a duty of fidelity said to be owed, or freely committed, by the people, subjects or citizens to their state or sovereign.",Allegiance | Allegiance | Allegiance,"An allegiance is a duty of fidelity said to be owed, or freely committed, by the people, subjects or citizens to their state or sovereign.

Etymology
The word allegiance comes from Middle English  (see Medieval Latin , ""a liegance""). The al- prefix was probably added through confusion with another legal term, allegeance, an ""allegation"" (the French  comes from the English). Allegiance is formed from ""liege,"" from Old French , ""liege, free"", of Germanic origin. The connection with Latin , ""to bin",False,True,1.0,0.9836983680725098,0.568131297826767
chunk_256,283,Allegiance,"According to the English doctrine described, how could a person lose their allegiance to the British crown?","They could never resign or lose it, except by act of parliament or by the recognition of the independence or the cession of the portion of British territory in which they resided.","According to the English doctrine described, a person could lose their allegiance to the British crown only through acts prescribed by law, such as by act of parliament or by the recognition of the independence or the cession of the portion of British territory in which they resided.",Allegiance | Allegiance | Allegiance,"Types
 Local allegiance
 Natural allegiance

United Kingdom
The English doctrine, which was at one time adopted in the United States, asserted that allegiance was indelible: ""Nemo potest exuere patriam"". As the law stood prior to 1870, every person who by birth or naturalisation satisfied the conditions set forth, even if removed in infancy to another country where their family resided, owed an allegiance to the British crown which they could never resign or lose, except by act of parliament or ",False,True,0.8,0.9342503547668457,0.0004936456680297852
chunk_256,284,MessagePad,In what year was the MessagePad series developed by Apple for the Newton platform?,1993,The MessagePad series was developed by Apple for the Newton platform in 1993.,MessagePad | MessagePad | MessagePad,"The MessagePad is a discontinued series of personal digital assistant devices developed by Apple Computer for the Newton platform in 1993.  Some electronic engineering and the manufacture of Apple's MessagePad devices was undertaken in Japan by Sharp. The devices are based on the ARM 610 RISC processor and all featured handwriting recognition software and were developed and marketed by Apple. The devices run Newton OS.

History
The development of the Newton MessagePad first began with Apple's fo",False,True,1.0,0.9749464392662048,1.3828277587890625e-05
chunk_256,285,MessagePad,Which company performed some electronic engineering and manufacture of Apple's MessagePad devices in Japan?,Sharp,Sharp performed some electronic engineering and manufacture of Apple's MessagePad devices in Japan.,MessagePad | Apple Inc. | MessagePad,"The MessagePad is a discontinued series of personal digital assistant devices developed by Apple Computer for the Newton platform in 1993.  Some electronic engineering and the manufacture of Apple's MessagePad devices was undertaken in Japan by Sharp. The devices are based on the ARM 610 RISC processor and all featured handwriting recognition software and were developed and marketed by Apple. The devices run Newton OS.

History
The development of the Newton MessagePad first began with Apple's fo",False,True,1.0,0.9949089884757996,5.125999450683594e-06
chunk_256,286,A. E. van Vogt,What date did the Science Fiction Writers of America name A. E. van Vogt their 14th Grand Master?,1995 (presented 1996),"January 26, 2000",A. E. van Vogt | A. E. van Vogt | A. E. van Vogt,"Alfred Elton van Vogt  ( ; April 26, 1912 – January 26, 2000) was a Canadian-born American science fiction author. His fragmented, bizarre narrative style influenced later science fiction writers, notably Philip K. Dick. He was one of the most popular and influential practitioners of science fiction in the mid-twentieth century, the genre's so-called Golden Age, and one of the most complex. The Science Fiction Writers of America named him their 14th Grand Master in 1995 (presented 1996).

Early ",False,True,0.0,0.7737415432929993,0.9996685554797295
chunk_256,287,A. E. van Vogt,What language did van Vogt speak exclusively at home until he was four years old?,Plautdietsch,Plautdietsch,A. E. van Vogt | A. E. van Vogt | A. E. van Vogt,"He was the third of six children born to Heinrich ""Henry"" Vogt and Aganetha ""Agnes"" Vogt (née Buhr), both of whom were born in Manitoba and grew up in heavily immigrant communities.  Until he was four, van Vogt spoke only Plautdietsch at home.

For the first dozen or so years of his life, van Vogt's father, Henry Vogt, a lawyer, moved his family several times within western Canada, moving to Neville, Saskatchewan; Morden, Manitoba; and finally Winnipeg, Manitoba.  Alfred Vogt found these moves d",False,True,1.0,0.6746426224708557,0.9989245976321399
chunk_256,288,Anna Kournikova,What was Anna Kournikova's highest singles ranking and in what year did she achieve it?,She reached No. 8 in the world in 2000.,"Anna Kournikova's highest singles ranking was 8th place, which she achieved in 2000.",Anna Kournikova | Anna Kournikova | Anna Kournikova,"Anna Sergeyevna Kournikova (; born 7 June 1981) is a Russian former professional tennis player and American television personality. Her appearance  and celebrity status made her one of the best known tennis stars worldwide. At the peak of her fame, fans looking for images of Kournikova made her name one of the most common search strings on Google Search.

Despite never winning a singles title, she reached No. 8 in the world in 2000. She achieved greater success playing doubles, where she was at ",False,True,0.3333333333333333,0.9050499796867371,2.9802322387695312e-06
chunk_256,289,Anna Kournikova,"Which television show did Anna Kournikova join as a new trainer for season 12, replacing Jillian Michaels?",The Biggest Loser.,"The television show that Anna Kournikova joined as a new trainer for season 12, replacing Jillian Michaels, was The Biggest Loser.",Anna Kournikova | Anna Kournikova | Anna Kournikova,"She lives in Miami Beach, Florida, and played in occasional exhibitions and in doubles for the St. Louis Aces of World Team Tennis before the team folded in 2011. She was a new trainer for season 12 of the television show The Biggest Loser, replacing Jillian Michaels, but did not return for season 13. In addition to her tennis and television work, Kournikova serves as a Global Ambassador for Population Services International's ""Five & Alive"" program, which addresses health crises facing children",False,True,1.0,0.9430447816848755,4.5299530029296875e-06
chunk_256,290,Alfons Maria Jakob,When was Alfons Maria Jakob born?,2 July 1884,Alfons Maria Jakob was born on 2 July 1884.,Alfons Maria Jakob | Aleister Crowley | Alfons Maria Jakob,"Alfons Maria Jakob (2 July 1884 – 17 October 1931) was a German neurologist who worked in the field of neuropathology.

He was born in Aschaffenburg, Bavaria and educated in medicine at the universities of Munich, Berlin, and Strasbourg, where he received his doctorate in 1908. During the following year, he began clinical work under the psychiatrist Emil Kraepelin and did laboratory work with Franz Nissl and Alois Alzheimer in Munich.

In 1911, by way of an invitation from Wilhelm Weygandt, he r",False,True,1.0,0.951740562915802,2.6226043701171875e-06
chunk_256,291,Alfons Maria Jakob,Which disease is named after Jakob and Creutzfeldt?,Creutzfeldt–Jakob disease,Creutzfeldt-Jakob disease,Alfons Maria Jakob | Alfons Maria Jakob | Alfons Maria Jakob,"He suffered from chronic osteomyelitis for the last seven years of his life. This eventually caused a retroperitoneal abscess and paralytic ileus from which he died following operation.

Associated eponym
 Creutzfeldt–Jakob disease: A very rare and incurable degenerative neurological disease. It is the most common form of transmissible spongiform encephalopathies caused by prions. Eponym introduced by Walther Spielmeyer in 1922.

Bibliography
 Die extrapyramidalen Erkrankungen. In: Monographien ",False,True,1.0,0.8816520571708679,0.9991373922093771
chunk_256,292,Agnosticism,"Who coined the word ""agnostic"" and in what year?",The English biologist Thomas Henry Huxley coined the word agnostic in 1869.,"Thomas Henry Huxley coined the word ""agnostic"" in 1869.",Agnosticism | Agnosticism | Agnosticism,"– I think that generally ... an agnostic would be the most correct description of my state of mind.""

Thomas Henry Huxley

Agnostic views are as old as philosophical skepticism, but the terms agnostic and agnosticism were created by Huxley (1825–1895) to sum up his thoughts on contemporary developments of metaphysics about the ""unconditioned"" (William Hamilton) and the ""unknowable"" (Herbert Spencer). Though Huxley began to use the term agnostic in 1869, his opinions had taken shape some time bef",False,True,0.7777777777777778,0.9688547849655151,0.00016939640045166016
chunk_256,293,Agnosticism,Which two ancient philosophers are mentioned as having expressed agnostic points of view?,Sanjaya Belatthaputta and Protagoras are the two ancient philosophers noted for expressing agnostic points of view.,Sanjaya Belatthaputta and Protagoras are mentioned as having expressed agnostic points of view.,Agnosticism | Agnosticism | Agnosticism,"An apathetic agnostic would say, ""I don't know whether any deity exists or not, and I don't care if any deity exists or not.""

History

Hindu philosophy

Throughout the history of Hinduism there has been a strong tradition of philosophic speculation and skepticism.

The Rig Veda takes an agnostic view on the fundamental question of how the universe and the gods were created. Nasadiya Sukta (Creation Hymn) in the tenth chapter of the Rig Veda says:

Hume, Kant, and Kierkegaard
Aristotle,
Anselm,
",False,True,0.5454545454545454,0.9704667925834656,0.0014241933822631836
chunk_256,294,Argon,What is the atomic number of argon?,18,The atomic number of argon is 18.,Argon | Argon | Argon,"Argon is a chemical element with the symbol Ar and atomic number 18. It is in group 18 of the periodic table and is a noble gas. Argon is the third-most abundant gas in Earth's atmosphere, at 0.934% (9340 ppmv). It is more than twice as abundant as water vapor (which averages about 4000 ppmv, but varies greatly), 23 times as abundant as carbon dioxide (400 ppmv), and more than 500 times as abundant as neon (18 ppmv). Argon is the most abundant noble gas in Earth's crust, comprising 0.00015% of t",False,True,1.0,0.9802722334861755,6.210803985595703e-05
chunk_256,295,Argon,What percentage of Earth's atmosphere is argon?,0.934% (9340 ppmv),Earth's atmosphere is composed of approximately 0.934% argon by volume.,Argon | Argon | Argon,"Argon is a chemical element with the symbol Ar and atomic number 18. It is in group 18 of the periodic table and is a noble gas. Argon is the third-most abundant gas in Earth's atmosphere, at 0.934% (9340 ppmv). It is more than twice as abundant as water vapor (which averages about 4000 ppmv, but varies greatly), 23 times as abundant as carbon dioxide (400 ppmv), and more than 500 times as abundant as neon (18 ppmv). Argon is the most abundant noble gas in Earth's crust, comprising 0.00015% of t",False,True,0.5,0.8787775039672852,0.00025922060012817383
chunk_256,296,Arsenic,What is the chemical symbol for arsenic?,As,The chemical symbol for arsenic is As.,Arsenic | Arsenic | Arsenic,"Arsenic is a chemical element with the symbol As and atomic number 33. Arsenic occurs in many minerals, usually in combination with sulfur and metals, but also as a pure elemental crystal. Arsenic is a metalloid. It has various allotropes, but only the grey form, which has a metallic appearance, is important to industry.

The primary use of arsenic is in alloys of lead (for example, in car batteries and ammunition). Arsenic is a common n-type dopant in semiconductor electronic devices. It is als",False,True,,0.9810000658035278,4.112720489501953e-05
chunk_256,297,Arsenic,What is the primary use of arsenic?,"in alloys of lead (for example, in car batteries and ammunition)",The primary use of arsenic is in alloys of lead.,Arsenic | Arsenic | Arsenic,"Arsenic is a chemical element with the symbol As and atomic number 33. Arsenic occurs in many minerals, usually in combination with sulfur and metals, but also as a pure elemental crystal. Arsenic is a metalloid. It has various allotropes, but only the grey form, which has a metallic appearance, is important to industry.

The primary use of arsenic is in alloys of lead (for example, in car batteries and ammunition). Arsenic is a common n-type dopant in semiconductor electronic devices. It is als",False,True,0.3333333333333333,0.9881839752197266,4.5180320739746094e-05
chunk_256,298,Antimony,What is the chemical symbol and atomic number of antimony?,The chemical symbol is Sb and the atomic number is 51.,"The chemical symbol for antimony is Sb, and its atomic number is 51.",Antimony | Antimony | Antimony,"Antimony is a chemical element with the symbol Sb () and atomic number 51. A lustrous gray metalloid, it is found in nature mainly as the sulfide mineral stibnite (Sb2S3). Antimony compounds have been known since ancient times and were powdered for use as medicine and cosmetics, often known by the Arabic name kohl. The earliest known description of the metalloid in the West was written in 1540 by Vannoccio Biringuccio.

China is the largest producer of antimony and its compounds, with most produ",False,True,1.0,0.981380045413971,0.0001277923583984375
chunk_256,299,Antimony,Which country is the largest producer of antimony and from which mine does most production come?,"China is the largest producer, with most production coming from the Xikuangshan Mine in Hunan.",China is the largest producer of antimony and most production comes from the Xikuangshan Mine in Hunan.,Antimony | Antimony | Antimony,"The product is further purified by vaporizing the volatile antimony(III) oxide, which is recovered. This sublimate is often used directly for the main applications, impurities being arsenic and sulfide. Antimony is isolated from the oxide by a carbothermal reduction:

2  + 3 C → 4 Sb + 3 

The lower-grade ores are reduced in blast furnaces while the higher-grade ores are reduced in reverberatory furnaces.

Top producers and production volumes
In 2022, according to the US Geological Survey, China",False,True,0.8888888888888888,0.9768666625022888,0.0007978081703186035
chunk_256,300,Actinium,What oxidation state does actinium assume in nearly all its chemical compounds?,+3,"In nearly all its chemical compounds, actinium assumes the oxidation state +3.",Actinium | Actinium | Actinium,"As with most lanthanides and actinides, actinium exists in the oxidation state +3, and the Ac3+ ions are colorless in solutions. The oxidation state +3 originates from the [Rn] 6d17s2 electronic configuration of actinium, with three valence electrons that are easily donated to give the stable closed-shell structure of the noble gas radon. Although the 5f orbitals are unoccupied in an actinium atom, it can be used as a valence orbital in actinium complexes and hence it is generally considered the",False,True,1.0,0.9849763512611389,7.224082946777344e-05
chunk_256,301,Actinium,How much actinium-227 is found in one tonne of natural uranium ore?,about 0.2 milligrams,One tonne of natural uranium ore contains about 0.2 milligrams of actinium-227.,Actinium | Actinium | Actinium,"As with most lanthanides and many actinides, actinium assumes oxidation state +3 in nearly all its chemical compounds. Actinium is found only in traces in uranium and thorium ores as the isotope 227Ac, which decays with a half-life of 21.772 years, predominantly emitting beta and sometimes alpha particles, and 228Ac, which is beta active with a half-life of 6.15 hours. One tonne of natural uranium in ore contains about 0.2 milligrams of actinium-227, and one tonne of thorium contains about 5 nan",False,True,1.0,0.9686565399169922,0.000385284423828125
chunk_256,302,Americium,What is the atomic number of americium?,95,The atomic number of americium is 95.,Americium | Americium | Americium,"Americium is a synthetic radioactive chemical element with the symbol Am and atomic number 95. It is a transuranic member of the actinide series, in the periodic table located under the lanthanide element europium and was thus named after the United States by analogy.

Americium was first produced in 1944 by the group of Glenn T. Seaborg from Berkeley, California, at the Metallurgical Laboratory of the University of Chicago, as part of the Manhattan Project. Although it is the third element in t",False,True,1.0,0.9756430387496948,1.3709068298339844e-05
chunk_256,303,Americium,In what year was americium first produced?,1944,1944,Americium | Americium | Americium,"Americium is a synthetic radioactive chemical element with the symbol Am and atomic number 95. It is a transuranic member of the actinide series, in the periodic table located under the lanthanide element europium and was thus named after the United States by analogy.

Americium was first produced in 1944 by the group of Glenn T. Seaborg from Berkeley, California, at the Metallurgical Laboratory of the University of Chicago, as part of the Manhattan Project. Although it is the third element in t",False,True,1.0,0.9061232209205627,0.999651295656804
chunk_256,304,Astatine,"What is the half-life of astatine-210, the most stable isotope of astatine?",8.1 hours,"The half-life of astatine-210, the most stable isotope of astatine, is 8.1 hours.",Astatine | Astatine | Astatine,"A beta decay mode has been found for all other astatine isotopes except for astatine-213, astatine-214, and astatine-216m. Astatine-210 and lighter isotopes exhibit beta plus decay (positron emission), astatine-216 and heavier isotopes exhibit beta minus decay, and astatine-212 decays via both modes, while astatine-211 undergoes electron capture.

The most stable isotope is astatine-210, which has a half-life of 8.1 hours. The primary decay mode is beta plus, to the relatively long-lived (in com",False,True,1.0,0.9672739505767822,5.8531761169433594e-05
chunk_256,305,Astatine,Which three scientists first synthesized astatine in 1940?,"Dale R. Corson, Kenneth Ross MacKenzie, and Emilio G. Segrè","Dale R. Corson, Kenneth Ross MacKenzie, and Emilio G. Segrè",Astatine | Astatine | Astatine,"Astatine is likely to have a dark or lustrous appearance and may be a semiconductor or possibly a metal. Chemically, several anionic species of astatine are known and most of its compounds resemble those of iodine, but it also sometimes displays metallic characteristics and shows some similarities to silver.

The first synthesis of astatine was in 1940 by Dale R. Corson, Kenneth Ross MacKenzie, and Emilio G. Segrè at the University of California, Berkeley. They named it from the Ancient Greek  (",False,True,1.0,0.8371963500976562,0.9384068474173546
chunk_256,306,Atom,What percentage of an atom's mass is located in the nucleus?,More than 99.94% of an atom's mass is in the nucleus.,"An atom's mass is primarily concentrated in the nucleus, accounting for more than 99.94% of its total mass.",Atom | Atom | Atom,"Also, only four naturally occurring, radioactive odd-odd nuclides have a half-life over a billion years: potassium-40, vanadium-50, lanthanum-138, and lutetium-176. Most odd-odd nuclei are highly unstable with respect to beta decay, because the decay products are even-even, and are therefore more strongly bound, due to nuclear pairing effects.

Mass 

The large majority of an atom's mass comes from the protons and neutrons that make it up. The total number of these particles (called ""nucleons"") ",False,True,1.0,0.7890481352806091,0.0024439096450805664
chunk_256,307,Atom,How many protons does an atom of sodium contain?,An atom that contains 11 protons is sodium.,An atom of sodium contains 11 protons.,Atom | Atom | Atom,"An atom is a particle that consists of a nucleus of protons and neutrons surrounded by an electromagnetically-bound cloud of electrons. The atom is the basic particle of the chemical elements, and the chemical elements are distinguished from each other by the number of protons that are in their atoms. For example, any atom that contains 11 protons is sodium, and any atom that contains 29 protons is copper. The number of neutrons defines the isotope of the element.

Atoms are extremely small, typ",False,True,1.0,0.9465713500976562,8.225440979003906e-06
chunk_256,308,Arable land,"According to the Food and Agriculture Organization of the United Nations, how many hectares of arable land existed worldwide in 2013?",1.407 billion hectares,"According to the Food and Agriculture Organization of the United Nations, in 2013, the world's arable land amounted to 1.407 billion hectares.",Arable land | Angola | Agriculture,"Arable land (from the , ""able to be ploughed"") is any land capable of being ploughed and used to grow crops. Alternatively, for the purposes of agricultural statistics, the term often has a more precise definition: 

A more concise definition appearing in the Eurostat glossary similarly refers to actual rather than potential uses: ""land worked (ploughed or tilled) regularly, generally under a system of crop rotation"". In Britain, arable land has traditionally been contrasted with pasturable land",False,True,1.0,0.9321209788322449,0.0002034306526184082
chunk_256,309,Arable land,How does the Eurostat glossary define arable land?,"""land worked (ploughed or tilled) regularly, generally under a system of crop rotation""","The Eurostat glossary defines arable land as ""land worked (ploughed or tilled) regularly, generally under a system of crop rotation.""",Arable land | Arable land | Arable land,"Arable land (from the , ""able to be ploughed"") is any land capable of being ploughed and used to grow crops. Alternatively, for the purposes of agricultural statistics, the term often has a more precise definition: 

A more concise definition appearing in the Eurostat glossary similarly refers to actual rather than potential uses: ""land worked (ploughed or tilled) regularly, generally under a system of crop rotation"". In Britain, arable land has traditionally been contrasted with pasturable land",False,True,1.0,0.96315598487854,0.22465026378631592
chunk_256,310,Aluminium,What is the atomic number of aluminium?,13,The atomic number of aluminium is 13.,Aluminium | Aluminium | Aluminium,"Aluminium (aluminum in North American English) is a chemical element with the symbol Al and atomic number 13. Aluminium has a density lower than those of other common metals; about one-third that of steel. It has a great affinity towards oxygen, forming a protective layer of oxide on the surface when exposed to air. Aluminium visually resembles silver, both in its color and in its great ability to reflect light. It is soft, nonmagnetic and ductile. It has one stable isotope: 27Al, which is highl",False,True,1.0,0.9702233076095581,8.58306884765625e-05
chunk_256,311,Aluminium,Which stable isotope of aluminium is highly abundant?,27Al,The stable isotope of aluminium that is highly abundant is 27Al.,Aluminium | Aluminium | Aluminium,"This makes aluminium very useful in nuclear magnetic resonance (NMR), as its single stable isotope has a high NMR sensitivity. The standard atomic weight of aluminium is low in comparison with many other metals.

All other isotopes of aluminium are radioactive. The most stable of these is 26Al: while it was present along with stable 27Al in the interstellar medium from which the Solar System formed, having been produced by stellar nucleosynthesis as well, its half-life is only 717,000 years and ",False,True,1.0,0.9836599826812744,8.71419906616211e-05
chunk_256,312,Advanced Chemistry,In what year was Advanced Chemistry founded?,1987,Advanced Chemistry was founded in 1987.,Advanced Chemistry | Alchemy | Aluminium,"Advanced Chemistry is a German hip hop group from Heidelberg, a scenic city in Baden-Württemberg, South Germany. Advanced Chemistry was founded in 1987 by Toni L, Linguist, Gee-One, DJ Mike MD (Mike Dippon) and MC Torch. Each member of the group holds German citizenship, and Toni L, Linguist, and Torch are of Italian, Ghanaian, and Haitian backgrounds, respectively.

Influenced by North American socially conscious rap and the Native tongues movement, Advanced Chemistry is regarded as one of the ",False,True,1.0,0.9807243347167969,2.2292137145996094e-05
chunk_256,313,Advanced Chemistry,What is the title of the song Advanced Chemistry released in November 1992?,Fremd im eigenen Land,"""Fremd im eigenen Land"" (Foreign in My Own Country)",Advanced Chemistry | Advanced Chemistry | Advanced Chemistry,"Advanced Chemistry is a German hip hop group from Heidelberg, a scenic city in Baden-Württemberg, South Germany. Advanced Chemistry was founded in 1987 by Toni L, Linguist, Gee-One, DJ Mike MD (Mike Dippon) and MC Torch. Each member of the group holds German citizenship, and Toni L, Linguist, and Torch are of Italian, Ghanaian, and Haitian backgrounds, respectively.

Influenced by North American socially conscious rap and the Native tongues movement, Advanced Chemistry is regarded as one of the ",False,True,1.0,0.9515554308891296,0.6913931965827942
chunk_256,314,Anglican Communion,How many members does the Anglican Communion have according to the passage?,more than 85 million members,"According to the passage, the Anglican Communion has more than 85 million members within the Church of England and other autocephalous national and regional churches in full communion.",Anglican Communion | Anglican Communion | Anglicanism,"The Anglican Communion is the third largest Christian communion after the Roman Catholic and Eastern Orthodox churches. Founded in 1867 in London, the communion has more than 85 million members within the Church of England and other autocephalous national and regional churches in full communion. The traditional origins of Anglican doctrine are summarised in the Thirty-nine Articles (1571). The archbishop of Canterbury (, Justin Welby) in England acts as a focus of unity, recognised as  (""first a",False,True,1.0,0.9869497418403625,0.021885395050048828
chunk_256,315,Anglican Communion,In what year and city was the Anglican Communion officially organised at the Lambeth Conference?,1867 in London,The Anglican Communion was officially organised and recognised as such at the Lambeth Conference in 1867 in London.,Anglican Communion | Anglicanism | Anglican Communion,"The Anglican Communion is the third largest Christian communion after the Roman Catholic and Eastern Orthodox churches. Founded in 1867 in London, the communion has more than 85 million members within the Church of England and other autocephalous national and regional churches in full communion. The traditional origins of Anglican doctrine are summarised in the Thirty-nine Articles (1571). The archbishop of Canterbury (, Justin Welby) in England acts as a focus of unity, recognised as  (""first a",False,True,1.0,0.9793046116828918,0.00015723705291748047
chunk_256,316,Archipelago,"According to the passage, what ancient language roots compose the word ""archipelago""?","It is derived from the Ancient Greek ἄρχι- (""chief"") and πέλαγος (""sea"") through the Italian arcipelago.","According to the passage, the word ""archipelago"" is derived from the Ancient Greek ἄρχι-(arkhi-) and πέλαγος (pélagos).",Archipelago | Archipelago | Apollo,"In antiquity, ""Archipelago"" (from Medieval Greek *ἀρχιπέλαγος and Latin ) was the proper name for the Aegean Sea. Later, usage shifted to refer to the Aegean Islands (since the sea has a large number of islands).

Geographic types
Archipelagos may be found isolated in large amounts of water or neighbouring a large land mass. For example, Scotland has more than 700 islands surrounding its mainland, which form an archipelago.

Archipelagos are often volcanic, forming along island arcs generated by",False,True,0.375,0.9435393214225769,0.0007408261299133301
chunk_256,317,Archipelago,Which region is given as an example of a place that has more than 700 islands forming an archipelago?,Scotland,Scotland is given as an example of a place that has more than 700 islands forming an archipelago.,Archipelago | Archipelago | Archipelago,"In antiquity, ""Archipelago"" (from Medieval Greek *ἀρχιπέλαγος and Latin ) was the proper name for the Aegean Sea. Later, usage shifted to refer to the Aegean Islands (since the sea has a large number of islands).

Geographic types
Archipelagos may be found isolated in large amounts of water or neighbouring a large land mass. For example, Scotland has more than 700 islands surrounding its mainland, which form an archipelago.

Archipelagos are often volcanic, forming along island arcs generated by",False,True,1.0,0.989408016204834,8.96453857421875e-05
chunk_256,318,Author,"In a work for hire, who is considered the author of the work according to the passage?",The employer or commissioning party is considered the author of the work.,"According to the passage, in a work for hire, the employer or commissioning party is considered the author of the work, even if they did not write or otherwise create the work themselves.",Author | Author | Author,"In legal discourse, an author is the creator of an original work, whether that work is in written, graphic, or recorded medium. Thus, a sculptor, painter, or composer, is an author of their respective sculptures, paintings, or compositions, even though in common parlance, an author is often thought of as the writer of a book, article, play, or other written work. In the case of a work for hire, ""the employer or commissioning party is considered the author of the work"", even if they did not write",False,True,1.0,0.9788039326667786,0.004943728446960449
chunk_256,319,Author,What requirement did the United States Copyright Office state for a work to qualify as a work of 'authorship'?,A work must be created by a human being.,A work must be created by a human being.,Author | Author | Author,"Code) to authors of 'original works of authorship.'""

Some works are considered to be authorless. For example, the monkey selfie copyright dispute in the 2010s involved photographs taken by Celebes crested macaques using equipment belonging to a nature photographer. The photographer asserted authorship of the photographs, which the United States Copyright Office denied, stating: ""To qualify as a work of 'authorship' a work must be created by a human being"". More recently, questions have arisen a",False,True,1.0,0.9865694046020508,0.03044438362121582
chunk_256,320,Andrey Markov,When was Andrey Andreyevich Markov born?,14 June 1856,Andrey Andreyevich Markov was born on 14 June 1856.,Andrey Markov | Andrey Markov | Andrey Markov,"Andrey Andreyevich Markov (14 June 1856 – 20 July 1922) was a Russian mathematician best known for his work on stochastic processes. A primary subject of his research later became known as the Markov chain. He was also a strong, close to master-level chess player.

Markov and his younger brother Vladimir Andreevich Markov (1871–1897) proved the Markov brothers' inequality.
His son, another Andrey Andreyevich Markov (1903–1979), was also a notable mathematician, making contributions to constructi",False,True,1.0,0.962662935256958,6.9141387939453125e-06
chunk_256,321,Andrey Markov,What inequality did Andrey Markov and his brother prove?,the Markov brothers' inequality,The Markov brothers' inequality.,Andrey Markov | Andrey Markov | Andrey Markov,"Andrey Andreyevich Markov (14 June 1856 – 20 July 1922) was a Russian mathematician best known for his work on stochastic processes. A primary subject of his research later became known as the Markov chain. He was also a strong, close to master-level chess player.

Markov and his younger brother Vladimir Andreevich Markov (1871–1897) proved the Markov brothers' inequality.
His son, another Andrey Andreyevich Markov (1903–1979), was also a notable mathematician, making contributions to constructi",False,True,1.0,0.951565146446228,3.0517578125e-05
chunk_256,322,Angst,From which languages was the English word “angst” introduced?,"Danish, Norwegian, Dutch, and German.","The English word ""angst"" was introduced from the Danish, Norwegian, and Dutch word ""and,"" and the German word ""ängst.""",Angst | Angst | Angst,"Angst is fear or anxiety (anguish is its Latinate equivalent, and the words anxious and anxiety are of similar origin). The dictionary definition for angst is a feeling of anxiety, apprehension, or insecurity.

Etymology
The word angst was introduced into English from the Danish, Norwegian, and Dutch word  and the German word . It is attested since the 19th century in English translations of the works of Søren Kierkegaard and Sigmund Freud. It is used in English to describe an intense feeling of",False,True,1.0,0.8331345915794373,0.0037435293197631836
chunk_256,323,Angst,Since which century has the word “angst” existed in German?,The 8th century.,"Since the 8th century, the word ""angst"" has existed in German, according to the given etymological information.",Angst | Angst | Angst,"Angst is fear or anxiety (anguish is its Latinate equivalent, and the words anxious and anxiety are of similar origin). The dictionary definition for angst is a feeling of anxiety, apprehension, or insecurity.

Etymology
The word angst was introduced into English from the Danish, Norwegian, and Dutch word  and the German word . It is attested since the 19th century in English translations of the works of Søren Kierkegaard and Sigmund Freud. It is used in English to describe an intense feeling of",False,True,1.0,0.9809530377388,0.00016939640045166016
chunk_256,324,Anxiety,What is the primary difference between anxiety and fear as described in the passage?,"Fear is defined as the emotional response to a real threat, whereas anxiety is the anticipation of a future threat.","According to the passage, the primary difference between anxiety and fear lies in their duration, temporal focus, specificity of the threat, and motivated direction. Specifically:

- **Duration**: Anxiety tends to be more prolonged than fear.
- **Temporal Focus**: Fear is typically focused on a specific threat occurring immediately, whereas anxiety is more concerned with threats that might occur in the future.
- **Specificity of the Threat**: Fear is directed at a particular danger, while anxiety encompasses broader concerns about potential future threats.
- **Motivated Direction**: Fear promotes action aimed at avoiding the immediate threat, whereas anxiety leads to heightened caution and avoidance due to the uncertainty of future threats.

These distinctions help differentiate between the two emotions based on how they manifest in terms of duration, focus, scope of concern, and the motivation behind",Anxiety | Anxiety | Anxiety,"Anxiety is an emotion which is characterized by an unpleasant state of inner turmoil and includes feelings of dread over anticipated events. Anxiety is different from fear in that fear is defined as the emotional response to a real threat, whereas anxiety is the anticipation of a future threat. It is often accompanied by nervous behavior such as pacing back and forth, somatic complaints, and rumination.

Anxiety is a feeling of uneasiness and worry, usually generalized and unfocused as an overre",False,True,0.5,0.7076046466827393,0.2144445776939392
chunk_256,325,Anxiety,Name three physical symptoms that may accompany anxiety according to the passage.,"muscular tension, restlessness, and fatigue","Based on the provided context, here are three physical symptoms that may accompany anxiety:

1. Headache
2. Nausea
3. Dry Mouth",Anxiety | Anxiety | Anxiety,"You feel an intense fear when you think of dying, or you may think of it more often than normal, or can't get it out of your mind.""

The physiological symptoms of anxiety may include:
Neurological, as headache, paresthesias, fasciculations, vertigo, or presyncope.
Digestive, as abdominal pain, nausea, diarrhea, indigestion, dry mouth, or bolus. Stress hormones released in an anxious state have an impact on bowel function and can manifest physical symptoms that may contribute to or exacerbate IBS",False,True,0.0,0.7837945222854614,0.17667162418365479
chunk_256,326,A. A. Milne,What rank did Alan Alexander Milne hold in the Royal Warwickshire Regiment during the First World War?,lieutenant,Second Lieutenant (on probation),A. A. Milne | A. A. Milne | A. A. Milne,"He collaborated with his brother Kenneth and their articles appeared over the initials AKM. Milne's work came to the attention of the leading British humour magazine Punch, where Milne was to become a contributor and later an assistant editor. Considered a talented cricket fielder, Milne played for two amateur teams that were largely composed of British writers: the Allahakbarries and the Authors XI. His teammates included fellow writers J. M. Barrie, Arthur Conan Doyle and P. G. Wodehouse.

Mil",False,True,1.0,0.9137207269668579,0.8485961705446243
chunk_256,327,A. A. Milne,To which library did Milne bequeath the original manuscripts of the Winnie-the-Pooh stories?,"the Wren Library at Trinity College, Cambridge","To which library did Milne bequeath the original manuscripts of the Winnie-the-Pooh stories? The context states that Milne bequeathed the original manuscripts of the Winnie-the-Pooh stories to the Wren Library at Trinity College, Cambridge, his alma mater.",A. A. Milne | A. A. Milne | A. A. Milne,"Milne bequeathed the original manuscripts of the Winnie-the-Pooh stories to the Wren Library at Trinity College, Cambridge, his alma mater.

Early life and military career

Alan Alexander Milne was born in Kilburn, London, to John Vine Milne, who was born in Jamaica, and Sarah Marie Milne (née Heginbotham), on 18 January 1882. He grew up at Henley House School, 6/7 Mortimer Road (now Crescent), Kilburn, a small independent school run by his father. One of his teachers was H. G. Wells, who taught",False,True,1.0,0.9906427264213562,0.0003300905227661133
chunk_256,328,Asociación Alumni,In which division does the senior squad of Asociación Alumni currently compete?,"Top 12, the first division of the Unión de Rugby de Buenos Aires league system.",Top 12,Asociación Alumni | Asociación Alumni | Asociación Alumni,"Asociación Alumni, usually just Alumni, is an Argentine rugby union club located in Tortuguitas, Greater Buenos Aires. The senior squad currently competes at Top 12, the first division of the Unión de Rugby de Buenos Aires league system.

The club has ties with former football club Alumni because both were established by Buenos Aires English High School students.

History

Background

The first club with the name ""Alumni"" played association football, having been found in 1898 by students of Buen",False,True,0.16666666666666666,0.8861854076385498,0.9957270636223257
chunk_256,329,Asociación Alumni,"Who proposed the name ""Alumni"" for the original football club?","Carlos Bowers, a former student of the Buenos Aires English High School.","Carlos Bowers proposed the name ""Alumni"" for the original football club.",Asociación Alumni | Asociación Alumni | Asociación Alumni,"Alumni is still considered the first great football team in the country. Alumni was reorganised in 1908, ""in order to encourage people to practise all kind of sports, specially football"". This was the last try to develop itself as a sports club rather than just a football team, such as Lomas, Belgrano and Quilmes had successfully done in the past, but the efforts were not enough. Alumni played its last game in 1911 and was definitely dissolved on April 24, 1913.

Rebirth through rugby
In 1951, t",False,True,0.2222222222222222,0.9642761945724487,3.409385681152344e-05
chunk_256,330,Axiom,"From which language does the term ""axiom"" originate, and what does it mean?","It comes from the Ancient Greek word (), meaning 'that which is thought worthy or fit' or 'that which commends itself as evident'.","The term ""axiom"" originates from the Greek word  (axíōma), which means ""that which is thought worthy or fit"" or ""that which commends itself as evident."" It refers to a statement that is taken to be true without proof, serving as a foundational principle for further reasoning and argumentation.",Axiom | Axiom | Axiom,"An axiom, postulate, or assumption is a statement that is taken to be true, to serve as a premise or starting point for further reasoning and arguments. The word comes from the Ancient Greek word  (), meaning 'that which is thought worthy or fit' or 'that which commends itself as evident'.

The precise definition varies across fields of study. In classic philosophy, an axiom is a statement that is so evident or well-established, that it is accepted without controversy or question. In modern logi",False,True,0.7272727272727273,0.8938336968421936,0.024774610996246338
chunk_256,331,Axiom,What are the two categories of axioms in mathematics mentioned in the passage?,Logical axioms and non‑logical axioms.,"The two categories of axioms in mathematics mentioned in the passage are logical axioms and non-logical axioms. Logical axioms are statements that are assumed to be true within a logical system, while non-logical axioms are statements that are specific to a particular mathematical theory or area of study.",Axiom | Axiom | Axiom,"The study of topology in mathematics extends all over through point set topology, algebraic topology, differential topology, and all the related paraphernalia, such as homology theory, homotopy theory. The development of abstract algebra brought with itself group theory, rings, fields, and Galois theory.

This list could be expanded to include most fields of mathematics, including measure theory, ergodic theory, probability, representation theory, and differential geometry.

Arithmetic
The Peano",False,True,1.0,0.7196592092514038,0.03349459171295166
chunk_256,332,Alpha,What numeric value does alpha have in the system of Greek numerals?,One.,One.,Alpha | Alpha | A,"Alpha  (uppercase , lowercase ; , , or ) is the first letter of the Greek alphabet. In the system of Greek numerals, it has a value of one. Alpha is derived from the Phoenician letter aleph , which is the West Semitic word for ""ox"". Letters that arose from alpha include the Latin letter A and the Cyrillic letter А.

Uses

Greek
In Ancient Greek, alpha was pronounced  and could be either phonemically long ([aː]) or short ([a]). Where there is ambiguity, long and short alpha are sometimes written ",False,True,1.0,0.956477165222168,0.09877252578735352
chunk_256,333,Alpha,Which letters are mentioned as having arisen from alpha?,The Latin letter A and the Cyrillic letter А.,Letters that arose from alpha include the Latin letter A and the Cyrillic letter А.,Alpha | A | Alpha,"Alpha  (uppercase , lowercase ; , , or ) is the first letter of the Greek alphabet. In the system of Greek numerals, it has a value of one. Alpha is derived from the Phoenician letter aleph , which is the West Semitic word for ""ox"". Letters that arose from alpha include the Latin letter A and the Cyrillic letter А.

Uses

Greek
In Ancient Greek, alpha was pronounced  and could be either phonemically long ([aː]) or short ([a]). Where there is ambiguity, long and short alpha are sometimes written ",False,True,1.0,0.9762730002403259,0.024586498737335205
chunk_256,334,Alvin Toffler,What are Alvin Toffler's birth and death dates?,"He was born on October 4, 1928 and died on June 27, 2016.","Alvin Toffler was born on October 4, 1928, and he passed away on June 27, 2016.",Alvin Toffler | Alvin Toffler | Alvin Toffler,"The couple's only child, Karen Toffler (1954–2000), died at age 46 after more than a decade suffering from Guillain–Barré syndrome.

Alvin Toffler died in his sleep on June 27, 2016, at his home in Los Angeles. No cause of death was given. He is buried at Westwood Memorial Park.

Bibliography
Alvin Toffler co-wrote his books with his wife Heidi.
 The Culture Consumers (1964) St. Martin's Press, 
 The Schoolhouse in the City (1968) Praeger (editors), 
 Future Shock (1970) Bantam Books, 
 The Futu",False,True,0.8888888888888888,0.6169343590736389,0.0001068115234375
chunk_256,335,Alvin Toffler,"What is the title of Alvin Toffler's first major book about the future, and how many copies has it sold?","The book is ""Future Shock"" and it has sold over 6 million copies.","The First Major Book About the Future is called ""Future Shock"", and it has sold over 6 million copies worldwide, according to the New York Times, or over 15 million copies according to the Tofflers' Web site.",Alvin Toffler | Alvin Toffler | Alvin Toffler,"Alvin Eugene Toffler (October 4, 1928 – June 27, 2016) was an American writer, futurist, and businessman known for his works discussing modern technologies, including the digital revolution and the communication revolution, with emphasis on their effects on cultures worldwide. He is regarded as one of the world's outstanding futurists.

Toffler was an associate editor of Fortune magazine. In his early works he focused on technology and its impact, which he termed ""information overload."" In 1970,",False,True,1.0,0.8534696102142334,0.015247642993927002
chunk_256,336,The Amazing Spider-Man,In what month and year did The Amazing Spider-Man series begin publication?,March 1963,The Amazing Spider-Man series began publication in March 1963.,The Amazing Spider-Man | The Amazing Spider-Man | The Amazing Spider-Man,"The Amazing Spider-Man is an ongoing American superhero comic book series featuring the Marvel Comics superhero Spider-Man as its title character and main protagonist. Being in the mainstream continuity of the franchise, it was the character's first title, launching seven months after his introduction in the final issue of Amazing Fantasy. The series began publication with a March 1963 cover date and has been published nearly continuously to date over six volumes with only one significant interr",False,True,1.0,0.984583854675293,2.86102294921875e-06
chunk_256,337,The Amazing Spider-Man,How many issues had The Amazing Spider-Man reached by 2022?,900 issues,"By 2022, The Amazing Spider-Man had reached 900 issues.",The Amazing Spider-Man | The Amazing Spider-Man | The Amazing Spider-Man,"The Amazing Spider-Man is an ongoing American superhero comic book series featuring the Marvel Comics superhero Spider-Man as its title character and main protagonist. Being in the mainstream continuity of the franchise, it was the character's first title, launching seven months after his introduction in the final issue of Amazing Fantasy. The series began publication with a March 1963 cover date and has been published nearly continuously to date over six volumes with only one significant interr",False,True,1.0,0.9855887293815613,1.2159347534179688e-05
chunk_256,338,AM,"What does the abbreviation ""AM"" represent as a United States Navy hull classification symbol?",minesweeper,"The abbreviation ""AM"" represents the United States Navy hull classification symbol for ""minesweeper.""",AM | AM | AM,"DJ AM, American DJ and producer
 Skengdo & AM, British hip hop duo

Television and radio
 AM (radio program), Australian current affairs radio program
 American Morning, American morning television news program
 Am, Antes del Mediodía, Argentine current affairs television program
 Am, a character in the anthology Star Wars: Visions

Other media 
 Allied Mastercomputer, the antagonist of the short story ""I Have No Mouth, and I Must Scream""

Education
 Active Minds, a mental health awareness chari",False,True,1.0,0.9816368222236633,2.562999725341797e-05
chunk_256,339,AM,"Which musical group released an album titled ""AM"" that is listed in the passage?",AM (Arctic Monkeys album),"The musical group that released an album titled ""AM"" that is listed in the passage is Arctic Monkeys.",AM | ABBA | Afro Celt Sound System,"AM or Am may refer to:

Arts and entertainment

Music
 A minor, a minor scale in music
 A.M. (Chris Young album)
 A.M. (Wilco album)
 AM (Abraham Mateo album) 
 AM (Arctic Monkeys album)
 AM (musician), American musician
 Am, the A minor chord symbol
 Armeemarschsammlung (Army March Collection), catalog of German military march music
 Andrew Moore (musician), Canadian musician known as A.M.",False,True,1.0,0.9655255079269409,2.384185791015625e-06
chunk_256,340,Antigua and Barbuda,What is the capital city of Antigua and Barbuda?,"St. John's, Antigua","St. John's, Antigua, is the country's capital, major city, and largest port.",Antigua and Barbuda | Antigua and Barbuda | Antigua and Barbuda,"Antigua and Barbuda (, ) is a sovereign island country in the Caribbean. It lies at the conjuncture of the Caribbean Sea and the Atlantic Ocean in the Leeward Islands part of the Lesser Antilles.

The country consists of two major islands, Antigua and Barbuda, which are approximately  apart, and several smaller islands, including Great Bird, Green, Guiana, Long, Maiden, Prickly Pear, York, and Redonda. The permanent population is approximately 97,120 ( estimates), with 97% residing in Antigua. S",False,True,1.0,0.9747408628463745,0.0049629807472229
chunk_256,341,Antigua and Barbuda,When did Antigua and Barbuda gain full independence from the United Kingdom?,1 November 1981,Antigua and Barbuda gained full independence from the United Kingdom on 1 November 1981.,Antigua and Barbuda | Antigua and Barbuda | Antigua and Barbuda,"Antigua and Barbuda subsequently became an associated state of the United Kingdom with full internal autonomy on 27 February 1967. The 1970s were dominated by discussions as to the islands' future and the rivalry between Vere Bird of the Antigua and Barbuda Labour Party (ABLP) (Premier from 1967 to 1971 and 1976 to 1981) and the Progressive Labour Movement (PLM) of George Walter (Premier 1971–1976). Eventually, Antigua and Barbuda gained full independence on 1 November 1981; Vere Bird became pri",False,True,1.0,0.9807824492454529,2.288818359375e-05
chunk_256,342,Azincourt,In which department of France is the commune of Azincourt located?,Pas-de-Calais,Pas-de-Calais,Azincourt | Azincourt | Azincourt,"Azincourt (), historically known in English as Agincourt ( ), is a commune in the Pas-de-Calais department in northern France. It is situated  north-west of Saint-Pol-sur-Ternoise on the D71 road between Hesdin and Fruges.

The Late Medieval Battle of Agincourt between the English and the French took place in the commune in 1415.

Toponym
The name is attested as Aisincurt in 1175, derived from a Germanic masculine name Aizo, Aizino and the early Northern French word curt (which meant a farm with",False,True,1.0,0.8097787499427795,0.9996653040288948
chunk_256,343,Azincourt,On what date was the Battle of Agincourt fought?,25 October 1415,The Battle of Agincourt was fought on 25 October 1415.,Azincourt | Azincourt | American Revolutionary War,"Azincourt (), historically known in English as Agincourt ( ), is a commune in the Pas-de-Calais department in northern France. It is situated  north-west of Saint-Pol-sur-Ternoise on the D71 road between Hesdin and Fruges.

The Late Medieval Battle of Agincourt between the English and the French took place in the commune in 1415.

Toponym
The name is attested as Aisincurt in 1175, derived from a Germanic masculine name Aizo, Aizino and the early Northern French word curt (which meant a farm with",False,True,1.0,0.9211094975471497,6.318092346191406e-06
chunk_256,344,Albert Speer,When was Albert Speer appointed as Reich Minister of Armaments and War Production?,February 1942,February 1942,Albert Speer | Albert Speer | Albert Speer,"Berthold Konrad Hermann Albert Speer (; ; 19 March 1905 – 1 September 1981) was a German architect who served as the Minister of Armaments and War Production in Nazi Germany during most of World War II. A close ally of Adolf Hitler, he was convicted at the Nuremberg trial and sentenced to 20 years in prison.

An architect by training, Speer joined the Nazi Party in 1931. His architectural skills made him increasingly prominent within the Party, and he became a member of Hitler's inner circle. Hi",False,True,1.0,0.8023392558097839,0.9992958483635448
chunk_256,345,Albert Speer,What length of prison sentence was Albert Speer given after the Nuremberg trial?,20 years in prison,Twenty years,Albert Speer | Albert Speer | Albert Speer,"Speer also read, studied architectural journals, and brushed up on English and French. In his writings, Speer claimed to have finished five thousand books while in prison. His sentence of twenty years amounted to 7,305 days, which only allotted one and a half days per book.

Speer's supporters maintained calls for his release. Among those who pledged support for his sentence to be commuted were Charles de Gaulle and US diplomat George Wildman Ball. Willy Brandt was an advocate of his release, pu",False,True,0.3333333333333333,0.9233662486076355,0.8216173350811005
chunk_256,346,Asteraceae,In what year were the Compositae first described?,1740,The Compositae were first described in 1740 by Dutch botanist Adriaan van Royen.,Asteraceae | Asteraceae | Asteraceae,"Taxonomy

History
Compositae, the original name for Asteraceae, were first described in 1740 by Dutch botanist Adriaan van Royen. Traditionally, two subfamilies were recognised: Asteroideae (or Tubuliflorae) and Cichorioideae (or Liguliflorae). The latter has been shown to be extensively paraphyletic, and has now been divided into 12 subfamilies, but the former still stands. The study of this family is known as synantherology.

Phylogeny

The phylogenetic tree of subfamilies presented below is b",False,True,1.0,0.9227131009101868,2.205371856689453e-05
chunk_256,347,Asteraceae,How many known species does the family Asteraceae consist of?,"over 32,000 known species","Over 32,000 known species.",Asterales | Asteraceae | Asteraceae,"The order Asterales currently includes 11 families, the largest of which are the Asteraceae, with about 25,000 species, and the Campanulaceae (bellflowers), with about 2,000 species. The remaining families count together for less than 1500 species. The two large families are cosmopolitan, with many of their species found in the Northern Hemisphere, and the smaller families are usually confined to Australia and the adjacent areas, or sometimes South America.

Only the Asteraceae have composite fl",False,True,1.0,0.9903402924537659,0.0002434849739074707
chunk_256,348,Apiaceae,How many species are estimated to be in the Apiaceae family?,"More than 3,800 species.","More than 3,800 species are estimated to be in the Apiaceae family.",Apiaceae | Apiales | Apiaceae,"Apiaceae () or Umbelliferae is a family of mostly aromatic flowering plants named after the type genus Apium and commonly known as the celery, carrot or parsley family, or simply as umbellifers. It is the 16th-largest family of flowering plants, with more than 3,800 species in about 446 genera, including such well-known and economically important plants as ajwain, angelica, anise, asafoetida, caraway, carrot, celery, chervil, coriander, cumin, dill, fennel, lovage, cow parsley, parsley, parsnip ",False,True,1.0,0.9215026497840881,0.0001043081283569336
chunk_256,349,Apiaceae,What common name is given to the Apiaceae family?,"It is commonly known as the celery, carrot or parsley family, or simply as umbellifers.","The common name given to the Apiaceae family is the celery, carrot or parsley family.",Apiaceae | Apiales | Apiales,"Apiaceae () or Umbelliferae is a family of mostly aromatic flowering plants named after the type genus Apium and commonly known as the celery, carrot or parsley family, or simply as umbellifers. It is the 16th-largest family of flowering plants, with more than 3,800 species in about 446 genera, including such well-known and economically important plants as ajwain, angelica, anise, asafoetida, caraway, carrot, celery, chervil, coriander, cumin, dill, fennel, lovage, cow parsley, parsley, parsnip ",False,True,0.5,0.98023921251297,5.328655242919922e-05
chunk_256,350,Axon,What are the three groups of nerve fibers mentioned in the passage?,"Group A nerve fibers, group B nerve fibers, and group C nerve fibers.","The three groups of nerve fibers mentioned in the passage are Group A, Group B, and Group C.",Axon | Axon | Axon,"They published their findings in 1941 giving the first classification of axons.

Axons are classified in two systems. The first one introduced by Erlanger and Gasser, grouped the fibers into three main groups using the letters A, B, and C. These groups, group A, group B, and group C include both the sensory fibers (afferents) and the motor fibers (efferents). The first group A, was subdivided into alpha, beta, gamma, and delta fibersAα, Aβ, Aγ, and Aδ. The motor neurons of the different motor fi",False,True,1.0,0.9388852119445801,0.0006852149963378906
chunk_256,351,Axon,Which groups of nerve fibers are myelinated according to the passage?,Groups A and B are myelinated.,"According to the passage, only the peripheral nervous system (PNS) uses myelinated nerve fibers. Specifically:

- **Schwann cells** form the myelin sheath of myelinated axons in the PNS.
- **Oligodendrocytes** form the myelin sheath in the central nervous system (CNS).

No mention is made of myelination in the central nervous system (CNS). Therefore, the correct answer based on the information provided is:

**Peripheral nervous system (PNS)**.",Axon | Axon | Axon,"Myelin is a layer of a fatty insulating substance, which is formed by two types of glial cells: Schwann cells and oligodendrocytes. In the peripheral nervous system Schwann cells form the myelin sheath of a myelinated axon. Oligodendrocytes form the insulating myelin in the CNS. Along myelinated nerve fibers, gaps in the myelin sheath known as nodes of Ranvier occur at evenly spaced intervals. The myelination enables an especially rapid mode of electrical impulse propagation called saltatory con",False,True,0.3333333333333333,0.7509219646453857,0.40939784049987793
chunk_256,352,Aramaic alphabet,"Which group adopted the Aramaic alphabet for writing Hebrew, displacing the Paleo‑Hebrew alphabet?",Jews,"Jews (but not Samaritans) adopted the Aramaic alphabet for writing Hebrew, displacing the Paleo-Hebrew alphabet.",Aramaic alphabet | Aramaic alphabet | Aramaic alphabet,"The ancient Aramaic alphabet was used to write the Aramaic languages spoken by ancient Aramean pre-Christian tribes throughout the Fertile Crescent. It was also adopted by other peoples as their own alphabet when empires and their subjects underwent linguistic Aramaization during a language shift for governing purposes—a precursor to Arabization centuries later—including among Assyrians who permanently replaced their Akkadian language and its cuneiform script with Aramaic and its script, and amo",False,True,1.0,0.9390773773193359,0.0002936720848083496
chunk_256,353,Aramaic alphabet,What term did Peter T. Daniels use to describe writing systems like Aramaic that indicate consonants but not most vowels?,abjads,"Peter T. Daniels used the term ""abjad"" to describe writing systems like Aramaic that indicate consonants but do not indicate most vowels other than by means of matres lectionis or added diacritical signs.",Aramaic alphabet | Abjad | Abugida,"The letters in the Aramaic alphabet all represent consonants, some of which are also used as matres lectionis to indicate long vowels. Writing systems (like the Aramaic) that indicate consonants but do not indicate most vowels other than by means of matres lectionis or added diacritical signs, have been called abjads by Peter T. Daniels to distinguish them from alphabets such as the Greek alphabet that represent vowels more systematically. The term was coined to avoid the notion that a writing s",False,True,0.0,0.9851352572441101,0.0004450678825378418
chunk_256,354,Acute disseminated encephalomyelitis,What is the reported annual incidence of acute disseminated encephalomyelitis (ADEM) per million people?,"About 8 per 1,000,000 people per year.","About 8 per 1,000,000 people per year.",Acute disseminated encephalomyelitis | Acute disseminated encephalomyelitis | Acute disseminated encephalomyelitis,"Acute disseminated encephalomyelitis (ADEM), or acute demyelinating encephalomyelitis, is a rare autoimmune disease marked by a sudden, widespread attack of inflammation in the brain and spinal cord. As well as causing the brain and spinal cord to become inflamed, ADEM also attacks the nerves of the central nervous system and damages their myelin insulation, which, as a result, destroys the white matter. The cause is often a trigger such as from viral infection or vaccinations.

ADEM's symptoms ",False,True,1.0,0.964553713798523,0.005876719951629639
chunk_256,355,Acute disseminated encephalomyelitis,What is the average age range of most reported ADEM cases?,Around 5 to 8 years old.,The average age range of most reported ADEM cases is approximately 5 to 8 years old.,Acute disseminated encephalomyelitis | Acute disseminated encephalomyelitis | Acute disseminated encephalomyelitis,"Relapses following ADEM are reported in up to a quarter of patients, but the majority of these 'multiphasic' presentations following ADEM likely represent MS. ADEM is also distinguished by a loss of consciousness, coma and death, which is very rare in MS, except in severe cases.

It affects about 8 per 1,000,000 people per year. Although it occurs in all ages, most reported cases are in children and adolescents, with the average age around 5 to 8 years old. The disease affects males and females ",False,True,0.8,0.9588192701339722,0.0002868771553039551
chunk_256,356,Ataxia,What term is used to describe ataxia that is limited to one side of the body?,hemiataxia,Hemiataxia is the term used to describe ataxia that is limited to one side of the body.,Ataxia | Ataxia | Ataxia,"Ataxia (from Greek α- [a negative prefix] + -τάξις [order] = ""lack of order"") is a neurological sign consisting of lack of voluntary coordination of muscle movements that can include gait abnormality, speech changes, and abnormalities in eye movements, that indicates dysfunction of parts of the nervous system that coordinate movement, such as the cerebellum.

These nervous system dysfunctions occur in several different patterns, with different results and different possible causes. Ataxia can be",False,True,1.0,0.9922550916671753,0.0008041262626647949
chunk_256,357,Ataxia,What is the name for a mild degree of ataxia?,Dystaxia,Dystaxia is a mild degree of ataxia.,Ataxia | Ataxia | Ataxia,"Ataxia (from Greek α- [a negative prefix] + -τάξις [order] = ""lack of order"") is a neurological sign consisting of lack of voluntary coordination of muscle movements that can include gait abnormality, speech changes, and abnormalities in eye movements, that indicates dysfunction of parts of the nervous system that coordinate movement, such as the cerebellum.

These nervous system dysfunctions occur in several different patterns, with different results and different possible causes. Ataxia can be",False,True,1.0,0.987321674823761,0.0005769729614257812
chunk_256,358,Ada Lovelace,"When was Augusta Ada King, Countess of Lovelace born and when did she die?",She was born on 10 December 1815 and died on 27 November 1852.,"Augusta Ada King, Countess of Lovelace was born on 10 December 1815 and died on 27 November 1852.",Ada Lovelace | Ada Lovelace | Ada Lovelace,"Upon her death, she was buried next to him at her request. Although often ill in her childhood, Ada pursued her studies assiduously. She married William King in 1835. King was made Earl of Lovelace in 1838, Ada thereby becoming Countess of Lovelace.

Her educational and social exploits brought her into contact with scientists such as Andrew Crosse, Charles Babbage, Sir David Brewster, Charles Wheatstone, Michael Faraday, and the author Charles Dickens, contacts which she used to further her educ",False,True,0.8888888888888888,0.8228421211242676,4.291534423828125e-06
chunk_256,359,Ada Lovelace,Who did Ada Lovelace marry and in what year did her husband become Earl of Lovelace?,"She married William King in 1835, and he was made Earl of Lovelace in 1838.","Ada Lovelace married William King in 1835. In 1838, William King was made Earl of Lovelace.",Ada Lovelace | Ada Lovelace | Ada Lovelace,"Upon her death, she was buried next to him at her request. Although often ill in her childhood, Ada pursued her studies assiduously. She married William King in 1835. King was made Earl of Lovelace in 1838, Ada thereby becoming Countess of Lovelace.

Her educational and social exploits brought her into contact with scientists such as Andrew Crosse, Charles Babbage, Sir David Brewster, Charles Wheatstone, Michael Faraday, and the author Charles Dickens, contacts which she used to further her educ",False,True,0.8,0.9539163708686829,0.0009326338768005371
chunk_256,360,August Derleth,When was August Derleth born?,"February 24, 1909","August Derleth was born on February 24, 1909.",August Derleth | August Derleth | August Derleth,"August William Derleth (February 24, 1909 – July 4, 1971) was an American writer and anthologist. He was the first book publisher of the writings of H. P. Lovecraft. He made contributions to the Cthulhu Mythos and the cosmic horror genre and helped found the publisher Arkham House (which did much to bring supernatural fiction into print in hardcover in the US that had only been readily available in the UK). Derleth was also a leading American regional writer of his day, as well as prolific in se",False,True,1.0,0.9133080244064331,1.430511474609375e-06
chunk_256,361,August Derleth,What fictional detective did Derleth create as a pastiche of Sherlock Holmes?,Solar Pons,Solar Pons,August Derleth | August Derleth | August Derleth,"August William Derleth (February 24, 1909 – July 4, 1971) was an American writer and anthologist. He was the first book publisher of the writings of H. P. Lovecraft. He made contributions to the Cthulhu Mythos and the cosmic horror genre and helped found the publisher Arkham House (which did much to bring supernatural fiction into print in hardcover in the US that had only been readily available in the UK). Derleth was also a leading American regional writer of his day, as well as prolific in se",False,True,1.0,0.9302514791488647,0.9994776450330392
chunk_256,362,Alps,How many Alpine countries does the Alps stretch across?,Eight,The Alps stretch across 8 Alpine countries.,Alps | Alps | Alps,"Geography 

The Alps are a crescent shaped geographic feature of central Europe that ranges in an  arc (curved line) from east to west and is  in width. The mean height of the mountain peaks is . The range stretches from the Mediterranean Sea north above the Po basin, extending through France from Grenoble, and stretching eastward through mid and southern Switzerland. The range continues onward toward Vienna, Austria, and southeast to the Adriatic Sea and Slovenia.

To the south it dips into nor",False,True,0.0,0.9832973480224609,4.887580871582031e-06
chunk_256,363,Alps,Which mountain spans the French–Italian border and is the highest mountain in the Alps?,Mont Blanc,Mont Blanc,Alps | Alps | Alps,"The Alps () are the highest and most extensive mountain range that is entirely in Europe, stretching approximately  across eight Alpine countries (from west to east): Monaco, France, Switzerland, Italy, Liechtenstein, Germany, Austria and Slovenia.

The Alpine arch extends from Nice on the western Mediterranean to Trieste on the Adriatic and Vienna at the beginning of the Pannonian Basin. The mountains were formed over tens of millions of years as the African and Eurasian tectonic plates collide",False,True,1.0,0.879021167755127,0.9993358951760456
chunk_256,364,Albert Camus,In what year did Albert Camus receive the Nobel Prize in Literature?,1957,1957,Albert Camus | Algeria | Albert Camus,"Albert Camus ( ,  ; ; 7 November 1913 – 4 January 1960) was an Algerian-French  philosopher, author, dramatist, journalist, and political activist. He was the recipient of the 1957 Nobel Prize in Literature at the age of 44, the second-youngest recipient in history. His works include The Stranger, The Plague, The Myth of Sisyphus, The Fall, and The Rebel.

Camus was born in French Algeria to Pieds Noirs parents. He spent his childhood in a poor neighbourhood and later studied philosophy at the U",False,True,1.0,0.8132205009460449,0.9996309823181946
chunk_256,365,Albert Camus,What position did Albert Camus hold at the newspaper Combat during World War II?,Editor-in-chief,Albert Camus held the position of editor-in-chief at the newspaper Combat during World War II.,Albert Camus | Albert Camus | Albert Camus,"He returned to Paris where he met and became friends with Jean-Paul Sartre. He also became part of a circle of intellectuals including Simone de Beauvoir, André Breton, and others. Among them was the actress María Casares, who would later have an affair with Camus.

Camus took an active role in the underground resistance movement against the Germans during the French Occupation. Upon his arrival in Paris, he started working as a journalist and editor of the banned newspaper Combat. He continued ",False,True,1.0,0.9750136733055115,3.2186508178710938e-06
chunk_256,366,Agatha Christie,How many detective novels did Agatha Christie write?,66,66,Agatha Christie | Miss Marple | Agatha Christie,"Dame Agatha Mary Clarissa Christie, Lady Mallowan,  (; 15 September 1890 – 12 January 1976) was an English writer known for her 66 detective novels and 14 short story collections, particularly those revolving around fictional detectives Hercule Poirot and Miss Marple. She also wrote the world's longest-running play, the murder mystery The Mousetrap, which has been performed in the West End since 1952. A writer during the ""Golden Age of Detective Fiction"", Christie has been called the ""Queen of C",False,True,1.0,0.9408850073814392,0.9969839337281883
chunk_256,367,Agatha Christie,In what year was Agatha Christie made a Dame (DBE) by Queen Elizabeth II?,1971,1971,Agatha Christie | Agatha Christie | Agatha Christie,"Dame Agatha Mary Clarissa Christie, Lady Mallowan,  (; 15 September 1890 – 12 January 1976) was an English writer known for her 66 detective novels and 14 short story collections, particularly those revolving around fictional detectives Hercule Poirot and Miss Marple. She also wrote the world's longest-running play, the murder mystery The Mousetrap, which has been performed in the West End since 1952. A writer during the ""Golden Age of Detective Fiction"", Christie has been called the ""Queen of C",False,True,1.0,0.6448787450790405,0.999719241342973
chunk_256,368,The Plague (novel),When was the cholera epidemic that Camus used as source material for The Plague?,1849,The cholera epidemic that Camus used as source material for The Plague occurred in 1849.,The Plague (novel) | The Plague (novel) | The Plague (novel),"The Plague () is a 1947 absurdist novel by Albert Camus. It tells the story from the point of view of a narrator in the midst of a plague sweeping the French Algerian city of Oran. The narrator remains unknown until the start of the last chapter. The novel presents a snapshot of life in Oran as seen through the author's distinctive absurdist point of view.

Camus used as source material the cholera epidemic that killed a large proportion of Oran's population in 1849, but situated the novel in th",False,True,1.0,0.9244456887245178,6.556510925292969e-06
chunk_256,369,The Plague (novel),How many cases were reported in the 1944 outbreak in Oran?,95 cases,Thousands of cases were reported in the 1944 outbreak in Oran.,The Plague (novel) | The Plague (novel) | Angola,"He introduces Rambert to Raoul.

Plot summary
The book begins with an epigraph quoting Daniel Defoe, author of A Journal of the Plague Year.

Part one

In the town of Oran, thousands of rats, initially unnoticed by the populace, begin to die in the streets. Hysteria develops soon afterward, causing the local newspapers to report the incident. Authorities responding to public pressure order the collection and cremation of the rats, unaware that the collection itself was the catalyst for the sprea",False,True,0.5,0.024782171472907066,3.409385681152344e-05
chunk_256,370,Applied ethics,"In which decade did the field of applied ethics, as it appears today, emerge?",the early 1970s,"The field of applied ethics, as it appears today, emerged in the early 1970s.",Applied ethics | Applied ethics | Applied ethics,"Applied ethics is the practical aspect of moral considerations. It is ethics with respect to real-world actions and their moral considerations in private and public life, the professions, health, technology, law, and leadership. For example, bioethics is concerned with identifying the best approach to moral issues in the life sciences, such as euthanasia, the allocation of scarce health resources, or the use of human embryos in research. Environmental ethics is concerned with ecological issues s",False,True,1.0,0.9684679508209229,9.417533874511719e-06
chunk_256,371,Applied ethics,"According to the passage, what does business ethics include?",the duties of whistleblowers to the public and to their employers,"According to the passage, business ethics includes the duties of whistleblowers to the public and to their employers.",Applied ethics | Applied ethics | Architect,"Applied ethics is the practical aspect of moral considerations. It is ethics with respect to real-world actions and their moral considerations in private and public life, the professions, health, technology, law, and leadership. For example, bioethics is concerned with identifying the best approach to moral issues in the life sciences, such as euthanasia, the allocation of scarce health resources, or the use of human embryos in research. Environmental ethics is concerned with ecological issues s",False,True,1.0,0.9925519227981567,0.0025658011436462402
chunk_256,372,Absolute value,"Who introduced the term ""module"" for the complex absolute value and in what year?",Jean-Robert Argand introduced the term module in 1806.,"Jean-Robert Argand introduced the term ""module"" for the complex absolute value in 1806.",Absolute value | Absolute value | Absolute value,"In mathematics, the absolute value or modulus of a real number ,  is the non-negative value  without regard to its sign. Namely,  if  is a positive number, and  if  is negative (in which case negating  makes  positive), and  For example, the absolute value of 3  and the absolute value of −3 is  The absolute value of a number may be thought of as its distance from zero.

Generalisations of the absolute value for real numbers occur in a wide variety of mathematical settings. For example, an absolu",False,True,1.0,0.9198024272918701,9.429454803466797e-05
chunk_256,373,Absolute value,What notation for absolute value was introduced by Karl Weierstrass and in what year?,Karl Weierstrass introduced the vertical bar notation (|x|) in 1841.,The notation \( |x| \) with a vertical bar on each side was introduced by Karl Weierstrass in 1841.,Absolute value | Absolute value | Absolute value,"The term absolute value has been used in this sense from at least 1806 in French and 1857 in English. The notation , with a vertical bar on each side, was introduced by Karl Weierstrass in 1841. Other names for absolute value include numerical value and magnitude. In programming languages and computational software packages, the absolute value of  is generally represented by abs(x), or a similar expression.

The vertical bar notation also appears in a number of other mathematical contexts: for e",False,True,1.0,0.14275747537612915,0.0011925697326660156
chunk_256,374,Analog signal,What type of signal varies continuously with the pressure of sound waves?,An analog audio signal.,An analog signal varies continuously with the pressure of sound waves.,Acoustics | Acoustics | Analog signal,"The central stage in the acoustical process is wave propagation. This falls within the domain of physical acoustics. In fluids, sound propagates primarily as a pressure wave. In solids, mechanical waves can take many forms including longitudinal waves, transverse waves and surface waves.

Acoustics looks first at the pressure levels and frequencies in the sound wave and how the wave interacts with the environment. This interaction can be described as either a diffraction, interference or a refle",False,True,0.6666666666666666,0.9722013473510742,0.0011879205703735352
chunk_256,375,Analog signal,What property does an aneroid barometer use to convey pressure information?,Rotary position.,The aneroid barometer uses the rotary position of its components to convey pressure information.,Analog signal | MessagePad | Angle,"An analog signal is any continuous-time signal representing some other quantity, i.e., analogous to another quantity. For example, in an analog audio signal, the instantaneous signal voltage varies continuously with the pressure of the sound waves.

In contrast, a digital signal represents the original time-varying quantity as a sampled sequence of quantized values. Digital sampling imposes some bandwidth and dynamic range constraints on the representation and adds quantization error.

The term ",False,True,1.0,0.9413715600967407,0.0004850625991821289
chunk_256,376,Hercule Poirot,How many short stories featuring Hercule Poirot were published between 1920 and 1975?,51 short stories,51,Hercule Poirot | Agatha Christie | Agatha Christie,"Hercule Poirot (, ) is a fictional Belgian detective created by British writer Agatha Christie. Poirot is one of Christie's most famous and long-running characters, appearing in 33 novels, two plays (Black Coffee and Alibi), and 51 short stories published between 1920 and 1975.

Poirot has been portrayed on radio, in film and on television by various actors, including Austin Trevor, John Moffatt, Albert Finney, Peter Ustinov, Ian Holm, Tony Randall, Alfred Molina, Orson Welles, David Suchet, Ken",False,True,0.3333333333333333,0.7088497877120972,0.9990245547378436
chunk_256,377,Hercule Poirot,What are the titles of the two plays in which Hercule Poirot appears?,Black Coffee and Alibi,The two plays in which Hercule Poirot appears are Black Coffee and Alibi.,Hercule Poirot | Hercule Poirot | Hercule Poirot,"Hercule Poirot (, ) is a fictional Belgian detective created by British writer Agatha Christie. Poirot is one of Christie's most famous and long-running characters, appearing in 33 novels, two plays (Black Coffee and Alibi), and 51 short stories published between 1920 and 1975.

Poirot has been portrayed on radio, in film and on television by various actors, including Austin Trevor, John Moffatt, Albert Finney, Peter Ustinov, Ian Holm, Tony Randall, Alfred Molina, Orson Welles, David Suchet, Ken",False,True,1.0,0.9344053268432617,1.0728836059570312e-06
chunk_256,378,Miss Marple,In which village does Miss Marple live?,St. Mary Mead,St. Mary Mead,Miss Marple | Miss Marple | Miss Marple,"Miss Jane Marple is a fictional character in Agatha Christie's crime novels and short stories. Miss Marple lives in the village of St. Mary Mead and acts as an amateur consulting detective. Often characterized as an elderly spinster, she is one of Christie's best-known characters and has been portrayed numerous times on screen. Her first appearance was in a short story published in The Royal Magazine in December 1927, ""The Tuesday Night Club"", which later became the first chapter of The Thirteen",False,True,1.0,0.8755441904067993,0.9941232623532414
chunk_256,379,Miss Marple,What is the title of the short story in which Miss Marple first appeared?,The Tuesday Night Club,"""The Tuesday Night Club""",Miss Marple | Miss Marple | Miss Marple,"Miss Marple also appears in ""Greenshaw's Folly"", a short story included as part of the Poirot collection The Adventure of the Christmas Pudding (1960). Four stories in the Three Blind Mice collection (1950) feature Miss Marple: ""Strange Jest"", ""Tape-Measure Murder"", ""The Case of the Caretaker"", and ""The Case of the Perfect Maid"".

The Autograph edition of Miss Marple's Final Cases includes the eight in the original plus ""Greenshaw's Folly"".",False,True,1.0,0.8765382766723633,0.9670076221227646
chunk_256,380,April,How many days long is the month of April?,30 days,The month of April is 30 days long.,April | April | April,"April is the fourth month of the year in the Gregorian and Julian calendars. It is the first of four months to have a length of 30 days, and the second of five months to have a length of less than 31 days.

April is commonly associated with the season of spring in the Northern Hemisphere, and autumn in the Southern Hemisphere, where it is the seasonal equivalent to October in the Northern Hemisphere and vice versa.

History 

The Romans gave this month the Latin name Aprilis but the derivation o",False,True,1.0,0.9605190753936768,1.6689300537109375e-05
chunk_256,381,April,To which goddess was April sacred in Roman tradition?,Venus,Venus,April | April | April,"April is the fourth month of the year in the Gregorian and Julian calendars. It is the first of four months to have a length of 30 days, and the second of five months to have a length of less than 31 days.

April is commonly associated with the season of spring in the Northern Hemisphere, and autumn in the Southern Hemisphere, where it is the seasonal equivalent to October in the Northern Hemisphere and vice versa.

History 

The Romans gave this month the Latin name Aprilis but the derivation o",False,True,1.0,0.2602790594100952,0.9861513888463378
chunk_256,382,August,How many months have a length of 31 days according to the passage?,Seven months.,"According to the passage, there are four months that have a length of 31 days:

1. January
2. March
3. May
4. November

These months are also referred to as having ""shorter"" lengths compared to the other months mentioned in the text.",August | April | Aardvark,"Julius Caesar added two days when he created the Julian calendar in , giving it its modern length of 31 days.

In 8 BC, the month was renamed in honor of Emperor Augustus. According to a Senatus consultum quoted by Macrobius, he chose this month because it was the time of several of his great triumphs, including the conquest of Egypt. Commonly repeated lore has it that August has 31 days because Augustus wanted his month to match the length of Julius Caesar's July, but this is an invention of th",False,True,0.5,0.1793261021375656,0.03349459171295166
chunk_256,383,August,What was the original Latin name for the month of August?,Sextilis.,Sextilis,August | August | August,"The Perseids, a major meteor shower, typically takes place between July 17 and August 24, with the days of the peak varying yearly. The star cluster of Messier 30 is best observed around August.

Among the aborigines of the Canary Islands, especially among the Guanches of Tenerife, the month of August received in the name of Beñesmer or Beñesmen, which was also the harvest festival held this month.

The month was originally named Sextilis in Latin because it was the 6th month in the original ten",False,True,1.0,0.8195908069610596,0.9995802328630816
chunk_256,384,Aaron,"According to the Book of Numbers, how old was Aaron when he died?",123 years,"According to the Book of Numbers, Aaron died at 123 years of age.",Aaron | Aaron | Aaron,"Although they had been commanded to speak to the rock, Moses struck it with the staff twice, which was construed as displaying a lack of deference to the .

There are two accounts of the death of Aaron in the Torah. Numbers says that soon after the incident at Meribah, Aaron with his son Eleazar and Moses ascended Mount Hor. There Moses stripped Aaron of his priestly garments and transferred them to Eleazar. Aaron died on the summit of the mountain, and the people mourned him for thirty days. Th",False,True,1.0,0.9404102563858032,1.1563301086425781e-05
chunk_256,385,Aaron,"According to the passage, where did Aaron die as stated in the Book of Numbers?",on Mount Hor,"According to the passage, Aaron died on the summit of Mount Hor, as stated in the Book of Numbers.",Aaron | Aaron | Aaron,"Although they had been commanded to speak to the rock, Moses struck it with the staff twice, which was construed as displaying a lack of deference to the .

There are two accounts of the death of Aaron in the Torah. Numbers says that soon after the incident at Meribah, Aaron with his son Eleazar and Moses ascended Mount Hor. There Moses stripped Aaron of his priestly garments and transferred them to Eleazar. Aaron died on the summit of the mountain, and the people mourned him for thirty days. Th",False,True,1.0,0.875623345375061,0.0004756450653076172
chunk_256,386,April 6,In what year did Julius Caesar defeat Caecilius Metellus Scipio and Marcus Porcius Cato at the Battle of Thapsus?,46 BC,The Battle of Thapsus took place in 46 BC.,August 9 | Alexander the Great | April 6,"Events

Pre-1600
48 BC – Caesar's Civil War: Battle of Pharsalus: Julius Caesar decisively defeats Pompey at Pharsalus and Pompey flees to Egypt.
 378 – Gothic War: Battle of Adrianople: A large Roman army led by Emperor Valens is defeated by the Visigoths. Valens is killed along with over half of his army.
1173 – Construction of the campanile of the Cathedral of Pisa (now known as the Leaning Tower of Pisa) begins; it will take two centuries to complete.
1329 – Quilon, the first Indian Christia",False,True,1.0,0.9582992792129517,1.5497207641601562e-05
chunk_256,387,April 6,Which dynasty was established by King Buddha Yodfa Chulaloke (Rama I) of Siam?,the Chakri dynasty,The Chakri dynasty was established by King Buddha Yodfa Chulaloke (Rama I) of Siam.,Ashoka | April 6 | Ancient Egypt,"Ashoka (, ; also Asoka;  – 232 BCE), popularly known as Ashoka the Great, was the third Mauryan Emperor of Magadha in the Indian subcontinent during  to 232 BCE. His empire covered a large part of the Indian subcontinent, stretching from present-day Afghanistan in the west to present-day Bangladesh in the east, with its capital at Pataliputra. A patron of Buddhism, he is credited with playing an important role in the spread of Buddhism across ancient Asia.

Ashoka's edicts state that during his ",False,True,1.0,0.9557104706764221,7.748603820800781e-06
chunk_256,388,April 12,What flag was adopted as the flag of English and Scottish ships in 1606?,The Union Flag,The Union Flag was adopted as the flag of English and Scottish ships in 1606.,April 12 | August 22 | August 22,"Events

Pre-1600
 240 – Shapur I becomes co-emperor of the Sasanian Empire with his father Ardashir I.
 467 – Anthemius is elevated to Emperor of the Western Roman Empire.
 627 – King Edwin of Northumbria is converted to Christianity by Paulinus, bishop of York.
1012 – Duke Oldřich of Bohemia deposes and blinds his brother Jaromír, who flees to Poland.
1204 – The Crusaders of the Fourth Crusade breach the walls of Constantinople and enter the city, which they completely occupy the following day.",False,True,1.0,0.9745221734046936,6.890296936035156e-05
chunk_256,389,April 12,"Which battle marked the beginning of the American Civil War on April 12, 1861?",The Battle of Fort Sumter,"The Battle of Fort Sumter marked the beginning of the American Civil War on April 12, 1861.",American Civil War | April 12 | American Civil War,"The American Civil War (April 12, 1861 – May 26, 1865; also known by other names) was a civil war in the United States between the Union (""the North"") and the Confederacy (""the South""), formed by states that had seceded from the Union. The cause of the war was the dispute over whether slavery would be permitted to expand into the western territories, leading to more slave states, or be prevented from doing so, which many believed would place slavery on a course of ultimate extinction.

Decades o",False,True,1.0,0.39645200967788696,0.0002269148826599121
chunk_256,390,April 15,"What was published in London on April 15, 1755?",Samuel Johnson's A Dictionary of the English Language is published in London.,"The text does not provide any information about an event or publication happening specifically on April 15, 1755. Therefore, based solely on the given context, there is insufficient information to determine what was published in London on that specific day.",August 2 | April | A Modest Proposal,"1274 – Edward I of England returns from the Ninth Crusade and is crowned King seventeen days later.
1343 – After the execution of her husband, Jeanne de Clisson sells her estates and raises a force of men with which to attack French shipping and ports.
1377 – Russian troops are defeated by forces of the Blue Horde Khan Arapsha in the Battle on Pyana River.
1415 – Thomas Grey is executed for participating in the Southampton Plot.

1601–1900
1610 – During Henry Hudson's search for the Northwest Pa",False,False,0.25,0.24168679118156433,0.34585052728652954
chunk_256,391,April 15,"Which battle on April 15, 1632 involved Swedes under Gustavus Adolphus defeating the Holy Roman Empire?",Battle of Rain,"The Battle of Rain took place on April 15, 1632, involving Swedes under Gustavus Adolphus defeating the Holy Roman Empire during the Thirty Years' War.",August 2 | April 15 | Attila,"Events

Pre-1600
338 BC – A Macedonian army led by Philip II defeated the combined forces of Athens and Thebes in the Battle of Chaeronea, securing Macedonian hegemony in Greece and the Aegean.
216 BC – The Carthaginian army led by Hannibal defeats a numerically superior Roman army at the Battle of Cannae.
49 BC – Caesar, who marched to Spain earlier in the year leaving Marcus Antonius in charge of Italy, defeats Pompey's general Afranius and Petreius in Ilerda (Lerida) north of the Ebro river.
",False,True,1.0,0.390090674161911,0.00024634599685668945
chunk_256,392,April 30,"What significant event involving George Washington occurred on April 30, 1789?","On the balcony of Federal Hall on Wall Street in New York City, George Washington takes the oath of office to become the first President of the United States.","On April 30, 1789, George Washington took the oath of office to become the first President of the United States. This event marked the beginning of his presidency and is considered one of the most important events in American history.",American Revolutionary War | April 30 | American Revolutionary War,"The American Revolutionary War (April 19, 1775 – September 3, 1783), also known as the Revolutionary War or American War of Independence, was the military conflict of the American Revolution in which American Patriot forces under George Washington's command defeated the British, resulting in the Treaty of Paris (1783) recognizing the independence and sovereignty of the United States. Fighting began on April 19, 1775, at the Battles of Lexington and Concord. The war was formalized and intensified",False,True,0.5,0.14055292308330536,0.044100940227508545
chunk_256,393,April 30,"What transaction took place on April 30, 1803, that expanded the United States?","The United States purchases the Louisiana Territory from France for $15 million, more than doubling the size of the young nation.","On April 30, 1803, the United States purchased the Louisiana Territory from France for $15 million, significantly expanding the size of the young nation.",April 30 | Alberta | Articles of Confederation,"1789 – On the balcony of Federal Hall on Wall Street in New York City, George Washington takes the oath of office to become the first President of the United States.
1803 – Louisiana Purchase: The United States purchases the Louisiana Territory from France for $15 million, more than doubling the size of the young nation.
1812 – The Territory of Orleans becomes the 18th U.S. state under the name Louisiana.
1838 – Nicaragua declares independence from the Central American Federation.
1863 – A 65-ma",False,True,0.7142857142857143,0.7184301018714905,0.0003528594970703125
chunk_256,394,August 22,"Which battle on August 22, 1485 marked the end of the House of Plantagenet?",The Battle of Bosworth Field.,"Based on the provided context, there is no mention of any battles occurring on August 22, 1485. Therefore, I cannot provide an answer to the question based solely on the given information.",Azincourt | Alp Arslan | Albania,"Azincourt (), historically known in English as Agincourt ( ), is a commune in the Pas-de-Calais department in northern France. It is situated  north-west of Saint-Pol-sur-Ternoise on the D71 road between Hesdin and Fruges.

The Late Medieval Battle of Agincourt between the English and the French took place in the commune in 1415.

Toponym
The name is attested as Aisincurt in 1175, derived from a Germanic masculine name Aizo, Aizino and the early Northern French word curt (which meant a farm with",False,False,0.0,0.059838805347681046,0.13568955659866333
chunk_256,395,August 22,"In what year did James Cook name and land on Possession Island, claiming the east coast of Australia for Britain as New South Wales?",1770.,"James Cook named and landed on Possession Island, claiming the east coast of Australia for Britain as New South Wales in 1770.",Adelaide | August 22 | Antigua and Barbuda,"Adelaide ( ;  ) is the capital city of South Australia, the state's largest city and the fifth-most populous city in Australia. ""Adelaide"" may refer to either Greater Adelaide (including the Adelaide Hills) or the Adelaide city centre. The demonym Adelaidean is used to denote the city and the residents of Adelaide. The Traditional Owners of the Adelaide region are the Kaurna. The area of the city centre and surrounding Park Lands is called  in the Kaurna language.

Adelaide is situated on the Ad",False,True,1.0,0.9808674454689026,0.00018662214279174805
chunk_256,396,August 27,Which battle resulted in Emmanuel Philibert becoming Duke of Savoy?,The Battle of St. Quentin,"The context provided does not mention any battle resulting in Emmanuel Philibert becoming Duke of Savoy. Therefore, the correct answer based solely on the given information is:

None",Alexander the Great | Azincourt | Azincourt,"Having damaged the enemy's cohesion, Philip ordered his troops to press forward and quickly routed them. With the Athenians lost, the Thebans were surrounded. Left to fight alone, they were defeated.

After the victory at Chaeronea, Philip and Alexander marched unopposed into the Peloponnese, welcomed by all cities; however, when they reached Sparta, they were refused, but did not resort to war. At Corinth, Philip established a ""Hellenic Alliance"" (modelled on the old anti-Persian alliance of th",False,False,0.3333333333333333,0.008807179518043995,0.17518508434295654
chunk_256,397,August 27,Which two states signed the Treaty of Nerchinsk?,Russia and the Qing Empire,Russia and the Qing Empire.,August 27 | Azerbaijan | Alaska,"1601–1900
1689 – The Treaty of Nerchinsk is signed by Russia and the Qing Empire (Julian calendar).
1776 – American Revolutionary War: Members of the 1st Maryland Regiment repeatedly charged a numerically superior British force during the Battle of Long Island, allowing General Washington and the rest of the American troops to escape.
1791 – French Revolution: Frederick William II of Prussia and Leopold II, Holy Roman Emperor, issue the Declaration of Pillnitz, declaring the joint support of the",False,True,1.0,0.9705952405929565,0.00706636905670166
chunk_256,398,Alcohol (chemistry),What functional group must be bound to a saturated carbon atom for a compound to be classified as an alcohol in chemistry?,A hydroxyl (OH) functional group.,A functional group must be bound to a saturated carbon atom for a compound to be classified as an alcohol in chemistry.,Alcohol (chemistry) | Alkane | Alcohol (chemistry),"Compounds having more than one hydroxy group are called polyols. They are named using suffixes -diol, -triol, etc., following a list of the position numbers of the hydroxyl groups, as in propane-1,2-diol for CH3CH(OH)CH2OH (propylene glycol).

In cases where the hydroxy group is bonded to an sp2 carbon on an aromatic ring, the molecule is classified separately as a phenol and is named using the IUPAC rules for naming phenols. Phenols have distinct properties and are not classified as alcohols.

",False,True,0.5,0.4779662489891052,0.0004897117614746094
chunk_256,399,Alcohol (chemistry),Which ancient natural philosophers are noted in the passage as knowing the flammable nature of wine exhalations?,"Aristotle, Theophrastus, and Pliny the Elder.","Aristotle, Theophrastus, and Pliny the Elder are noted in the passage as knowing the flammable nature of wine exhalations.",Aristotle | Alcohol (chemistry) | Alchemy,"His intellect, Aristotle's is the extreme limit of human intellect, apart from him upon whom the divine emanation has flowed forth to such an extent that they reach the level of prophecy, there being no level higher"".

Early Modern scientists 

In the Early Modern period, scientists such as William Harvey in England and Galileo Galilei in Italy reacted against the theories of Aristotle and other classical era thinkers like Galen, establishing new theories based to some degree on observation and ",False,True,1.0,0.9604842066764832,0.00010764598846435547
chunk_256,400,Achill Island,What is the name of the bridge that connects Achill Island to the mainland?,Michael Davitt Bridge,Michael Davitt Bridge,Achill Island | Achill Island | Achill Island,"Achill Island (; ) is the largest of the Irish isles and lies off the west coast of Ireland in County Mayo. It has a population of 2,345. Its area is . Achill is attached to the mainland by Michael Davitt Bridge, between the villages of Achill Sound and Polranny. A bridge was first completed here in 1887. Other centres of population include the villages of Keel, Dooagh, Dooega, Dooniver, and Dugort. The parish's main Gaelic football pitch and secondary school are on the mainland at Polranny. Ear",False,True,1.0,0.9329176545143127,0.9960851762443781
chunk_256,401,Achill Island,In what year was the first bridge completed that links Achill Island to the mainland?,1887,The first bridge completed that links Achill Island to the mainland was in 1887.,Achill Island | Achill Island | Achill Island,"Achill Island (; ) is the largest of the Irish isles and lies off the west coast of Ireland in County Mayo. It has a population of 2,345. Its area is . Achill is attached to the mainland by Michael Davitt Bridge, between the villages of Achill Sound and Polranny. A bridge was first completed here in 1887. Other centres of population include the villages of Keel, Dooagh, Dooega, Dooniver, and Dugort. The parish's main Gaelic football pitch and secondary school are on the mainland at Polranny. Ear",False,True,1.0,0.9733476638793945,2.09808349609375e-05
chunk_256,402,Allen Ginsberg,What was the name of Allen Ginsberg's lifelong partner?,Peter Orlovsky,Peter Orlovsky,Allen Ginsberg | Allen Ginsberg | Allen Ginsberg,"Irwin Allen Ginsberg (; June 3, 1926 – April 5, 1997) was an American poet and writer. As a student at Columbia University in the 1940s, he began friendships with Lucien Carr, William S. Burroughs and Jack Kerouac, forming the core of the Beat Generation. He vigorously opposed militarism, economic materialism, and sexual repression, and he embodied various aspects of this counterculture with his views on drugs, sex, multiculturalism, hostility to bureaucracy, and openness to Eastern religions.

",False,True,1.0,0.5203111171722412,0.9970707579050213
chunk_256,403,Allen Ginsberg,"In what year did San Francisco police and US Customs seize copies of ""Howl""?",1956,"The text does not provide specific information about when San Francisco police or US Customs seized copies of ""Howl"". Therefore, based solely on the given context, I cannot determine the exact year of the seizure.",Allen Ginsberg | Allen Ginsberg | Allen Ginsberg,"He explained that this hallucination was not inspired by drug use, but said he sought to recapture the feeling of interconnectedness later with various drugs.

San Francisco Renaissance
Ginsberg moved to San Francisco during the 1950s. Before Howl and Other Poems was published in 1956 by City Lights, he worked as a market researcher.

In 1954, in San Francisco, Ginsberg met Peter Orlovsky (1933–2010), with whom he fell in love and who remained his lifelong partner. Selections from their correspo",False,True,0.0,0.042280182242393494,0.3430115580558777
chunk_256,404,Algebraically closed field,Which field is given as an example of a field that is not algebraically closed because the polynomial x^2 + 1 has no solution in it?,The field of real numbers.,The field of real numbers is given as an example of a field that is not algebraically closed because the polynomial \( x^2 + 1 \) has no solution in it.,Algebraically closed field | Algebraically closed field | Algebraically closed field,"In mathematics, a field  is algebraically closed if every non-constant polynomial in  (the univariate polynomial ring with coefficients in ) has a root in .

Examples
As an example, the field of real numbers is not algebraically closed, because the polynomial equation  has no solution in real numbers, even though all its coefficients (1 and 0) are real.  The same argument proves that no subfield of the real field is algebraically closed; in particular, the field of rational numbers is not algebr",False,True,1.0,0.2610040605068207,0.0009908676147460938
chunk_256,405,Algebraically closed field,"According to the passage, why is no finite field algebraically closed?",Because the polynomial (x − a1)(x − a2) ⋯ (x − an) + 1 has no zero in the field.,"According to the passage, no finite field F is algebraically closed because if a1, a2, ..., an are the elements of F, then the polynomial (x - a1)(x - a2)...(x - an) + 1 has no zero in F. This means that within a finite field, there exists at least one element x such that (x - a1)(x - a2)...(x - an) + 1 ≠ 0, indicating that this polynomial does not have a root in the finite field.",Algebraically closed field | Algebraically closed field | Algebraically closed field,"By contrast, the fundamental theorem of algebra states that the field of complex numbers is algebraically closed. Another example of an algebraically closed field is the field of (complex) algebraic numbers.

No finite field F is algebraically closed, because if a1, a2, ..., an are the elements of F, then the polynomial (x − a1)(x − a2) ⋯ (x − an) + 1
has no zero in F. However, the union of all finite fields of a fixed characteristic p is an algebraically closed field, which is, in fact, the alg",False,True,1.0,0.3451273739337921,0.025613903999328613
chunk_256,406,August 6,"In what year was the Battle of Meloria, in which the Republic of Pisa was defeated by the Republic of Genoa?",1284,1284,Alexander the Great | August 6 | Azerbaijan,"A fierce contest ensued with the Aspasioi in which Alexander was wounded in the shoulder by a dart, but eventually the Aspasioi lost. Alexander then faced the Assakenoi, who fought against him from the strongholds of Massaga, Ora and Aornos.

The fort of Massaga was reduced only after days of bloody fighting, in which Alexander was wounded seriously in the ankle. According to Curtius, ""Not only did Alexander slaughter the entire population of Massaga, but also did he reduce its buildings to rubb",False,True,1.0,0.920019268989563,0.999759844635264
chunk_256,407,August 6,Which treaty was signed by Portugal and the Dutch Republic in 1661?,The Treaty of The Hague,The Treaty of The Hague was signed by Portugal and the Dutch Republic in 1661.,Aruba | August 6 | Amsterdam,"The troubled relationship between the Curaçao islands and New Netherland came to a sudden end in 1664. At that time, even though a war between England and the United Provinces hadn't been officially declared yet, an English fleet led by Richard Nicolls demanded that New Amsterdam surrender. While the Dutch briefly regained control of the colony in 1673, it was once again used as leverage in 1674 to show the English the dangers of their alliance with France.

During the 17th century, the Dutch co",False,True,1.0,0.9831469655036926,4.6253204345703125e-05
chunk_256,408,Anatoly Karpov,During which years did Anatoly Karpov serve as a three-time FIDE World Champion?,"1993, 1996, 1998","During the years 1993, 1996, and 1998, Anatoly Karpov served as a three-time FIDE World Champion.",Anatoly Karpov | Anatoly Karpov | Anatoly Karpov,"Anatoly Yevgenyevich Karpov (; born May 23, 1951) is a Russian and former Soviet chess grandmaster, former World Chess Champion, ⁣and politician. He was the 12th World Chess Champion from 1975 to 1985, a three-time FIDE World Champion (1993, 1996, 1998), twice World Chess champion as a member of the USSR team (1985, 1989), and a six-time winner of Chess Olympiads as a member of the USSR team (1972, 1974, 1980, 1982, 1986, 1988). The International Association of Chess Press awarded him nine Chess",False,True,1.0,0.9289638996124268,3.8504600524902344e-05
chunk_256,409,Anatoly Karpov,How many Chess Oscars was Karpov awarded by the International Association of Chess Press?,nine,Nine,Anatoly Karpov | Anatoly Karpov | Anatoly Karpov,"Anatoly Yevgenyevich Karpov (; born May 23, 1951) is a Russian and former Soviet chess grandmaster, former World Chess Champion, ⁣and politician. He was the 12th World Chess Champion from 1975 to 1985, a three-time FIDE World Champion (1993, 1996, 1998), twice World Chess champion as a member of the USSR team (1985, 1989), and a six-time winner of Chess Olympiads as a member of the USSR team (1972, 1974, 1980, 1982, 1986, 1988). The International Association of Chess Press awarded him nine Chess",False,True,1.0,0.8656167387962341,0.9957684124819934
chunk_256,410,Aspect ratio,"According to the passage, how is the aspect ratio of a rectangle defined in terms of its sides?","It is the ratio of its longer side to its shorter side—the ratio of width to height when the rectangle is oriented as a ""landscape"".","According to the passage, the aspect ratio of a rectangle is defined as the ratio of its longer side to its shorter side.",Aspect ratio | Aspect ratio | Aspect ratio,"The aspect ratio of a geometric shape is the ratio of its sizes in different dimensions. For example, the aspect ratio of a rectangle is the ratio of its longer side to its shorter side—the ratio of width to height, when the rectangle is oriented as a ""landscape"".

The aspect ratio is most often expressed as two integer numbers separated by a colon (x:y), less commonly as a simple or decimal fraction. The values x and y do not represent actual widths and heights but, rather, the proportion betwe",False,True,0.5555555555555556,0.9536217451095581,0.0008830428123474121
chunk_256,411,Aspect ratio,What format is most often used to express an aspect ratio?,As two integer numbers separated by a colon (x:y).,An aspect ratio is most often expressed as two integer numbers separated by a colon (x:y).,Aspect ratio | Aspect ratio | Aspect ratio,"If the dimension d is fixed, then all reasonable definitions of aspect ratio are equivalent to within constant factors.

Notations
Aspect ratios are mathematically expressed as x:y (pronounced ""x-to-y"").

Cinematographic aspect ratios are usually denoted as a (rounded) decimal multiple of width vs unit height, while photographic and videographic aspect ratios are usually defined and denoted by whole number ratios of width to height. In digital images there is a subtle distinction between the dis",False,True,1.0,0.9662836790084839,0.0031975507736206055
chunk_256,412,Auto racing,What time and date did the first prearranged match race between two self‑powered road vehicles occur?,"4:30 A.M. on August 30, 1867","The first prearranged match race between two self-powered road vehicles occurred on August 30, 1867, between Ashton-under-Lyne and Old Trafford, England.",Auto racing | Auto racing | Auto racing,"Auto racing (also known as car racing, motor racing, or automobile racing) is a motorsport involving the racing of automobiles for competition.

Auto racing has existed since the invention of the automobile. Races of various sorts were organised, with the first recorded as early as 1867. Many of the earliest events were effectively reliability trials, aimed at proving these new machines were a practical mode of transport, but soon became an important way for automobile makers to demonstrate thei",False,True,0.6,0.947540283203125,3.361701965332031e-05
chunk_256,413,Auto racing,"How many competitors entered the Paris‑to‑Rouen motoring competition organized on July 22, 1894?",One hundred and two competitors,One hundred and two competitors paid a 10-franc entrance fee.,Auto racing | Auto racing | Auto racing,"Internal combustion auto racing events began soon after the construction of the first successful gasoline-fueled automobiles. The first organized contest was on April 28, 1887, by the chief editor of Paris publication , Monsieur Fossier. It ran  from Neuilly Bridge to the Bois de Boulogne.

On July 22, 1894, the Parisian magazine  organized what is considered to be the world's first motoring competition, from Paris to Rouen. One hundred and two competitors paid a 10-franc entrance fee.

The firs",False,True,1.0,0.977715253829956,0.008527815341949463
chunk_256,414,Anarcho-capitalism,"What is the earliest known publication that used the term ""anarchocapitalism"" and in which magazine did it appear?","Karl Hess's essay ""The Death of Politics"" published by Playboy in March 1969.","According to the provided text, the earliest known publication that used the term ""anarchocapitalism"" appeared in Karl Hess's essay titled ""The Death of Politics,"" which was published by Playboy in March 1969.",Anarchism | Anarchism | Anarcho-capitalism,"Anarchism is a political philosophy and movement that is skeptical of all justifications for authority and seeks to abolish the institutions it claims maintain unnecessary coercion and hierarchy, typically including nation-states, and capitalism. Anarchism advocates for the replacement of the state with stateless societies and voluntary free associations. As a historically left-wing movement, this reading of anarchism is placed on the farthest left of the political spectrum, usually described as",False,True,1.0,0.9733365774154663,0.0009455084800720215
chunk_256,415,Anarcho-capitalism,"According to the passage, which private entities would enforce private property in a theoretical anarcho-capitalist society?",Private defense agencies and/or insurance companies selected by customers.,"In a theoretical anarcho-capitalist society, private defense agencies and/or insurance companies would enforce private property.",Anarcho-capitalism | Anarcho-capitalism | Anarcho-capitalism,"to abolish the regularized institution of aggressive coercion"". In an interview published in the American libertarian journal The New Banner, Rothbard stated that ""capitalism is the fullest expression of anarchism, and anarchism is the fullest expression of capitalism"".

Property

Private property 
Anarcho-capitalists postulate the privatization of everything, including cities with all their infrastructures, public spaces, streets and urban management systems.

Central to Rothbardian anarcho-cap",False,True,0.7142857142857143,0.9860536456108093,0.0005906820297241211
chunk_256,416,August 9,"Which battle on August 9, 48 BC resulted in Julius Caesar decisively defeating Pompey?",The Battle of Pharsalus.,"The Battle of Pharsalus took place on August 9, 48 BC, which resulted in Julius Caesar decisively defeating Pompey.",Alexander the Great | August 9 | April 6,"Julius Caesar went to serve his quaestorship in Hispania after his wife's funeral, in the spring or early summer of 69 BC. While there, he encountered a statue of Alexander the Great, and realised with dissatisfaction that he was now at an age when Alexander had the world at his feet, while he had achieved comparatively little.

Pompey posed as the ""new Alexander"" since he was his boyhood hero.

After Caracalla concluded his campaign against the Alamanni, it became evident that he was inordinate",False,True,1.0,0.2055164873600006,8.821487426757812e-05
chunk_256,417,August 9,"What treaty was signed on August 9, 1842 that established the United States–Canada border east of the Rocky Mountains?",The Webster–Ashburton Treaty.,"The treaty signed on August 9, 1842 that established the United States-Canada border east of the Rocky Mountains was the Treaty of Washington. This treaty resolved disputes regarding the boundary between the United States and British North America (which later became Canada), specifically addressing the areas west of the Rocky Mountains.",Alberta | American Revolutionary War | Alberta,"His cousin, Sir Alexander Mackenzie, followed the North Saskatchewan River to its northernmost point near Edmonton, then setting northward on foot, trekked to the Athabasca River, which he followed to Lake Athabasca. It was there he discovered the mighty outflow river which bears his name—the Mackenzie River—which he followed to its outlet in the Arctic Ocean. Returning to Lake Athabasca, he followed the Peace River upstream, eventually reaching the Pacific Ocean, and so he became the first Euro",False,False,0.3333333333333333,0.015629423782229424,0.005119681358337402
chunk_256,418,Aristophanes,What are the approximate years of Aristophanes' lifespan?,c. 446 – c. 386 BC,The approximate years of Aristophanes' lifespan were around 440-405 BC.,Aristophanes | Aristophanes | Aristophanes,"123–142 
 
 
 Van Steen, Gonda. 2000 Venom in Verse: Aristophanes in Modern Greece. Princeton University Press.
 Jstor.org, The American Journal of Philology, 1996.
 Life, death and Aristophanes' concept of Eros in Saul Bellow's ""Ravelstein"".

Further reading
 The Eleven Comedies (in translation) at the University of Adelaide Library

External links

 
 
 
 
 

 
440s BC births
Year of birth unknown
380s BC deaths
Year of death unknown
4th-century BC Athenians
4th-century BC writers
5th-century ",False,True,0.25,0.434744268655777,7.62939453125e-06
chunk_256,419,Aristophanes,How many of Aristophanes' plays survive virtually complete?,Eleven of his forty plays survive virtually complete.,Eleven of Aristophanes' forty plays survive virtually complete.,Aristophanes | Aristophanes | Aristophanes,"Nevertheless, there are competent, respectable translations in many languages. Despite the fact that translations of Aristophanes may not be perfect, ""the reception of Aristophanes has gained extraordinary momentum as a topic of academic interest in the last few years.""

Works

Surviving plays

Most of these are traditionally referred to by abbreviations of their Latin titles; Latin remains a customary language of scholarship in classical studies.
 The Acharnians ( Akharneis; Attic ; ), 425 BC
 ",False,True,1.0,0.9871964454650879,6.210803985595703e-05
chunk_256,420,Albert Schweitzer,When was Albert Schweitzer born?,14 January 1875,Albert Schweitzer was born on 14 January 1875.,Albert Schweitzer | Albert Schweitzer | Albert Schweitzer,"As a music scholar and organist, he studied the music of German composer Johann Sebastian Bach and influenced the Organ Reform Movement (Orgelbewegung).

Early years

Schweitzer was born 14 January 1875 in Kaysersberg in Alsace, in what had less than four years previously become the Imperial Territory of Alsace-Lorraine in the German Empire after being French for more than two centuries; he later became a citizen of France after World War I, when Alsace became French territory again. He was the ",False,True,1.0,0.9648336172103882,8.821487426757812e-06
chunk_256,421,Albert Schweitzer,For which philosophy did Albert Schweitzer receive the 1952 Nobel Peace Prize?,"""Reverence for Life""",For Reverence for Life.,Albert Schweitzer | Albert Schweitzer | Arthur Schopenhauer,"Ludwig Philipp Albert Schweitzer  (; 14 January 1875 – 4 September 1965) was an Alsatian polymath. He was a theologian, organist, musicologist, writer, humanitarian, philosopher, and physician. A Lutheran minister, Schweitzer challenged both the secular view of Jesus as depicted by the historical-critical method current at this time, as well as the traditional Christian view. His contributions to the interpretation of Pauline Christianity concern the role of Paul's mysticism of ""being in Christ""",False,True,1.0,0.9485543966293335,0.0004013180732727051
chunk_256,422,Austrian school of economics,Which economists are credited with originating the Austrian School in Vienna?,"Carl Menger, Eugen von Böhm-Bawerk, Friedrich von Wieser, and others.",Carl Menger is credited with originating the Austrian School in Vienna.,Austrian school of economics | Austrian school of economics | Austrian school of economics,"The Austrian School is a heterodox school of economic thought that advocates strict adherence to methodological individualism, the concept that social phenomena result exclusively from the motivations and actions of individuals. Austrian school theorists hold that economic theory should be exclusively derived from basic principles of human action.

The Austrian School originated in Vienna with the work of Carl Menger, Eugen von Böhm-Bawerk, Friedrich von Wieser, and others. It was methodological",False,True,0.2,0.9433774948120117,3.0994415283203125e-06
chunk_256,423,Austrian school of economics,"In which year did Friedrich Hayek share the Nobel Memorial Prize in Economic Sciences, and with whom?","1974, with Gunnar Myrdal.",Friedrich Hayek shared the 1974 Nobel Memorial Prize in Economic Sciences with Gunnar Myrdal.,Albert Einstein | Austrian school of economics | Austrian school of economics,"Albert Einstein ( ; ; 14 March 1879 – 18 April 1955) was a German-born theoretical physicist who is widely held to be one of the greatest and most influential scientists of all time. Best known for developing the theory of relativity, Einstein also made important contributions to quantum mechanics, and was thus a central figure in the revolutionary reshaping of the scientific understanding of nature that modern physics accomplished in the first decades of the twentieth century. His mass–energy e",False,True,1.0,0.9780826568603516,3.5762786865234375e-06
chunk_256,424,Abscess,What are the common signs and symptoms of an abscess?,"Redness, pain, warmth, and swelling.","The common signs and symptoms of an abscess include:

- Redness
- Heat
- Swelling
- Pain
- Loss of function

Additionally, there may be high fever and chills if the abscess is superficial. For internal abscesses, the signs include pain in the affected area, a high temperature, and generally feeling unwell.",Abscess | Abscess | Abscess,"Major complications may include spreading of the abscess material to adjacent or remote tissues, and extensive regional tissue death (gangrene).

The main symptoms and signs of a skin abscess are redness, heat, swelling, pain, and loss of function. There may also be high temperature (fever) and chills. If superficial, abscesses may be fluctuant when palpated; this wave-like motion is caused by movement of the pus inside the abscess.

An internal abscess is more difficult to identify, but signs i",False,True,0.75,0.9688242077827454,0.29370826482772827
chunk_256,425,Abscess,Which bacteria is most commonly present in many areas of the world as a cause of abscesses?,Methicillin-resistant Staphylococcus aureus.,Methicillin-resistant Staphylococcus aureus (MRSA).,Abscess | Abscess | Abscess,"Abscesses are caused by bacterial infection, parasites, or foreign substances.
Bacterial infection is the most common cause, particularly Staphylococcus aureus. The more invasive methicillin-resistant Staphylococcus aureus (MRSA) may also be a source of infection, though is much rarer. Among spinal subdural abscesses, methicillin-sensitive Staphylococcus aureus is the most common organism involved.

Rarely parasites can cause abscesses and this is more common in the developing world. Specific pa",False,True,1.0,0.9606047868728638,0.012970328330993652
chunk_256,426,Aalborg Municipality,What was the population of Aalborg Municipality on 1 January 2023?,"222,571","The population of Aalborg Municipality on 1 January 2023 was 222,571.",Aalborg Municipality | Aalborg Municipality | Aalborg Municipality,"Aalborg Municipality () is a municipality in North Jutland Region on the Jutland peninsula in northern Denmark. The municipality straddles the Limfjord, the waterway which connects the North Sea and the Kattegat east-to-west, and which separates the main body of the Jutland peninsula from the island of Vendsyssel-Thy north-to-south. It has a land area of  and a population of 222,571 (1. January 2023).

It is also the name of the municipality's main city Aalborg and the site of its municipal coun",False,True,1.0,0.9633727669715881,2.384185791015625e-06
chunk_256,427,Aalborg Municipality,Which municipalities joined Aalborg municipality on 1 January 2007 to form the new Aalborg municipality?,"Hals, Nibe, and Sejlflod","Hals, Nibe, and Sejlflod joined Aalborg municipality on 1 January 2007 to form the new Aalborg municipality.",Aalborg Municipality | Aalborg Municipality | Aalborg Municipality,"Aalborg Municipality () is a municipality in North Jutland Region on the Jutland peninsula in northern Denmark. The municipality straddles the Limfjord, the waterway which connects the North Sea and the Kattegat east-to-west, and which separates the main body of the Jutland peninsula from the island of Vendsyssel-Thy north-to-south. It has a land area of  and a population of 222,571 (1. January 2023).

It is also the name of the municipality's main city Aalborg and the site of its municipal coun",False,True,1.0,0.9716230034828186,0.00019103288650512695
chunk_256,428,Aarhus,In what year was Aarhus granted market town privileges?,1441,"In 1441, Aarhus was granted market town privileges.",Aarhus | Aarhus | Aarhus,"In 1441, Christopher III issued the oldest known charter granting market town status, although similar privileges may have existed as far back as the 12th century. The charter is the first official recognition of the town as a regional power and is by some considered Aarhus's birth certificate.

The commercial and religious status spurred town growth, and in 1477 the defensive earthen ramparts, which had ringed the town since the Viking Age, were abandoned to accommodate expansion. Parts of the ",False,True,1.0,0.9721827507019043,6.23464584350586e-05
chunk_256,429,Aarhus,When was the first railway line in Jutland built in Aarhus?,1862,The first railway line in Jutland was built in Aarhus in 1862.,Aarhus | Aarhus | Aarhus,"Aarhus (, , ; officially spelled Århus from 1948 until 1 January 2011) is the second-largest city in Denmark and the seat of Aarhus Municipality. It is located on the eastern shore of Jutland in the Kattegat sea and approximately  northwest of Copenhagen.

Dating back to the late 8th century, Aarhus was founded as a harbour settlement at the mouth of the Aarhus River and quickly became a trade hub. The first Christian church was built here around the year 900 and later in the Viking Age the town",False,True,1.0,0.9840174317359924,1.609325408935547e-05
chunk_256,430,Amateur,What terms does the passage use to describe amateurs and their pursuits?,"popular, informal, self-taught, user-generated, DIY, and hobbyist.","The passage uses several terms to describe amateurs and their pursuits:

- Amateur
- Popular
- Informal
- Self-taught
- User-generated
- DIY
- Hobbyist

Additionally, it mentions specific examples of amateur pursuits such as astronomy, chemistry, film, geology/rockhounding, journalism, radio, sports, theater, pornography, arts/handicraft, fan fiction, fan art, independent scholarship/scientific research, volunteering, etc.",Amateur | Amateur | Artist,"An amateur () is generally considered a person who pursues an avocation independent from their source of income. Amateurs and their pursuits are also described as popular, informal, self-taught, user-generated, DIY, and hobbyist.

History 

Historically, the amateur was considered to be the ideal balance between pure intent, open mind, and the interest or passion for a subject. That ideology spanned many different fields of interest. It may have its roots in the ancient Greek philosophy of amate",False,True,1.0,0.8974145650863647,0.07416427135467529
chunk_256,431,Amateur,"Which three individuals are cited as examples of ""gentleman amateurs"" in the passage?","Francis Bacon, Isaac Newton, and Sir Robert Cotton, 1st Baronet, of Connington.","Francis Bacon, Isaac Newton, and Sir Robert Cotton, 1st Baronet, of Connington.",Amateur | Amateur | Arthur Schopenhauer,"He was vastly interested in a particular topic, and studied, observed, and collected things and information on his topic of choice. The Royal Society in Great Britain was generally composed of these ""gentleman amateurs"", and is one of the reasons science today exists the way it does. A few examples of these gentleman amateurs are Francis Bacon, Isaac Newton, and Sir Robert Cotton, 1st Baronet, of Connington.

Amateurism can be seen in both a negative and positive light. Since amateurs often lack",False,True,1.0,0.9319401979446411,0.06008666753768921
chunk_256,432,Alexis Carrel,In what year was Alexis Carrel awarded the Nobel Prize in Physiology or Medicine?,1912,1912,Alexis Carrel | Alexis Carrel | Alexis Carrel,"Alexis Carrel (; 28 June 1873 – 5 November 1944) was a French surgeon and biologist who was awarded the Nobel Prize in Physiology or Medicine in 1912 for pioneering vascular suturing techniques. He invented the first perfusion pump with Charles Lindbergh opening the way to organ transplantation. Carrel was also a pioneer in transplantology and thoracic surgery. He is known for his leading role in implementing eugenic policies in Vichy France.

Biography 
Born in Sainte-Foy-lès-Lyon, Rhône, Carre",False,True,1.0,0.941400408744812,0.9996831105381716
chunk_256,433,Alexis Carrel,Who collaborated with Alexis Carrel to invent the first perfusion pump?,Charles Lindbergh,Charles Lindbergh collaborated with Alexis Carrel to invent the first perfusion pump.,Alexis Carrel | Alexis Carrel | Alexis Carrel,"Alexis Carrel (; 28 June 1873 – 5 November 1944) was a French surgeon and biologist who was awarded the Nobel Prize in Physiology or Medicine in 1912 for pioneering vascular suturing techniques. He invented the first perfusion pump with Charles Lindbergh opening the way to organ transplantation. Carrel was also a pioneer in transplantology and thoracic surgery. He is known for his leading role in implementing eugenic policies in Vichy France.

Biography 
Born in Sainte-Foy-lès-Lyon, Rhône, Carre",False,True,1.0,0.9287956357002258,2.0265579223632812e-06
chunk_256,434,All Souls' Day,On what date is All Souls' Day observed by certain Christian denominations?,2 November,On 2 November.,All Souls' Day | All Souls' Day | All Souls' Day,"All Souls' Day, also called The Commemoration of All the Faithful Departed, is a day of prayer and remembrance for the faithful departed, observed by certain Christian denominations on 2 November. Through prayer, intercessions, alms and visits to cemeteries, people commemorate the poor souls in purgatory and gain them indulgences.

In Western Christianity, including Roman Catholicism and certain parts of Lutheranism and Anglicanism, All Souls' Day is the third day of Allhallowtide, after All Sai",False,True,1.0,0.9392140507698059,0.002839326858520508
chunk_256,435,All Souls' Day,What is the German term for All Souls' Day?,Allerseelen,"The German term for All Souls' Day is ""Al勒ssen"" (Allerseelen).",All Souls' Day | All Souls' Day | All Souls' Day,"All Souls' Day, also called The Commemoration of All the Faithful Departed, is a day of prayer and remembrance for the faithful departed, observed by certain Christian denominations on 2 November. Through prayer, intercessions, alms and visits to cemeteries, people commemorate the poor souls in purgatory and gain them indulgences.

In Western Christianity, including Roman Catholicism and certain parts of Lutheranism and Anglicanism, All Souls' Day is the third day of Allhallowtide, after All Sai",False,True,1.0,0.49058228731155396,3.266334533691406e-05
chunk_256,436,Anatole France,When was Anatole France born?,16 April 1844,Anatole France was born in 1844.,Anatole France | Anatole France | Anatolia,"(1918)
  (The Bloom of Life) (1922)

Plays
  (1898)
 Crainquebille (1903)
  (The Man Who Married A Dumb Wife) (1908)
  (The Wicker Woman) (1928)

Historical biography
  (The Life of Joan of Arc) (1908)

Literary criticism
 Alfred de Vigny (1869)
  (1888)
  (The Latin Genius) (1909)

Social criticism
  (The Garden of Epicurus) (1895)
  (1902)
  (1904)
  (1906)
  (1915)
 , in four volumes, (1949, 1953, 1964, 1973)

References

External links

 
 
 List of Works
 
 
 
  
 ""Anatole France, Nobel Pri",False,True,0.3333333333333333,0.8510368466377258,2.0265579223632812e-06
chunk_256,437,Anatole France,What position was Anatole France appointed to in 1876?,librarian for the French Senate,"In 1876, Anatole France was appointed librarian for the French Senate.",Anatole France | Anatole France | Anatole France,"After several years, he secured the position of cataloguer at Bacheline-Deflorenne and at Lemerre. In 1876, he was appointed librarian for the French Senate.

Literary career
France began his literary career as a poet and a journalist. In 1869, Le Parnasse contemporain published one of his poems, """". In 1875, he sat on the committee in charge of the third Parnasse contemporain compilation. As a journalist, from 1867, he wrote many articles and notices. He became known with the novel  (1881). Its",False,True,1.0,0.9685572981834412,1.7523765563964844e-05
chunk_256,438,André Gide,In which year was André Gide awarded the Nobel Prize in Literature?,1947,The Nobel Prize in Literature was awarded to André Gide in 1947.,André Gide | André Gide | André Gide,"André Paul Guillaume Gide (; 22 November 1869 – 19 February 1951) was a French author whose writings spanned a wide variety of styles and topics. He was awarded the 1947 Nobel Prize in Literature. Gide's career ranged from his beginnings in the symbolist movement, to criticising imperialism between the two World Wars. The author of more than fifty books, he was described in his obituary in The New York Times as ""France's greatest contemporary man of letters"" and ""judged the greatest French write",False,True,1.0,0.9927452206611633,5.9604644775390625e-06
chunk_256,439,André Gide,"According to the passage, how many books did André Gide write?",more than fifty books,"According to the passage, André Gide wrote more than fifty books.",André Gide | André Gide | André Gide,"He devoted much of his last years to publishing his Journal. Gide died in Paris on 19 February 1951. The Roman Catholic Church placed his works on the Index of Forbidden Books in 1952.

Gide's life as a writer

Gide's biographer Alan Sheridan summed up Gide's life as a writer and an intellectual:

""Gide's fame rested ultimately, of course, on his literary works. But, unlike many writers, he was no recluse: he had a need of friendship and a genius for sustaining it."" But his ""capacity for love wa",False,True,1.0,0.9908609390258789,1.1444091796875e-05
chunk_256,440,Algorithms for calculating variance,What key difficulty is mentioned in the passage regarding the design of good algorithms for calculating variance?,"Formulas for the variance may involve sums of squares, which can lead to numerical instability as well as to arithmetic overflow when dealing with large values.","Key difficulty mentioned in the passage regarding the design of good algorithms for calculating variance is that formulas for the variance may involve sums of squares, which can lead to numerical instability as well as to arithmetic overflow when dealing with large values.",Algorithms for calculating variance | Algorithms for calculating variance | Algorithms for calculating variance,"Algorithms for calculating variance play a major role in computational statistics. A key difficulty in the design of good algorithms for this problem is that formulas for the variance may involve sums of squares, which can lead to numerical instability as well as to arithmetic overflow when dealing with large values.

Naïve algorithm
A formula for calculating the variance of an entire population of size N is:

Using Bessel's correction to calculate an unbiased estimate of the population variance",False,True,1.0,0.978255569934845,0.07356303930282593
chunk_256,441,Algorithms for calculating variance,"According to the passage, how can the naïve algorithm be adapted to compute the variance of a finite population?",By simply dividing by n instead of n − 1 on the last line.,"According to the passage, the naïve algorithm can be adapted to compute the variance of a finite population by dividing by \( n \) instead of \( n - 1 \) on the last line.",Algorithms for calculating variance | Algorithms for calculating variance | Algorithms for calculating variance,"Algorithms for calculating variance play a major role in computational statistics. A key difficulty in the design of good algorithms for this problem is that formulas for the variance may involve sums of squares, which can lead to numerical instability as well as to arithmetic overflow when dealing with large values.

Naïve algorithm
A formula for calculating the variance of an entire population of size N is:

Using Bessel's correction to calculate an unbiased estimate of the population variance",False,True,0.8571428571428571,0.8666957020759583,0.003166496753692627
chunk_256,442,Almond,What type of fruit is the almond according to the passage?,A drupe,"The almond is a drupe, consisting of an outer hull and a hard shell with the seed, which is not a true nut.",Almond | Almond | Almond,"The almond (Prunus amygdalus, syn. Prunus dulcis) is a species of small tree from the genus Prunus, cultivated worldwide for its seed, a culinary nut. Along with the peach, it is classified in the subgenus Amygdalus, distinguished from the other subgenera by corrugations on the shell (endocarp) surrounding the seed.

The fruit of the almond is a drupe, consisting of an outer hull and a hard shell with the seed, which is not a true nut. Shelling almonds refers to removing the shell to reveal the ",False,True,1.0,0.9864833950996399,0.5963155925273895
chunk_256,443,Almond,Which region produces over half of the world's almond supply?,California,California,Almond | Almond | Almond,"California production is marked by a period of intense pollination during late winter by rented commercial bees transported by truck across the U.S. to almond groves, requiring more than half of the total U.S. commercial honeybee population. The value of total U.S. exports of shelled almonds in 2016 was $3.2 billion.

All commercially grown almonds sold as food in the U.S. are sweet cultivars. The U.S. Food and Drug Administration reported in 2010 that some fractions of imported sweet almonds we",False,True,1.0,0.7708740234375,0.9921689499169588
chunk_256,444,Demographics of Antigua and Barbuda,"According to the 2011 census, what was the estimated resident population of Antigua and Barbuda?","86,295","According to the 2011 census, the estimated resident population of Antigua and Barbuda was 86,295.",Demographics of Antigua and Barbuda | Antigua and Barbuda | Demographics of Antigua and Barbuda,"This article is a demography of the population of Antigua and Barbuda including population density, ethnicity, religious affiliations and other aspects of the population.

Population

According to the 2011 census the estimated resident population of Antigua and Barbuda was 86,295.
The estimated population of  is  ().

Vital statistics

Structure of the population

Ethnic groups
The population of Antigua and Barbuda, is predominantly black (91.0%) or mixed (4.4%). 1.9% of the population is white ",False,True,1.0,0.969306468963623,3.361701965332031e-05
chunk_256,445,Demographics of Antigua and Barbuda,What percentage of Antigua and Barbuda's population is identified as black?,91.0%,91.0%,Demographics of Antigua and Barbuda | Antigua and Barbuda | Demographics of Antigua and Barbuda,"This article is a demography of the population of Antigua and Barbuda including population density, ethnicity, religious affiliations and other aspects of the population.

Population

According to the 2011 census the estimated resident population of Antigua and Barbuda was 86,295.
The estimated population of  is  ().

Vital statistics

Structure of the population

Ethnic groups
The population of Antigua and Barbuda, is predominantly black (91.0%) or mixed (4.4%). 1.9% of the population is white ",False,True,1.0,0.5405097007751465,0.9807288646697998
chunk_256,446,Politics of Antigua and Barbuda,Who appoints the governor-general of Antigua and Barbuda?,The sovereign of Antigua and Barbuda,The sovereign of Antigua and Barbuda appoints the governor-general to act as vice-regal representative in the nation.,Politics of Antigua and Barbuda | Antigua and Barbuda | Politics of Antigua and Barbuda,"The politics of Antigua and Barbuda takes place in a framework of a unitary parliamentary representative democratic monarchy, wherein the sovereign of Antigua and Barbuda is the head of state, appointing a governor-general to act as vice-regal representative in the nation. A prime minister is appointed by the governor-general as the head of government, and of a multi-party system; the prime minister advises the governor-general on the appointment of a Council of Ministers. Executive power is exe",False,True,1.0,0.9867515563964844,0.0016165971755981445
chunk_256,447,Politics of Antigua and Barbuda,How many members are in the Senate of Antigua and Barbuda's Parliament?,Seventeen,The Senate of Antigua and Barbuda's Parliament has 17 appointed members.,Politics of Antigua and Barbuda | Politics of Antigua and Barbuda | Politics of Antigua and Barbuda,"Constitutional safeguards include freedom of speech, press, worship, movement, and association. Antigua and Barbuda is a member of the eastern Caribbean court system. The Judiciary is independent of the executive and the legislature. Jurisprudence is based on English common law.

Executive branch

Ministers

Parliamentary secretaries

Permanent secretaries

Executive branch leadership 
As head of state, King Charles III is represented in Antigua and Barbuda by a governor-general who acts on the ",False,True,0.0,0.9733843803405762,6.866455078125e-05
chunk_256,448,Antigua and Barbuda Defence Force,How many personnel are in the Antigua and Barbuda Defence Force?,245 personnel,245 personnel,Antigua and Barbuda Defence Force | Antigua and Barbuda | Antigua and Barbuda,"The Antigua and Barbuda Defence Force (ABDF) is the armed forces of Antigua and Barbuda. The ABDF has responsibility for several different roles: internal security, prevention of drug smuggling, the protection and support of fishing rights, prevention of marine pollution, search and rescue, ceremonial duties, assistance to government programs, provision of relief during natural disasters, assistance in the maintenance of essential services, and support of the police in maintaining law and order.",False,True,1.0,0.963079571723938,0.9870296120643616
chunk_256,449,Antigua and Barbuda Defence Force,What are the names and classes of the two patrol boats listed in the Coast Guard's flotilla?,"P-01 Liberta, a 19.81-metre Commercial Cruiser-class patrol boat, and P-02 Palmetto, a SeaArk Boats Dauntless-class patrol boat",The two patrol boats listed in the Coast Guard's flotilla are the P-02 Palmetto and P-03 Hermitage.,Antigua and Barbuda Defence Force | Angolan Armed Forces | Angolan Armed Forces,"Service and Support Unit – provides administrative, logistic and engineer support to the rest of the defence force.
Coast Guard – the maritime element of the defence force, and is divided into four units:
Commanding Officer's Office
Engineer Unit
Administration Unit
Flotilla – the flotilla is the operational part of the Coast Guard, and consists of the following water-craft:
1 Swiftships Shipbuilders 19.81-metre Commercial Cruiser-class patrol boat (P-01 Liberta), in service since 1984
1 SeaArk ",False,True,0.3125,0.7257791757583618,3.5762786865234375e-06
chunk_256,450,Antisemitism,What phenomenon describes Jews who perpetrate antisemitism against their own group?,"auto-antisemitism (i.e., self-hating Jews)","Auto-antisemitism, also known as self-hating Jews, describes Jews who perpetrate antisemitism against their own group.",Antisemitism | Antisemitism | Antisemitism,"Antisemitism (also spelled anti-semitism or anti-Semitism) is hostility to, prejudice towards, or discrimination against Jews. This sentiment is a form of racism, and a person who harbours it is called an antisemite. Though antisemitism is overwhelmingly perpetrated by non-Jews, it may occasionally be perpetrated by Jews in a phenomenon known as auto-antisemitism (i.e., self-hating Jews). Primarily, antisemitic tendencies may be motivated by negative sentiment towards Jews as a people or by nega",False,True,0.7142857142857143,0.893412172794342,0.0015012025833129883
chunk_256,451,Antisemitism,What are the two primary motivations behind antisemitic tendencies as described in the passage?,Negative sentiment towards Jews as a people (racial antisemitism) and negative sentiment towards Jews with regard to Judaism (religious antisemitism),"The two primary motivations behind antisemitic tendencies, according to the passage, are:

1. Negative sentiment towards Jews as a people.
2. Negative sentiment towards Jews with regard to Judaism.",Antisemitism | Antisemitism | Antisemitism,"Some explanations assign partial blame to the perception of Jewish people as unsociable. Such a perception may have arisen by many Jews having strictly kept to their own communities, with their own practices and laws.

It has also been suggested that parts of antisemitism arose from a perception of Jewish people as greedy (as often used in stereotypes of Jews), and this perception has probably evolved in Europe during medieval times where a large portion of money lending was operated by Jews. Fa",False,True,0.7,0.9502488970756531,0.007710635662078857
chunk_256,452,Economy of Azerbaijan,What was Azerbaijan's GDP growth rate in 2006?,34.6%,Azerbaijan's GDP growth rate in 2006 was 34.6%.,Economy of Azerbaijan | Economy of Azerbaijan | Economy of Armenia,"The economy of Azerbaijan has completed its post-Soviet transition into a major oil-based economy (with the completion of the Baku-Tbilisi-Ceyhan Pipeline), from one where the state played the major role. The transition to oil production led to remarkable growth figures as projects came online; reaching 26.4% in 2005 (second highest GDP growth in the world in 2005 only to Equatorial Guinea) and 34.6% in 2006 (world highest) before subsiding to 10.8% and 9.3% in 2008 and 2009 respectively. The re",False,True,1.0,0.9247859120368958,4.5299530029296875e-06
chunk_256,453,Economy of Azerbaijan,What was the budget deficit as a percentage of GDP in 2000?,1.3% of GDP,"Based on the information provided in the context, there is no specific mention of the budget deficit as a percentage of GDP for any given year, including 2000. Therefore, the correct response is:

The context does not provide information about the budget deficit as a percentage of GDP for 2000 or any other year.",Economy of Armenia | Economy of Armenia | Economy of Armenia,"Armenia revised the country's fiscal rules in 2018, setting a permissible threshold for public debt in the amount of 40, 50 and 60% of GDP. At the same time, it established that in case of force majeure situations such as natural disasters, wars, the government will be allowed to exceed this threshold.

The debt rose by $863.5 million in 2016 and by another $832.5 million in 2017. It totalled just $1.9 billion before the 2008-2009 (13.5% of GDP) global financial crisis that plunged the county in",False,False,0.3333333333333333,0.8498827815055847,0.31095588207244873
chunk_256,454,Geography of Azerbaijan,What is the approximate total land area of Azerbaijan?,"approximately 86,600 square kilometers","Approximately 86,600 square kilometers.",Geography of Azerbaijan | Azerbaijan | Geography of Azerbaijan,"Azerbaijan is a country in the Caucasus region, situated at the juncture of Eastern Europe and West Asia. Three physical features dominate Azerbaijan: the Caspian Sea, whose shoreline forms a natural boundary to the east; the Greater Caucasus mountain range to the north; and the extensive flatlands at the country's center. About the size of Portugal or the US state of Maine, Azerbaijan has a total land area of approximately 86,600 square kilometers, less than 1% of the land area of the former So",False,True,1.0,0.9795328974723816,0.28239405155181885
chunk_256,455,Geography of Azerbaijan,Which autonomous republic of Azerbaijan is separated from the rest of the country by a strip of Armenian territory?,Nakhchivan Autonomous Republic,Nakhchivan Autonomous Republic,Azerbaijan | Geography of Azerbaijan | Azerbaijan,"Azerbaijan (, ; , ), officially the Republic of Azerbaijan, is a transcontinental country located at the boundary of Eastern Europe and West Asia. It is a part of the South Caucasus region and is bounded by the Caspian Sea to the east, Russia (Republic of Dagestan) to the north, Georgia to the northwest, Armenia and Turkey to the west, and Iran to the south. Baku is the capital and largest city.

The Azerbaijan Democratic Republic proclaimed its independence from the Transcaucasian Democratic Fe",False,True,1.0,0.8224552869796753,0.9977699879091233
chunk_256,456,Foreign relations of Azerbaijan,How many United Nations member states does Azerbaijan maintain diplomatic relations with?,185 United Nations member states,185,Azerbaijan | Foreign relations of Azerbaijan | Azerbaijan,"The process of international recognition of Azerbaijan's independence from the collapsing Soviet Union lasted roughly one year. The most recent country to recognize Azerbaijan was Bahrain, on 6 November 1996. Full diplomatic relations, including mutual exchanges of missions, were first established with Turkey, Pakistan, the United States, Iran and Israel. Azerbaijan has placed a particular emphasis on its ""special relationship"" with Turkey.

Azerbaijan has diplomatic relations with 158 countries",False,True,0.2,0.8346466422080994,0.9943030402064323
chunk_256,457,Foreign relations of Azerbaijan,Which former U.S. government officials serve on the Honorary Council of Advisors of the U.S.-Azerbaijan Chamber of Commerce?,James Baker and Henry Kissinger,James Baker and Henry Kissinger serve on the Honorary Council of Advisors of the U.S.-Azerbaijan Chamber of Commerce.,Foreign relations of Azerbaijan | Foreign relations of Azerbaijan | Azerbaijan,"The Republic of Azerbaijan is a member of the United Nations, the Non-Aligned Movement, the Organization for Security and Cooperation in Europe, NATO's Partnership for Peace, the Euro-Atlantic Partnership Council, the World Health Organization, the European Bank for Reconstruction and Development; the Council of Europe, CFE Treaty, the Community of Democracies; the International Monetary Fund; and the World Bank.

The major trends in the foreign relations of the Republic of Azerbaijan toward bot",False,True,1.0,0.9587957859039307,8.928775787353516e-05
chunk_256,458,Azerbaijani Armed Forces,On what date was the Azerbaijani Armed Forces re-established according to the country's Law of the Armed Forces?,9 October 1991,The Azerbaijani Armed Forces were re-established according to the country's Law of the Armed Forces on 9 October 1991.,Azerbaijani Armed Forces | Azerbaijan | Azerbaijani Armed Forces,"The Azerbaijani Armed Forces () is the military of the Republic of Azerbaijan. It was re-established according to the country’s Law of the Armed Forces on 9 October 1991. The original Azerbaijan Democratic Republic's armed forces were dissolved after Azerbaijan was absorbed into the Soviet Union as the Azerbaijan Soviet Socialist Republic from 28 April 1920. After the Soviet Union dissolved in 1991–92, Azerbaijan's armed forces were reformed based on Soviet bases and equipment left on Azerbaijan",False,True,1.0,0.9848569631576538,2.7060508728027344e-05
chunk_256,459,Azerbaijani Armed Forces,What are the three branches of the Azerbaijani Armed Forces?,"the Azerbaijani Land Forces, the Azerbaijani Air and Air Defence Force, and the Azerbaijani Navy","The three branches of the Azerbaijani Armed Forces are:

1. Azerbaijani Land Forces
2. Azerbaijani Air and Air Defense Force
3. Azerbaijani Navy",Azerbaijani Armed Forces | Azerbaijan | Azerbaijani Armed Forces,"The Azerbaijani Armed Forces () is the military of the Republic of Azerbaijan. It was re-established according to the country’s Law of the Armed Forces on 9 October 1991. The original Azerbaijan Democratic Republic's armed forces were dissolved after Azerbaijan was absorbed into the Soviet Union as the Azerbaijan Soviet Socialist Republic from 28 April 1920. After the Soviet Union dissolved in 1991–92, Azerbaijan's armed forces were reformed based on Soviet bases and equipment left on Azerbaijan",False,True,0.8571428571428571,0.8721960186958313,0.012673795223236084
chunk_256,460,Geography of Armenia,How many million years ago did a geological upheaval push up the Earth's crust to form the Armenian Plateau?,Twenty-five million years ago.,Twenty-five million years ago,Geography of Armenia | Alps | Geography of Armenia,"Topography and drainage

Twenty-five million years ago, a geological upheaval pushed up the Earth's crust to form the Armenian Plateau, creating the complex topography of modern Armenia. The Lesser Caucasus range extends through northern Armenia, runs southeast between Lake Sevan and Azerbaijan, then passes roughly along the Armenian-Azerbaijani border to Iran. Thus situated, the mountains make travel from north to south difficult. Geological turmoil continues in the form of devastating earthqua",False,True,1.0,0.9539516568183899,0.9882901599630713
chunk_256,461,Geography of Armenia,Which mountain range extends through northern Armenia?,The Lesser Caucasus range.,The Lesser Caucasus range extends through northern Armenia.,Geography of Armenia | Geography of Armenia | Geography of Armenia,"Topography and drainage

Twenty-five million years ago, a geological upheaval pushed up the Earth's crust to form the Armenian Plateau, creating the complex topography of modern Armenia. The Lesser Caucasus range extends through northern Armenia, runs southeast between Lake Sevan and Azerbaijan, then passes roughly along the Armenian-Azerbaijani border to Iran. Thus situated, the mountains make travel from north to south difficult. Geological turmoil continues in the form of devastating earthqua",False,True,1.0,0.9854860305786133,0.0002835392951965332
chunk_256,462,Demographics of Armenia,What was Armenia's population at its peak in 1992?,3.633 million,The population of Armenia peaked at 3.633 million in 1992.,Demographics of Armenia | Demographics of Armenia | Demographics of Armenia,"After registering steady increases during the Soviet period, the population of Armenia declined from its peak value of 3.633 million in 1992 to 2.986 million in 2017.

Whilst the country's population increased steadily during the Soviet Union as a result of periods of repatriation and low emigration rates, it has declined in recent times due to the exodus of peoples following the Soviet break-up. The rates of emigration and population decline, however, have decreased in recent years, and there h",False,True,1.0,0.9177551865577698,2.86102294921875e-06
chunk_256,463,Demographics of Armenia,How many Armenians from Persia relocated following the Russian annexation?,"45,000","45,000 Armenians from Persia relocated following the Russian annexation.",Demographics of Armenia | Demographics of Armenia | Anatolia,"As a result of ""deliberate relocation policies employed by both the Ottomans and Safavids"" during the Ottoman–Safavid War, there was a large-scale displacement of Armenians; Armenians also emigrated ""to escape the insecurity and hardship of life in war-torn Armenia"". Whilst Shah Abbas I relocated Armenians to Isfahan and ""Armenian colonies in other parts of Iran"" in 1604–1605, ""the Ottomans also removed Armenian artisans to their capital"".

Following the Russian annexation, 45,000 Armenians from",False,True,1.0,0.9559736847877502,1.33514404296875e-05
chunk_256,464,Politics of Armenia,On what date did Armenia become independent from the Russian Empire?,28 May 1918,"On 28 May 1918, Armenia became independent from the Russian Empire when it declared itself the Republic of Armenia.",Politics of Armenia | Azerbaijan | Demographics of Armenia,"The politics of Armenia take place in the framework of the parliamentary representative democratic republic of Armenia, whereby the president of Armenia is the head of state and the prime minister of Armenia the head of government, and of a multi-party system. Executive power is exercised by the president and the Government. Legislative power is vested in both the Government and Parliament.

History
Armenia became independent from the Russian Empire on 28 May 1918 as the Republic of Armenia, lat",False,True,1.0,0.9547538757324219,0.0009888410568237305
chunk_256,465,Politics of Armenia,Who received 83% of the votes in the October 1991 presidential election?,Levon Ter-Petrosyan,"Based on the information provided in the context, there is no mention of any specific presidential election or percentage of votes received by anyone in October 1991. Therefore, the correct answer cannot be determined solely from this context.",Alaska | Abraham Lincoln | August 6,"McCain's running mate was Sarah Palin, the state's governor and the first Alaskan on a major party ticket. Obama lost Alaska again in 2012, but he captured 40% of the state's vote in that election, making him the first Democrat to do so since 1968. In 2020, Joe Biden received 42.77% of the vote for president, marking the high point for a Democratic presidential candidate since Johnson's 1964 victory.

The Alaska Bush, central Juneau, midtown and downtown Anchorage, and the areas surrounding the ",False,False,0.0,0.07942057400941849,0.21044158935546875
chunk_256,466,Economy of Armenia,What was the percentage growth of Armenia's economy in 2022?,12.6%,12.6%,Economy of Armenia | Economy of Armenia | Economy of Armenia,"The economy of Armenia grew by 12.6% in 2022, according to the country's Statistical Committee and the International Monetary Fund. Total output amounted to 8.5 trillion Armenian drams, or $19.5 billion. At the same time, Armenia's foreign trade turnover significantly accelerated in growth from 17.7% in 2021 to 68.6% in 2022.
GDP contracted sharply in 2020 by 7.2%, mainly due to the COVID-19 recession and the war against Azerbaijan. In contrast it grew by 7.6 per cent in 2019, the largest record",False,True,1.0,0.9585830569267273,0.9672868736088276
chunk_256,467,Economy of Armenia,What was the foreign trade turnover growth percentage in 2022?,68.6%,The foreign trade turnover in 2022 increased by 3.9 percent.,Economy of Armenia | Economy of Armenia | Economy of Armenia,"This was a result of about 8 percent increase in goods export and 21 percent increase on goods import in nominal terms year on year in 2018.

Armenia's foreign trade turnover increased by 11.6 percent in January–May 2021, compared to an 11.2 percent decline a year earlier, owing to a reversal of the y-o-y dynamics of exports and imports from 8.1 to 12.8 percent decline to 20.8-6.7 percent growth, according to preliminary data from the RA Statistical Committee. As a consequence, Armenia's foreign",False,True,0.0,0.8238207101821899,0.00021404027938842773
chunk_256,468,Transport in Armenia,What is the total length of Armenia's broad gauge railway network as reported in 1995?,825 km,825 km of 825 km gauge (1995),Transport in Armenia | Transport in Armenia | Economy of Armenia,"This article considers transport in Armenia.

Railways

Total
 in common carrier service; does not include industrial lines

Broad gauge
825 km of  gauge (825 km electrified) (1995)
There is no service south of Yerevan.

City with metro system: Yerevan

International links
 Azerbaijan - closed - same gauge
 Georgia - yes - same gauge
 Iran - via Azerbaijan - closed - break of gauge - /
 Turkey - closed - break of gauge -/

Most of the cross-border lines are currently closed due to political prob",False,True,1.0,0.9694744944572449,0.8490348011255264
chunk_256,469,Transport in Armenia,How many times a day do the new electric trains run between Yerevan and Gyumri?,Four times a day,Four times a day.,Transport in Armenia | Transport in Armenia | Transport in Armenia,"This article considers transport in Armenia.

Railways

Total
 in common carrier service; does not include industrial lines

Broad gauge
825 km of  gauge (825 km electrified) (1995)
There is no service south of Yerevan.

City with metro system: Yerevan

International links
 Azerbaijan - closed - same gauge
 Georgia - yes - same gauge
 Iran - via Azerbaijan - closed - break of gauge - /
 Turkey - closed - break of gauge -/

Most of the cross-border lines are currently closed due to political prob",False,True,1.0,0.8882906436920166,0.00010275840759277344
chunk_256,470,Armed Forces of Armenia,Who is the Commander-in-Chief of the Armenian military?,President Vahagn Khachaturyan,"The Commander-in-Chief of the Armenian military is the President of Armenia, Vahagn Khachaturyan.",Armed Forces of Armenia | Armed Forces of Armenia | Armed Forces of Armenia,"The Armed Forces of Armenia (), sometimes referred to as the Armenian Army (), is the national military of Armenia. It consists of personnel branches under the General Staff of the Armenian Armed Forces, which can be divided into two general branches: the Ground Forces, and the Air Force. Although it was partially formed out of the former Soviet Army forces stationed in the Armenian SSR (mostly units of the 7th Guards Army of the Transcaucasian Military District), the military of Armenia can be ",False,True,1.0,0.9557024240493774,1.3470649719238281e-05
chunk_256,471,Armed Forces of Armenia,What are the two general branches of the Armed Forces of Armenia?,The Ground Forces and the Air Force,The two general branches of the Armed Forces of Armenia are the Ground Forces and the Air Force.,Armed Forces of Armenia | Armed Forces of Armenia | Armed Forces of Armenia,"Organization and service branches 

The Armenian Armed Forces are Headquartered in Yerevan, where most of the general staff is based. The general staff is responsible for operational command of the Armenian Military and its two major branches. The armed forces also has the following personnel branches:
 Department of Military Preparedness
 Department of Military Apparatus
 Department of Aviation
 Department of Missile Troops
 Department of Air Defence
 Department of Rear Services
 Department of ",False,True,1.0,0.9507197141647339,1.609325408935547e-05
chunk_256,472,Foreign relations of Armenia,Who has served as the Minister of Foreign Affairs of Armenia since August 2021?,Ararat Mirzoyan,Ararat Mirzoyan has served as the Minister of Foreign Affairs of Armenia since August 2021.,Foreign relations of Armenia | Politics of Armenia | Armed Forces of Armenia,"Since its independence, Armenia has maintained a policy of trying to have positive and friendly relations with Iran, Russia, and the West, including the United States and the European Union. It has full membership status in a number of international organizations, such as the Council of Europe and the Eurasian Economic Union, and observer status, etc. in some others. However, the dispute over the Armenian genocide of 1915 and the ongoing Nagorno-Karabakh conflict have created tense relations wit",False,True,1.0,0.9910405278205872,4.267692565917969e-05
chunk_256,473,Foreign relations of Armenia,Which two immediate neighboring countries have tense relations with Armenia due to the Armenian genocide dispute and the Nagorno-Karabakh conflict?,Azerbaijan and Turkey,Turkey and Azerbaijan have tense relations with Armenia due to the Armenian genocide dispute and the Nagorno-Karabakh conflict.,Foreign relations of Armenia | Foreign relations of Armenia | Foreign relations of Azerbaijan,"states have also recognized the events as genocide.

Disputes

Nagorno-Karabakh conflict 

Armenia provides political, material and military support to the Republic of Artsakh in the longstanding Nagorno-Karabakh conflict.

The current conflict over Nagorno-Karabakh began in 1988 when Armenian demonstrations against Azerbaijani rule broke out in Nagorno–Karabakh and later in Armenia. The Nagorno-Karabakh Autonomous Oblast voted to secede from Azerbaijan and join Armenia. Soon, violence broke out",False,True,1.0,0.8595033884048462,0.00019866228103637695
chunk_256,474,Demographics of American Samoa,What is the total median age of the population of American Samoa according to the 2020 estimate?,27.2 years,"According to the 2020 estimate provided in the context, the total median age of the population of American Samoa is 27.2 years.",Demographics of American Samoa | Demographics of American Samoa | Demographics of American Samoa,"citizens. Of the foreign-born population, 81% are from Samoa, 9% are from other parts of Oceania, and 9% are from Asia.

Age structure
0–14 years: 27.76% (male 7,063/female 6,662)
15–24 years: 18.16% (male 4,521/female 4,458)
25–54 years: 37.49% (male 9,164/female 9,370)
55–64 years: 9.69% (male 2,341/female 2,447)
65 years and over: 6.9% (male 1,580/female 1,831) (2020 est.)

Median age
total: 27.2 years
male: 26.7 years
female: 27.7 years (2020 est.)

Population growth rate
−2.1% (2021 est.)

",False,True,1.0,0.7048197388648987,0.0002720952033996582
chunk_256,475,Demographics of American Samoa,What is the population growth rate of American Samoa as estimated for 2021?,-2.1%,−2.1% (2021 est.),Demographics of American Samoa | Demographics of American Samoa | Demographics of American Samoa,"Infant mortality rate
Total: 10.25 deaths/1,000 live births
Male: 12.39 deaths/1,000 live births
Female: 8 deaths/1,000 live births (2021 est.)

Life expectancy at birth
Total population: 75.06 years
Male: 72.55 years
Female: 77.72 years (2021 est.)

Total fertility rate
2.28 children born/woman (2021 est.)

Nationality
Noun: American Samoan(s) (US Nationals)
Adjective: American Samoan

Ethnic groups
Pacific Islander 92.6% (includes Samoan 88.9%, Tongan 2.9%, other 0.8%)
Asian 3.6% (includes Fil",False,True,1.0,0.8924009203910828,0.5626946985721588
chunk_256,476,Politics of American Samoa,What year was the constitution of American Samoa ratified?,1966,The constitution of American Samoa was ratified in 1966.,Politics of American Samoa | Politics of American Samoa | Politics of American Samoa,"The secretary promulgated the Constitution of American Samoa which was approved by a constitutional convention of the people of American Samoa and a majority of the voters of American Samoa voting at the 1966 election, and came into effect in 1967.

The governor of American Samoa is the head of government and along with the lieutenant governor of American Samoa is elected on the same ticket by popular vote for four-year terms.

The legislative power is vested in the American Samoa Fono, which ha",False,True,1.0,0.9799903631210327,9.775161743164062e-06
chunk_256,477,Politics of American Samoa,Who discharges executive power in American Samoa?,the governor and the lieutenant governor,Executive power is discharged by the governor and the lieutenant governor.,Politics of American Samoa | Politics of American Samoa | Politics of American Samoa,"Politics of American Samoa takes place in a framework of a presidential representative democratic dependency, whereby the governor is the head of government, and of a pluriform multi-party system. American Samoa is an unincorporated and unorganized territory of the United States, administered by the Office of Insular Affairs, U.S. Department of the Interior. Its constitution was ratified in 1966 and came into effect in 1967. Executive power is discharged by the governor and the lieutenant govern",False,True,1.0,0.9932634234428406,0.00047278404235839844
chunk_256,478,Economy of American Samoa,What is the primary export of American Samoa?,canned tuna,The primary export of American Samoa is canned tuna.,Economy of American Samoa | Demographics of American Samoa | Economy of American Samoa,"The economy of American Samoa is a traditional Polynesian economy in which more than 90% of the land is communally owned. Economic activity is strongly linked to the United States, with which American Samoa conducts the great bulk of its foreign trade. Tuna fishing and processing plants are the backbone of the private sector, with canned tuna being the primary export. Transfers from the U.S. federal government add substantially to American Samoa's economic well-being. Attempts by the government ",False,True,1.0,0.9760075211524963,7.152557373046875e-06
chunk_256,479,Economy of American Samoa,What was the unemployment rate in 2010?,23.8%,The unemployment rate in 2010 was 20.8%.,Alabama | Economy of Armenia | Economy of Armenia,"According to the U.S. Bureau of Economic Analysis, the 2008 total gross state product was $170billion, or $29,411 per capita. Alabama's 2012 GDP increased 1.2% from the previous year. The single largest increase came in the area of information. In 2010, per capita income for the state was $22,984.

The state's seasonally adjusted unemployment rate was 5.8% in April 2015. This compared to a nationwide seasonally adjusted rate of 5.4%.

Alabama has no minimum wage and in February 2016 passed legis",False,False,0.5,0.02532881498336792,2.2530555725097656e-05
chunk_256,480,Architect,What three main tasks does an architect perform according to the passage?,"An architect plans, designs and oversees the construction of buildings.","An architect performs three main tasks according to the passage:

1. **Design**: This includes creating a design concept that meets the requirements of the client and provides a suitable facility for the intended use. Architects must engage with clients to understand their requirements and address any uncertainties in the initial brief.

2. **Coordination**: During the project lifecycle, architects coordinate a design team, manage the development of the project requirements, and ensure that various professionals like structural, mechanical, and electrical engineers collaborate effectively.

3. **Reporting Back to Clients**: Architects regularly communicate with clients about the progress of the project, addressing any reservations or recommendations they might have introduced through the design process. They also keep track of changes in local and federal regulations related to building codes and environmental considerations.",Architect | Architect | Architect,"Practice
In the architectural profession, technical and environmental knowledge, design, and construction management, require an understanding of business as well as design. However, design is the driving force throughout the project and beyond. An architect accepts a commission from a client. The commission might involve preparing feasibility reports, building audits, designing a building or several buildings, structures, and the spaces among them. The architect participates in developing the r",False,True,0.16666666666666666,0.670504093170166,0.01717674732208252
chunk_256,481,Architect,"What type of specialized training is required for an architect to earn a license, as stated in the passage?",The architect must undergo advanced education and a practicum (or internship) for practical experience.,An architect requires specialized training consisting of advanced education and a practicum (or internship) for practical experience to earn a license to practice architecture.,Architect | Architect | Architect,"Many architects elect to move into real estate (property) development, corporate facilities planning, project management, construction management, chief sustainability officers interior design, city planning, user experience design, and design research.

Professional requirements

Although there are variations in each location, most of the world's architects are required to register with the appropriate jurisdiction. Architects are typically required to meet three common requirements: education,",False,True,0.7777777777777778,0.9789980053901672,0.06142401695251465
