config,qid,title,question,gold_answer,answer,retrieved_titles,top_chunk,abstained,gold_retrieved,answer_recall,faith_hhem,faith_deberta
baseline,0,Anarchism,"According to the passage, where on the political spectrum is anarchism placed?","On the farthest left of the political spectrum, usually described as the libertarian wing of the socialist movement (libertarian socialism).","According to the passage, anarchism is placed on the far-left of the political spectrum.",Anarchism | Anarchism | Anarchism,"Key issues 

As anarchism is a philosophy that embodies many diverse attitudes, tendencies, and schools of thought; disagreement over questions of values, ideology, and tactics is common. Its diversity has led to widely different uses of identical terms among different anarchist traditions which has created a number of definitional concerns in anarchist theory. The compatibility of capitalism, nationalism, and religion with anarchism is widely disputed, and anarchism enjoys complex relationships",False,True,0.2727272727272727,0.9871635437011719,0.0008199810981750488
baseline,1,Anarchism,Which revolutions does the passage say anarchists have taken part in?,"The Paris Commune, the Russian Civil War and the Spanish Civil War.","The passage mentions that anarchists have taken part in several revolutions, most notably in the Paris Commune, the Russian Civil War, and the Spanish Civil War.",Anarchism | Anarchism | Anarchism,"A long tradition of Spanish anarchism led to anarchists playing a pivotal role in the war, and particularly in the Spanish Revolution of 1936. In response to the army rebellion, an anarchist-inspired movement of peasants and workers, supported by armed militias, took control of Barcelona and of large areas of rural Spain, where they collectivised the land. The Soviet Union provided some limited assistance at the beginning of the war, but the result was a bitter fight between communists and other",False,True,1.0,0.9911106824874878,0.014227092266082764
baseline,2,Albedo,What is the numerical range of albedo and what do the values 0 and 1 represent?,"Albedo is measured on a scale from 0 to 1; 0 corresponds to a black body that absorbs all incident radiation, and 1 corresponds to a body that reflects all incident radiation.","The numerical range of albedo is approximately 0.04 for charcoal to 0.9 for fresh snow. 

Values of 0 and 1 represent the extreme ends of the albedo scale. A value of 0 indicates that a substance completely absorbs all incident radiation, while a value of 1 means that the substance perfectly reflects all incident radiation.",Albedo | Albedo | Albedo,"Terrestrial albedo

Any albedo in visible light falls within a range of about 0.9 for fresh snow to about 0.04 for charcoal, one of the darkest substances. Deeply shadowed cavities can achieve an effective albedo approaching the zero of a black body. When seen from a distance, the ocean surface has a low albedo, as do most forests, whereas desert areas have some of the highest albedos among landforms. Most land areas are in an albedo range of 0.1 to 0.4. The average albedo of Earth is about 0.3.",False,True,0.6923076923076923,0.14128541946411133,0.14517593383789062
baseline,3,Albedo,For which wavelength range is albedo most often given due to measurement constraints?,"Albedo is often given for the spectrum between 0.3 and 3 μm, which includes visible light (0.4–0.7 μm).","For albedo, it is most often given for the spectrum in which most solar energy reaches the surface, typically between 0.3 and 3 μm. This spectrum includes visible light (0.4–0.7 μm), which explains why surfaces with a low albedo appear dark while surfaces with a high albedo appear bright.",Albedo | Albedo | Albedo,"Terrestrial albedo

Any albedo in visible light falls within a range of about 0.9 for fresh snow to about 0.04 for charcoal, one of the darkest substances. Deeply shadowed cavities can achieve an effective albedo approaching the zero of a black body. When seen from a distance, the ocean surface has a low albedo, as do most forests, whereas desert areas have some of the highest albedos among landforms. Most land areas are in an albedo range of 0.1 to 0.4. The average albedo of Earth is about 0.3.",False,True,1.0,0.9617689847946167,0.881308801472187
baseline,4,A,"What are the two forms of the lowercase version of the letter ""A""?",the double-storey a and single-storey ɑ,"The lowercase version of the letter ""A"" can be written in two forms: the double-storey a and single-storey ɑ.",A | A | A,"A, or a, is the first letter and the first vowel of the Latin alphabet, used in the modern English alphabet, the alphabets of other western European languages and others worldwide. Its name in English is a (pronounced ), plural aes. It is similar in shape to the Ancient Greek letter Alpha, from which it derives. The uppercase version consists of the two slanting sides of a triangle, crossed in the middle by a horizontal bar. The lowercase version can be written in two forms: the double-storey a ",False,True,1.0,0.9762869477272034,0.02645576000213623
baseline,5,A,"What is the earliest known certain ancestor of the letter ""A""?","aleph (also written 'aleph), the first letter of the Phoenician alphabet","The earliest known certain ancestor of the letter ""A"" is aleph, which is the first letter of the Phoenician alphabet.",A | Alpha | A,"A, or a, is the first letter and the first vowel of the Latin alphabet, used in the modern English alphabet, the alphabets of other western European languages and others worldwide. Its name in English is a (pronounced ), plural aes. It is similar in shape to the Ancient Greek letter Alpha, from which it derives. The uppercase version consists of the two slanting sides of a triangle, crossed in the middle by a horizontal bar. The lowercase version can be written in two forms: the double-storey a ",False,True,0.7142857142857143,0.9708428978919983,2.6464462280273438e-05
baseline,6,Alabama,What is the capital of Alabama?,Montgomery,The capital of Alabama is Montgomery.,Alabama | Alabama | Alabama,"The United States Congress created the Alabama Territory on March 3, 1817. St. Stephens, now abandoned, served as the territorial capital from 1817 to 1819.

Alabama was admitted as the 22nd state on December 14, 1819, with Congress selecting Huntsville as the site for the first Constitutional Convention. From July5 to August 2, 1819, delegates met to prepare the new state constitution. Huntsville served as temporary capital from 1819 to 1820, when the seat of government moved to Cahaba in Dalla",False,True,1.0,0.9708006978034973,4.7206878662109375e-05
baseline,7,Alabama,Which city is the largest in Alabama by population and area?,Huntsville,Huntsville is the largest city in Alabama by population and area.,Alabama | Alabama | Alabama,"Alabama () is a state in the Southeastern region of the United States, bordered by Tennessee to the north; Georgia to the east; Florida and the Gulf of Mexico to the south; and Mississippi to the west. Alabama is the 30th largest by area and the 24th-most populous of the U.S. states.

Alabama is nicknamed the Yellowhammer State, after the state bird. Alabama is also known as the ""Heart of Dixie"" and the ""Cotton State"". The state tree is the longleaf pine, and the state flower is the camellia. Al",False,True,1.0,0.9625925421714783,3.230571746826172e-05
baseline,8,Achilles,Who were Achilles' parents according to the passage?,"The Nereid Thetis and Peleus, king of Phthia.","According to the passage, Achilles' parents were the Nereid Thetis and Peleus.",Achilles | Achilles | Achilles,"Though mild in manner, he was very fierce in battle. His face showed the joy of a man richly endowed."" Homer described Achilles, along with numerous other characters, as being blond.

Other names 
Among the appellations under which Achilles is generally known are the following:
 Pyrisous, ""saved from the fire"", his first name, which seems to favour the tradition in which his mortal parts were burned by his mother Thetis
 Aeacides, from his grandfather Aeacus
 Aemonius, from Aemonia, a country wh",False,True,0.6,0.9186543822288513,6.42538070678711e-05
baseline,9,Achilles,Who is said to have killed Achilles near the end of the Trojan War?,"Paris, who shot him with an arrow.","Paris, who shot him with an arrow.",Achilles | Achilles | Achilles,"In Greek mythology, Achilles ( ) or Achilleus () was a hero of the Trojan War who was known as being the greatest of all the Greek warriors. A central character in Homer's Iliad, he was the son of the Nereid Thetis and Peleus, king of Phthia and famous Argonaut. Achilles was raised in Phthia along his childhood companion Patroclus and received his education by the centaur Chiron. In the Iliad, he is presented as the commander of the mythical tribe of the Myrmidons. 

Achilles' most notable feat ",False,True,1.0,0.9651060104370117,0.00036907196044921875
baseline,10,Abraham Lincoln,What are the birth and death dates of Abraham Lincoln?,"February 12, 1809 – April 15, 1865","The birth date of Abraham Lincoln is February 12, 1809, and the death date is April 15, 1865.",Abraham Lincoln | Abraham Lincoln | Abraham Lincoln,"Abraham Lincoln ( ; February 12, 1809 – April 15, 1865) was an American lawyer, politician, and statesman who served as the 16th president of the United States from 1861 until his assassination in 1865. Lincoln led the Union through the American Civil War to defend the nation as a constitutional union and succeeded in defeating the insurgent Confederacy, abolishing slavery, expanding the power of the federal government, and modernizing the U.S. economy.

Lincoln was born into poverty in a log ca",False,True,1.0,0.7776002287864685,0.0003052949905395508
baseline,11,Abraham Lincoln,Which act angered Lincoln in 1854 and prompted him to re-enter politics?,The Kansas–Nebraska Act,The Kansas–Nebraska Act angered Abraham Lincoln in 1854 and prompted him to re-enter politics.,Abraham Lincoln | Abraham Lincoln | Abraham Lincoln,"Instead of holding Lincoln in contempt of court as expected, the judge, a Democrat, reversed his ruling and admitted the testimony into evidence, resulting in Harrison's acquittal.

Republican politics (1854–1860)

Emergence as Republican leader

The debate over the status of slavery in the territories failed to alleviate tensions between the slave-holding South and the free North, with the failure of the Compromise of 1850, a legislative package designed to address the issue. In his 1852 eulogy",False,True,1.0,0.9849276542663574,0.00037479400634765625
baseline,12,Aristotle,In which city was Aristotle born?,Stagira,Stagira,Aristotle | Aristotle | Aristotle,"Aristotle was revered among medieval Muslim scholars as ""The First Teacher"", and among medieval Christians like Thomas Aquinas as simply ""The Philosopher"", while the poet Dante called him ""the master of those who know"". His works contain the earliest known formal study of logic, and were studied by medieval scholars such as Peter Abelard and Jean Buridan. Aristotle's influence on logic continued well into the 19th century. In addition, his ethics, though always influential, gained renewed intere",False,True,1.0,0.5956056118011475,0.9597243219614029
baseline,13,Aristotle,Who requested Aristotle to tutor Alexander the Great?,Philip II of Macedon,Philip II of Macedon requested Aristotle to tutor Alexander the Great.,Aristotle | Aristotle | Aristotle,"After the death of Hermias, Aristotle travelled with his pupil Theophrastus to the island of Lesbos, where together they researched the botany and zoology of the island and its sheltered lagoon. While in Lesbos, Aristotle married Pythias, either Hermias's adoptive daughter or niece. They had a daughter, whom they also named Pythias. In 343 BC, Aristotle was invited by Philip II of Macedon to become the tutor to his son Alexander.

Aristotle was appointed as the head of the royal Academy of Maced",False,True,1.0,0.9503434896469116,0.00011551380157470703
baseline,14,An American in Paris,"When and where was the New York premiere of ""An American in Paris"" held?","December 13, 1928, in Carnegie Hall.","The New York premiere of ""An American in Paris"" was held on December 13, 1928, in Carnegie Hall, with Walter Damrosch conducting the New York Philharmonic.",An American in Paris | An American in Paris | Academy Awards,"An American in Paris is a jazz-influenced symphonic poem (or tone poem) for orchestra by American composer George Gershwin first performed in 1928. It was inspired by the time that Gershwin had spent in Paris and evokes the sights and energy of the French capital during the .

Gershwin scored the piece for the standard instruments of the symphony orchestra plus celesta, saxophones, and automobile horns. He brought back four Parisian taxi horns for the New York premiere of the composition, which ",False,True,1.0,0.9634442329406738,0.00026422739028930664
baseline,15,An American in Paris,"Who conducted the New York Philharmonic at the premiere of ""An American in Paris""?",Walter Damrosch.,"Walter Damrosch conducted the New York Philharmonic at the premiere of ""An American in Paris"".",An American in Paris | An American in Paris | An American in Paris,"An American in Paris is a jazz-influenced symphonic poem (or tone poem) for orchestra by American composer George Gershwin first performed in 1928. It was inspired by the time that Gershwin had spent in Paris and evokes the sights and energy of the French capital during the .

Gershwin scored the piece for the standard instruments of the symphony orchestra plus celesta, saxophones, and automobile horns. He brought back four Parisian taxi horns for the New York premiere of the composition, which ",False,True,1.0,0.970434308052063,0.0001398324966430664
baseline,16,Academy Award for Best Production Design,In which year was the award category renamed to Best Production Design?,2012,The award category was renamed to Best Production Design in 2012 for the 85th Academy Awards.,Academy Award for Best Production Design | Academy Award for Best Production Design | Academy Awards,"The Academy Award for Best Production Design recognizes achievement for art direction in film. The category's original name was Best Art Direction, but was changed to its current name in 2012 for the 85th Academy Awards. This change resulted from the Art Directors' branch of the Academy of Motion Picture Arts and Sciences (AMPAS) being renamed the Designers' branch. Since 1947, the award is shared with the set decorators. It is awarded to the best interior design in a film.

The films below are ",False,True,1.0,0.9637541770935059,7.140636444091797e-05
baseline,17,Academy Award for Best Production Design,Since what year has the Academy Award for Best Production Design been shared with set decorators?,1947,"Since 1947, the award is shared with the set decorators.",Academy Award for Best Production Design | Academy Award for Best Production Design | Academy Awards,"The Academy Award for Best Production Design recognizes achievement for art direction in film. The category's original name was Best Art Direction, but was changed to its current name in 2012 for the 85th Academy Awards. This change resulted from the Art Directors' branch of the Academy of Motion Picture Arts and Sciences (AMPAS) being renamed the Designers' branch. Since 1947, the award is shared with the set decorators. It is awarded to the best interior design in a film.

The films below are ",False,True,1.0,0.9697064757347107,3.039836883544922e-05
baseline,18,Academy Awards,On what date was the first Academy Awards presentation held?,"May 16, 1929","The first Academy Awards presentation was held on May 16, 1929.",Academy Awards | Academy Awards | Academy Awards,"The Academy Awards, mainly known as the Oscars, are awards for artistic and technical merit for the film industry. They are presented annually by the Academy of Motion Picture Arts and Sciences located in Beverly Hills, California, United States, in recognition of excellence in cinematic achievements as assessed by the Academy's voting membership. The Academy Awards are regarded by many as the most prestigious, significant awards in the entertainment industry in the United States and worldwide. ",False,True,1.0,0.9373109936714172,3.707408905029297e-05
baseline,19,Academy Awards,At which hotel was the post-awards party held after the first Academy Awards?,Mayfair Hotel,The post-awards party was held at the Mayfair Hotel.,Academy Awards | Academy Awards | Academy Awards,"Live
 The annual ""Night Before"", traditionally held at the Beverly Hills Hotel, begun in 2002 and generally known as the party of the season, benefits the Motion Picture & Television Fund, which operates a retirement home for SAG actors in the San Fernando Valley
 Elton John AIDS Foundation Academy Award Party airs the awards live at the nearby Pacific Design Center
 The Governors Ball is the Academy's official after-party, including dinner (until 2011), and is adjacent to the awards-presentatio",False,True,1.0,0.9588214159011841,8.463859558105469e-06
baseline,20,Actrius,"In what year was the film ""Actrius"" produced?",1996,"The film ""Actrius"" was produced in 1996.",Actrius | Actaeon | Actaeon,"Actresses (Catalan: Actrius) is a 1997 Catalan language Spanish drama film produced and directed by Ventura Pons and based on the award-winning stage play E.R. by Josep Maria Benet i Jornet. The film has no male actors, with all roles played by females. The film was produced in 1996.

Synopsis 
In order to prepare herself to play a role commemorating the life of legendary actress Empar Ribera, young actress (Mercè Pons) interviews three established actresses who had been the Ribera's pupils: the",False,True,1.0,0.9825837016105652,3.063678741455078e-05
baseline,21,Actrius,Which actress portrayed the character Glòria Marc in the film?,Núria Espert,"The actress who portrayed the character Glòria Marc in the film ""Actrius"" was Núria Espert.",Alfred Hitchcock | Actrius | List of Atlas Shrugged characters,"In Rear Window, Lisa (Grace Kelly) risks her life by breaking into Lars Thorwald's apartment. In To Catch a Thief, Francie (also Kelly) offers to help a man she believes is a burglar. In Vertigo and North by Northwest respectively, Kim Novak and Eva Marie Saint play the blonde heroines. In Psycho, Janet Leigh's character steals $40,000 and is murdered by Norman Bates, a reclusive psychopath. Tippi Hedren, a blonde, appears to be the focus of the attacks in The Birds. In Marnie, the title charact",False,True,1.0,0.9333698153495789,8.344650268554688e-06
baseline,22,Animalia (book),In what year was the original edition of Animalia first published?,1986,The original edition of Animalia was first published in 1986.,Animalia (book) | Animal Farm | Animal Farm,"Animalia is an illustrated children's book by Graeme Base. It was originally published in 1986, followed by a tenth anniversary edition in 1996, and a 25th anniversary edition in 2012. Over four million copies have been sold worldwide. A special numbered and signed anniversary edition was also published in 1996, with an embossed gold jacket.

Synopsis
Animalia is an alliterative alphabet book and contains twenty-six illustrations, one for each letter of the alphabet. Each illustration features a",False,True,1.0,0.9757876992225647,1.1682510375976562e-05
baseline,23,Animalia (book),How many copies of Animalia have been sold worldwide?,Over four million copies,Over four million copies have been sold worldwide.,Animalia (book) | Anime | ABBA,"Animalia is an illustrated children's book by Graeme Base. It was originally published in 1986, followed by a tenth anniversary edition in 1996, and a 25th anniversary edition in 2012. Over four million copies have been sold worldwide. A special numbered and signed anniversary edition was also published in 1996, with an embossed gold jacket.

Synopsis
Animalia is an alliterative alphabet book and contains twenty-six illustrations, one for each letter of the alphabet. Each illustration features a",False,True,1.0,0.9908772110939026,0.001775205135345459
baseline,24,International Atomic Time,How many atomic clocks are used in the weighted average that defines International Atomic Time (TAI)?,over 450 atomic clocks,Over 450 atomic clocks are used in the weighted average that defines International Atomic Time (TAI).,International Atomic Time | International Atomic Time | International Atomic Time,"International Atomic Time (abbreviated TAI, from its French name ) is a high-precision atomic coordinate time standard based on the notional passage of proper time on Earth's geoid. TAI is a weighted average of the time kept by over 450 atomic clocks in over 80 national laboratories worldwide. It is a continuous scale of time, without leap seconds, and it is the principal realisation of Terrestrial Time (with a fixed offset of epoch). It is the basis for Coordinated Universal Time (UTC), which i",False,True,1.0,0.9742259979248047,0.0009472966194152832
baseline,25,International Atomic Time,By how many seconds does Coordinated Universal Time (UTC) currently lag behind TAI?,exactly 37 seconds behind TAI,Coordinated Universal Time (UTC) is currently exactly 37 seconds behind International Atomic Time (TAI).,International Atomic Time | International Atomic Time | International Atomic Time,"International Atomic Time (abbreviated TAI, from its French name ) is a high-precision atomic coordinate time standard based on the notional passage of proper time on Earth's geoid. TAI is a weighted average of the time kept by over 450 atomic clocks in over 80 national laboratories worldwide. It is a continuous scale of time, without leap seconds, and it is the principal realisation of Terrestrial Time (with a fixed offset of epoch). It is the basis for Coordinated Universal Time (UTC), which i",False,True,1.0,0.9218862652778625,0.0007408261299133301
baseline,26,Altruism,"Who popularized the word ""altruism"" and possibly coined it?",The French philosopher Auguste Comte.,"Auguste Comte popularized the word ""altruism"" and possibly coined it.",Altruism | Altruism | Altruism,"Altruism is the principle and practice of concern for the well-being and/or happiness of other humans or animals. While objects of altruistic concern vary, it is an important moral value in many cultures and religions. It may be considered a synonym of selflessness, the opposite of selfishness.

The word altruism was popularized (and possibly coined) by the French philosopher Auguste Comte in French, as , for an antonym of egoism. He derived it from the Italian , which in turn was derived from L",False,True,0.5,0.9745029211044312,0.00020104646682739258
baseline,27,Altruism,"What does the Latin word ""alteri,"" from which ""altruism"" is derived, mean?","""Other people"" or ""somebody else"".","The Latin word ""alteri,"" from which ""altruism"" is derived, means ""other people"" or ""somebody else.""",Altruism | Altruism | Altruism,"Altruism is the principle and practice of concern for the well-being and/or happiness of other humans or animals. While objects of altruistic concern vary, it is an important moral value in many cultures and religions. It may be considered a synonym of selflessness, the opposite of selfishness.

The word altruism was popularized (and possibly coined) by the French philosopher Auguste Comte in French, as , for an antonym of egoism. He derived it from the Italian , which in turn was derived from L",False,True,1.0,0.8365264534950256,0.0030693411827087402
baseline,28,Ayn Rand,In what year did Ayn Rand move to the United States?,1926,1926,Ayn Rand | Ayn Rand | Ayn Rand,"She was 12 when the October Revolution and the rule of the Bolsheviks under Vladimir Lenin disrupted her family's lives. Her father's pharmacy was nationalized, and the family fled to the city of Yevpatoria in Crimea, which was initially under the control of the White Army during the Russian Civil War. After graduating high school there in June 1921, she returned with her family to Petrograd (as Saint Petersburg was then named), where they faced desperate conditions, occasionally nearly starving",False,True,1.0,0.6409434080123901,0.9961829502135515
baseline,29,Ayn Rand,What novel did Ayn Rand publish in 1957?,Atlas Shrugged,Ayn Rand published the novel Atlas Shrugged in 1957.,Ayn Rand | Ayn Rand | Ayn Rand,"Alice O'Connor (born Alisa Zinovyevna Rosenbaum; , 1905 – March 6, 1982), better known by her pen name Ayn Rand (), was a Russian-born American writer and public philosopher. She is known for her fiction and for developing a philosophical system she named Objectivism. Born and educated in Russia, she moved to the United States in 1926. After two early novels that were initially unsuccessful and two Broadway plays, she achieved fame with her 1943 novel, The Fountainhead. In 1957, Rand published h",False,True,1.0,0.9729812145233154,2.86102294921875e-06
baseline,30,Alain Connes,When was Alain Connes born?,1 April 1947,Alain Connes was born on 1 April 1947.,Alain Connes | Alain Connes | Alain Connes,"Alain Connes (; born 1 April 1947 in Draguignan) is a French mathematician, known for his contributions to the study of operator algebras and noncommutative geometry. He is a professor at the , , Ohio State University and Vanderbilt University. He was awarded the Fields Medal in 1982.

Career
Alain Connes attended high school at  in Marseille, and was then a student of the classes préparatoires in . Between 1966 and 1970 he studed at École normale supérieure in Paris, and in 1973 he obtained a P",False,True,1.0,0.9683959484100342,1.1682510375976562e-05
baseline,31,Alain Connes,What award did Alain Connes receive in 1982?,Fields Medal,The Fields Medal,Alain Connes | Alain Connes | Alain Connes,"He also introduced cyclic cohomology in the early 1980s as a first step in the study of noncommutative differential geometry.

He was a member of Nicolas Bourbaki.

Awards and honours

Connes was awarded the Peccot-Vimont Prize in 1976, the Ampère Prize in 1980, the Fields Medal in 1982, the Clay Research Award in 2000 and the Crafoord Prize in 2001. The French National Centre for Scientific Research granted him the silver medal in 1977 and the gold medal in 2004.

He was an invited speaker at t",False,True,1.0,0.9115312695503235,0.9726495016366243
baseline,32,Allan Dwan,What was Allan Dwan's birth name?,Joseph Aloysius Dwan,Joseph Aloysius Dwan,Allan Dwan | Allan Dwan | Allan Dwan,"Allan Dwan (born Joseph Aloysius Dwan; April 3, 1885 – December 28, 1981) was a pioneering Canadian-born American motion picture director, producer, and screenwriter.

Early life
Born Joseph Aloysius Dwan in Toronto, Ontario, Canada, Dwan was the younger son of commercial traveler of woolen clothing Joseph Michael Dwan (1857–1917) and his wife Mary Jane Dwan (née Hunt). The family moved to the United States when he was seven years old on December 4, 1892, by ferry from Windsor to Detroit, accord",False,True,1.0,0.8274779915809631,0.9878762448206544
baseline,33,Allan Dwan,In what year did Allan Dwan become the founding president of the East Coast chapter of the Motion Picture Directors Association?,1917,1917,Allan Dwan | Allan Dwan | Allan Dwan,"Allan Dwan (born Joseph Aloysius Dwan; April 3, 1885 – December 28, 1981) was a pioneering Canadian-born American motion picture director, producer, and screenwriter.

Early life
Born Joseph Aloysius Dwan in Toronto, Ontario, Canada, Dwan was the younger son of commercial traveler of woolen clothing Joseph Michael Dwan (1857–1917) and his wife Mary Jane Dwan (née Hunt). The family moved to the United States when he was seven years old on December 4, 1892, by ferry from Windsor to Detroit, accord",False,True,1.0,0.41189640760421753,0.9994663071702234
baseline,34,Algeria,What is the capital and largest city of Algeria?,Algiers,Algiers,Algeria | Algeria | Algeria,"Algeria, officially the People's Democratic Republic of Algeria, is a country in North Africa. Algeria is bordered to the northeast by Tunisia; to the east by Libya; to the southeast by Niger; to the southwest by Mali, Mauritania, and Western Sahara; to the west by Morocco; and to the north by the Mediterranean Sea. It is considered part of the Maghreb region of North Africa. It has a semi-arid geography, with most of the population living in the fertile north and the Sahara dominating the geogr",False,True,1.0,0.774211585521698,0.9960160297341645
baseline,35,Algeria,What is the population of Algeria as stated in the passage?,44 million,"The population of Algeria, according to the passage, is 44 million.",Algeria | Algeria | Algeria,"Algeria, officially the People's Democratic Republic of Algeria, is a country in North Africa. Algeria is bordered to the northeast by Tunisia; to the east by Libya; to the southeast by Niger; to the southwest by Mali, Mauritania, and Western Sahara; to the west by Morocco; and to the north by the Mediterranean Sea. It is considered part of the Maghreb region of North Africa. It has a semi-arid geography, with most of the population living in the fertile north and the Sahara dominating the geogr",False,True,1.0,0.9804147481918335,3.075599670410156e-05
baseline,36,List of Atlas Shrugged characters,What position does Dagny Taggart hold at Taggart Transcontinental?,She is vice-president in Charge of Operations for Taggart Transcontinental.,Dagny Taggart holds the position of Top Co-ordinator at Taggart Transcontinental.,List of Atlas Shrugged characters | List of Atlas Shrugged characters | List of Atlas Shrugged characters,"Laura Bradford is an actress and Kip Chalmers' mistress. She is one of the passengers on his train, and dies in the Taggart Tunnel disaster.
Bill Brent is the chief dispatcher for the Colorado Division of Taggart Transcontinental, who tries to prevent the Taggart Tunnel disaster.
Cherryl Brooks is a dime store shopgirl who marries James Taggart after a chance encounter in her store the night the John Galt Line was falsely deemed his greatest success. She marries him thinking he is the heroic per",False,True,0.2857142857142857,0.8939893841743469,9.059906005859375e-06
baseline,37,List of Atlas Shrugged characters,What is the full name of Francisco d'Anconia as given in the passage?,Francisco Domingo Carlos Andres Sebastián d'Anconia,Francisco d'Anconia is not mentioned in the provided text.,Ankara | Ankara | April 15,"In 303, Ancyra was one of the towns where the co-emperors Diocletian and his deputy Galerius launched their anti-Christian persecution. In Ancyra, their first target was the 38-year-old Bishop of the town, whose name was Clement. Clement's life describes how he was taken to Rome, then sent back, and forced to undergo many interrogations and hardship before he, and his brother, and various companions were put to death. The remains of the church of St. Clement can be found today in a building just",True,False,0.375,,
baseline,38,Anthropology,Which subfield of anthropology studies how language influences social life?,Linguistic anthropology,Linguistic anthropology,Anthropology | Anthropology | Anthropology,"Comparison across cultures is a key element of method in sociocultural anthropology, including the industrialized (and de-industrialized) West. The Standard Cross-Cultural Sample (SCCS) includes 186 such cultures.

Biological

Biological anthropology and physical anthropology are synonymous terms to describe anthropological research focused on the study of humans and non-human primates in their biological, evolutionary, and demographic dimensions. It examines the biological and social factors th",False,True,1.0,0.9613831043243408,0.9810037724673748
baseline,39,Anthropology,"In which regions is archaeological anthropology considered a branch of anthropology, and how is it viewed in Europe?","It is considered a branch of anthropology in North America and Asia, while in Europe it is viewed as a discipline in its own right or grouped under other related disciplines such as history and palaeontology.","Archaeological anthropology is considered a branch of anthropology in North America and Asia. In Europe, archaeology is viewed as a discipline in its own right or grouped under other related disciplines, such as history and palaeontology.",Anthropology | Anthropology | Anthropology,"Anthropology is the scientific study of humanity, concerned with human behavior, human biology, cultures, societies, and linguistics, in both the present and past, including past human species. Social anthropology studies patterns of behavior, while cultural anthropology studies cultural meaning, including norms and values. A portmanteau term sociocultural anthropology is commonly used today. Linguistic anthropology studies how language influences social life. Biological or physical anthropology",False,True,0.95,0.9834718704223633,0.6203916668891907
baseline,40,Agricultural science,Who conducted experiments on the use of gypsum as a fertilizer in the 18th century?,Johann Friedrich Mayer,Johann Friedrich Mayer conducted experiments on the use of gypsum (hydrated calcium sulphate) as a fertilizer in the 18th century.,Agricultural science | Agriculture | Alchemy,"Agricultural science (or agriscience for short) is a broad multidisciplinary field of biology that encompasses the parts of exact, natural, economic and social sciences that are used in the practice and understanding of agriculture. Professionals of the agricultural science are called agricultural scientists or agriculturists.

History

In the 18th century, Johann Friedrich Mayer conducted experiments on the use of gypsum (hydrated calcium sulphate) as a fertilizer.

In 1843, John Bennet Lawes a",False,True,1.0,0.9854251742362976,0.0002942681312561035
baseline,41,Agricultural science,"Which 1887 act used the term ""agricultural science"" and began a scientific revolution in United States agriculture?",The Hatch Act of 1887,"The 1887 Hatch Act of the United States used the term ""agricultural science"" and began a scientific revolution in U.S. agriculture.",Agricultural science | Agriculture | Agriculture,"Agricultural science (or agriscience for short) is a broad multidisciplinary field of biology that encompasses the parts of exact, natural, economic and social sciences that are used in the practice and understanding of agriculture. Professionals of the agricultural science are called agricultural scientists or agriculturists.

History

In the 18th century, Johann Friedrich Mayer conducted experiments on the use of gypsum (hydrated calcium sulphate) as a fertilizer.

In 1843, John Bennet Lawes a",False,True,1.0,0.9781930446624756,6.949901580810547e-05
baseline,42,Alchemy,Which regions historically practiced alchemy according to the passage?,"China, India, the Muslim world, and Europe.","According to the passage, alchemy was practiced in several regions:

1. **China**: Historically, alchemy was closely connected to Taoist forms of traditional Chinese medicine.
2. **India**: There was historical connection between Indian alchemy and the Dharmic faiths.
3. **Muslim World**: Alchemy was practiced in the Muslim world.
4. **Europe**: Alchemy was practiced in Europe, particularly after the introduction of alchemical ideas via translations and scholarly exchanges.

These regions collectively represent the historical centers of alchemical activity across different cultures and traditions.",Alchemy | Alchemy | Alchemy,"From China, the use of gunpowder spread to Japan, the Mongols, the Muslim world, and Europe. Gunpowder was used by the Mongols against the Hungarians in 1241, and in Europe by the 14th century.

Chinese alchemy was closely connected to Taoist forms of traditional Chinese medicine, such as Acupuncture and Moxibustion. In the early Song dynasty, followers of this Taoist idea (chiefly the elite and upper class) would ingest mercuric sulfide, which, though tolerable in low levels, led many to suicid",False,True,1.0,0.2146654576063156,0.022414207458496094
baseline,43,Alchemy,What were common aims of alchemists mentioned in the passage?,"Chrysopoeia (transmuting base metals like lead into noble metals such as gold), creating an elixir of immortality, and creating panaceas able to cure any disease.","The common aims of alchemists mentioned in the passage include:

1. Transmuting base substances into gold.
2. Creating a divine body (Sanskrit divya-deham).
3. Achieving immortality while still embodied (Sanskrit jīvan-mukti).
4. Manipulating mercury and sulfur.
5. Exploring the connection between eternal life and gold.
6. Transcending the limitations of human mortality.",Alchemy | Alchemy | Alchemy,"After AD 400, Greek alchemical writers occupied themselves solely in commenting on the works of these predecessors. By the middle of the 7th century alchemy was almost an entirely mystical discipline. It was at that time that Khalid Ibn Yazid sparked its migration from Alexandria to the Islamic world, facilitating the translation and preservation of Greek alchemical texts in the 8th and 9th centuries.

Byzantium 
Greek alchemy was preserved in medieval Byzantine manuscripts after the fall of Egy",False,True,0.3333333333333333,0.7512334585189819,0.004399418830871582
baseline,44,Alien,Which 1979 film in the Alien franchise was directed by Ridley Scott?,Alien (film),"Alien (film), a 1979 film by Ridley Scott",Alien | Alien | Alien,"(anthology) a 1980 anthology of science fiction edited by Gardner Dozois and Jack Dann
 The Alien (novel), the eighth book in the Animorphs series by Katherine Applegate
 The Aliens (play), a 2010 play by Annie Baker

Music

Performers 
 Alien (band), a 1980s Swedish rock group
 The Aliens (Australian band), a 1970s new wave group
 The Aliens (Scottish band), a 2005–2008 rock group
 The Aliens, the backing band for the American musician Jared Louche on his 1999 solo debut album Covergirl

Albums",False,True,1.0,0.9945540428161621,0.07578974962234497
baseline,45,Alien,What is AliEn (ALICE Environment) described as in the passage?,a grid framework,A grid framework,Alien | Alternate history | Aristophanes,"Alien primarily refers to:
 Alien (law), a person in a country who is not a national of that country
 Enemy alien, the above in times of war
 Extraterrestrial life, life which does not originate from Earth
 Specifically, a lifeform with extraterrestrial intelligence
 For fictional extraterrestrial life, see Extraterrestrials in fiction
 Introduced species, a species not native to its environment

Alien(s), or The Alien(s) may also refer to:

Science and technology 
 AliEn (ALICE Environment), a ",False,True,1.0,0.9960399866104126,0.39495915174484253
baseline,46,Astronomer,What are the two main types of astronomers described in the passage?,Observational and theoretical.,"The two main types of astronomers described in the passage are:

1. **Observational astronomers** - These scientists make direct observations of celestial objects and analyze the data.
2. **Theoretical astronomers** - These scientists create and investigate models of things that cannot be directly observed.",Astronomer | Aquarius (constellation) | Astrometry,"An astronomer is a scientist in the field of astronomy who focuses their studies on a specific question or field outside the scope of Earth. They observe astronomical objects such as stars, planets, moons, comets and galaxies – in either observational (by analyzing the data) or theoretical astronomy. Examples of topics or fields astronomers study include planetary science, solar astronomy, the origin or evolution of stars, or the formation of galaxies. A related but distinct subject is physical ",False,True,1.0,0.8827938437461853,0.0034296512603759766
baseline,47,Astronomer,"Which subject studies the Universe as a whole, according to the passage?",Physical cosmology.,Physical cosmology,Arthur Schopenhauer | Astronomer | Anaximander,"The very being in-itself of all things, Schopenhauer argues, is will (Wille). The empirical world that appears to us as representation has plurality and is ordered in a spatio-temporal framework. The world as thing in-itself must exist outside the subjective forms of space and time. Although the world manifests itself to our experience as a multiplicity of objects (the ""objectivation"" of the will), each element of this multiplicity has the same blind essence striving towards existence and life. ",False,True,1.0,0.9752623438835144,0.9397476762533188
baseline,48,ASCII,In what year was the first edition of the ASCII standard published?,1963,The first edition of the ASCII standard was published in 1963.,ASCII | ASCII | ASCII,"ASCII ( ), abbreviated from American Standard Code for Information Interchange, is a character encoding standard for electronic communication. ASCII codes represent text in computers, telecommunications equipment, and other devices. Because of technical limitations of computer systems at the time it was invented, ASCII has just 128 code points, of which only 95 are , which severely limited its scope. Modern computer systems have evolved to use Unicode, which has millions of code points, but the ",False,True,1.0,0.960527777671814,1.0132789611816406e-05
baseline,49,ASCII,Which organization prefers the name US-ASCII for this character encoding?,The Internet Assigned Numbers Authority (IANA),The Internet Assigned Numbers Authority (IANA) prefers the name US-ASCII for this character encoding.,ASCII | ASCII | ASCII,"ASCII ( ), abbreviated from American Standard Code for Information Interchange, is a character encoding standard for electronic communication. ASCII codes represent text in computers, telecommunications equipment, and other devices. Because of technical limitations of computer systems at the time it was invented, ASCII has just 128 code points, of which only 95 are , which severely limited its scope. Modern computer systems have evolved to use Unicode, which has millions of code points, but the ",False,True,1.0,0.9630897641181946,0.0005804300308227539
baseline,50,Animation,"In traditional animation, on what type of sheets are images drawn or painted by hand?",transparent celluloid sheets (cels),"In traditional animation, images are drawn or painted by hand on transparent celluloid sheets called cels.",Animation | Animation | Animation,"Animators, like all artists, necessarily have individual styles, but must subordinate their individuality in a consistent way to whatever style is employed on a particular film. Since the early 1980s, teams of about 500 to 600 people, of whom 50 to 70 are animators, typically have created feature-length animated films. It is relatively easy for two or three artists to match their styles; synchronizing those of dozens of artists is more difficult.

This problem is usually solved by having a separ",False,True,1.0,0.9914074540138245,0.0030693411827087402
baseline,51,Animation,What does the abbreviation CGI stand for according to the passage?,computer-generated imagery,"According to the passage, the abbreviation CGI stands for ""Common Gateway Interface.""",ASCII | Abbreviation | Ambiguity,"The File Transfer Protocol adopted the Telnet protocol, including use of the Network Virtual Terminal, for use when transmitting commands and transferring data in the default ASCII mode. This adds complexity to implementations of those protocols, and to other network protocols, such as those used for E-mail and the World Wide Web, on systems not using the NVT's CR-LF line-ending convention.

End of file/stream
The PDP-6 monitor, and its PDP-10 successor TOPS-10, used control-Z (SUB) as an end-of",False,False,0.0,0.09129926562309265,0.002034783363342285
baseline,52,Apollo,Who are Apollo's parents according to the passage?,Zeus and Leto,"According to the passage, Apollo's parents are Zeus and Leto.",Apollo | Apollo | Apollo,"Chiron would later become a great teacher himself.

Asclepius in his childhood gained much knowledge pertaining to medicinal arts from his father. However, he was later entrusted to Chiron for further education.

Anius, Apollo's son by Rhoeo, was abandoned by his mother soon after his birth. Apollo brought him up and educated him in mantic arts. Anius later became the priest of Apollo and the king of Delos.

Iamus was the son of Apollo and Evadne. When Evadne went into labour, Apollo sent the Mo",False,True,1.0,0.466065376996994,0.00017130374908447266
baseline,53,Apollo,What name is Apollo known by in Greek-influenced Etruscan mythology?,Apulu,Apulu,Apollo | Apollo | Apollo,"Apollo or Apollon is one of the  Olympian deities in classical Greek and Roman religion and Greek and Roman mythology. Apollo has been recognized as a god of archery, music and dance, truth and prophecy, healing and diseases, the Sun and light, poetry, and more. One of the most important and complex of the Greek gods, he is the son of Zeus and Leto, and the twin brother of Artemis, goddess of the hunt. He is considered to be the most beautiful god and is represented as the ideal of the kouros (e",False,True,1.0,0.9028342962265015,0.9983450758736581
baseline,54,Andre Agassi,In what year did Andre Agassi first reach the world No. 1 ranking?,1995,1995,Andre Agassi | Andre Agassi | Andre Agassi,"Andre Kirk Agassi ( ; born April 29, 1970) is an American former world No. 1 tennis player. He is an eight-time major champion and an Olympic gold medalist, as well as a runner-up in seven other majors. Agassi is widely considered one of the greatest tennis players of all time.

Agassi is the second of five men to achieve the career Grand Slam in the Open Era and the fifth of eight overall to make the achievement. He is also the first of two men to achieve the career Golden Slam (career Grand Sl",False,True,1.0,0.48004794120788574,0.9974540523253381
baseline,55,Andre Agassi,How many Masters titles did Andre Agassi win?,17,"According to the provided context, Andre Agassi won 17 Masters titles.",Andre Agassi | Andre Agassi | Andre Agassi,"At this time Agassi was also in a failing marriage with actress, model, and socialite Brooke Shields and had lost interest in the game. He won no top-level titles, and his ranking sank to No. 141 on November 10, 1997, prompting many to believe that his run as one of the sport's premier competitors was over and he would never again win any significant tournaments.

1998–2003: Return to glory and Career Super Slam

In 1998, Agassi began a rigorous conditioning program and worked his way back up th",False,True,1.0,0.9576877355575562,2.2530555725097656e-05
baseline,56,Austroasiatic languages,How many Austroasiatic languages does Ethnologue identify?,168,Ethnologue identifies 168 Austroasiatic languages.,Austroasiatic languages | Austroasiatic languages | Austroasiatic languages,"The Austroasiatic languages   are a large language family spoken throughout mainland Southeast Asia, South Asia and East Asia. These languages are natively spoken by the majority of the population in Vietnam and Cambodia, and by minority populations scattered throughout parts of Thailand, Laos, India, Myanmar, Malaysia, Bangladesh, Nepal, and southern China. Approximately 117 million people speak an Austroasiatic language, of which more than two-thirds are Vietnamese speakers. Of the Austroasiat",False,True,1.0,0.9819676876068115,1.2874603271484375e-05
baseline,57,Austroasiatic languages,"Which Austroasiatic languages are presently considered national languages of sovereign states, and in which countries are they official?",Vietnamese in Vietnam and Khmer in Cambodia,"Only Vietnamese, Khmer, and Mon have lengthy, established presences in the historical record and are currently considered to be the national languages of sovereign states. Vietnamese is the national language of Vietnam, and Khmer is the national language of Cambodia.",Austroasiatic languages | Austroasiatic languages | Austroasiatic languages,"The Austroasiatic languages   are a large language family spoken throughout mainland Southeast Asia, South Asia and East Asia. These languages are natively spoken by the majority of the population in Vietnam and Cambodia, and by minority populations scattered throughout parts of Thailand, Laos, India, Myanmar, Malaysia, Bangladesh, Nepal, and southern China. Approximately 117 million people speak an Austroasiatic language, of which more than two-thirds are Vietnamese speakers. Of the Austroasiat",False,True,1.0,0.9834581613540649,0.19582462310791016
baseline,58,Afroasiatic languages,Approximately how many languages are included in the Afroasiatic language family?,about 400 languages,Approximately 400 languages are included in the Afroasiatic language family.,Afroasiatic languages | Afroasiatic languages | Afroasiatic languages,"The Afroasiatic languages (or Afro-Asiatic, sometimes Afrasian), also known as Hamito-Semitic or Semito-Hamitic, are a language family (or ""phylum"") of about 400 languages spoken predominantly in West Asia, North Africa, the Horn of Africa, and parts of the Sahara and Sahel. Over 500 million people are native speakers of an Afroasiatic language, constituting the fourth-largest language family after Indo-European, Sino-Tibetan, and Niger–Congo. Most linguists divide the family into six branches: ",False,True,0.6666666666666666,0.9930260181427002,0.0001366138458251953
baseline,59,Afroasiatic languages,"Which Afroasiatic language has the greatest number of native speakers, and roughly how many does it have?","Arabic, with around 300 million native speakers","The Afroasiatic language with the greatest number of native speakers is Hausa, with approximately 80 to 100 million first and second language speakers.",Afroasiatic languages | Afroasiatic languages | Afroasiatic languages,"The Afroasiatic languages (or Afro-Asiatic, sometimes Afrasian), also known as Hamito-Semitic or Semito-Hamitic, are a language family (or ""phylum"") of about 400 languages spoken predominantly in West Asia, North Africa, the Horn of Africa, and parts of the Sahara and Sahel. Over 500 million people are native speakers of an Afroasiatic language, constituting the fourth-largest language family after Indo-European, Sino-Tibetan, and Niger–Congo. Most linguists divide the family into six branches: ",False,True,0.5,0.9742516875267029,0.001075446605682373
baseline,60,Andorra,Who are the two co‑princes that currently head Andorra?,"the bishop of Urgell in Catalonia, Spain and the president of France","The two co-princes that currently head Andorra are:

1. The Bishop of Urgell
2. The President of France",Andorra | Andorra | Andorra,"In 1989 the Principality signed an agreement with the European Economic Community to regularize trade relations.

Its political system was modernized in 1993 after the Andorran constitutional referendum, when the constitution was drafted by the co-princes and the General Council and approved on 14 March by 74.2% of voters, with a 76% turnout. The first elections under the new constitution were held later in the year. The same year, Andorra became a member of the United Nations and the Council of",False,True,0.6666666666666666,0.9355717897415161,0.000975489616394043
baseline,61,Andorra,What is the official language of Andorra?,Catalan,The official language of Andorra is Catalan.,Andorra | Andorra | Andorra,"Languages

According to mother tongue percentage statistics by the Andorran Government released in 2018:

The historic and official language is Catalan, a Romance language. The Andorran government encourages the use of Catalan. It funds a Commission for Catalan Toponymy in Andorra (Catalan: ), and provides free Catalan classes to assist immigrants. Andorran television and radio stations use Catalan.

Because of immigration, historical links, and close geographic proximity, Spanish, Portuguese an",False,True,1.0,0.9802013039588928,9.918212890625e-05
baseline,62,Arithmetic mean,What is the arithmetic mean defined as in mathematics and statistics?,It is the sum of a collection of numbers divided by the count of numbers in the collection.,The arithmetic mean is defined as the sum of a collection of numbers divided by the count of numbers in the collection. It is also known as the mean or average.,Arithmetic mean | Arithmetic mean | Arithmetic mean,"In mathematics and statistics, the arithmetic mean ( ), arithmetic average, or just the mean or average (when the context is clear) is the sum of a collection of numbers divided by the count of numbers in the collection. The collection is often a set of results from an experiment, an observational study, or a survey. The term ""arithmetic mean"" is preferred in some mathematics and statistics contexts because it helps distinguish it from other types of means, such as geometric and harmonic.

In ad",False,True,1.0,0.9795851707458496,0.2522919178009033
baseline,63,Arithmetic mean,"Why is the term ""arithmetic mean"" preferred in some mathematics and statistics contexts?","Because it helps distinguish it from other types of means, such as geometric and harmonic.","The term ""arithmetic mean"" is preferred in some mathematics and statistics contexts because it helps distinguish it from other types of means, such as geometric and harmonic, which are important in their own right but might be less familiar to students who are new to the subject.",Arithmetic mean | Arithmetic mean | Arithmetic mean,"In mathematics and statistics, the arithmetic mean ( ), arithmetic average, or just the mean or average (when the context is clear) is the sum of a collection of numbers divided by the count of numbers in the collection. The collection is often a set of results from an experiment, an observational study, or a survey. The term ""arithmetic mean"" is preferred in some mathematics and statistics contexts because it helps distinguish it from other types of means, such as geometric and harmonic.

In ad",False,True,1.0,0.21679078042507172,0.22979438304901123
baseline,64,American Football Conference,How many teams are in each conference of the NFL?,Each conference contains 16 teams.,There are 16 teams in each conference of the NFL.,American Football Conference | American Football Conference | American Football Conference,"The American Football Conference (AFC) is one of the two conferences of the National Football League (NFL), the highest professional level of American football in the United States. The AFC and its counterpart, the National Football Conference (NFC), each contain 16 teams with 4 divisions. Both conferences were created as part of the 1970 merger between the National Football League, and the American Football League (AFL). All ten of the AFL teams, and three NFL teams, became members of the new A",False,True,0.8,0.9799219369888306,7.510185241699219e-05
baseline,65,American Football Conference,Which team is the current AFC champion and which team did they defeat in the 2022 AFC Championship Game?,"The Kansas City Chiefs are the current AFC champions, and they defeated the Cincinnati Bengals.","The current AFC champion is the Kansas City Chiefs, who defeated the Cincinnati Bengals in the 2022 AFC Championship Game for their third conference championship.",American Football Conference | American Football Conference | American Football Conference,"The American Football Conference (AFC) is one of the two conferences of the National Football League (NFL), the highest professional level of American football in the United States. The AFC and its counterpart, the National Football Conference (NFC), each contain 16 teams with 4 divisions. Both conferences were created as part of the 1970 merger between the National Football League, and the American Football League (AFL). All ten of the AFL teams, and three NFL teams, became members of the new A",False,True,0.8,0.9813597202301025,1.704692840576172e-05
baseline,66,Animal Farm,On what date was Animal Farm first published in England?,17 August 1945,"August 17, 1945",Animal Farm | Animal Farm | Animal Farm,"Animal Farm is a beast fable, in the form of a satirical allegorical novella, by George Orwell, first published in England on 17 August 1945. It tells the story of a group of anthropomorphic farm animals who rebel against their human farmer, hoping to create a society where the animals can be equal, free, and happy. Ultimately, the rebellion is betrayed and, under the dictatorship of a pig named Napoleon, the farm ends up in a state as bad as it was before.

According to Orwell, Animal Farm refl",False,True,1.0,0.9519075155258179,0.9972850147169083
baseline,67,Animal Farm,What is the name of the pig who becomes the dictator after the rebellion?,Napoleon,Napoleon,Animal Farm | Animal Farm | Animal Farm,"His skull being put on revered public display recalls Lenin, whose embalmed body was left in indefinite repose. By the end of the book, the skull is reburied.
 Napoleon – ""A large, rather fierce-looking Berkshire boar, the only Berkshire on the farm, not much of a talker, but with a reputation for getting his own way"". An allegory of Joseph Stalin, Napoleon is the leader of Animal Farm.
 Snowball – Napoleon's rival and original head of the farm after Jones's overthrow. His life parallels that of",False,True,1.0,0.7882719039916992,0.996062261518091
baseline,68,Amphibian,How many living orders are in the subclass Lissamphibia?,"Three (Anura, Urodela, and Gymnophiona).","There are three living orders in the subclass Lissamphibia: Anura (frogs), Caudata (salamanders), and Gymnophiona (caecilians).",Alismatales | Amphibian | Amphibian,"The Dahlgren system places the Alismatales in the superorder Alismatanae in the subclass Liliidae [= monocotyledons] in the class Magnoliopsida [= angiosperms] with the following families included:
  Alismataceae
  Aponogetonaceae
  Butomaceae
  Hydrocharitaceae
  Limnocharitaceae

In Tahktajan's classification (1997), the order Alismatales contains only the Alismataceae and Limnocharitaceae, making it equivalent to the Alismataceae as revised in APG-III. Other families included in the Alismatat",False,True,0.75,0.9182742834091187,0.0026061534881591797
baseline,69,Amphibian,What secondary respiratory surface do some small terrestrial salamanders and frogs rely on entirely?,Their skin.,Some small terrestrial salamanders and frogs rely on cutaneous gas exchange entirely.,Amphibian | Anatomy | Amphibian,"Most amphibians swallow their prey whole without much chewing so they possess voluminous stomachs. The short oesophagus is lined with cilia that help to move the food to the stomach and mucus produced by glands in the mouth and pharynx eases its passage. The enzyme chitinase produced in the stomach helps digest the chitinous cuticle of arthropod prey.

Amphibians possess a pancreas, liver and gall bladder. The liver is usually large with two lobes. Its size is determined by its function as a gly",False,True,0.0,0.5524204969406128,6.604194641113281e-05
baseline,70,Alaska,What was Alaska's population as of 2020?,"736,081","733,391",Alaska | Alaska | Alaska,"Owing to the low population density, most of the land is located in the Unorganized Borough. As the name implies, it has no intermediate borough government but is administered directly by the state government. In 2000, 57.71% of Alaska's area has this status, with 13.05% of the population.

Anchorage merged the city government with the Greater Anchorage Area Borough in 1975 to form the Municipality of Anchorage, containing the city proper and the communities of Eagle River, Chugiak, Peters Creek",False,True,0.0,0.6458384990692139,0.9900250788778067
baseline,71,Alaska,What is the state capital of Alaska?,Juneau,The state capital of Alaska is Juneau.,Alaska | Alaska | Alaska,"Alaska ( ) is a non-contiguous U.S. state on the northwest extremity of North America. It borders British Columbia and Yukon in Canada to the east and it shares a western maritime border in the Bering Strait with Russia's Chukotka Autonomous Okrug. The Chukchi and Beaufort Seas of the Arctic Ocean lie to the north and the Pacific Ocean lies to the south. Technically a semi-exclave of the U.S., Alaska is the largest exclave in the world.

Alaska is the largest U.S. state by area, comprising more ",False,True,1.0,0.972657322883606,3.6716461181640625e-05
baseline,72,Agriculture,What proportion of the world's farmland is operated by the largest one percent of farms?,more than 70 percent,Over 70 percent of the world's farmland is operated by the largest one percent of farms.,Agriculture | Agriculture | Agriculture,"Agriculture encompasses crop and livestock production, aquaculture, fisheries and forestry for food and non-food products. Agriculture was the key development in the rise of sedentary human civilization, whereby farming of domesticated species created food surpluses that enabled people to live in cities. While humans started gathering grains at least 105,000 years ago, nascent farmers only began planting them around 11,500 years ago. Sheep, goats, pigs and cattle were domesticated around 10,000 ",False,True,0.5,0.9797847270965576,0.0009528994560241699
baseline,73,Agriculture,Approximately how many years ago did nascent farmers begin planting grains?,"around 11,500 years ago","Nascent farmers began planting grains around 11,500 years ago.",Agriculture | Agriculture | Agriculture,"Environmental issues include contributions to climate change, depletion of aquifers, deforestation, antibiotic resistance, and other agricultural pollution. Agriculture is both a cause of and sensitive to environmental degradation, such as biodiversity loss, desertification, soil degradation, and climate change, all of which can cause decreases in crop yield. Genetically modified organisms are widely used, although some countries ban them.

Etymology and scope 

The word agriculture is a late Mi",False,True,1.0,0.9852195978164673,0.0010712742805480957
baseline,74,Aldous Huxley,In which city did Aldous Huxley live from 1937 until his death?,Los Angeles,Los Angeles,Aldous Huxley | Aldous Huxley | Aldous Huxley,"Aldous Leonard Huxley ( ; 26 July 1894 – 22 November 1963) was an English writer and philosopher. His bibliography spans nearly 50 books, including novels and non-fiction works, as well as essays, narratives, and poems.

Born into the prominent Huxley family, he graduated from Balliol College, Oxford, with an undergraduate degree in English literature. Early in his career, he published short stories and poetry and edited the literary magazine Oxford Poetry, before going on to publish travel writ",False,True,1.0,0.7844004034996033,0.9920773720368743
baseline,75,Aldous Huxley,How many times was Aldous Huxley nominated for the Nobel Prize in Literature?,nine times,Nine,Aldous Huxley | Aldous Huxley | Aldous Huxley,"Aldous Leonard Huxley ( ; 26 July 1894 – 22 November 1963) was an English writer and philosopher. His bibliography spans nearly 50 books, including novels and non-fiction works, as well as essays, narratives, and poems.

Born into the prominent Huxley family, he graduated from Balliol College, Oxford, with an undergraduate degree in English literature. Early in his career, he published short stories and poetry and edited the literary magazine Oxford Poetry, before going on to publish travel writ",False,True,0.5,0.31494665145874023,0.5898197293281555
baseline,76,Ada,Which Ada is a town and municipality in Serbia?,"Ada, Serbia","Ada, Serbia, a town and municipality",Ada | Aalborg Municipality | Aalborg Municipality,"Ada may refer to:

Places

Africa
 Ada Foah, a town in Ghana
 Ada (Ghana parliament constituency)
 Ada, Osun, a town in Nigeria

Asia
 Ada, Urmia, a village in West Azerbaijan Province, Iran
 Ada, Karaman, a village in Karaman Province, Turkey

Europe
 Ada, Bosnia and Herzegovina, a village
 Ada, Croatia, a village
 Ada, Serbia, a town and municipality
 Ada Ciganlija or Ada, a river island artificially turned into a peninsula in Belgrade, Serbia

United States 
 Ada, Alabama, an unincorporated c",False,True,1.0,0.9948185086250305,0.2779136896133423
baseline,77,Ada,Ada County is located in which U.S. state?,Idaho,Ada County is located in the U.S. state of Idaho.,Ada | Alabama | Alabama,"Ada may refer to:

Places

Africa
 Ada Foah, a town in Ghana
 Ada (Ghana parliament constituency)
 Ada, Osun, a town in Nigeria

Asia
 Ada, Urmia, a village in West Azerbaijan Province, Iran
 Ada, Karaman, a village in Karaman Province, Turkey

Europe
 Ada, Bosnia and Herzegovina, a village
 Ada, Croatia, a village
 Ada, Serbia, a town and municipality
 Ada Ciganlija or Ada, a river island artificially turned into a peninsula in Belgrade, Serbia

United States 
 Ada, Alabama, an unincorporated c",False,True,1.0,0.987438976764679,6.4373016357421875e-06
baseline,78,Aberdeen (disambiguation),"In which African country is Aberdeen, Eastern Cape located?",South Africa,"Aberdeen, Eastern Cape, South Africa",Aberdeen (disambiguation) | Aberdeen (disambiguation) | Aberdeen (disambiguation),Aberdeen is a city in Scotland.,False,True,1.0,0.9819331765174866,0.33977288007736206
baseline,79,Aberdeen (disambiguation),What is the estimated number of people living in the junks of Aberdeen floating village?,"approximately 6,000 people","The provided text does not contain information about the number of people living in the ""junk"" or ""floating village"" mentioned in the question. Therefore, based solely on the given context, I cannot provide an answer to the specific question asked.",Aberdeen (disambiguation) | Aberdeenshire | Aberdeenshire,Aberdeen is a city in Scotland.,False,True,0.25,0.15605996549129486,0.140336275100708
baseline,80,Algae,What term is used for algae that are carried by water?,Phytoplankton,"Plankton, specifically phytoplankton.",Algae | Algae | Algae,"Algae (, ; : alga ) is an informal term for a large and diverse group of photosynthetic, eukaryotic organisms. It is a polyphyletic grouping that includes species from multiple distinct clades. Included organisms range from unicellular microalgae, such as Chlorella, Prototheca and the diatoms, to multicellular forms, such as the giant kelp, a large brown alga which may grow up to  in length. Most are aquatic and lack many of the distinct cell and tissue types, such as stomata, xylem and phloem t",False,True,1.0,0.9847966432571411,0.02310919761657715
baseline,81,Algae,Which algae have secondary chloroplasts derived from an endosymbiotic red alga?,Diatoms and brown algae,Diatoms and brown algae have secondary chloroplasts derived from an endosymbiotic red alga.,Algae | Algae | Algae,"Algae (, ; : alga ) is an informal term for a large and diverse group of photosynthetic, eukaryotic organisms. It is a polyphyletic grouping that includes species from multiple distinct clades. Included organisms range from unicellular microalgae, such as Chlorella, Prototheca and the diatoms, to multicellular forms, such as the giant kelp, a large brown alga which may grow up to  in length. Most are aquatic and lack many of the distinct cell and tissue types, such as stomata, xylem and phloem t",False,True,1.0,0.9903222918510437,0.0029121041297912598
baseline,82,Analysis of variance,Who developed analysis of variance (ANOVA)?,Ronald Fisher,Ronald Fisher developed analysis of variance (ANOVA).,Analysis of variance | Analysis | Analysis of variance,"Analysis of variance (ANOVA) is a collection of statistical models and their associated estimation procedures (such as the ""variation"" among and between groups) used to analyze the differences among means. ANOVA was developed by the statistician Ronald Fisher. ANOVA is based on the law of total variance, where the observed variance in a particular variable is partitioned into components attributable to different sources of variation. In its simplest form, ANOVA provides a statistical test of whe",False,True,1.0,0.9846404790878296,0.00021070241928100586
baseline,83,Analysis of variance,On what law is ANOVA based?,the law of total variance,ANOVA is based on the law of total variance.,Analysis of variance | Analysis of variance | Analysis of variance,"Analysis of variance (ANOVA) is a collection of statistical models and their associated estimation procedures (such as the ""variation"" among and between groups) used to analyze the differences among means. ANOVA was developed by the statistician Ronald Fisher. ANOVA is based on the law of total variance, where the observed variance in a particular variable is partitioned into components attributable to different sources of variation. In its simplest form, ANOVA provides a statistical test of whe",False,True,1.0,0.9801178574562073,0.0006744861602783203
baseline,84,Alkane,What type of carbon–carbon bonds are found in alkanes according to the passage?,All carbon–carbon bonds in alkanes are single bonds.,"According to the passage, the type of carbon-carbon bonds found in alkanes are single bonds.",Alkane | Alkane | Alkane,"Molecular geometry

The molecular structure of the alkanes directly affects their physical and chemical characteristics. It is derived from the electron configuration of carbon, which has four valence electrons. The carbon atoms in alkanes are described as sp3 hybrids; that is to say that, to a good approximation, the valence electrons are in orbitals directed towards the corners of a tetrahedron which are derived from the combination of the 2s orbital and the three 2p orbitals. Geometrically, t",False,True,0.8,0.9790713787078857,0.00027376413345336914
baseline,85,Alkane,"According to the passage, what hybridization do carbon atoms have in an alkane?",Each carbon atom in an alkane is sp3‑hybridized.,Carbon atoms in alkanes are sp3-hybridized.,Alkane | Alkane | Alkane,"In organic chemistry, an alkane, or paraffin (a historical trivial name that also has other meanings), is an acyclic saturated hydrocarbon. In other words, an alkane consists of hydrogen and carbon atoms arranged in a tree structure in which all the carbon–carbon bonds are single. Alkanes have the general chemical formula . The alkanes range in complexity from the simplest case of methane (), where n = 1 (sometimes called the parent molecule), to arbitrarily large and complex molecules, like pen",False,True,0.5,0.9861590266227722,4.112720489501953e-05
baseline,86,Appellate procedure in the United States,"According to the passage, what is the purpose of filing a petition for review in most appeals?",To overturn the lower court's decision.,"According to the passage, the purpose of filing a petition for review in most appeals is to overturn the lower court's decision.",Appellate procedure in the United States | Appellate procedure in the United States | Appellate procedure in the United States,"United States appellate procedure involves the rules and regulations for filing appeals in state courts and federal courts. The nature of an appeal can vary greatly depending on the type of case and the rules of the court in the jurisdiction where the case was prosecuted. There are many types of standard of review for appeals, such as de novo and abuse of discretion. However, most appeals begin when a party files a petition for review to a higher court for the purpose of overturning the lower co",False,True,1.0,0.9778237342834473,0.0004381537437438965
baseline,87,Appellate procedure in the United States,What alternative names for appellate courts are mentioned in the passage?,"Appeals courts, courts of appeals, superior courts, or supreme courts.","The alternative names for appellate courts mentioned in the passage are:

1. Court of appeal(s)
2. Court of appeals
3. Court of second instance
4. Second instance court
5. Court of criminal appeal
6. Court of appeal (Hong Kong)
7. High Court (Hong Kong)
8. Court of appeal (England and Wales)
9. Court of cassation",Appellate court | Appellate court | Appellate procedure in the United States,"However, appeals may be costly, and the appellate court must find an error on the part of the court below that justifies upsetting the verdict. Therefore, only a small proportion of trial court decisions result in appeals. Some appellate courts, particularly supreme courts, have the power of discretionary review, meaning that they can decide whether they will hear an appeal brought in a particular case.

Institutional titles 
Many U.S. jurisdictions title their appellate court a court of appeal ",False,True,0.5,0.7157551050186157,0.01159733533859253
baseline,88,Appellate court,What alternative names for an appellate court are given in the passage?,"court of appeal(s), appeal court, court of second instance or second instance court","The alternative names for an appellate court mentioned in the passage are:

1. Court of appeal(s)
2. Court of appeals
3. Court of second instance
4. Second instance court
5. Court of criminal appeal
6. Court of appeal (Hong Kong)
7. High Court (Hong Kong)
8. Court of appeal (England and Wales)
9. Court of cassation",Appellate court | Appellate court | Appellate procedure in the United States,"However, appeals may be costly, and the appellate court must find an error on the part of the court below that justifies upsetting the verdict. Therefore, only a small proportion of trial court decisions result in appeals. Some appellate courts, particularly supreme courts, have the power of discretionary review, meaning that they can decide whether they will hear an appeal brought in a particular case.

Institutional titles 
Many U.S. jurisdictions title their appellate court a court of appeal ",False,True,1.0,0.7131602168083191,0.013402402400970459
baseline,89,Appellate court,"According to the passage, how does an appellate court review an issue of fact?",It generally looks for clear error and gives deference to the trial court's findings.,"According to the passage, an appellate court reviews an issue of fact by giving deference to the trial court's findings, but it looks for clear error when reviewing lower decisions on an issue of fact.",Appellate procedure in the United States | Appellate procedure in the United States | Appellate court,"In some cases, an appellate court may review a lower court decision ""de novo"" (or completely), challenging even the lower court's findings of fact.  This might be the proper standard of review, for example, if the lower court resolved the case by granting a pre-trial motion to dismiss or motion for summary judgment which is usually based only upon written submissions to the trial court and not on any trial testimony.

Another situation is where appeal is by way of ""re-hearing"". Certain jurisdict",False,True,0.8,0.9749022722244263,0.04103749990463257
baseline,90,Arraignment,Who reads out the indictment during arraignment in Australia?,The clerk of the court reads out the indictment.,"During arraignment in Australia, the clerk of the court reads out the indictment.",Arraignment | Affidavit | Arraignment,"Arraignment is a formal reading of a criminal charging document in the presence of the defendant, to inform them of the charges against them. In response to arraignment, in some jurisdictions, the accused is expected to enter a plea; in other jurisdictions, no plea is required. Acceptable pleas vary among jurisdictions, but they generally include guilty, not guilty, and the peremptory pleas, or pleas in bar, setting out reasons why a trial cannot proceed. Pleas of nolo contendere ('no contest') ",False,True,1.0,0.9775993824005127,0.005301952362060547
baseline,91,Arraignment,"In British Columbia, what pleas are the defendant asked to enter for each charge during arraignment?",The defendant is asked whether they plead guilty or not guilty.,"In British Columbia, the defendant is asked whether they plead guilty or not guilty to each charge during arraignment.",Arraignment | Arraignment | Arraignment,"Arraignment is a formal reading of a criminal charging document in the presence of the defendant, to inform them of the charges against them. In response to arraignment, in some jurisdictions, the accused is expected to enter a plea; in other jurisdictions, no plea is required. Acceptable pleas vary among jurisdictions, but they generally include guilty, not guilty, and the peremptory pleas, or pleas in bar, setting out reasons why a trial cannot proceed. Pleas of nolo contendere ('no contest') ",False,True,1.0,0.9684664011001587,0.032713115215301514
baseline,92,America the Beautiful,"Who wrote the lyrics for ""America the Beautiful""?",Katharine Lee Bates,"Katharine Lee Bates wrote the lyrics for ""America the Beautiful.""",America the Beautiful | America the Beautiful | America the Beautiful,"""America the Beautiful"" is a patriotic American song. Its lyrics were written by Katharine Lee Bates and its music was composed by church organist and choirmaster Samuel A. Ward at Grace Episcopal Church in Newark, New Jersey. The two never met.

Bates wrote the words as a poem, originally entitled ""Pikes Peak"". It was first published in the Fourth of July 1895 edition of the church periodical, The Congregationalist. At that time, the poem was entitled ""America"".

Ward had initially composed the",False,True,1.0,0.9417230486869812,6.866455078125e-05
baseline,93,America the Beautiful,"In what year was the combination of Ward's melody and Bates's poem first entitled ""America the Beautiful""?",1910,1910,America the Beautiful | America the Beautiful | America the Beautiful,"""America the Beautiful"" is a patriotic American song. Its lyrics were written by Katharine Lee Bates and its music was composed by church organist and choirmaster Samuel A. Ward at Grace Episcopal Church in Newark, New Jersey. The two never met.

Bates wrote the words as a poem, originally entitled ""Pikes Peak"". It was first published in the Fourth of July 1895 edition of the church periodical, The Congregationalist. At that time, the poem was entitled ""America"".

Ward had initially composed the",False,True,1.0,0.5491271615028381,0.9997005552868359
baseline,94,Assistive technology,What activities are listed as examples of activities of daily living (ADLs) in the passage?,"toileting, mobility (ambulation), eating, bathing, dressing, grooming, and personal device care.","The activities listed as examples of activities of daily living (ADLs) in the passage are:

1. Feeding
2. Toileting
3. Dressing
4. Grooming
5. Bathing
6. Rest and sleep
7. Education
8. Work
9. Play
10. Leisure
11. Social participation",Anglicanism | Aardvark | Assistive technology,"Until the mid-20th century the main Sunday service was typically morning prayer, but the Eucharist has once again become the standard form of Sunday worship in many Anglican churches; this again is similar to Roman Catholic practice. Other common Sunday services include an early morning Eucharist without music, an abbreviated Eucharist following a service of morning prayer, and a service of evening prayer, sometimes in the form of sung Evensong, usually celebrated between 3 and 6 pm. The late-ev",False,True,0.4,0.9305013418197632,0.018159449100494385
baseline,95,Assistive technology,What assistive technology does the passage say students who have challenges writing or keyboarding can use?,voice recognition software.,Students who have challenges writing or keyboarding can use voice recognition software instead.,Assistive technology | Assistive technology | Assistive technology,"In 2004, during the reauthorization period for IDEA, the National Instructional Material Access Center (NIMAC) was created which provided a repository of accessible text including publisher's textbooks to students with a qualifying disability.  Files provided are in XML format and used as a starting platform for braille readers, screen readers, and other digital text software.  IDEA defines assistive technology as follows: ""any item, piece of equipment, or product system, whether acquired commer",False,True,1.0,0.9851373434066772,6.92605972290039e-05
baseline,96,Abacus,What is another name for the abacus mentioned in the passage?,a counting frame,"Another name for the abacus mentioned in the passage is ""counting frame.""",Abacus | Abacus | Apollo,"The abacus (: abaci or abacuses), also called a counting frame, is a hand-operated calculating tool of unknown origin used since ancient times in the ancient Near East, Europe, China, and Russia, millennia before the adoption of the Hindu-Arabic numeral system.

The abacus consists of a two-dimensional array of slidable beads (or similar objects). In their earliest designs, the beads could be loose on a flat surface or sliding in grooves. Later the beads were made to slide on rods and built into",False,True,1.0,0.9708738327026367,0.00013554096221923828
baseline,97,Abacus,"In Roman and East Asian abacuses, what does the top deck represent?",fives,"In Roman and East Asian abacuses, the top deck represents fives.",Abacus | Abacus | Abacus,"There are two beads on each rod in the upper deck and five beads each in the bottom one, to represent numbers in a bi-quinary coded decimal-like system. The beads are usually rounded and made of hardwood. The beads are counted by moving them up or down towards the beam; beads moved toward the beam are counted, while those moved away from it are not. One of the top beads is 5, while one of the bottom beads is 1. Each rod has a number under it, showing the place value. The suanpan can be reset to ",False,True,1.0,0.9649962186813354,4.7206878662109375e-05
baseline,98,Acid,What are the two categories of acids described in the passage?,Brønsted–Lowry acids (proton donors) and Lewis acids (which form a covalent bond with an electron pair).,"The two categories of acids described in the passage are:

1. **Proton Donors (Brønsted-Lowry Acids)**: These are molecules or ions that donate a proton (H+) to form a hydronium ion (H3O+).

2. **Lewis Acids**: These are molecules or ions that form a covalent bond with an electron pair. They do not necessarily need to donate a proton to act as acids.",Acid | Acid | Acid,"An acid is a molecule or ion capable of either donating a proton (i.e. hydrogen ion, H+), known as a Brønsted–Lowry acid, or forming a covalent bond with an electron pair, known as a Lewis acid.

The first category of acids are the proton donors, or Brønsted–Lowry acids. In the special case of aqueous solutions, proton donors form the hydronium ion H3O+ and are known as Arrhenius acids. Brønsted and Lowry generalized the Arrhenius theory to include non-aqueous solvents. A Brønsted or Arrhenius a",False,True,1.0,0.8232919573783875,0.005322575569152832
baseline,99,Acid,"According to the passage, what pH value characterizes an aqueous solution of an acid?",A pH less than 7.,An aqueous solution of an acid has a pH less than 7.,Acid | Acid | Acid,"An acid is a molecule or ion capable of either donating a proton (i.e. hydrogen ion, H+), known as a Brønsted–Lowry acid, or forming a covalent bond with an electron pair, known as a Lewis acid.

The first category of acids are the proton donors, or Brønsted–Lowry acids. In the special case of aqueous solutions, proton donors form the hydronium ion H3O+ and are known as Arrhenius acids. Brønsted and Lowry generalized the Arrhenius theory to include non-aqueous solvents. A Brønsted or Arrhenius a",False,True,1.0,0.9709543585777283,0.0020229220390319824
baseline,100,Bitumen,What is the largest natural deposit of bitumen in the world and how much is it estimated to contain?,"The Pitch Lake of southwest Trinidad, estimated to contain 10 million tons.","The largest natural deposit of bitumen in the world is the Pitch Lake of southwest Trinidad, which is estimated to contain approximately 10 million tons of bitumen.",Bitumen | Bitumen | Bitumen,"These bituminous sands contain  of commercially established oil reserves, giving Canada the third largest oil reserves in the world. Although historically it was used without refining to pave roads, nearly all of the output is now used as raw material for oil refineries in Canada and the United States.

The world's largest deposit of natural bitumen, known as the Athabasca oil sands, is located in the McMurray Formation of Northern Alberta. This formation is from the early Cretaceous, and is com",False,True,1.0,0.9866917133331299,0.00358659029006958
baseline,101,Bitumen,What percentage of annual bitumen production is destined for road construction?,70%,Approximately 85% of the bitumen consumed in the United States is used for making asphalt concrete for road surfaces.,Bitumen | Bitumen | Bitumen,"The remaining 5% of bitumen is used mainly for sealing and insulating purposes in a variety of building materials, such as pipe coatings, carpet tile backing and paint. Bitumen is applied in the construction and maintenance of many structures, systems, and components, such as the following:

 Highways
 Airport runways
 Footways and pedestrian ways
 Car parks
 Racetracks
 Tennis courts
 Roofing
 Damp proofing
 Dams
 Reservoir and pool linings
 Soundproofing
 Pipe coatings
 Cable coatings
 Paints
",False,True,0.0,0.9818779826164246,0.19736707210540771
baseline,102,American National Standards Institute,Where are the headquarters of the American National Standards Institute (ANSI) located?,"Washington, D.C.","The headquarters of the American National Standards Institute (ANSI) are in Washington, D.C.",American National Standards Institute | American National Standards Institute | American National Standards Institute,"The American National Standards Institute (ANSI  ) is a private nonprofit organization that oversees the development of voluntary consensus standards for products, services, processes, systems, and personnel in the United States. The organization also coordinates U.S. standards with international standards so that American products can be used worldwide.

ANSI accredits standards that are developed by representatives of other standards organizations, government agencies, consumer groups, compani",False,True,1.0,0.9599428176879883,0.00028246641159057617
baseline,103,American National Standards Institute,What sources fund the ANSI annual operating budget?,"The sale of publications, membership dues and fees, accreditation services, fee-based programs, and international standards programs.","The American National Standards Institute (ANSI) annually operates its budget through several funding sources including the sale of publications, membership dues and fees, accreditation services, fee-based programs, and international standards programs.",American National Standards Institute | American National Standards Institute | American National Standards Institute,"The American National Standards Institute (ANSI  ) is a private nonprofit organization that oversees the development of voluntary consensus standards for products, services, processes, systems, and personnel in the United States. The organization also coordinates U.S. standards with international standards so that American products can be used worldwide.

ANSI accredits standards that are developed by representatives of other standards organizations, government agencies, consumer groups, compani",False,True,1.0,0.9716443419456482,0.37473350763320923
baseline,104,Apollo 11,When did the Apollo 11 Lunar Module Eagle land on the Moon?,"July 20, 1969, at 20:17 UTC.","The Apollo 11 Lunar Module Eagle landed on the Moon at 20:17:40 UTC on July 20, 1969.",Apollo 11 | Apollo 11 | Apollo 11,"Apollo 11 (July 16–24, 1969) was the American spaceflight that first landed humans on the Moon. Commander Neil Armstrong and Lunar Module Pilot Buzz Aldrin landed the Apollo Lunar Module Eagle on July 20, 1969, at 20:17 UTC, and Armstrong became the first person to step onto the Moon's surface six hours and 39 minutes later, on July 21 at 02:56 UTC. Aldrin joined him 19 minutes later, and they spent about two and a quarter hours together exploring the site they had named Tranquility Base upon la",False,True,1.0,0.7395958304405212,0.002736210823059082
baseline,105,Apollo 11,How long were Armstrong and Aldrin on the Moon's surface before lifting off to rejoin Columbia?,"21 hours, 36 minutes.",Two and a quarter hours.,Apollo 11 | Apollo 11 | Apollo 11,"Apollo 11 (July 16–24, 1969) was the American spaceflight that first landed humans on the Moon. Commander Neil Armstrong and Lunar Module Pilot Buzz Aldrin landed the Apollo Lunar Module Eagle on July 20, 1969, at 20:17 UTC, and Armstrong became the first person to step onto the Moon's surface six hours and 39 minutes later, on July 21 at 02:56 UTC. Aldrin joined him 19 minutes later, and they spent about two and a quarter hours together exploring the site they had named Tranquility Base upon la",False,True,0.25,0.9723677635192871,0.17245042324066162
baseline,106,Apollo 8,On what dates did Apollo 8 take place?,"December 21–27, 1968","Apollo 8 took place on December 21–27, 1968.",Apollo 8 | Apollo 8 | Apollo 8,"Apollo 8 (December 21–27, 1968) was the first crewed spacecraft to leave low Earth orbit and the first human spaceflight to reach the Moon. The crew orbited the Moon ten times without landing, and then departed safely back to Earth. These three astronauts—Frank Borman, James Lovell, and William Anders—were the first humans to witness and photograph the far side of the Moon and an Earthrise.

Apollo 8 launched on December 21, 1968, and was the second crewed spaceflight mission flown in the United",False,True,1.0,0.9851816296577454,9.572505950927734e-05
baseline,107,Apollo 8,How many times did the Apollo 8 crew orbit the Moon?,ten times,The Apollo 8 crew orbited the Moon ten times.,Apollo 8 | Apollo 8 | Apollo 11,"Apollo 8 (December 21–27, 1968) was the first crewed spacecraft to leave low Earth orbit and the first human spaceflight to reach the Moon. The crew orbited the Moon ten times without landing, and then departed safely back to Earth. These three astronauts—Frank Borman, James Lovell, and William Anders—were the first humans to witness and photograph the far side of the Moon and an Earthrise.

Apollo 8 launched on December 21, 1968, and was the second crewed spaceflight mission flown in the United",False,True,1.0,0.9813631772994995,1.2516975402832031e-05
baseline,108,Astronaut,What term is typically used for astronauts fielded by Russia or the Soviet Union?,cosmonauts,A cosmonaut is typically used for astronauts fielded by Russia or the Soviet Union.,Astronaut | Apollo 8 | Astronaut,"Rosny aîné, the word astronautique (astronautics) was used. The word may have been inspired by ""aeronaut"", an older term for an air traveler first applied in 1784 to balloonists. An early use of ""astronaut"" in a non-fiction publication is Eric Frank Russell's poem ""The Astronaut"", appearing in the November 1934 Bulletin of the British Interplanetary Society.

The first known formal use of the term astronautics in the scientific community was the establishment of the annual International Astronau",False,True,0.0,0.5427268743515015,9.02414321899414e-05
baseline,109,Astronaut,How many astronauts have flown in space since 1961?,600 astronauts,600 astronauts have flown in space since 1961.,Astronaut | Astronaut | Astronaut,"An astronaut (from the Ancient Greek  (), meaning 'star', and  (), meaning 'sailor') is a person trained, equipped, and deployed by a human spaceflight program to serve as a commander or crew member aboard a spacecraft. Although generally reserved for professional space travelers, the term is sometimes applied to anyone who travels into space, including scientists, politicians, journalists, and tourists.

""Astronaut"" technically applies to all human space travelers regardless of nationality. How",False,True,1.0,0.9779605269432068,2.4318695068359375e-05
baseline,110,A Modest Proposal,"In what year was ""A Modest Proposal"" written and published anonymously by Jonathan Swift?",1729.,"""A Modest Proposal"" was written and published anonymously by Jonathan Swift in 1729.",A Modest Proposal | A Modest Proposal | A Modest Proposal,"A Modest Proposal For preventing the Children of Poor People From being a Burthen to Their Parents or Country, and For making them Beneficial to the Publick, commonly referred to as A Modest Proposal, is a Juvenalian satirical essay written and published anonymously by Jonathan Swift in 1729.

The essay suggests that the impoverished Irish might ease their economic troubles by selling their children as food to rich gentlemen and ladies. This satirical hyperbole mocked heartless attitudes towards",False,True,1.0,0.9783570170402527,6.67572021484375e-06
baseline,111,A Modest Proposal,"According to the passage, what does the phrase ""a modest proposal"" allude to in English writing?",It is now conventionally an allusion to this style of straight-faced satire.,"According to the passage, the phrase ""a modest proposal"" alludes to the style of straight-faced satire employed by Jonathan Swift in his essay ""A Modest Proposal.""",A Modest Proposal | A Modest Proposal | A Modest Proposal,"The words ""a modest proposal"" are used in Wallace's summing up at the end of the programme, and Swift is credited.

Notes

References
 
  (subscription needed)

External links

 A Modest Proposal (CELT)
 A Modest Proposal (Gutenberg)
 A Modest Proposal – Annotated text aligned to Common Core Standards
 
 A Modest Proposal BBC Radio 4 In Our Time with Melvyn Bragg
 'A modest proposal For preventing the children of poor people From being a Burthen to their Parents or the Country, And for making th",False,True,0.5714285714285714,0.9864892959594727,0.0114859938621521
baseline,112,Alkali metal,Which chemical elements are listed as the alkali metals in the passage?,"Lithium (Li), sodium (Na), potassium (K), rubidium (Rb), caesium (Cs), and francium (Fr).","Lithium (Li), Sodium (Na), Potassium (K), Rubidium (Rb), Cesium (Cs), Francium (Fr)",Alkali metal | Alkali metal | Alkali metal,"The alkali metals consist of the chemical elements lithium (Li), sodium (Na), potassium (K), rubidium (Rb), caesium (Cs), and francium (Fr). Together with hydrogen they constitute group 1, which lies in the s-block of the periodic table. All alkali metals have their outermost electron in an s-orbital: this shared electron configuration results in their having very similar characteristic properties. Indeed, the alkali metals provide the best example of group trends in properties in the periodic t",False,True,0.9166666666666666,0.9585257172584534,0.6966810822486877
baseline,113,Alkali metal,What is the charge on the cations formed when alkali metals lose their outermost electron?,+1,+1,Alkali metal | Alkali metal | Alkali metal,"Because of the shielding effect, when an atom has more than one electron shell, each electron feels electric repulsion from the other electrons as well as electric attraction from the nucleus. In the alkali metals, the outermost electron only feels a net charge of +1, as some of the nuclear charge (which is equal to the atomic number) is cancelled by the inner electrons; the number of inner electrons of an alkali metal is always one less than the nuclear charge. Therefore, the only factor which ",False,True,1.0,0.7211611270904541,0.9914721995592117
baseline,114,Alphabet,Which script is identified in the passage as the first fully phonemic alphabet and the ancestor of most modern alphabets?,the Proto-Sinaitic script,The Proto-Sinaitic script is identified in the passage as the first fully phonemic alphabet and the ancestor of most modern alphabets.,Alphabet | Alphabet | Alphabet,"An alphabet is a standardized set of basic written graphemes (called letters) representing phonemes, units of sounds that distinguish words, of certain spoken languages. Not all writing systems represent language in this way; in a syllabary, each character represents a syllable, and logographic systems use characters to represent words, morphemes, or other semantic units.

The Egyptians have created the first alphabet in a technical sense. The short uniliteral signs are used to write pronunciati",False,True,1.0,0.9755181074142456,0.0005274415016174316
baseline,115,Alphabet,Name three modern alphabets that the passage says descended from the Phoenician alphabet.,"Arabic, Greek, Latin","Based on the information provided in the context, three modern alphabets that descend from the Phoenician alphabet are:

1. Hebrew alphabet
2. Samaritan Hebrew alphabet
3. Arabic alphabet",Abjad | Aramaic alphabet | Aramaic alphabet,"Also, it may be taken as suggesting that consonantal alphabets, in contrast to e.g. the Greek alphabet, were not yet true alphabets. Florian Coulmas, a critic of Daniels and of the abjad terminology, argues that this terminology can confuse alphabets with ""transcription systems"", and that there is no reason to relegate the Hebrew, Aramaic or Phoenician alphabets to second-class status as an ""incomplete alphabet"".
However, Daniels's terminology has found acceptance in the linguistic community.

O",False,False,0.3333333333333333,0.5338022112846375,0.06979489326477051
baseline,116,Atomic number,What does the atomic number (symbol Z) equal for ordinary nuclei composed of protons and neutrons?,"It equals the proton number (np), the number of protons found in the nucleus of every atom of that element.",The atomic number (symbol Z) equals the proton number (np) or the number of protons found in the nucleus of every atom of that element for ordinary nuclei composed of protons and neutrons.,Atomic number | Atom | Atom,"The atomic number or nuclear charge number (symbol Z) of a chemical element is the charge number of an atomic nucleus. For ordinary nuclei composed of protons and neutrons, this is equal to the proton number (np) or the number of protons found in the nucleus of every atom of that element. The atomic number can be used to uniquely identify ordinary chemical elements. In an ordinary uncharged atom, the atomic number is also equal to the number of electrons.

For an ordinary atom which contains pro",False,True,1.0,0.9887539148330688,0.03821408748626709
baseline,117,Atomic number,"In an ordinary uncharged atom, what is the atomic number equal to?",It is also equal to the number of electrons.,"In an ordinary uncharged atom, the atomic number is equal to the number of protons found in the nucleus of every atom of that element.",Atomic number | Atom | Atom,"The atomic number or nuclear charge number (symbol Z) of a chemical element is the charge number of an atomic nucleus. For ordinary nuclei composed of protons and neutrons, this is equal to the proton number (np) or the number of protons found in the nucleus of every atom of that element. The atomic number can be used to uniquely identify ordinary chemical elements. In an ordinary uncharged atom, the atomic number is also equal to the number of electrons.

For an ordinary atom which contains pro",False,True,0.5,0.9757469892501831,0.010776758193969727
baseline,118,Anatomy,Into what two parts is the discipline of anatomy divided?,macroscopic and microscopic parts.,The discipline of anatomy is divided into macroscopic and microscopic parts.,Anatomy | Anatomy | Anatomy,"Anatomy () is the branch of biology concerned with the study of the structure of organisms and their parts. Anatomy is a branch of natural science that deals with the structural organization of living things. It is an old science, having its beginnings in prehistoric times. Anatomy is inherently tied to developmental biology, embryology, comparative anatomy, evolutionary biology, and phylogeny, as these are the processes by which anatomy is generated, both over immediate and long-term timescales",False,True,1.0,0.986753523349762,0.0003420114517211914
baseline,119,Anatomy,Which advanced imaging techniques have recently increased in use for visualizing the body's structures?,MRI and CT scans.,"Recent advancements in advanced imaging techniques for visualizing the body's structures include:

- **MRI (Magnetic Resonance Imaging)**: This technique allows for detailed visualization of soft tissues inside the body without the need for radiation exposure.
  
- **CT Scanning (Computed Tomography)**: Provides cross-sectional views of the body, offering high-resolution images of bone structures and other dense tissues.

- **X-ray Diffraction**: Used for studying the crystal structures of proteins, nucleic acids, and other biological molecules, contributing significantly to the field of molecular biology.

These technologies have revolutionized diagnostic practices, enabling clinicians to better understand and diagnose conditions at a cellular level.",Anatomy | Anatomy | Anatomy,"It was the advent of microscopy that opened up an understanding of the building blocks that constituted living tissues. Technical advances in the development of achromatic lenses increased the resolving power of the microscope and around 1839, Matthias Jakob Schleiden and Theodor Schwann identified that cells were the fundamental unit of organization of all living things. Study of small structures involved passing light through them and the microtome was invented to provide sufficiently thin sli",False,True,0.6666666666666666,0.05929913744330406,0.01587587594985962
baseline,120,Andrei Tarkovsky,When did Andrei Tarkovsky die?,29 December 1986,Andrei Tarkovsky died on 29 December 1986.,Andrei Tarkovsky | Andrei Tarkovsky | Andrei Tarkovsky,"Andrei Arsenyevich Tarkovsky (; 4 April 1932 – 29 December 1986) was a Russian film director and screenwriter. Widely considered one of the greatest and most influential directors in cinema history, Tarkovsky's films explore spiritual and metaphysical themes, and are noted for their slow pacing and long takes, dreamlike visual imagery, and preoccupation with nature and memory.

Tarkovsky studied film at Moscow's VGIK under filmmaker Mikhail Romm, and subsequently directed his first five features",False,True,1.0,0.9764546751976013,0.00014483928680419922
baseline,121,Andrei Tarkovsky,Which of Tarkovsky's films earned him the Golden Lion at the Venice Film Festival?,Ivan's Childhood,"Andrei Tarkovsky's film ""Ivan's Childhood"" earned him the Golden Lion at the Venice Film Festival in 1962.",Andrei Tarkovsky | Andrei Tarkovsky | Andrei Tarkovsky,"Andrei Arsenyevich Tarkovsky (; 4 April 1932 – 29 December 1986) was a Russian film director and screenwriter. Widely considered one of the greatest and most influential directors in cinema history, Tarkovsky's films explore spiritual and metaphysical themes, and are noted for their slow pacing and long takes, dreamlike visual imagery, and preoccupation with nature and memory.

Tarkovsky studied film at Moscow's VGIK under filmmaker Mikhail Romm, and subsequently directed his first five features",False,True,1.0,0.9653245806694031,3.4689903259277344e-05
baseline,122,Abel,Who killed Abel according to the passage?,Cain,Cain killed Abel out of jealousy.,Abel | Abel | Aaron,"Abel is a Biblical figure in the Book of Genesis within Abrahamic religions. He was the younger brother of Cain, and the younger son of Adam and Eve, the first couple in Biblical history. He was a shepherd who offered his firstborn flock up to God as an offering. God accepted his offering but not his brother's. Cain then killed Abel out of jealousy. 

According to Genesis, this was the first murder in the history of mankind.

Life and death

Interpretations

Jewish and Christian interpretations
",False,True,1.0,0.9903196096420288,0.001026153564453125
baseline,123,Abel,What was Abel's occupation?,He was a shepherd,Abel was a shepherd.,Abel | Abel | Abel,"Abel is a Biblical figure in the Book of Genesis within Abrahamic religions. He was the younger brother of Cain, and the younger son of Adam and Eve, the first couple in Biblical history. He was a shepherd who offered his firstborn flock up to God as an offering. God accepted his offering but not his brother's. Cain then killed Abel out of jealousy. 

According to Genesis, this was the first murder in the history of mankind.

Life and death

Interpretations

Jewish and Christian interpretations
",False,True,0.5,0.9947191476821899,9.465217590332031e-05
baseline,124,Animal (disambiguation),What is the full title of the book listed under 'Books and publications'?,Animal: The Definitive Visual Guide to The World's WildLife,"The full title of the book listed under 'Books and publications' is ""An Enquiry concerning Ghost-seeing, and what is connected therewith (Versuch über das Geistersehn und was damit zusammenhangt)"", first published in 1851.",Arthur Schopenhauer | A. E. van Vogt | Augustin-Jean Fresnel,"1, ISBN
 Vol. 2, ,
 1974–1980 Paperback, Vol. 1, , Vol. 2, ,
 2001 Paperback, Vol. 1, , Vol. 2, 
 Essays and Aphorisms, being excerpts from Volume 2 of Parerga und Paralipomena, selected and translated by R. J. Hollingdale, with Introduction by R J Hollingdale, Penguin Classics, 1970, Paperback 1973: 
 An Enquiry concerning Ghost-seeing, and what is connected therewith (Versuch über das Geistersehn und was damit zusammenhangt), 1851
 Arthur Schopenhauer, Manuscript Remains, Volume II, Berg Publi",False,False,0.0,0.7577388286590576,0.0005142688751220703
baseline,125,Animal (disambiguation),Which American professional wrestler used the ring name 'Road Warrior Animal'?,Joseph Michael Laurinaitis,Joseph Michael Laurinaitis,Animal (disambiguation) | Achilles | August 22,"An animal is a multicellular, eukaryotic organism of the kingdom Animalia or Metazoa.

Animal, Animals, or The Animal may also refer to:

People
 The Animal (nickname), a list of people nicknamed ""The Animal"" or ""Animal""
 Animal Hamaguchi, a ring name of Japanese retired professional wrestler Heigo Hamaguchi (born 1947)
 Road Warrior Animal or Animal, ring names of American professional wrestler Joseph Michael Laurinaitis (1960–2020)

Books and publications
 Animal (book), full title Animal: The",False,True,1.0,0.9477407932281494,0.9994428883073851
baseline,126,Aardwolf,What is the scientific name of the aardwolf?,Proteles cristatus,The scientific name of the aardwolf is Proteles cristatus.,Aardwolf | Aardwolf | Aardvark,"The aardwolf (Proteles cristatus) is an insectivorous species of hyena, native to East and Southern Africa. Its name means ""earth-wolf"" in Afrikaans and Dutch. It is also called the maanhaar-jackal (Afrikaans for ""mane-jackal""), termite-eating hyena and civet hyena, based on its habit of secreting substances from its anal gland, a characteristic shared with the African civet.

Unlike many of its relatives in the order Carnivora, the aardwolf does not hunt large animals. It eats insects and their",False,True,1.0,0.9673646688461304,1.2516975402832031e-05
baseline,127,Aardwolf,How many termites can an aardwolf lap up during a single night?,"as many as 300,000 termites","An aardwolf can consume up to 250,000 termites per night using its long, sticky tongue.",Aardvark | Aardwolf | Aardwolf,"After an aardvark visit at a termite mound, other animals will visit to pick up all the leftovers. Termite mounds alone do not provide enough food for the aardvark, so they look for termites that are on the move. When these insects move, they can form columns  long and these tend to provide easy pickings with little effort exerted by the aardvark. These columns are more common in areas of livestock or other hoofed animals. The trampled grass and dung attract termites from the Odontotermes, Micro",False,True,0.5,0.9806384444236755,0.03416478633880615
baseline,128,Adobe,What two main components compose adobe as a building material?,Earth and organic materials.,"Adobe as a building material primarily consists of two main components:

1. Earth and organic materials.
2. Water.",Adobe | Adobe | Adobe,"Adobe ( ; ) is a building material made from earth and organic materials.  is Spanish for mudbrick. In some English-speaking regions of Spanish heritage, such as the Southwestern United States, the term is used to refer to any kind of earthen construction, or various architectural styles like Pueblo Revival or Territorial Revival. Most adobe buildings are similar in appearance to cob and rammed earth buildings. Adobe is among the earliest building materials, and is used throughout the world.

Ad",False,True,1.0,0.06190125644207001,0.06238812208175659
baseline,129,Adobe,To what time period has adobe architecture been dated?,"Before 5,100 B.C.","To date, adobe architecture has been dated back to before 5,100 B.C.",Adobe | Adobe | Adobe,"Adobe ( ; ) is a building material made from earth and organic materials.  is Spanish for mudbrick. In some English-speaking regions of Spanish heritage, such as the Southwestern United States, the term is used to refer to any kind of earthen construction, or various architectural styles like Pueblo Revival or Territorial Revival. Most adobe buildings are similar in appearance to cob and rammed earth buildings. Adobe is among the earliest building materials, and is used throughout the world.

Ad",False,True,1.0,0.9794196486473083,0.00806206464767456
baseline,130,Adventure,Which British adventurer is cited as using adventures to draw global sustainability lessons for schoolchildren?,Jason Lewis,Jason Lewis is cited as using adventures to draw global sustainability lessons for schoolchildren.,Adventure | Alan Garner | Aldous Huxley,"An adventure is an exciting experience or undertaking that is typically bold, sometimes risky. Adventures may be activities with danger such as traveling, exploring, skydiving, mountain climbing, scuba diving, river rafting, or other extreme sports. Adventures are often undertaken to create psychological arousal or in order to achieve a greater goal, such as the pursuit of knowledge that can only be obtained by such activities.

Motivation
Adventurous experiences create psychological arousal, wh",False,True,1.0,0.9889580011367798,4.6253204345703125e-05
baseline,131,Adventure,"According to the passage, what does adventure education intentionally use challenging experiences for?",learning,"According to the passage, adventure education intentionally uses challenging experiences for learning.",Adventure | Adventure | Anxiety,"An adventure is an exciting experience or undertaking that is typically bold, sometimes risky. Adventures may be activities with danger such as traveling, exploring, skydiving, mountain climbing, scuba diving, river rafting, or other extreme sports. Adventures are often undertaken to create psychological arousal or in order to achieve a greater goal, such as the pursuit of knowledge that can only be obtained by such activities.

Motivation
Adventurous experiences create psychological arousal, wh",False,True,1.0,0.9902344942092896,7.963180541992188e-05
baseline,132,Asia,What is the land area of Asia in square kilometers?,more than 44 million square kilometers,The land area of Asia in square kilometers is over 44 million square kilometers.,Asia | Asia | Area,"With the end of World War II in 1945 and the wartime ruination of Europe and imperial Japan, many countries in Asia were able to rapidly free themselves of colonial rule. The independence of India came along with the carving out of a separate nation for the majority of Indian Muslims, which today has become the countries Pakistan and Bangladesh.

Some Arab countries took economic advantage of massive oil deposits that were discovered in their territory, becoming globally influential. East Asian ",False,True,0.6666666666666666,0.9933404326438904,0.004038631916046143
baseline,133,Asia,What proportion of the world's population lives in Asia?,roughly 60%,60%,Asia | Asia | Asia,"Asia ( ,  ) is the largest continent in the world by both land area and population. It covers an area of more than 44 million square kilometers, about 30% of Earth's total land area and 8% of Earth's total surface area. The continent, which has long been home to the majority of the human population, was the site of many of the first civilizations. Its 4.7 billion people constitute roughly 60% of the world's population, having more people than all other continents combined.

Asia shares the landm",False,True,0.5,0.878109872341156,0.873808279633522
baseline,134,Aruba,What is the capital of Aruba?,Oranjestad,Oranjestad,Aruba | Aruba | Aruba,"Aruba ( ,  or , ), officially the Country of Aruba (; ), is a constituent country of the Kingdom of the Netherlands physically located in the mid-south of the Caribbean Sea, about  north of the Venezuelan peninsula of Paraguaná  and  northwest of Curaçao. It measures  long from its northwestern to its southeastern end and  across at its widest point. Together with Bonaire and Curaçao, Aruba forms a group referred to as the ABC islands. Collectively, these and the other three Dutch substantial is",False,True,1.0,0.8249257206916809,0.9755070079118013
baseline,135,Aruba,In what year did Aruba become a constituent country within the Kingdom of the Netherlands?,1986,1986,Aruba | Aruba | Aruba,"Aruba ( ,  or , ), officially the Country of Aruba (; ), is a constituent country of the Kingdom of the Netherlands physically located in the mid-south of the Caribbean Sea, about  north of the Venezuelan peninsula of Paraguaná  and  northwest of Curaçao. It measures  long from its northwestern to its southeastern end and  across at its widest point. Together with Bonaire and Curaçao, Aruba forms a group referred to as the ABC islands. Collectively, these and the other three Dutch substantial is",False,True,1.0,0.8932522535324097,0.9980807625688612
baseline,136,Articles of Confederation,On what date did the Articles of Confederation come into force?,"March 1, 1781","On March 1, 1781, the Articles of Confederation came into force after being ratified by all 13 colonial states.",Articles of Confederation | Articles of Confederation | Articles of Confederation,"The Articles of Confederation and Perpetual Union was an agreement among the 13 states of the United States, formerly the Thirteen Colonies, that served as the nation's first frame of government. It was debated by the Second Continental Congress at Independence Hall in Philadelphia between July 1776 and November 1777, and finalized by the Congress on November 15, 1777. It came into force on March 1, 1781, after being ratified by all 13 colonial states. A guiding principle of the Articles was the",False,True,1.0,0.9727011919021606,0.014309465885162354
baseline,137,Articles of Confederation,Which body debated the Articles of Confederation at Independence Hall in Philadelphia?,the Second Continental Congress,The Second Continental Congress debated the Articles of Confederation at Independence Hall in Philadelphia.,Articles of Confederation | Articles of Confederation | Articles of Confederation,"The Articles of Confederation and Perpetual Union was an agreement among the 13 states of the United States, formerly the Thirteen Colonies, that served as the nation's first frame of government. It was debated by the Second Continental Congress at Independence Hall in Philadelphia between July 1776 and November 1777, and finalized by the Congress on November 15, 1777. It came into force on March 1, 1781, after being ratified by all 13 colonial states. A guiding principle of the Articles was the",False,True,1.0,0.9753247499465942,4.1365623474121094e-05
baseline,138,Atlantic Ocean,What percentage of Earth's surface does the Atlantic Ocean cover?,Approximately 17%.,Approximately 24% of Earth's surface is covered by the Atlantic Ocean.,Atlantic Ocean | Atlantic Ocean | Atlantic Ocean,"The Atlantic Ocean is the second-largest of the world's five oceans, with an area of about . It covers approximately 17% of Earth's surface and about 24% of its water surface area. It is known to separate the ""Old World"" of Africa, Europe, and Asia from the ""New World"" of the Americas in the European perception of the World.

Through its separation of Europe, Africa, and Asia from the Americas, the Atlantic Ocean has played a central role in the development of human society, globalization, and t",False,True,0.5,0.9669530987739563,0.0015337467193603516
baseline,139,Atlantic Ocean,Which European powers are mentioned as colonizing the Americas after Columbus's expedition?,"Portugal, Spain, France, and the United Kingdom.","Portugal, Spain, France, and the United Kingdom are mentioned as colonizing the Americas after Columbus's expedition.",Atlantic Ocean | Atlantic Ocean | Aruba,"The Atlantic Ocean is the second-largest of the world's five oceans, with an area of about . It covers approximately 17% of Earth's surface and about 24% of its water surface area. It is known to separate the ""Old World"" of Africa, Europe, and Asia from the ""New World"" of the Americas in the European perception of the World.

Through its separation of Europe, Africa, and Asia from the Americas, the Atlantic Ocean has played a central role in the development of human society, globalization, and t",False,True,1.0,0.8792804479598999,0.00012195110321044922
baseline,140,Arthur Schopenhauer,When was Arthur Schopenhauer born?,22 February 1788,Arthur Schopenhauer was born on 22 February 1788.,Arthur Schopenhauer | Arthur Schopenhauer | Arthur Schopenhauer,"Arthur Schopenhauer ( , ; 22 February 1788 – 21 September 1860) was a German philosopher. He is best known for his 1818 work The World as Will and Representation (expanded in 1844), which characterizes the phenomenal world as the manifestation of a blind and irrational noumenal will. Building on the transcendental idealism of Immanuel Kant (1724–1804), Schopenhauer developed an atheistic metaphysical and ethical system that rejected the contemporaneous ideas of German idealism. He was among the ",False,True,1.0,0.9678226709365845,1.239776611328125e-05
baseline,141,Arthur Schopenhauer,What is the title of Schopenhauer's 1818 work?,The World as Will and Representation,"The title of Schopenhauer's 1818 work is ""The World as Will and Representation.""",Arthur Schopenhauer | Arthur Schopenhauer | Arthur Schopenhauer,"Arthur Schopenhauer ( , ; 22 February 1788 – 21 September 1860) was a German philosopher. He is best known for his 1818 work The World as Will and Representation (expanded in 1844), which characterizes the phenomenal world as the manifestation of a blind and irrational noumenal will. Building on the transcendental idealism of Immanuel Kant (1724–1804), Schopenhauer developed an atheistic metaphysical and ethical system that rejected the contemporaneous ideas of German idealism. He was among the ",False,True,1.0,0.9872112274169922,0.0001163482666015625
baseline,142,Angola,What is the capital and most populous city of Angola?,Luanda,Luanda,Angola | Angola | Angola,"Angola ( ; ; , ), officially the Republic of Angola (), is a country on the west-central coast of Southern Africa. It is the second-largest Lusophone (Portuguese-speaking) country in both total area and population (behind Brazil in both cases), and is the seventh-largest country in Africa. It is bordered by Namibia to the south, the Democratic Republic of the Congo to the north, Zambia to the east, and the Atlantic Ocean to the west. Angola has an exclave province, the province of Cabinda, that ",False,True,1.0,0.8310626745223999,0.9809308424592018
baseline,143,Angola,In what year did Angola achieve independence?,1975,1975,Angola | Angola | Angola,"Angola ( ; ; , ), officially the Republic of Angola (), is a country on the west-central coast of Southern Africa. It is the second-largest Lusophone (Portuguese-speaking) country in both total area and population (behind Brazil in both cases), and is the seventh-largest country in Africa. It is bordered by Namibia to the south, the Democratic Republic of the Congo to the north, Zambia to the east, and the Atlantic Ocean to the west. Angola has an exclave province, the province of Cabinda, that ",False,True,1.0,0.6164426803588867,0.9947493588551879
baseline,144,Demographics of Angola,"According to the 2014 census, what was Angola's total population?","25,789,024 inhabitants","According to the 2014 census data provided in the context, Angola's total population was 25,789,024 inhabitants.",Angola | Demographics of Angola | Angola,"Demographics

Angola has a population of 24,383,301 inhabitants according to the preliminary results of its 2014 census, the first one conducted or carried out since 15 December 1970. It is composed of Ovimbundu (language Umbundu) 37%, Ambundu (language Kimbundu) 23%, Bakongo 13%, and 32% other ethnic groups (including the Chokwe, the Ovambo, the Ganguela and the Xindonga) as well as about 2% mulattos (mixed European and African), 1.6% Chinese and 1% European. The Ambundu and Ovimbundu ethnic gr",False,True,1.0,0.9740431904792786,0.0005884170532226562
baseline,145,Demographics of Angola,"Which ethnic group represents the largest percentage of Angola's population, and what is that percentage?","The Ovimbundu, representing 37% of the population","The Ovimbundu ethnic group represents the largest percentage of Angola's population, at 37%.",Angola | Demographics of Angola | Angola,"Demographics

Angola has a population of 24,383,301 inhabitants according to the preliminary results of its 2014 census, the first one conducted or carried out since 15 December 1970. It is composed of Ovimbundu (language Umbundu) 37%, Ambundu (language Kimbundu) 23%, Bakongo 13%, and 32% other ethnic groups (including the Chokwe, the Ovambo, the Ganguela and the Xindonga) as well as about 2% mulattos (mixed European and African), 1.6% Chinese and 1% European. The Ambundu and Ovimbundu ethnic gr",False,True,0.75,0.6555593013763428,0.00011599063873291016
baseline,146,Politics of Angola,How many parliamentarians are elected to Angola's National Assembly?,220,220,Politics of Angola | Politics of Angola | Politics of Angola,"José Eduardo dos Santos stepped down as President of Angola after 38 years in 2017, being peacefully succeeded by João Lourenço, Santos' chosen successor.

Legislative branch
The National Assembly (Assembleia Nacional) has 223 members, elected for a four-year term, 130 members by proportional representation, 90 members in provincial districts, and 3 members to represent Angolans abroad. The general elections in 1997 were rescheduled for 5 September 2008. The ruling party MPLA won 82% (191 seats ",False,True,1.0,0.7267591953277588,0.9883352806791663
baseline,147,Politics of Angola,Which two highest bodies of the judiciary have the majority of their members appointed by the President together with the parliament?,the Constitutional Court and the Supreme Court,"Based on the provided context, the two highest bodies of the judiciary that have the majority of their members appointed by the President together with the parliament are:

1. Constitutional Court
2. Supreme Court

These courts are mentioned specifically in the given text, stating that they contain 11 justices and that four are appointed by the President, four by the National Assembly, two by the Superior Council of the Judiciary, and one elected by the public.",Azerbaijan | Politics of Angola | Politics of Angola,"The Parliament of Azerbaijan, called Milli Majlis, consists of 125 deputies elected based on majority vote, with a term of five years for each elected member. The elections are held every five years, on the first Sunday of November. The Parliament is not responsible for the formation of the government, but the Constitution requires the approval of the Cabinet of Ministers by Milli Majlis. The New Azerbaijan Party, and independents loyal to the ruling government, currently hold almost all of the ",False,True,1.0,0.9671645760536194,0.03694278001785278
baseline,148,Economy of Angola,What was Angola's reported annual average GDP growth from 2001 to 2010?,11.1 percent,"According to the provided information, Angola's economy had an average GDP growth of 11.1% between 2001 and 2010.",Angola | Economy of Angola | Angola,"Since independence, oil and diamonds have been the most important economic resource. Smallholder and plantation agriculture dramatically dropped in the Angolan Civil War, but began to recover after 2002.

Angola's economy has in recent years moved on from the disarray caused by a quarter-century of Angolan civil war to become the fastest-growing economy in Africa and one of the fastest-growing in the world, with an average GDP growth of 20% between 2005 and 2007. In the period 2001–10, Angola ha",False,True,0.6666666666666666,0.802632212638855,0.00330507755279541
baseline,149,Economy of Angola,"In 2017, what percentage of Angola's government revenue was accounted for by the oil sector?",64 percent,"According to the information provided, in 2017, the oil sector accounted for approximately 90% of Angola's exports.",Economy of Angola | Economy of Angola | Economy of Angola,"In January 2007 Angola became a member of OPEC. Under the Lourenço since 2017, the country has made efforts to incentive investments and reverse declining production, resulting in fresh investments made by international oil companies.

Chevron Corporation, TotalEnergies., ExxonMobil, Eni, and BP all operate in the country and represent a vast majority of daily production.

Block 17, operated by TotalEnergies, is Angola's biggest producing asset and is known as the Golden Block. The French major ",False,True,0.0,0.9679274559020996,0.004755198955535889
baseline,150,Angolan Armed Forces,Who has been the Chief of the General Staff of the Angolan Armed Forces since 2018?,António Egídio de Sousa Santos,António Egídio de Sousa Santos has been the Chief of the General Staff of the Angolan Armed Forces since 2018.,Angolan Armed Forces | Politics of Angola | Angola,"The Angolan Armed Forces () or FAA is the military of Angola. The FAA consist of the Angolan Army (), the Angolan Navy () and the National Air Force of Angola (). Reported total manpower in 2021 was about 107,000.  The FAA is headed by the Chief of the General Staff António Egídio de Sousa Santos since 2018, who reports to the minister of National Defense, currently João Ernesto dos Santos.

History

Roots 
The FAA succeeded to the previous People's Armed Forces for the Liberation of Angola (FAP",False,True,1.0,0.9651244878768921,0.0002835392951965332
baseline,151,Angolan Armed Forces,On what date were the Angolan Armed Forces created?,9 October 1991,The Angolan Armed Forces were created on 9 October 1991.,Angolan Armed Forces | Angolan Armed Forces | Angola,"The Angolan Armed Forces () or FAA is the military of Angola. The FAA consist of the Angolan Army (), the Angolan Navy () and the National Air Force of Angola (). Reported total manpower in 2021 was about 107,000.  The FAA is headed by the Chief of the General Staff António Egídio de Sousa Santos since 2018, who reports to the minister of National Defense, currently João Ernesto dos Santos.

History

Roots 
The FAA succeeded to the previous People's Armed Forces for the Liberation of Angola (FAP",False,True,1.0,0.9745817184448242,2.7060508728027344e-05
baseline,152,Albert Sidney Johnston,In which three armies did Albert Sidney Johnston serve as a general?,"the Texian Army, the United States Army, and the Confederate States Army.","The three armies in which Albert Sidney Johnston served as a general were the Texian Army, the United States Army, and the Confederate States Army.",Albert Sidney Johnston | Albert Sidney Johnston | Albert Sidney Johnston,"Albert Sidney Johnston (February 2, 1803 – April 6, 1862) served as a general in three different armies: the Texian Army, the United States Army, and the Confederate States Army. He saw extensive combat during his 34-year military career, fighting actions in the Black Hawk War, the Texas-Indian Wars, the Mexican–American War, the Utah War, and the American Civil War.

Considered by Confederate States President Jefferson Davis to be the finest general officer in the Confederacy before the later e",False,True,1.0,0.9756573438644409,0.00019556283950805664
baseline,153,Albert Sidney Johnston,On what date was Albert Sidney Johnston killed at the Battle of Shiloh?,"April 6, 1862.","April 6, 1862",Albert Sidney Johnston | Albert Sidney Johnston | Albert Sidney Johnston,"Albert Sidney Johnston (February 2, 1803 – April 6, 1862) served as a general in three different armies: the Texian Army, the United States Army, and the Confederate States Army. He saw extensive combat during his 34-year military career, fighting actions in the Black Hawk War, the Texas-Indian Wars, the Mexican–American War, the Utah War, and the American Civil War.

Considered by Confederate States President Jefferson Davis to be the finest general officer in the Confederacy before the later e",False,True,1.0,0.8446568250656128,0.9983896425692365
baseline,154,Android (robot),"In which publication does the Oxford English Dictionary trace the earliest use of the term ""androides""?",Ephraim Chambers' 1728 Cyclopaedia,"The Oxford English Dictionary traces the earliest use of the term ""androides"" in Ephraim Chambers' 1728 Cyclopaedia.",Android (robot) | Android (robot) | A,"An android is a humanoid robot or other artificial being often made from a flesh-like material. Historically, androids were completely within the domain of science fiction and frequently seen in film and television, but advances in robot technology now allow the design of functional and realistic humanoid robots.

Terminology

The Oxford English Dictionary traces the earliest use (as ""Androides"") to Ephraim Chambers' 1728 Cyclopaedia, in reference to an automaton that St. Albertus Magnus alleged",False,True,1.0,0.9665919542312622,5.3882598876953125e-05
baseline,155,Android (robot),"In what year did the term ""android"" appear in US patents referring to miniature human-like toy automatons?",1863,"The term ""android"" appeared in US patents referring to miniature human-like toy automatons in 1863.",Android (robot) | Android (robot) | Android (robot),"An android is a humanoid robot or other artificial being often made from a flesh-like material. Historically, androids were completely within the domain of science fiction and frequently seen in film and television, but advances in robot technology now allow the design of functional and realistic humanoid robots.

Terminology

The Oxford English Dictionary traces the earliest use (as ""Androides"") to Ephraim Chambers' 1728 Cyclopaedia, in reference to an automaton that St. Albertus Magnus alleged",False,True,1.0,0.9641962647438049,3.790855407714844e-05
baseline,156,Alberta,What is the capital of Alberta?,Edmonton,The capital of Alberta is Edmonton.,Alberta | Alberta | Alberta,"Alberta ( ) is one of the thirteen provinces and territories of Canada. It is a part of Western Canada and is one of the three prairie provinces. Alberta is bordered by British Columbia to the west, Saskatchewan to the east, the Northwest Territories to the north, and the U.S. state of Montana to the south. It is one of the only two landlocked provinces in Canada, with Saskatchewan being the other. The eastern part of the province is occupied by the Great Plains, while the western part borders t",False,True,1.0,0.9847583770751953,0.0001055002212524414
baseline,157,Alberta,Which U.S. state borders Alberta to the south?,Montana,Montana,Alberta | Alberta | Alberta,"Alberta's southern border is the 49th parallel north, which separates it from the U.S. state of Montana. The 60th parallel north divides Alberta from the Northwest Territories. The 110th meridian west separates it from the province of Saskatchewan; while on the west its boundary with British Columbia follows the 120th meridian west south from the Northwest Territories at 60°N until it reaches the Continental Divide at the Rocky Mountains, and from that point follows the line of peaks marking the",False,True,1.0,0.5237841010093689,0.9921080153435469
baseline,158,List of anthropologists,Which anthropologist is listed under the letter B and has the name Franz Boas?,Franz Boas,Franz Boas,Anthropology | Anthropology | Anthropology,"Anthropology is the scientific study of humanity, concerned with human behavior, human biology, cultures, societies, and linguistics, in both the present and past, including past human species. Social anthropology studies patterns of behavior, while cultural anthropology studies cultural meaning, including norms and values. A portmanteau term sociocultural anthropology is commonly used today. Linguistic anthropology studies how language influences social life. Biological or physical anthropology",False,False,1.0,0.6732995510101318,0.9885362032800913
baseline,159,List of anthropologists,Who is the anthropologist listed under the letter D with the first name Wade?,Wade Davis,"Based on the provided list of anthropologists, there is no entry starting with ""D"" followed by a first name of ""Wade."" Therefore, the information requested cannot be found within the given data.",Anthropology | Allen Ginsberg | List of anthropologists,"Anthropology is the scientific study of humanity, concerned with human behavior, human biology, cultures, societies, and linguistics, in both the present and past, including past human species. Social anthropology studies patterns of behavior, while cultural anthropology studies cultural meaning, including norms and values. A portmanteau term sociocultural anthropology is commonly used today. Linguistic anthropology studies how language influences social life. Biological or physical anthropology",False,True,0.5,0.14103353023529053,0.1248517632484436
baseline,160,Actinopterygii,What class is the sister class to Actinopterygii?,Sarcopterygii (lobe-finned fish),Sarcopterygii,Actinopterygii | Actinopterygii | Amphibian,"The latter include mostly terrestrial species but also groups that became secondarily aquatic (e.g. Whales and Dolphins). Tetrapods evolved from a group of bony fish during the Devonian period. Approximate divergence dates for the different actinopterygian clades (in millions of years, mya) are from Near et al., 2012.

The polypterids (bichirs and reedfish) are the sister lineage of all other actinopterygians, the Acipenseriformes (sturgeons and paddlefishes) are the sister lineage of Neopterygi",False,True,0.25,0.6191120147705078,0.9988027887884527
baseline,161,Actinopterygii,Approximately what percentage of actinopterygian species are teleosts?,~99%,Approximately 99% of actinopterygian species are teleosts.,Actinopterygii | Actinopterygii | Actinopterygii,"The latter include mostly terrestrial species but also groups that became secondarily aquatic (e.g. Whales and Dolphins). Tetrapods evolved from a group of bony fish during the Devonian period. Approximate divergence dates for the different actinopterygian clades (in millions of years, mya) are from Near et al., 2012.

The polypterids (bichirs and reedfish) are the sister lineage of all other actinopterygians, the Acipenseriformes (sturgeons and paddlefishes) are the sister lineage of Neopterygi",False,True,1.0,0.9845936298370361,3.9458274841308594e-05
baseline,162,Albert Einstein,When was Albert Einstein born?,14 March 1879,Albert Einstein was born on 14 March 1879.,Albert Einstein | Albert Einstein | Albert Einstein,"Secondly, he attempted to devise a unified field theory by generalizing his geometric theory of gravitation to include electromagnetism too. As a result, he became increasingly isolated from the mainstream of modern physics.

Born in the German Empire, Einstein moved to Switzerland in 1895, forsaking his German citizenship (as a subject of the Kingdom of Württemberg) the following year. In 1897, at the age of seventeen, he enrolled in the mathematics and physics teaching diploma program at the S",False,True,1.0,0.9804154634475708,6.210803985595703e-05
baseline,163,Albert Einstein,For what discovery did Einstein receive the 1921 Nobel Prize in Physics?,for his discovery of the law of the photoelectric effect,The discovery for which Einstein received the 1921 Nobel Prize in Physics was the photoelectric effect.,Albert Einstein | Albert Einstein | Albert Einstein,"Albert Einstein ( ; ; 14 March 1879 – 18 April 1955) was a German-born theoretical physicist who is widely held to be one of the greatest and most influential scientists of all time. Best known for developing the theory of relativity, Einstein also made important contributions to quantum mechanics, and was thus a central figure in the revolutionary reshaping of the scientific understanding of nature that modern physics accomplished in the first decades of the twentieth century. His mass–energy e",False,True,0.75,0.9550502896308899,0.0001302957534790039
baseline,164,Afghanistan,What is the capital and largest city of Afghanistan?,Kabul,The capital and largest city of Afghanistan is Kabul.,Afghanistan | Afghanistan | Afghanistan,"Afghanistan, officially the Islamic Emirate of Afghanistan, is a landlocked country located at the crossroads of Central Asia and South Asia. Referred to as the Heart of Asia, it is bordered by Pakistan to the east and south, Iran to the west, Turkmenistan to the northwest, Uzbekistan to the north, Tajikistan to the northeast, and China to the northeast and east. Occupying  of land, the country is predominantly mountainous with plains in the north and the southwest, which are separated by the Hi",False,True,1.0,0.9860710501670837,0.00014483928680419922
baseline,165,Afghanistan,"According to the World Population review, what is Afghanistan's population?",40.2 million,"According to the World Population review, Afghanistan's population is 40.2 million.",Afghanistan | Afghanistan | Afghanistan,"Afghanistan, officially the Islamic Emirate of Afghanistan, is a landlocked country located at the crossroads of Central Asia and South Asia. Referred to as the Heart of Asia, it is bordered by Pakistan to the east and south, Iran to the west, Turkmenistan to the northwest, Uzbekistan to the north, Tajikistan to the northeast, and China to the northeast and east. Occupying  of land, the country is predominantly mountainous with plains in the north and the southwest, which are separated by the Hi",False,True,1.0,0.9680168032646179,5.245208740234375e-05
baseline,166,Albania,Which countries share land borders with Albania?,"Montenegro, Kosovo, North Macedonia, and Greece.","Montenegro to the northwest, Kosovo to the northeast, North Macedonia to the east and Greece to the south.",Albania | Albania | Albania,"Albania ( ;  or ), officially the Republic of Albania (), is a country in Southeast Europe. The country is located in the Balkans on the Adriatic and Ionian Seas within the Mediterranean Sea and shares land borders with Montenegro to the northwest, Kosovo to the northeast, North Macedonia to the east and Greece to the south. Spanning an area of , it displays a varied range of climatic, geological, hydrological and morphological conditions. The country's landscapes range from rugged snow-capped m",False,True,1.0,0.9680593609809875,0.742048054933548
baseline,167,Albania,What is the capital and largest city of Albania?,Tirana.,The capital and largest city of Albania is Tirana.,Albania | Albania | Albania,"Albania ( ;  or ), officially the Republic of Albania (), is a country in Southeast Europe. The country is located in the Balkans on the Adriatic and Ionian Seas within the Mediterranean Sea and shares land borders with Montenegro to the northwest, Kosovo to the northeast, North Macedonia to the east and Greece to the south. Spanning an area of , it displays a varied range of climatic, geological, hydrological and morphological conditions. The country's landscapes range from rugged snow-capped m",False,True,1.0,0.9844083189964294,1.7523765563964844e-05
baseline,168,Allah,"According to the passage, from which Arabic phrase is the word “Allah” thought to be derived, and what does that phrase mean?","It is thought to be derived by contraction from al‑ilāh, which means “the god.”","According to the passage, the word ""Allah"" is thought to be derived from the Arabic phrase ""in the name of God,"" which translates to ""If God wills"" in English. This phrase is used after references to future events in Muslim discourse.",Allah | Allah | Allah,"Allah (; , , ) is the common Arabic word for God. In the English language, the word generally refers to God in Islam. The word is thought to be derived by contraction from al-ilāh, which means ""the god"", and is linguistically related to the Aramaic words Elah and Syriac  (ʼAlāhā) and the Hebrew word El (Elohim) for God.

The word Allah has been used by Arabic people of different religions since pre-Islamic times. The pre-Islamic Arabs worshipped a supreme deity whom they called Allah, alongside ",False,True,0.375,0.6438588500022888,0.009143233299255371
baseline,169,Allah,Name three non‑Muslim religious communities mentioned in the passage that use the term “Allah” to refer to God.,"Judaeo‑Arabic‑speaking Jews, Arab Christians, and Bábists.","Based on the information provided in the context, three non-Muslim religious communities that use the term ""Allah"" to refer to God include:

1. Bábists
2. Baháʼís
3. Mandaeans",Allah | Allah | Allah,"Allah (; , , ) is the common Arabic word for God. In the English language, the word generally refers to God in Islam. The word is thought to be derived by contraction from al-ilāh, which means ""the god"", and is linguistically related to the Aramaic words Elah and Syriac  (ʼAlāhā) and the Hebrew word El (Elohim) for God.

The word Allah has been used by Arabic people of different religions since pre-Islamic times. The pre-Islamic Arabs worshipped a supreme deity whom they called Allah, alongside ",False,True,0.25,0.2728936970233917,0.10114467144012451
baseline,170,Azerbaijan,What is the capital and largest city of Azerbaijan?,Baku,Baku is the capital and largest city of Azerbaijan.,Azerbaijan | Geography of Azerbaijan | Azerbaijan,"Azerbaijan (, ; , ), officially the Republic of Azerbaijan, is a transcontinental country located at the boundary of Eastern Europe and West Asia. It is a part of the South Caucasus region and is bounded by the Caspian Sea to the east, Russia (Republic of Dagestan) to the north, Georgia to the northwest, Armenia and Turkey to the west, and Iran to the south. Baku is the capital and largest city.

The Azerbaijan Democratic Republic proclaimed its independence from the Transcaucasian Democratic Fe",False,True,1.0,0.9760605692863464,2.753734588623047e-05
baseline,171,Azerbaijan,On what date did the modern Republic of Azerbaijan proclaim its independence?,30 August 1991,"On 30 August 1991, the Supreme Council of Azerbaijan adopted a Declaration of Independence, which was affirmed by a nationwide referendum in December 1991, while the Soviet Union officially ceased to exist on 26 December 1991.",Azerbaijan | Azerbaijan | Azerbaijan,"Approximately 681,000 people with over 100,000 of them women, went to the front, while the total population of Azerbaijan was 3.4 million at the time. Some 250,000 people from Azerbaijan were killed on the front. More than 130 Azerbaijanis were named Heroes of the Soviet Union. Azerbaijani Major-General Azi Aslanov was twice awarded the Hero of the Soviet Union.

Independence

Following the politics of glasnost, initiated by Mikhail Gorbachev, civil unrest and ethnic strife grew in various regio",False,True,1.0,0.20074474811553955,0.4653881788253784
baseline,172,Amateur astronomy,What types of celestial objects or events do amateur astronomers monitor as part of citizen science?,"Variable stars, double stars, sunspots, and occultations of stars by the Moon or asteroids.","Amateur astronomers monitor various celestial objects and events as part of citizen science, including:

- Monitoring variable stars
- Observing double stars
- Tracking sunspots
- Measuring the light spectrum emitted from astronomical objects
- Discovering transient astronomical events such as comets, galactic novae, or supernovae in other galaxies.",Amateur astronomy | Amateur astronomy | Amateur astronomy,"Amateur astronomy is a hobby where participants enjoy observing or imaging celestial objects in the sky using the unaided eye, binoculars, or telescopes. Even though scientific research may not be their primary goal, some amateur astronomers make contributions in doing citizen science, such as by monitoring variable stars, double stars, sunspots, or occultations of stars by the Moon or asteroids, or by discovering transient astronomical events, such as comets, galactic novae or supernovae in oth",False,True,0.5714285714285714,0.9739401936531067,0.03093820810317993
baseline,173,Amateur astronomy,Do amateur astronomers use astronomy as their primary source of income or support?,"No, they do not use the field of astronomy as their primary source of income or support.","No, amateur astronomers do not use astronomy as their primary source of income or support.",Amateur astronomy | Amateur astronomy | Amateur astronomy,"Amateur astronomy is a hobby where participants enjoy observing or imaging celestial objects in the sky using the unaided eye, binoculars, or telescopes. Even though scientific research may not be their primary goal, some amateur astronomers make contributions in doing citizen science, such as by monitoring variable stars, double stars, sunspots, or occultations of stars by the Moon or asteroids, or by discovering transient astronomical events, such as comets, galactic novae or supernovae in oth",False,True,0.8,0.9884458780288696,0.0006166696548461914
baseline,174,Aikido,In approximately how many countries is Aikido practiced?,around 140 countries,"According to the provided context, Aikido is now practiced in around 140 countries.",Aikido | Aikido | Aikido,"Aikido ( ,  , , ) is a modern Japanese martial art that is split into many different styles, including Iwama Ryu, Iwama Shin Shin Aiki Shuren Kai, Shodokan Aikido, Yoshinkan, Renshinkai, Aikikai and Ki Aikido. Aikido is now practiced in around 140 countries. It was originally developed by Morihei Ueshiba, as a synthesis of his martial studies, philosophy and religious beliefs. Ueshiba's goal was to create an art that practitioners could use to defend themselves while also protecting their attack",False,True,1.0,0.9744397401809692,0.006133139133453369
baseline,175,Aikido,Who originally developed Aikido?,Morihei Ueshiba,Morihei Ueshiba originally developed Aikido.,Aikido | Aikido | Aikido,"During Ueshiba's lifetime and continuing today, aikido has evolved from the  that Ueshiba studied into a variety of expressions by martial artists throughout the world.

Initial development

Ueshiba developed aikido primarily during the late 1920s through the 1930s through the synthesis of the older martial arts that he had studied. The core martial art from which aikido derives is Daitō-ryū Aiki-jūjutsu, which Ueshiba studied directly with Takeda Sōkaku, the reviver of that art. Additionally, U",False,True,1.0,0.983627438545227,4.57763671875e-05
baseline,176,Art,What are the three classical branches of visual art in the Western tradition?,"painting, sculpture, and architecture","The three classical branches of visual art in the Western tradition are painting, sculpture, and architecture.",Art | Art | Art,"Art is a diverse range of human activity, and its resulting product, that involves creative or imaginative talent expressive of technical proficiency, beauty, emotional power, or conceptual ideas.

There is no generally agreed definition of what constitutes art, and its interpretation has varied greatly throughout history and across cultures. In the Western tradition, the three classical branches of visual art are painting, sculpture, and architecture. Theatre, dance, and other performing arts, ",False,True,1.0,0.9801817536354065,0.0011809468269348145
baseline,177,Art,Until which century was art referred to as any skill or mastery and not differentiated from crafts or sciences?,the 17th century,"Until the 17th century, art was referred to as any skill or mastery and was not differentiated from crafts or sciences.",Art | Artist | Art,"Art is a diverse range of human activity, and its resulting product, that involves creative or imaginative talent expressive of technical proficiency, beauty, emotional power, or conceptual ideas.

There is no generally agreed definition of what constitutes art, and its interpretation has varied greatly throughout history and across cultures. In the Western tradition, the three classical branches of visual art are painting, sculpture, and architecture. Theatre, dance, and other performing arts, ",False,True,1.0,0.9827600717544556,0.00029546022415161133
baseline,178,Agnostida,Into which two suborders is the order Agnostida divided?,Agnostina and Eodiscina,Agnostida is divided into two suborders - Agnostina and Eodiscina.,Agnostida | Asparagales | Alismatales,"Agnostida are an order of extinct arthropods which have classically been seen as a group of highly modified trilobites, though some recent research has doubted this placement. Regardless, they appear to be close relatives as part of the Artiopoda. They are present in the Lower Cambrian fossil record along with trilobites from the Redlichiida, Corynexochida, and Ptychopariida orders, and were highly diverse throughout the Cambrian. Agnostidan diversity severely declined during the Cambrian-Ordovi",False,True,1.0,0.9334729313850403,4.6253204345703125e-05
baseline,179,Agnostida,In which geological period did the last agnostidans go extinct?,Late Ordovician,The last agnostidans went extinct in the Late Ordovician.,Agnostida | Agnostida | Atlantic Ocean,"Agnostida are an order of extinct arthropods which have classically been seen as a group of highly modified trilobites, though some recent research has doubted this placement. Regardless, they appear to be close relatives as part of the Artiopoda. They are present in the Lower Cambrian fossil record along with trilobites from the Redlichiida, Corynexochida, and Ptychopariida orders, and were highly diverse throughout the Cambrian. Agnostidan diversity severely declined during the Cambrian-Ordovi",False,True,1.0,0.9563963413238525,6.794929504394531e-06
baseline,180,Abortion,What percentage of all pregnancies end in a miscarriage or spontaneous abortion according to the passage?,Approximately 30% to 40% of all pregnancies.,"According to the passage, between 15% and 30% of known pregnancies end in clinically apparent miscarriage, depending upon the age and health of the pregnant woman.",Abortion | Abortion | Abortion,"Specific procedures may also be selected due to legality, regional availability, and doctor or a woman's personal preference. Reasons for procuring induced abortions are typically characterized as either therapeutic or elective. An abortion is medically referred to as a therapeutic abortion when it is performed to save the life of the pregnant woman; to prevent harm to the woman's physical or mental health; to terminate a pregnancy where indications are that the child will have a significantly i",False,True,0.4,0.9663115739822388,0.06307721138000488
baseline,181,Abortion,"According to the passage, how does the risk of maternal mortality in the United States after an induced abortion compare to the risk after childbirth?",The risk of maternal mortality is 14 times lower after an induced abortion than after childbirth.,The risk of maternal mortality is 14 times lower after induced abortion than after childbirth in the United States.,Abortion | Abortion | Abortion,"Abortion is the termination of a pregnancy by removal or expulsion of an embryo or fetus. An abortion that occurs without intervention is known as a miscarriage or ""spontaneous abortion""; these occur in approximately 30% to 40% of all pregnancies. When deliberate steps are taken to end a pregnancy, it is called an induced abortion, or less frequently ""induced miscarriage"". The unmodified word abortion generally refers to an induced abortion. The reasons why women have abortions are diverse and v",False,True,1.0,0.9662665128707886,0.005001664161682129
baseline,182,American Revolutionary War,On what date did the American Revolutionary War end?,"September 3, 1783","September 3, 1783",American Revolutionary War | American Revolutionary War | American Revolutionary War,"The American Revolutionary War (April 19, 1775 – September 3, 1783), also known as the Revolutionary War or American War of Independence, was the military conflict of the American Revolution in which American Patriot forces under George Washington's command defeated the British, resulting in the Treaty of Paris (1783) recognizing the independence and sovereignty of the United States. Fighting began on April 19, 1775, at the Battles of Lexington and Concord. The war was formalized and intensified",False,True,1.0,0.9257710576057434,0.9928508982993662
baseline,183,American Revolutionary War,Which two European kingdoms eventually supported the American patriot forces?,The Kingdom of France and the Kingdom of Spain,France and Spain ultimately supported the American patriot forces.,American Revolutionary War | American Revolutionary War | American Revolutionary War,"Patriots generally supported independence from Britain and a new national union in Congress, while Loyalists remained faithful to British rule. Estimates of numbers vary, one suggestion being the population as a whole was split evenly between committed Patriots, committed Loyalists, and those who were indifferent. Others calculate the split as 40% Patriot, 40% neutral, 20% Loyalist, but with considerable regional variations.

At the onset of the war, the Second Continental Congress realized defe",False,True,0.6666666666666666,0.9282625913619995,0.0004512667655944824
baseline,184,Ampere,What is the symbol used for the unit ampere?,A,Amps,Ampere | Ampere | Ampere,"The ampere ( ,  ; symbol: A), often shortened to amp, is the unit of electric current in the International System of Units (SI).  One ampere is equal to 1 coulomb moving past a point in 1 second, or  electrons' worth of charge moving past a point in 1 second. It is named after French mathematician and physicist André-Marie Ampère (1775–1836), considered the father of electromagnetism along with Danish physicist Hans Christian Ørsted.

As of the 2019 redefinition of the SI base units, the ampere ",False,True,,0.9381422400474548,0.7914183288812637
baseline,185,Ampere,"According to the passage, how much charge moving past a point in one second defines one ampere?",1 coulomb,One ampere is equal to 1 coulomb moving past a point in 1 second.,Ampere | Ampere | Ampere,"The ampere ( ,  ; symbol: A), often shortened to amp, is the unit of electric current in the International System of Units (SI).  One ampere is equal to 1 coulomb moving past a point in 1 second, or  electrons' worth of charge moving past a point in 1 second. It is named after French mathematician and physicist André-Marie Ampère (1775–1836), considered the father of electromagnetism along with Danish physicist Hans Christian Ørsted.

As of the 2019 redefinition of the SI base units, the ampere ",False,True,1.0,0.9906377792358398,0.0015669465065002441
baseline,186,Algorithm,What term is used for algorithms that incorporate random input?,randomized algorithms,Randomized algorithms incorporate random input.,Algorithm | Algorithm | Algorithm,"In mathematics and computer science, an algorithm () is a finite sequence of rigorous instructions, typically used to solve a class of specific problems or to perform a computation. Algorithms are used as specifications for performing calculations and data processing. More advanced algorithms can use conditionals to divert the code execution through various routes (referred to as automated decision-making) and deduce valid inferences (referred to as automated reasoning), achieving automation eve",False,True,1.0,0.9879283308982849,0.0003612041473388672
baseline,187,Algorithm,"Which computer scientist used human characteristic terms such as ""memory"", ""search"", and ""stimulus"" as metaphors for machines?",Alan Turing,"Alan Turing used human characteristic terms such as ""memory"", ""search"", and ""stimulus"" as metaphors for machines.",Artificial intelligence | Artificial intelligence | Alan Turing,"Artificial intelligence (AI) is the intelligence of machines or software, as opposed to the intelligence of humans or animals. It is also the field of study in computer science that develops and studies intelligent machines. ""AI"" may also refer to the machines themselves.

AI technology is widely used throughout industry, government and science. Some high-profile applications are: advanced web search engines (e.g., Google Search), recommendation systems (used by YouTube, Amazon, and Netflix), un",False,False,1.0,0.13860061764717102,0.00012099742889404297
baseline,188,Annual plant,What is an annual plant defined as in the passage?,"A plant that completes its life cycle, from germination to the production of seeds, within one growing season, and then dies.","An annual plant is a plant that completes its life cycle, from germination to the production of seeds, within one growing season, and then dies.",Annual plant | Annual plant | Apiaceae,"An annual plant is a plant that completes its life cycle, from germination to the production of seeds, within one growing season, and then dies. The length of growing seasons and period in which they take place vary according to geographical location, and may not correspond to the four traditional seasonal divisions of the year.

Description
With respect to the traditional seasons, annual plants are generally categorized into summer annuals and winter annuals. Summer annuals germinate during spr",False,True,1.0,0.987501859664917,0.5082695186138153
baseline,189,Annual plant,How long does it take oilseed rapa to complete a seed‑to‑seed life cycle under a bank of fluorescent lamps?,About five weeks.,"Under a bank of fluorescent lamps, oilseed rapa can go from seed-to-seed in about five weeks.",Annual plant | Aardvark | Amphibian,"An annual plant is a plant that completes its life cycle, from germination to the production of seeds, within one growing season, and then dies. The length of growing seasons and period in which they take place vary according to geographical location, and may not correspond to the four traditional seasonal divisions of the year.

Description
With respect to the traditional seasons, annual plants are generally categorized into summer annuals and winter annuals. Summer annuals germinate during spr",False,True,1.0,0.9837002158164978,0.04146230220794678
baseline,190,Atlas (disambiguation),What is the Atlas that is described as an Ancient Greek Titanic deity?,Atlas (mythology),The Atlas that is described as an Ancient Greek Titanic deity is Atlas of Mauretania.,Athena | Atlas (disambiguation) | Aquarius (constellation),"Athena or Athene, often given the epithet Pallas, is an ancient Greek goddess associated with wisdom, warfare, and handicraft who was later syncretized with the Roman goddess Minerva. Athena was regarded as the patron and protectress of various cities across Greece, particularly the city of Athens, from which she most likely received her name. The Parthenon on the Acropolis of Athens is dedicated to her. Her major symbols include owls, olive trees, snakes, and the Gorgoneion. In art, she is gene",False,True,0.5,0.9961413741111755,2.86102294921875e-06
baseline,191,Atlas (disambiguation),"Which Atlas is a historic movie theatre located in Istanbul, Turkey?",Atlas Cinema,"I apologize, but I don't have enough information in the provided text to determine which specific ""Atlas"" is a historic movie theatre located in Istanbul, Turkey. The given context does not mention any Atlas theaters or provide details about locations. Therefore, based solely on the information provided, I cannot accurately answer which Atlas theater you're asking about.",Ankara | Ankara | Ankara,"Theater 

The Turkish State Theatres also has its head office in Ankara and runs the following stages in the city:

125. Yıl Çayyolu Sahnesi
Büyük Tiyatro,
Küçük Tiyatro,
Şinasi Sahnesi,
Akün Sahnesi,
Altındağ Tiyatrosu,
İrfan Şahinbaş Atölye Sahnesi,
Oda Tiyatrosu,
Mahir Canova Sahnesi,
Muhsin Ertuğrul Sahnesi.

In addition, the city is served by several private theater companies, among which Ankara Sanat Tiyatrosu, who have their own stage in the city center, is a notable example.

Museums 

T",False,False,0.5,0.25032299757003784,0.3593360185623169
baseline,192,Mouthwash,What is the primary intended function of most mouthwashes?,They are antiseptic solutions intended to reduce the microbial load in the mouth.,The primary intended function of most mouthwashes is to reduce the microbial load in the mouth.,Mouthwash | Mouthwash | Mouthwash,"Mouthwash, mouth rinse, oral rinse, or mouth bath is a liquid which is held in the mouth passively or swirled around the mouth by contraction of the perioral muscles and/or movement of the head, and may be gargled, where the head is tilted back and the liquid bubbled at the back of the mouth.

Usually mouthwashes are antiseptic solutions intended to reduce the microbial load in the mouth, although other mouthwashes might be given for other reasons such as for their analgesic, anti-inflammatory o",False,True,0.625,0.8421176075935364,0.00017327070236206055
baseline,193,Mouthwash,What effect can rinsing with water or mouthwash after brushing with a fluoride toothpaste have on salivary fluoride?,"It can reduce the availability of salivary fluoride, which can lower the anti‑cavity re‑mineralization and antibacterial effects of fluoride.",Rinsing with water or mouthwash after brushing with a fluoride toothpaste can reduce the availability of salivary fluoride.,Mouthwash | Mouthwash | Mouthwash,"Mouthwash, mouth rinse, oral rinse, or mouth bath is a liquid which is held in the mouth passively or swirled around the mouth by contraction of the perioral muscles and/or movement of the head, and may be gargled, where the head is tilted back and the liquid bubbled at the back of the mouth.

Usually mouthwashes are antiseptic solutions intended to reduce the microbial load in the mouth, although other mouthwashes might be given for other reasons such as for their analgesic, anti-inflammatory o",False,True,0.4166666666666667,0.9819122552871704,0.12315452098846436
baseline,194,Alexander the Great,At what age did Alexander III of Macedon succeed his father Philip II to the throne?,20,Alexander III of Macedon succeeded his father Philip II to the throne at the age of 20.,Alexander the Great | Alexander the Great | Alexander the Great,"Alexander III of Macedon (; 20/21 July 356 BC – 10/11 June 323 BC), commonly known as Alexander the Great, was a king of the ancient Greek kingdom of Macedon. He succeeded his father Philip II to the throne in 336 BC at the age of 20, and spent most of his ruling years conducting a lengthy military campaign throughout Western Asia and Egypt. By the age of 30, he had created one of the largest empires in history, stretching from Greece to northwestern India. He was undefeated in battle and is wid",False,True,1.0,0.9861976504325867,8.96453857421875e-05
baseline,195,Alexander the Great,In which year did Alexander invade the Achaemenid Persian Empire?,334 BC,334 BC,Alexander the Great | Alexander the Great | Alexander the Great,"The end of Thebes cowed Athens, leaving all of Greece temporarily at peace. Alexander then set out on his Asian campaign, leaving Antipater as regent.

Conquest of the Achaemenid Persian Empire

Asia Minor

After his victory at the Battle of Chaeronea (338 BC), Philip II began the work of establishing himself as hēgemṓn () of a league which according to Diodorus was to wage a campaign against the Persians for the sundry grievances Greece suffered in 480 and free the Greek cities of the western c",False,True,1.0,0.8282420039176941,0.9826076552271843
baseline,196,Alfred Korzybski,What is Alfred Korzybski's best known dictum?,The map is not the territory,"Alfred Korzybski's best known dictum is ""The map is not the territory.""",Alfred Korzybski | Alfred Korzybski | Alfred Korzybski,"Alfred Habdank Skarbek Korzybski (, ; July 3, 1879 – March 1, 1950) was a Polish-American independent scholar who developed a field called general semantics, which he viewed as both distinct from, and more encompassing than, the field of semantics. He argued that human knowledge of the world is limited both by the human nervous system and the languages humans have developed, and thus no one can have direct access to reality, given that the most we can know is that which is filtered through the b",False,True,1.0,0.9757331013679504,0.00017529726028442383
baseline,197,Alfred Korzybski,In what year did Alfred Korzybski move to North America?,1916,1916,Alfred Korzybski | Alfred Korzybski | Alfred Korzybski,"Alfred Habdank Skarbek Korzybski (, ; July 3, 1879 – March 1, 1950) was a Polish-American independent scholar who developed a field called general semantics, which he viewed as both distinct from, and more encompassing than, the field of semantics. He argued that human knowledge of the world is limited both by the human nervous system and the languages humans have developed, and thus no one can have direct access to reality, given that the most we can know is that which is filtered through the b",False,True,1.0,0.4848572909832001,0.9907856341451406
baseline,198,Asteroids (video game),Who designed the arcade game Asteroids?,Lyle Rains and Ed Logg,Lyle Rains and Ed Logg designed the arcade game Asteroids.,Asteroids (video game) | Asteroids (video game) | Asteroids (video game),"Asteroids is a space-themed multidirectional shooter arcade video game designed by Lyle Rains and Ed Logg released in November 1979 by Atari, Inc. The player controls a single spaceship in an asteroid field which is periodically traversed by flying saucers. The object of the game is to shoot and destroy the asteroids and saucers, while not colliding with either, or being hit by the saucers' counter-fire. The game becomes harder as the number of asteroids increases.

Asteroids was conceived durin",False,True,1.0,0.986409068107605,5.125999450683594e-05
baseline,199,Asteroids (video game),How many upright and cocktail cabinets of Asteroids were sold?,"47,840 upright cabinets and 8,725 cocktail cabinets","Based on the information provided in the context, there is no specific mention of how many upright and cocktail cabinets of Asteroids were sold. Therefore, the appropriate response is:

The context does not provide information regarding the number of upright and cocktail cabinets of Asteroids sold.",Asteroids (video game) | Asteroid | Asteroid,"Ports
Asteroids was released for the Atari VCS (later renamed the Atari 2600) and Atari 8-bit family in 1981, then the Atari 7800 in 1986. A port for the Atari 5200, identical to the Atari 8-bit computer version, was in development in 1982, but was not published. The Atari 7800 version was a launch title and includes cooperative play; the asteroids have colorful textures and the ""heartbeat"" sound effect remains intact. 

Programmers Brad Stewart and Bob Smith were unable to fit the Atari VCS por",False,True,0.42857142857142855,0.7627040147781372,0.13437777757644653
baseline,200,Asparagales,"In which year was the order Asparagales first put forward, and who proposed it?",It was first put forward by Huber in 1977.,The order Asparagales was first put forward by Huber in 1977.,Asparagales | Asparagales | Asparagales,"The typical 'Arabidopsis-type' sequence of bases has been fully or partially replaced by other sequences, with the 'human-type' predominating.
 Other apomorphic characters of the order according to Stevens are: the presence of chelidonic acid, anthers longer than wide, tapetal cells bi- to tetra-nuclear, tegmen not persistent, endosperm helobial, and loss of mitochondrial gene sdh3.

Taxonomy

As circumscribed within the Angiosperm Phylogeny Group system Asparagales is the largest order within t",False,True,1.0,0.9431406259536743,3.2186508178710938e-06
baseline,201,Asparagales,"According to the APG circumscription, how many families, genera, and species are included in Asparagales?","Asparagales includes 14 families, 1,122 genera, and about 36,000 species.","According to the APG circumscription, Asparagales is the largest order of monocots with 14 families, 1,122 genera, and about 36,000 species.",Asparagales | Asparagales | Asparagales,"Asparagales (asparagoid lilies) is an order of plants in modern classification systems such as the Angiosperm Phylogeny Group (APG) and the Angiosperm Phylogeny Web. The order takes its name from the type family Asparagaceae and is placed in the monocots amongst the lilioid monocots. The order has only recently been recognized in classification systems. It was first put forward by Huber in 1977 and later taken up in the Dahlgren system of 1985 and then the APG in 1998, 2003 and 2009. Before this",False,True,0.9090909090909091,0.9510824680328369,0.0016582012176513672
baseline,202,Alismatales,How many species are included in the Alismatales order?,"about 4,500 species","About 4,500 species are included in the Alismatales order.",Alismatales | Alismatales | Alismatales,"The Alismatales (alismatids) are an order of flowering plants including about 4,500 species. Plants assigned to this order are mostly tropical or aquatic. Some grow in fresh water, some in marine habitats. Perhaps the most important food crop in the order is the corm of the taro plant, Colocasia esculenta.

Description
The Alismatales comprise herbaceous flowering plants of often aquatic and marshy habitats, and the only monocots known to have green embryos other than the Amaryllidaceae. They al",False,True,1.0,0.9789157509803772,0.00020736455917358398
baseline,203,Alismatales,What is the most important food crop in the Alismatales order?,"the corm of the taro plant, Colocasia esculenta","The most important food crop in the Alismatales order is the corm of the taro plant, Colocasia esculenta.",Alismatales | Alismatales | Asparagales,"The Alismatales (alismatids) are an order of flowering plants including about 4,500 species. Plants assigned to this order are mostly tropical or aquatic. Some grow in fresh water, some in marine habitats. Perhaps the most important food crop in the order is the corm of the taro plant, Colocasia esculenta.

Description
The Alismatales comprise herbaceous flowering plants of often aquatic and marshy habitats, and the only monocots known to have green embryos other than the Amaryllidaceae. They al",False,True,1.0,0.9731971621513367,0.00018519163131713867
baseline,204,Apiales,Which well‑known members are included in the order Apiales?,"carrots, celery, parsley, and Hedera helix (English ivy).","Well-known members of the order Apiales include carrots, celery, parsley, and Hedera helix (English ivy).",Apiales | Apiaceae | Asparagales,"The Apiales are an order of flowering plants. The families are those recognized in the APG III system. This is typical of the newer classifications, though there is some slight variation and in particular, the Torriceliaceae may also be divided.

Under this definition, well-known members include carrots, celery, parsley, and Hedera helix (English ivy).

The order Apiales is placed within the asterid group of eudicots as circumscribed by the APG III system. Within the asterids, Apiales belongs to",False,True,1.0,0.9731410145759583,0.00041729211807250977
baseline,205,Apiales,"Within the asterids, to which unranked group does the order Apiales belong?",the campanulids.,"To determine to which unranked group the order Apiales belongs within the asterids, we need to follow these steps:

1. Identify the relevant information about Apiales within the asterids.
2. Locate the specific group mentioned for Apiales within the asterids.

From the provided context, we can see that under the APG III system, Apiales is placed within the asterid group of eudicots. 

Therefore, within the asterids, the order Apiales belongs to the unranked group called the campanulids.",Apiales | Asparagales | Asparagales,"The Apiales are an order of flowering plants. The families are those recognized in the APG III system. This is typical of the newer classifications, though there is some slight variation and in particular, the Torriceliaceae may also be divided.

Under this definition, well-known members include carrots, celery, parsley, and Hedera helix (English ivy).

The order Apiales is placed within the asterid group of eudicots as circumscribed by the APG III system. Within the asterids, Apiales belongs to",False,True,1.0,0.8584434390068054,0.11940813064575195
baseline,206,Asterales,What nutrient storage molecule do Asterales use instead of starch?,oligosaccharide inulin,Astellales use oligosaccharide inulin as a nutrient storage molecule instead of starch.,Asterales | Asteraceae | Asterales,"Asterales () is an order of dicotyledonous flowering plants that includes the large family Asteraceae (or Compositae) known for composite flowers made of florets, and ten families related to the Asteraceae. While asterids in general are characterized by fused petals, composite flowers consisting of many florets create the false appearance of separate petals (as found in the rosids).

The order is cosmopolitan (plants found throughout most of the world including desert and frigid zones), and incl",False,True,1.0,0.9798886179924011,0.00027865171432495117
baseline,207,Asterales,"What are the two growth forms, besides herbaceous species, that are present in the order Asterales?",trees and shrubs,"The two growth forms, besides herbaceous species, that are present in the order Asterales are shrubs and trees.",Asterales | Asteraceae | Asteraceae,"Asterales () is an order of dicotyledonous flowering plants that includes the large family Asteraceae (or Compositae) known for composite flowers made of florets, and ten families related to the Asteraceae. While asterids in general are characterized by fused petals, composite flowers consisting of many florets create the false appearance of separate petals (as found in the rosids).

The order is cosmopolitan (plants found throughout most of the world including desert and frigid zones), and incl",False,True,1.0,0.7260271310806274,0.0001500844955444336
baseline,208,Asteroid,What are the three classification types of asteroids mentioned in the passage?,"C-type, M-type, and S-type.","The three classification types of asteroids mentioned in the passage are:

1. C-type - Carbonaceous (carbon-rich)
2. S-type - Silicaceous (stony)
3. M-type - Metallic",Asteroid | Asteroid | Asteroid,"Sometimes these horseshoe objects temporarily become quasi-satellites for a few decades or a few hundred years, before returning to their earlier status. Both Earth and Venus are known to have quasi-satellites.

Such objects, if associated with Earth or Venus or even hypothetically Mercury, are a special class of Aten asteroids. However, such objects could be associated with the outer planets as well.

Spectral classification 

In 1975, an asteroid taxonomic system based on color, albedo, and sp",False,True,1.0,0.6345965266227722,0.0283014178276062
baseline,209,Asteroid,What percentage of Earth's Moon's mass does the total mass of all asteroids represent?,3%,3%,Asteroid | Asteroid | Asteroid,"On some rare occasions, a near-Earth asteroid may briefly become visible without technical aid; see 99942 Apophis.

The mass of all the objects of the asteroid belt, lying between the orbits of Mars and Jupiter, is estimated to be , ≈ 3.25% of the mass of the Moon. Of this, Ceres comprises , about 40% of the total. Adding in the next three most massive objects, Vesta (11%), Pallas (8.5%), and Hygiea (3–4%), brings this figure up to a bit over 60%, whereas the next seven most-massive asteroids br",False,True,1.0,0.5702855587005615,0.8568122833967209
baseline,210,Allocution,What is an allocution according to the passage?,A formal statement made to the court by the defendant who has been found guilty prior to being sentenced.,"According to the passage, an allocution is a formal statement made to the court by the defendant who has been found guilty prior to being sentenced. It is part of the criminal procedure in some jurisdictions using common law.",Allocution | Arraignment | Arraignment,"An allocution, or allocutus, is a formal statement made to the court by the defendant who has been found guilty prior to being sentenced. It is part of the criminal procedure in some jurisdictions using common law.

Concept 
An allocution allows the defendant to explain why the sentence should be lenient. In plea bargains, an allocution may be required of the defendant. The defendant explicitly admits specifically and in detail the actions and their reasons in exchange for a reduced sentence.

I",False,True,1.0,0.9853628873825073,0.6409730315208435
baseline,211,Allocution,"In Australia, who uses the term allocutus and how is it phrased?","It is used by the Clerk of Arraigns or another formal associate of the court, phrased as, ""Prisoner at the Bar, you have been found Guilty by a jury of your peers of the offense of XYZ. Do you have anything to say as to why the sentence of this Court should not now be passed upon you?""","In Australia, the term ""allocutus"" is used by the Clerk of Arraigns or another formal associate of the court. It is generally phrased as, ""Prisoner at the Bar, you have been found Guilty by a jury of your peers of the offense of XYZ. Do you have anything to say as to why the sentence of this Court should not now be passed upon you?""",Allocution | Adelaide | Adelaide,"An allocution, or allocutus, is a formal statement made to the court by the defendant who has been found guilty prior to being sentenced. It is part of the criminal procedure in some jurisdictions using common law.

Concept 
An allocution allows the defendant to explain why the sentence should be lenient. In plea bargains, an allocution may be required of the defendant. The defendant explicitly admits specifically and in detail the actions and their reasons in exchange for a reduced sentence.

I",False,True,1.0,0.9592099785804749,0.6451757848262787
baseline,212,Affidavit,What is an affidavit as defined in the passage?,A written statement voluntarily made by an affiant or deponent under an oath or affirmation which is administered by a person authorized by law.,"An affidavit is a written statement voluntarily made by an affiant or deponent under an oath or affirmation which is administered by a person who is authorized to do so by law. It is a type of verified statement or showing containing a verification, made under oath on penalty of perjury, serving as evidence for its veracity.",Affidavit | Affidavit | Affidavit,"An  ( ; Medieval Latin for ""he has declared under oath"") is a written statement voluntarily made by an affiant or deponent under an oath or affirmation which is administered by a person who is authorized to do so by law. Such a statement is witnessed as to the authenticity of the affiant's signature by a taker of oaths, such as a notary public or commissioner of oaths. An affidavit is a type of verified statement or showing, or in other words, it contains a verification, which means that it is m",False,True,1.0,0.9889717698097229,0.8492849767208099
baseline,213,Affidavit,Who may witness the authenticity of the affiant's signature according to the passage?,"A taker of oaths, such as a notary public or commissioner of oaths.","According to the passage, witnesses to the authenticity of the affiant's signature include a notary public or a commissioner of oaths.",Affidavit | Affirming the consequent | Affidavit,"An  ( ; Medieval Latin for ""he has declared under oath"") is a written statement voluntarily made by an affiant or deponent under an oath or affirmation which is administered by a person who is authorized to do so by law. Such a statement is witnessed as to the authenticity of the affiant's signature by a taker of oaths, such as a notary public or commissioner of oaths. An affidavit is a type of verified statement or showing, or in other words, it contains a verification, which means that it is m",False,True,0.6666666666666666,0.9826911091804504,0.012217700481414795
baseline,214,Aries (constellation),What is the area of the Aries constellation in square degrees?,441 square degrees,The area of the Aries constellation is 441 square degrees.,Aries (constellation) | Aries (constellation) | Aries (constellation),"Aries  is one of the constellations of the zodiac. It is located in the Northern celestial hemisphere between Pisces to the west and Taurus to the east. The name Aries is Latin for ram. Its old astronomical symbol is  (♈︎). It is one of the 48 constellations described by the 2nd century astronomer Ptolemy, and remains one of the 88 modern constellations.  It is a mid-sized constellation ranking 39th in overall size, with an area of 441 square degrees (1.1% of the celestial sphere).

Aries has re",False,True,1.0,0.9703385829925537,3.552436828613281e-05
baseline,215,Aries (constellation),What rank does Aries hold in overall size among constellations?,39th,Aries ranks 39th in overall size among constellations.,Aries (constellation) | Aries (constellation) | Aries (constellation),"Aries  is one of the constellations of the zodiac. It is located in the Northern celestial hemisphere between Pisces to the west and Taurus to the east. The name Aries is Latin for ram. Its old astronomical symbol is  (♈︎). It is one of the 48 constellations described by the 2nd century astronomer Ptolemy, and remains one of the 88 modern constellations.  It is a mid-sized constellation ranking 39th in overall size, with an area of 441 square degrees (1.1% of the celestial sphere).

Aries has re",False,True,1.0,0.9782253503799438,1.2278556823730469e-05
baseline,216,Aquarius (constellation),"What is the apparent magnitude of Beta Aquarii, the brightest star in Aquarius?",2.9,The apparent magnitude of Beta Aquarii is 3.27.,Aquarius (constellation) | Aquarius (constellation) | Aquarius (constellation),"The two brightest stars, α Aquarii and β Aquarii, are luminous yellow supergiants, of spectral types G0Ib and G2Ib respectively, that were once hot blue-white B-class main sequence stars 5 to 9 times as massive as the Sun. The two are also moving through space perpendicular to the plane of the Milky Way. Just shading α, β Aquarii is the brightest star in Aquarius with apparent  It also has the proper name of Sadalsuud. Having cooled and swollen to around 50 times the Sun's diameter, it is around",False,True,0.0,0.24202078580856323,2.3365020751953125e-05
baseline,217,Aquarius (constellation),What title is given to Aquarius in the Babylonian star catalogues?,The Great One,"""The Great One""",Aquarius (constellation) | Aquarius (constellation) | Aquarius (constellation),"Aquarius is an equatorial constellation of the zodiac, between Capricornus and Pisces. Its name is Latin for ""water-carrier"" or ""cup-carrier"", and its old astronomical symbol is  (♒︎), a representation of water. Aquarius is one of the oldest of the recognized constellations along the zodiac (the Sun's apparent path). It was one of the 48 constellations listed by the 2nd century astronomer Ptolemy, and it remains one of the 88 modern constellations. It is found in a region often called the Sea du",False,True,1.0,0.9400820732116699,0.92234256118536
baseline,218,Anime,When did the earliest commercial Japanese animations date to?,1917,The earliest commercial Japanese animations date to 1917.,Anime | Anime | Anime,"Puppets of the bunraku theater and ukiyo-e prints are considered ancestors of characters of most Japanese animations. Finally, mangas were a heavy inspiration for anime. Cartoonists Kitzawa Rakuten and Okamoto Ippei used film elements in their strips.

Pioneers 

Animation in Japan began in the early 20th century, when filmmakers started to experiment with techniques pioneered in France, Germany, the United States, and Russia. A claim for the earliest Japanese animation is Katsudō Shashin (), a ",False,True,1.0,0.9568324089050293,0.00015473365783691406
baseline,219,Anime,Which cartoonist's works contributed to the emergence of a characteristic anime art style in the 1960s?,Osamu Tezuka,Osamu Tezuka's works contributed to the emergence of a characteristic anime art style in the 1960s.,Anime | Anime | Anime,"is hand-drawn and computer-generated animation originating from Japan. Outside Japan and in English, anime refers specifically to animation produced in Japan. However, in Japan and in Japanese,  (a term derived from a shortening of the English word animation) describes all animated works, regardless of style or origin. Many works of animation with a similar style to Japanese animation are also produced outside Japan. Video games sometimes also feature themes and artstyles that can be considered ",False,True,1.0,0.9762826561927795,4.398822784423828e-05
baseline,220,Ankara,What are the historical names of Ankara?,Ancyra and Angora,"Historical names of Ankara include Ancyra, Angora, and Ankara.",Ankara | Ankara | Ankara,"The area is also known for its pears, honey and Muscat grapes. Although situated in one of the driest regions of Turkey and surrounded mostly by steppe vegetation (except for the forested areas on the southern periphery), Ankara can be considered a green city in terms of green areas per inhabitant, at  per head.

Etymology 

The orthography of the name Ankara has varied over the ages. It has been identified with the Hittite cult center Ankuwaš,  although this remains a matter of debate. In class",False,True,1.0,0.9870266318321228,0.00020581483840942383
baseline,221,Ankara,On what date was the Grand National Assembly of Turkey established in Ankara?,23 April 1920,The Grand National Assembly of Turkey was established in Ankara on 23 April 1920.,Ankara | Ankara | Ankara,"Ankara ( ,  ; ), historically known as Ancyra and Angora, is the capital of Turkey. Located in the central part of Anatolia, the city has a population of 5.1 million in its urban center and 5.7 million in Ankara Province, making it Turkey's second-largest city after Istanbul, but first by the urban area (2,767 km2).

Serving as the capital of the ancient Celtic state of Galatia (280–64 BC), and later of the Roman province with the same name (25 BC–7th century), the city is very old, with various",False,True,1.0,0.9577906131744385,2.181529998779297e-05
baseline,222,Arabic,In which century did Arabic emerge?,It emerged in the 1st century AD.,Arabic emerged in the 1st century AD.,Arabic | Arabic | Arabic,"This variety and both its classicizing and ""lay"" iterations have been termed Middle Arabic in the past, but they are thought to continue an Old Higazi register. It is clear that the orthography of the Qur'an was not developed for the standardized form of Classical Arabic; rather, it shows the attempt on the part of writers to record an archaic form of Old Higazi.

In the late 6th century AD, a relatively uniform intertribal ""poetic koine"" distinct from the spoken vernaculars developed based on t",False,True,1.0,0.9892761707305908,0.002070784568786621
baseline,223,Arabic,Arabic is an official language of how many states?,It is an official language of 26 states and 1 disputed territory.,"According to the given context, Arabic is an official language of 26 states and 1 disputed territory.",Arabic | Arabic | Algeria,"Arabic (,  ; ,   or ) is a Semitic language spoken primarily across the Arab world. Having emerged in the 1st century AD, it is named after the Arab people; the term ""Arab"" was initially used to describe those living in the Arabian Peninsula, as perceived by geographers from ancient Greece.

Since the 7th century, Arabic has been characterized by diglossia, with an opposition between a standard prestige language—i.e., Literary Arabic: Modern Standard Arabic (MSA) or Classical Arabic—and diverse ",False,True,1.0,0.9735159873962402,0.0072890520095825195
baseline,224,Alfred Hitchcock,How many Academy Award nominations did Alfred Hitchcock's films receive?,46,"Based on the provided context, Alfred Hitchcock's films received 46 Academy Award nominations.",Alfred Hitchcock | Alfred Hitchcock | Alfred Hitchcock,"Sir Alfred Joseph Hitchcock  (13 August 1899 – 29 April 1980) was an English film director, screenwriter, producer and editor. He is widely regarded as one of the most influential figures in the history of cinema. In a career spanning six decades, he directed over 50 feature films, many of which are still widely watched and studied today. Known as the ""Master of Suspense"", he became as well known as any of his actors thanks to his many interviews, his cameo roles in most of his films, and his ho",False,True,1.0,0.9852024912834167,0.00015842914581298828
baseline,225,Alfred Hitchcock,What was the title of Alfred Hitchcock's directorial debut?,The Pleasure Garden,The title of Alfred Hitchcock's directorial debut was The Pleasure Garden (1925).,Alfred Hitchcock | Alfred Hitchcock | Alfred Hitchcock,"Sir Alfred Joseph Hitchcock  (13 August 1899 – 29 April 1980) was an English film director, screenwriter, producer and editor. He is widely regarded as one of the most influential figures in the history of cinema. In a career spanning six decades, he directed over 50 feature films, many of which are still widely watched and studied today. Known as the ""Master of Suspense"", he became as well known as any of his actors thanks to his many interviews, his cameo roles in most of his films, and his ho",False,True,1.0,0.9636824727058411,1.1920928955078125e-06
baseline,226,Anaconda,How many species of anacondas are currently recognized?,Four species,Four species are currently recognized.,Anaconda | Anaconda | Amphibian,"Anacondas or water boas are a group of large snakes of the genus Eunectes. They are found in tropical South America. Four species are currently recognized.

Description
Although the name applies to a group of snakes, it is often used to refer only to one species, in particular, the common or green anaconda (Eunectes murinus), which is the largest snake in the world by weight, and the second longest after the reticulated python.

Etymology
The South American names anacauchoa and anacaona were sug",False,True,1.0,0.9899212121963501,5.2928924560546875e-05
baseline,227,Anaconda,Which anaconda species is the largest snake in the world by weight?,the common or green anaconda (Eunectes murinus),The common or green anaconda (Eunectes murinus) is the largest snake in the world by weight.,Anaconda | Anaconda | Amphibian,"Anacondas or water boas are a group of large snakes of the genus Eunectes. They are found in tropical South America. Four species are currently recognized.

Description
Although the name applies to a group of snakes, it is often used to refer only to one species, in particular, the common or green anaconda (Eunectes murinus), which is the largest snake in the world by weight, and the second longest after the reticulated python.

Etymology
The South American names anacauchoa and anacaona were sug",False,True,1.0,0.9730667471885681,0.0003777742385864258
baseline,228,Altaic languages,Which language families are included in the proposed Altaic language family according to the passage?,"The Turkic, Mongolic, and Tungusic language families, and possibly also the Japonic and Koreanic languages.","The proposed Altaic language family includes the Turkic, Mongolic, and Tungusic language families, as well as potentially the Japonic and Koreanic languages.",Altaic languages | Altaic languages | Altaic languages,"Altaic () is a controversial proposed language family that would include the Turkic, Mongolic and Tungusic language families and possibly also the Japonic and Koreanic languages. The hypothetical language family has long been rejected by most comparative linguists, although it continues to be supported by a small but stable scholarly minority. Speakers of the constituent languages are currently scattered over most of Asia north of 35° N and in some eastern parts of Europe, extending in longitude",False,True,0.8,0.9816012382507324,0.0022562742233276367
baseline,229,Altaic languages,In which century was the Altaic family first proposed?,In the 18th century.,The Altaic family was first proposed in the 18th century.,Altaic languages | Altaic languages | Altaic languages,"Altaic () is a controversial proposed language family that would include the Turkic, Mongolic and Tungusic language families and possibly also the Japonic and Koreanic languages. The hypothetical language family has long been rejected by most comparative linguists, although it continues to be supported by a small but stable scholarly minority. Speakers of the constituent languages are currently scattered over most of Asia north of 35° N and in some eastern parts of Europe, extending in longitude",False,True,1.0,0.9800598621368408,7.033348083496094e-06
baseline,230,Austrian German,"In which year was the Österreichisches Wörterbuch, which formalized Austrian German, published?",1951,"The Österreichisches Wörterbuch, which formalized Austrian German, was published in 1951.",Austrian German | Austrian German | Austrian school of economics,"Austrian German (), Austrian Standard German (ASG), Standard Austrian German (), Austrian High German (), or simply just Austrian (), is an official and standard variety of Standard High German written and spoken in Austria and Italian South Tyrol. It has the highest sociolinguistic prestige locally, as it is the variation used in the media and for other formal situations. In less formal situations, Austrians use Bavarian and Alemannic dialects, which are traditionally spoken but rarely written ",False,True,1.0,0.9691368341445923,5.125999450683594e-06
baseline,231,Austrian German,Which language was adopted as the standard for Austrian German for pragmatic reasons?,The already-standardized chancellery language of Saxony (Sächsische Kanzleisprache or Meißner Kanzleideutsch).,"The language that was adopted as the standard for Austrian German for pragmatic reasons was the chancellery language of Saxony, which was based on the administrative language of the non-Austrian area of Meißen and Dresden.",Austrian German | Austrian German | Austrian German,"Austrian German (), Austrian Standard German (ASG), Standard Austrian German (), Austrian High German (), or simply just Austrian (), is an official and standard variety of Standard High German written and spoken in Austria and Italian South Tyrol. It has the highest sociolinguistic prestige locally, as it is the variation used in the media and for other formal situations. In less formal situations, Austrians use Bavarian and Alemannic dialects, which are traditionally spoken but rarely written ",False,True,0.36363636363636365,0.9590403437614441,0.12656909227371216
baseline,232,Axiom of choice,Who formulated the axiom of choice and in what year?,Ernst Zermelo formulated the axiom of choice in 1904.,Ernst Zermelo formulated the axiom of choice in 1904.,Axiom of choice | Axiom of choice | Axiom of choice,"In mathematics, the axiom of choice, abbreviated AC or AoC, is an axiom of set theory equivalent to the statement that a Cartesian product of a collection of non-empty sets is non-empty. Informally put, the axiom of choice says that given any collection of sets, each containing at least one element, it is possible to construct a new set by arbitrarily choosing one element from each set, even if the collection is infinite. Formally, it states that for every indexed family  of nonempty sets, there",False,True,1.0,0.9539130330085754,0.00013768672943115234
baseline,233,Axiom of choice,What does the axiom of choice formally state for every indexed family of nonempty sets?,"It states that for every indexed family of nonempty sets, there exists an indexed set such that for every index i, the ith element of the indexed set is an element of the ith set.","The axiom of choice formally states that for every indexed family of nonempty sets, there exists a choice function.",Axiom of choice | Axiom of choice | Axiom of choice,"However, that particular case is a theorem of the Zermelo–Fraenkel set theory without the axiom of choice (ZF); it is easily proved by the principle of finite induction. In the even simpler case of a collection of one set, a choice function just corresponds to an element, so this instance of the axiom of choice says that every nonempty set has an element; this holds trivially. The axiom of choice can be seen as asserting the generalization of this property, already evident for finite collections",False,True,0.5714285714285714,0.9635006785392761,0.0011292099952697754
baseline,234,Attila,When did Attila die?,March 453,453,Attila | Attila | Attila,"Attila (  or  ; ), frequently called Attila the Hun, was the ruler of the Huns from 434 until his death, in March 453. He was also the leader of an empire consisting of Huns, Ostrogoths, Alans, and Bulgars, among others, in Central and Eastern Europe.

During his reign, he was one of the most feared enemies of the Western and Eastern Roman Empires. He crossed the Danube twice and plundered the Balkans but was unable to take Constantinople. In 441, he led an invasion of the Eastern Roman (Byzanti",False,True,0.5,0.6210407018661499,0.9754603002220392
baseline,235,Attila,Which groups were part of the empire Attila led?,"Huns, Ostrogoths, Alans, and Bulgars","The empire Attila led consisted of Huns, Ostrogoths, Alans, and Bulgars, among others, in Central and Eastern Europe.",Attila | Attila | Attila,"Attila (  or  ; ), frequently called Attila the Hun, was the ruler of the Huns from 434 until his death, in March 453. He was also the leader of an empire consisting of Huns, Ostrogoths, Alans, and Bulgars, among others, in Central and Eastern Europe.

During his reign, he was one of the most feared enemies of the Western and Eastern Roman Empires. He crossed the Danube twice and plundered the Balkans but was unable to take Constantinople. In 441, he led an invasion of the Eastern Roman (Byzanti",False,True,1.0,0.9908804893493652,0.000943601131439209
baseline,236,Aegean Sea,Which straits connect the Aegean Sea to the Marmara Sea and the Black Sea?,The Dardanelles and the Bosphorus,The Dardanelles and the Bosphorus straits connect the Aegean Sea to the Marmara Sea and the Black Sea.,Aegean Sea | Aegean Sea | Aegean Sea,"It ultimately connects with the Black Sea through the Bosphoros strait, upon which lies the city of Istanbul. The Dardanelles and the Bosphoros are known as the Turkish Straits.

Extent
According to the International Hydrographic Organization, the limits of the Aegean Sea as follows:

 On the south: A line running from Cape Aspro (28°16′E) in Asia Minor, to Cum Burnù (Capo della Sabbia) the Northeast extreme of the Island of Rhodes, through the island to Cape Prasonisi, the Southwest point there",False,True,1.0,0.944023847579956,0.006513476371765137
baseline,237,Aegean Sea,Which islands are included in the Dodecanese group?,"Rhodes, Kos, and Patmos","The Dodecanese group includes the following islands:

1. Chios
2. Kos
3. Samos
4. Ikaria
5. Leros
6. Lesvos
7. Limnos
8. Samothrace
9. Tinos
10. Syros
11. Paros
12. Naxos",Archipelago | Aegean Sea | Asia,"An archipelago ( ), sometimes called an island group or island chain, is a chain, cluster, or collection of islands, or sometimes a sea containing a small number of scattered islands.

Examples of archipelagos include: the Indonesian Archipelago, the Andaman and Nicobar Islands, the Lakshadweep Islands, the Galápagos Islands, the Japanese archipelago, the Philippine Archipelago, the Maldives, the Balearic Islands, the Åland Islands, The Bahamas, the Aegean Islands, the Hawaiian Islands, the Cana",False,True,0.3333333333333333,0.09879060834646225,0.026531338691711426
baseline,238,A Clockwork Orange (novel),Who is the author of A Clockwork Orange?,English writer Anthony Burgess,The author of A Clockwork Orange is Anthony Burgess.,A Clockwork Orange (novel) | A Clockwork Orange (novel) | A Clockwork Orange (novel),"A Clockwork Orange is a dystopian satirical black comedy novel by English writer Anthony Burgess, published in 1962. It is set in a near-future society that has a youth subculture of extreme violence. The teenage protagonist, Alex, narrates his violent exploits and his experiences with state authorities intent on reforming him. The book is partially written in a Russian-influenced argot called ""Nadsat"", which takes its name from the Russian suffix that is equivalent to '-teen' in English. Accord",False,True,0.5,0.9829246401786804,5.125999450683594e-06
baseline,239,A Clockwork Orange (novel),In what year was A Clockwork Orange included on Time magazine's list of the 100 best English-language novels written since 1923?,2005,1962,A Clockwork Orange (novel) | A Clockwork Orange (novel) | A Clockwork Orange (novel),"A Clockwork Orange is a dystopian satirical black comedy novel by English writer Anthony Burgess, published in 1962. It is set in a near-future society that has a youth subculture of extreme violence. The teenage protagonist, Alex, narrates his violent exploits and his experiences with state authorities intent on reforming him. The book is partially written in a Russian-influenced argot called ""Nadsat"", which takes its name from the Russian suffix that is equivalent to '-teen' in English. Accord",False,True,0.0,0.9635447263717651,0.9992678186972626
baseline,240,Amsterdam,What is the population of Amsterdam within the city proper?,"921,402","The population of Amsterdam within the city proper is 921,402.",Amsterdam | Amsterdam | Amsterdam,"Cloudy and damp days are common during the cooler months of October through March.

Demographics

Historical population

In 1300, Amsterdam's population was around 1,000 people. While many towns in Holland experienced population decline during the 15th and 16th centuries, Amsterdam's population grew, mainly due to the rise of the profitable Baltic maritime trade especially in grain after the Burgundian victory in the Dutch–Hanseatic War in 1441. The population of Amsterdam was only modest compar",False,True,1.0,0.9716423153877258,1.3113021850585938e-05
baseline,241,Amsterdam,"Which area, annexed in 1921, is the oldest part of Amsterdam dating to the 9th century?",Sloten,"Sloten, annexed in 1921 by the municipality of Amsterdam, is the oldest part of the city, dating to the 9th century.",Amsterdam | Amsterdam | Amsterdam,"Amsterdam ( ,  , ; literally, ""The Dam on the River Amstel"") is the capital and most populated city of the Netherlands, with The Hague being the seat of government. It has a population of 921,402 within the city proper, 1,457,018 in the urban area and 2,480,394 in the metropolitan area. Located in the Dutch province of North Holland, Amsterdam is colloquially referred to as the ""Venice of the North"", for its large number of canals, now designated a UNESCO World Heritage Site.

Amsterdam was foun",False,True,1.0,0.9695172905921936,0.00018960237503051758
baseline,242,Museum of Work,In which city is the Museum of Work located?,"Norrköping, Sweden.","The Museum of Work is located in Norrköping, Sweden.",Museum of Work | Athens | Amsterdam,"The Museum of Work (Arbetets museum) is a museum located in Norrköping, Sweden. The museum is located in the Strykjärn (Clothes iron), a former weaving mill in the old industrial area on the Motala ström river in the city centre of Norrköping. The former textile factory Holmens Bruk (sv) operated in the building from 1917 to 1962.

The museum documents work and everyday life by collecting personal stories about people's professional lives from both the past and the present. The museum's archive ",False,True,1.0,0.9830210208892822,0.00011146068572998047
baseline,243,Museum of Work,Since what year has the museum housed the EWK – Center for Political Illustration Art?,2009.,"Since 2009, the museum has housed the EWK – Center for Political Illustration Art.",Museum of Work | Amsterdam | Museum of Work,"The exhibition also consisted of presentations of the working life museums in Sweden and a number of rooms with themes such as: leisure, world, living and consumption.

Framtidsland (Future country) 
In 2014, the exhibition was inaugurated that takes by where Industriland ends: Future country. It is an exhibition that investigates what a sustainable society is will be part of the museum's exhibitions until 2019. The exhibition consists of materials that are designed based on conversations betwee",False,True,1.0,0.9782664179801941,0.00010514259338378906
baseline,244,Audi,Where is Audi AG headquartered?,"Ingolstadt, Bavaria, Germany.","Ingolstadt, Bavaria, Germany",Audi | Audi | Audi,"Audi AG () is a German automotive manufacturer of luxury vehicles headquartered in Ingolstadt, Bavaria, Germany. A subsidiary of the Volkswagen Group, Audi produces vehicles in nine production facilities worldwide.

The origins of the company are complex, dating back to the early 20th century and the initial enterprises (Horch and the Audiwerke) founded by engineer August Horch (1868–1951). Two other manufacturers (DKW and Wanderer) also contributed to the foundation of Auto Union in 1932. The m",False,True,1.0,0.9232441186904907,0.8686597347259521
baseline,245,Audi,In how many production facilities worldwide does Audi produce vehicles?,Nine.,Audi manufactures vehicles in nine production facilities worldwide.,Audi | Audi | Audi,"One factor for its popularity in China is that Audis have become the car of choice for purchase by the Chinese government for officials, and purchases by the government are responsible for 20% of its sales in China. As of late 2009, Audi's operating profit of €1.17 billion ($1.85 billion) made it the biggest contributor to parent Volkswagen Group's nine-month operating profit of €1.5 billion, while the other marques in Group such as Bentley and SEAT had suffered considerable losses. May 2011 saw",False,True,1.0,0.9926170706748962,7.545948028564453e-05
baseline,246,Aircraft,"What is the science of aviation, including designing and building aircraft, called?",Aeronautics.,"The science of aviation, including designing and building aircraft, is called aeronautics.",Aircraft | Aircraft | Aircraft,"An aircraft (: aircraft) is a vehicle that is able to fly by gaining support from the air. It counters the force of gravity by using either static lift or the dynamic lift of an airfoil, or, in a few cases, direct downward thrust from its engines. Common examples of aircraft include airplanes, helicopters, airships (including blimps), gliders, paramotors, and hot air balloons.

The human activity that surrounds aircraft is called aviation. The science of aviation, including designing and buildin",False,True,1.0,0.977948009967804,9.834766387939453e-05
baseline,247,Aircraft,Into how many eras is the history of aircraft divided?,Five.,Five,Aircraft | Aircraft | April 6,"An aircraft (: aircraft) is a vehicle that is able to fly by gaining support from the air. It counters the force of gravity by using either static lift or the dynamic lift of an airfoil, or, in a few cases, direct downward thrust from its engines. Common examples of aircraft include airplanes, helicopters, airships (including blimps), gliders, paramotors, and hot air balloons.

The human activity that surrounds aircraft is called aviation. The science of aviation, including designing and buildin",False,True,1.0,0.751445472240448,0.48803937435150146
baseline,248,Alfred Nobel,In what year was Alfred Nobel's invention dynamite patented?,1867,1867,Alfred Nobel | Alfred Nobel | Alfred Nobel,"Alfred Bernhard Nobel ( , ; 21 October 1833 – 10 December 1896) was a Swedish chemist, engineer, inventor, businessman, and philanthropist. He is known for creating dynamite as well as having bequeathed his fortune to establish the Nobel Prize. He also made several important contributions to science, holding 355 patents in his lifetime. Nobel's most famous invention was dynamite, an explosive using  nitroglycerin; it was patented in 1867.

Nobel displayed an early aptitude for science and learni",False,True,1.0,0.7566590905189514,0.9990340250660665
baseline,249,Alfred Nobel,How many patents did Alfred Nobel hold during his lifetime?,355,"During his lifetime, Alfred Nobel held 355 patents.",Alfred Nobel | Alfred Nobel | Alfred Nobel,"Alfred Bernhard Nobel ( , ; 21 October 1833 – 10 December 1896) was a Swedish chemist, engineer, inventor, businessman, and philanthropist. He is known for creating dynamite as well as having bequeathed his fortune to establish the Nobel Prize. He also made several important contributions to science, holding 355 patents in his lifetime. Nobel's most famous invention was dynamite, an explosive using  nitroglycerin; it was patented in 1867.

Nobel displayed an early aptitude for science and learni",False,True,1.0,0.9757269024848938,1.2159347534179688e-05
baseline,250,Alexander Graham Bell,On what date was Alexander Graham Bell awarded the first U.S. patent for the telephone?,"March 7, 1876.","March 7, 1876",Alexander Graham Bell | Alexander Graham Bell | Alexander Graham Bell,"Alexander Graham Bell (, born Alexander Bell; March 3, 1847 – August 2, 1922) was a  Scottish-born inventor, scientist and engineer who is credited with patenting the first practical telephone. He also co-founded the American Telephone and Telegraph Company (AT&T) in 1885.

Bell's father, grandfather, and brother had all been associated with work on elocution and speech, and both his mother and wife were deaf; profoundly influencing Bell's life's work. His research on hearing and speech further ",False,True,1.0,0.8296164870262146,0.9991289344034158
baseline,251,Alexander Graham Bell,"What position did Bell hold in the National Geographic Society, and during which years did he serve?","He was the second president, serving from January 7, 1898, until 1903.","During the early 1880s, Alexander Graham Bell helped establish the publication Science. He served as the second president of the National Geographic Society from January 7, 1898, until 1903.",Alexander Graham Bell | Alexander Graham Bell | Alexander Graham Bell,"The laboratory was also the site where he and his associate invented his ""proudest achievement"", ""the photophone"", the ""optical telephone"" which presaged fibre optical telecommunications while the Volta Bureau would later evolve into the Alexander Graham Bell Association for the Deaf and Hard of Hearing (the AG Bell), a leading center for the research and pedagogy of deafness.

In partnership with Gardiner Greene Hubbard, Bell helped establish the publication Science during the early 1880s. In 1",False,True,0.8888888888888888,0.7594354152679443,0.3738473057746887
baseline,252,Anatolia,"Which seas bound Anatolia to the north, south, and west?","The Black Sea to the north, the Mediterranean Sea to the south, and the Aegean Sea to the west.","To determine which seas bound Anatolia to the north, south, and west, let's analyze the geographical information provided:

1. **North**: The text states that Anatolia is bordered by the Turkish Straits to the north-west.
   - This means the Turkish Straits separate Anatolia from Thrace in the Balkan peninsula of Southeastern Europe.

2. **South**: The text mentions that the Aegean Sea connects the Black Sea with the Mediterranean Sea through the Bosporus strait and the Dardanelles strait, separating Anatolia from Thrace.
   - Therefore, the Aegean Sea bounds Anatolia to the south.

3. **West**: The text notes that the Sea of Marmara connects the Black Sea with the Aegean Sea through the Bos",Anatolia | Aegean Sea | Aegean Sea,"Anatolia, also known as Asia Minor, is a large peninsula in West Asia and is the western-most extension of continental Asia. The land mass of Anatolia constitutes most of the territory of contemporary Turkey. Geographically, the Anatolian region is bounded by the Turkish Straits to the north-west, the Black Sea to the north, the Armenian Highlands to the east, the Mediterranean Sea to the south, and the Aegean Sea to the west. Topographically, the Sea of Marmara connects the Black Sea with the A",False,True,1.0,0.8759487271308899,0.07088041305541992
baseline,253,Anatolia,What were the major Anatolian languages mentioned in the passage?,"Hittite, Luwian, and Lydian.","The major Anatolian languages mentioned in the passage include Hittite, Luwian, and Lydian.",Anatolia | Anatolia | Anatolia,"Anatolia, also known as Asia Minor, is a large peninsula in West Asia and is the western-most extension of continental Asia. The land mass of Anatolia constitutes most of the territory of contemporary Turkey. Geographically, the Anatolian region is bounded by the Turkish Straits to the north-west, the Black Sea to the north, the Armenian Highlands to the east, the Mediterranean Sea to the south, and the Aegean Sea to the west. Topographically, the Sea of Marmara connects the Black Sea with the A",False,True,1.0,0.9872865080833435,9.691715240478516e-05
baseline,254,Apple Inc.,In which city is Apple Inc. headquartered?,"Cupertino, California","Cupertino, California",Apple Inc. | Apple Inc. | Apple Inc.,"Apple Inc. is an American multinational technology company headquartered in Cupertino, California. , Apple is the world's biggest company by market capitalization, and with  the largest technology company by 2022 revenue. , Apple is the fourth-largest personal computer vendor by unit sales; the largest manufacturing company by revenue; and the second-largest mobile phone manufacturer in the world. It is considered one of the Big Five American information technology companies, alongside Alphabet ",False,True,1.0,0.9022811651229858,0.9915380012243986
baseline,255,Apple Inc.,Who were the three founders of Apple Computer Company?,"Steve Wozniak, Steve Jobs and Ronald Wayne","Steve Jobs, Steve Wozniak, and Ronald Wayne were the three founders of Apple Computer Company.",Apple Inc. | Apple Inc. | Apple Inc.,"When Jobs resigned in 2011 for health reasons, and died two months later, he was succeeded as CEO by Tim Cook.

Apple became the first publicly traded U.S. company to be valued at over $1 trillion in August 2018, then at $2 trillion in August 2020, and at $3 trillion in January 2022. In June 2023, it was valued at just over $3 trillion. The company receives criticism regarding the labor practices of its contractors, its environmental practices, and its business ethics, including anti-competitive",False,True,1.0,0.7780406475067139,0.00011909008026123047
baseline,256,Aberdeenshire,Where is Aberdeenshire Council headquartered?,"Woodhill House, in Aberdeen.","Woodhill House, in Aberdeen.",Aberdeenshire | Aberdeenshire | Aberdeenshire,"Aberdeenshire (; ) is one of the 32 council areas of Scotland.

It takes its name from the County of Aberdeen, which has substantially different boundaries. The Aberdeenshire Council area includes all of the area of the historic counties of Aberdeenshire and Kincardineshire (except the area making up Aberdeen City council area), as well as part of Banffshire. The county boundaries are officially used for a few purposes, namely land registration and lieutenancy.

Aberdeenshire Council is headquar",False,True,1.0,0.9462969303131104,0.0279543399810791
baseline,257,Aberdeenshire,Which historic counties' areas are included in the Aberdeenshire Council area?,"All of the area of the historic counties of Aberdeenshire and Kincardineshire (except the area making up Aberdeen City council area), as well as part of Banffshire.","The Aberdeenshire Council area includes all of the area of the historic counties of Aberdeenshire and Kincardineshire (except the area making up Aberdeen City council area), as well as part of Banffshire.",Aberdeenshire | Aberdeenshire | Aberdeenshire,"Aberdeenshire (; ) is one of the 32 council areas of Scotland.

It takes its name from the County of Aberdeen, which has substantially different boundaries. The Aberdeenshire Council area includes all of the area of the historic counties of Aberdeenshire and Kincardineshire (except the area making up Aberdeen City council area), as well as part of Banffshire. The county boundaries are officially used for a few purposes, namely land registration and lieutenancy.

Aberdeenshire Council is headquar",False,True,1.0,0.9665353894233704,0.2681741714477539
baseline,258,Aztlan Underground,Which musical genres does Aztlan Underground combine in their music?,"Hip‑Hop, Punk Rock, Jazz, and electronic music with Chicano and Native American themes, and indigenous instrumentation.","Hip-Hop, Punk Rock, Jazz, and electronic music with Chicano and Native American themes, and indigenous instrumentation.",Aztlan Underground | Accordion | Accordion,"Aztlan Underground is a band from Los Angeles, California that combines Hip-Hop, Punk Rock, Jazz, and electronic music with Chicano and Native American themes, and indigenous instrumentation. They are often cited as progenitors of Chicano rap.

Background 
The band traces its roots to the late-1980s hardcore scene in the Eastside of Los Angeles. They have played rapcore, with elements of punk, hip hop, rock, funk, jazz, indigenous music, and spoken word. Indigenous drums, flutes, and rattles are",False,True,1.0,0.9916331768035889,0.42394983768463135
baseline,259,Aztlan Underground,In what year did Aztlan Underground appear on Culture Clash on Fox?,1993,1993,Aztlan Underground | Aztlan Underground | Andorra,"Aztlan Underground is a band from Los Angeles, California that combines Hip-Hop, Punk Rock, Jazz, and electronic music with Chicano and Native American themes, and indigenous instrumentation. They are often cited as progenitors of Chicano rap.

Background 
The band traces its roots to the late-1980s hardcore scene in the Eastside of Los Angeles. They have played rapcore, with elements of punk, hip hop, rock, funk, jazz, indigenous music, and spoken word. Indigenous drums, flutes, and rattles are",False,True,1.0,0.6702516078948975,0.9988213279284537
baseline,260,American Civil War,On what date did the American Civil War end?,"May 26, 1865","The American Civil War ended on June 2, 1865, when Confederate Lt. Gen. Simon B. Buckner, acting for General Edmund Kirby Smith, signed a military convention surrendering the Confederate trans-Mississippi Department forces.",American Civil War | American Civil War | American Civil War,"It proved to be the largest surrender of Confederate forces. On May 4, all remaining Confederate forces in Alabama, Louisiana east of the Mississippi River, and Mississippi under Lieutenant General Richard Taylor surrendered.

The Confederate president, Jefferson Davis, was captured at Irwinville, Georgia on May 10, 1865.

On May 13, 1865, the last land battle of the war was fought at the Battle of Palmito Ranch in Texas.

On May 26, 1865, Confederate Lt. Gen. Simon B. Buckner, acting for Genera",False,True,0.3333333333333333,0.9594971537590027,0.19876313209533691
baseline,261,American Civil War,Who was the President of the Confederacy?,Jefferson Davis,Jefferson Davis was the President of the Confederacy.,Abraham Lincoln | American Civil War | Abraham Lincoln,"President Buchanan and President-elect Lincoln refused to recognize the Confederacy, declaring secession illegal. The Confederacy selected Jefferson Davis as its provisional president on February 9, 1861.

Attempts at compromise followed but Lincoln and the Republicans rejected the proposed Crittenden Compromise as contrary to the Party's platform of free-soil in the territories. Lincoln said, ""I will suffer death before I consent ... to any concession or compromise which looks like buying the p",False,True,1.0,0.9605324268341064,5.269050598144531e-05
baseline,262,Andy Warhol,What are two of Andy Warhol's best‑known silkscreen paintings mentioned in the passage?,Campbell's Soup Cans (1962) and Marilyn Diptych (1962).,"Two of Andy Warhol's best-known silkscreen paintings mentioned in the passage are:

1. Campbell's Soup Cans (1962)
2. Marilyn Diptych (1962)",Andy Warhol | Andy Warhol | Andy Warhol,"Andy Warhol (; born Andrew Warhola Jr.; August 6, 1928 – February 22, 1987) was an American visual artist, film director, producer, and leading figure in the pop art movement. His works explore the relationship between artistic expression, advertising, and celebrity culture that flourished by the 1960s, and span a variety of media, including painting, silkscreening, photography, film, and sculpture. Some of his best-known works include the silkscreen paintings Campbell's Soup Cans (1962) and Mar",False,True,1.0,0.951788604259491,0.0006071329116821289
baseline,263,Andy Warhol,Which experimental rock band did Andy Warhol manage and produce in the late 1960s?,The Velvet Underground.,The Velvet Underground,Andy Warhol | Andy Warhol | Andy Warhol,"Andy Warhol (; born Andrew Warhola Jr.; August 6, 1928 – February 22, 1987) was an American visual artist, film director, producer, and leading figure in the pop art movement. His works explore the relationship between artistic expression, advertising, and celebrity culture that flourished by the 1960s, and span a variety of media, including painting, silkscreening, photography, film, and sculpture. Some of his best-known works include the silkscreen paintings Campbell's Soup Cans (1962) and Mar",False,True,1.0,0.7387593984603882,0.9925393564626575
baseline,264,Alp Arslan,"What does the nickname ""Alp Arslan"" mean in Turkish?",Heroic Lion,"The nickname ""Alp Arslan"" means ""Heroic Lion"" in Turkish.",Alp Arslan | Alp Arslan | Alp Arslan,"Alp Arslan, born Muhammad bin Dawud Chaghri, was the second sultan of the Seljuk Empire and great-grandson of Seljuk, the eponymous founder of the dynasty. He greatly expanded the Seljuk territory and consolidated his power, defeating rivals to the south and northwest, and his victory over the Byzantines at the Battle of Manzikert, in 1071, ushered in the Turkmen settlement of Anatolia. 

Muhammad bin Dawud Chaghri's military prowess and fighting skills earned him the nickname Alp Arslan, which ",False,True,1.0,0.9777333736419678,4.851818084716797e-05
baseline,265,Alp Arslan,In what year did Alp Arslan win the Battle of Manzikert against the Byzantines?,1071,1071,Alp Arslan | Alp Arslan | Alp Arslan,"Alp Arslan, born Muhammad bin Dawud Chaghri, was the second sultan of the Seljuk Empire and great-grandson of Seljuk, the eponymous founder of the dynasty. He greatly expanded the Seljuk territory and consolidated his power, defeating rivals to the south and northwest, and his victory over the Byzantines at the Battle of Manzikert, in 1071, ushered in the Turkmen settlement of Anatolia. 

Muhammad bin Dawud Chaghri's military prowess and fighting skills earned him the nickname Alp Arslan, which ",False,True,1.0,0.742841362953186,0.9998313472460723
baseline,266,American Film Institute,Who chairs the board of trustees of the American Film Institute?,Kathleen Kennedy,Kathleen Kennedy chairs the board of trustees of the American Film Institute.,American Film Institute | Academy Awards | American Film Institute,"The American Film Institute (AFI) is an American nonprofit film organization that educates filmmakers and honors the heritage of the motion picture arts in the United States. AFI is supported by private funding and public membership fees.

Leadership

The institute is composed of leaders from the film, entertainment, business, and academic communities. The board of trustees is chaired by Kathleen Kennedy and the board of directors chaired by Robert A. Daly guide the organization, which is led by",False,True,1.0,0.9749744534492493,4.100799560546875e-05
baseline,267,American Film Institute,In what year was the American Film Institute established?,1967,The American Film Institute was established in 1967.,American Film Institute | American Film Institute | American National Standards Institute,"The American Film Institute (AFI) is an American nonprofit film organization that educates filmmakers and honors the heritage of the motion picture arts in the United States. AFI is supported by private funding and public membership fees.

Leadership

The institute is composed of leaders from the film, entertainment, business, and academic communities. The board of trustees is chaired by Kathleen Kennedy and the board of directors chaired by Robert A. Daly guide the organization, which is led by",False,True,1.0,0.9245933294296265,1.0013580322265625e-05
baseline,268,Akira Kurosawa,"What was the title of Akira Kurosawa's directorial debut film released during World War II, and in what year was it released?","Sanshiro Sugata, 1943",The title of Akira Kurosawa's directorial debut film released during World War II was Sanshiro Sugata (1943).,Akira Kurosawa | Akira Kurosawa | Akira Kurosawa,"The film premiered in Tokyo in April 1948 to rave reviews and was chosen by the prestigious Kinema Junpo critics poll as the best film of its year, the first of three Kurosawa movies to be so honored.

Kurosawa, with producer Sōjirō Motoki and fellow directors and friends Kajiro Yamamoto, Mikio Naruse and Senkichi Taniguchi, formed a new independent production unit called Film Art Association (Eiga Geijutsu Kyōkai). For this organization's debut work, and first film for Daiei studios, Kurosawa t",False,True,1.0,0.9643409252166748,4.0531158447265625e-06
baseline,269,Akira Kurosawa,Which Akira Kurosawa film won the Golden Lion at the 1951 Venice Film Festival?,Rashomon,Rashomon,Akira Kurosawa | Akira Kurosawa | Akira Kurosawa,"was a Japanese filmmaker and painter who directed 30 films in a career spanning over five decades. He is widely regarded as one of the greatest and most influential filmmakers in the history of cinema. Kurosawa displayed a bold, dynamic style, strongly influenced by Western cinema yet distinct from it; he was involved with all aspects of film production.

Kurosawa entered the Japanese film industry in 1936, following a brief stint as a painter. After years of working on numerous films as an assi",False,True,1.0,0.8167948126792908,0.6883113086223602
baseline,270,Ancient Egypt,Who is credited with the political unification of Upper and Lower Egypt around 3100 BC?,Menes (often identified with Narmer),Menes (often identified with Narmer) is credited with the political unification of Upper and Lower Egypt around 3100 BC.,Ancient Egypt | Ancient Egypt | Ancient Egypt,"Ancient Egypt was a civilization in Northeast Africa situated in the Nile Valley. Ancient Egyptian civilization followed prehistoric Egypt and coalesced around 3100BC (according to conventional Egyptian chronology) with the political unification of Upper and Lower Egypt under Menes (often identified with Narmer). The history of ancient Egypt occurred as a series of stable kingdoms, separated by periods of relative instability known as Intermediate Periods: the Old Kingdom of the Early Bronze Age",False,True,1.0,0.9782774448394775,0.00021654367446899414
baseline,271,Ancient Egypt,"Which kingdom ruled Egypt after Alexander the Great's death until 30 BC, when it fell to the Roman Empire?",the Greek Ptolemaic Kingdom,"The Greek Ptolemaic Kingdom ruled Egypt after Alexander the Great's death until 30 BC, when it fell to the Roman Empire.",Alexander the Great | Ancient Egypt | Alexander the Great,"Alexander III of Macedon (; 20/21 July 356 BC – 10/11 June 323 BC), commonly known as Alexander the Great, was a king of the ancient Greek kingdom of Macedon. He succeeded his father Philip II to the throne in 336 BC at the age of 20, and spent most of his ruling years conducting a lengthy military campaign throughout Western Asia and Egypt. By the age of 30, he had created one of the largest empires in history, stretching from Greece to northwestern India. He was undefeated in battle and is wid",False,True,1.0,0.9564014077186584,0.0001925826072692871
baseline,272,Analog Brothers,What is the title of the Analog Brothers' only album?,Pimp to Eat,The title of the Analog Brothers' only album is Pimp to Eat.,Analog Brothers | Aztlan Underground | ABBA,"Analog Brothers were an experimental hip hop band featuring Tracy ""Ice-T"" Marrow (Ice Oscillator) on keyboards, drums and vocals, Keith ""Kool Keith"" Thornton (Keith Korg) on bass, strings and vocals, Marc Live (Marc Moog) on drums, violins and vocals, Christopher ""Black Silver"" Rodgers (Silver Synth) on synthesizer, lazar bell and vocals, and Rex Colonel ""Pimpin' Rex"" Doby Jr. (Rex Roland JX3P) on keyboards, vocals and production. Its album Pimp to Eat featured guest appearances by various membe",False,True,1.0,0.38747233152389526,4.0531158447265625e-06
baseline,273,Analog Brothers,Which two members toured together as Black Ice in 2008?,Ice-T and Black Silver,Ice-T and Black Silver toured together as Black Ice in 2008.,Analog Brothers | Afro Celt Sound System | ABBA,"Analog Brothers were an experimental hip hop band featuring Tracy ""Ice-T"" Marrow (Ice Oscillator) on keyboards, drums and vocals, Keith ""Kool Keith"" Thornton (Keith Korg) on bass, strings and vocals, Marc Live (Marc Moog) on drums, violins and vocals, Christopher ""Black Silver"" Rodgers (Silver Synth) on synthesizer, lazar bell and vocals, and Rex Colonel ""Pimpin' Rex"" Doby Jr. (Rex Roland JX3P) on keyboards, vocals and production. Its album Pimp to Eat featured guest appearances by various membe",False,True,1.0,0.9741500616073608,1.0251998901367188e-05
baseline,274,Motor neuron diseases,Which specific motor neuron diseases are mentioned in the passage?,"Amyotrophic lateral sclerosis (ALS), progressive bulbar palsy (PBP), pseudobulbar palsy, progressive muscular atrophy (PMA), primary lateral sclerosis (PLS), spinal muscular atrophy (SMA) and monomelic amyotrophy (MMA), as well as some rarer variants resembling ALS.","The passage mentions several specific motor neuron diseases, including:

1. Amyotrophic lateral sclerosis (ALS)
2. Progressive bulbar palsy (PBP)
3. Pseudobulbar palsy
4. Progressive muscular atrophy (PMA)
5. Primary lateral sclerosis (PLS)
6. Spinal muscular atrophy (SMA)
7. Monomelic amyotrophy (MMA)

Additionally, the passage discusses other related conditions like:

8. Hereditary motor and sensory neuropathy (HMNS)
9. Spinal muscular atrophies
10. Hereditary motor and sensory neuropathies

These diseases are grouped under the broader category of motor neuron disorders, though they are not specifically categorized as ""motor neuron diseases"" according to the ICD-1",Motor neuron diseases | Motor neuron diseases | Motor neuron diseases,"Motor neuron diseases or motor neurone diseases (MNDs) are a group of rare neurodegenerative disorders that selectively affect motor neurons, the cells which control voluntary muscles of the body. They include amyotrophic lateral sclerosis (ALS), progressive bulbar palsy (PBP), pseudobulbar palsy, progressive muscular atrophy (PMA), primary lateral sclerosis (PLS), spinal muscular atrophy (SMA) and monomelic amyotrophy (MMA), as well as some rarer variants resembling ALS.

Motor neuron diseases ",False,True,0.7916666666666666,0.4247663915157318,0.14977991580963135
baseline,275,Motor neuron diseases,Does the passage state that there are approved treatments for most motor neuron disorders?,"No, the passage states that there are no approved treatments for the majority of motor neuron disorders, and care is mostly symptomatic.","No, the passage does not state that there are approved treatments for most motor neuron disorders. It mentions that currently, there are no approved treatments for the majority of motor neuron disorders.",Motor neuron diseases | Motor neuron diseases | Ataxia,"Motor neuron diseases or motor neurone diseases (MNDs) are a group of rare neurodegenerative disorders that selectively affect motor neurons, the cells which control voluntary muscles of the body. They include amyotrophic lateral sclerosis (ALS), progressive bulbar palsy (PBP), pseudobulbar palsy, progressive muscular atrophy (PMA), primary lateral sclerosis (PLS), spinal muscular atrophy (SMA) and monomelic amyotrophy (MMA), as well as some rarer variants resembling ALS.

Motor neuron diseases ",False,True,0.6666666666666666,0.9804399609565735,0.10753118991851807
baseline,276,Abjad,"Who introduced the term ""abjad"" and in what year?",Peter T. Daniels introduced the term in 1990.,"Peter T. Daniels introduced the term ""abjad"" in 1990.",Abjad | Abjad | Abjad,"An abjad (, ; also abgad) is a writing system in which only consonants are represented, leaving vowel sounds to be inferred by the reader. This contrasts with alphabets, which provide graphemes for both consonants and vowels. The term was introduced in 1990 by Peter T. Daniels. Other terms for the same concept include: partial phonemic script, segmentally linear defective phonographic script, consonantary, consonant writing, and consonantal alphabet.

Impure abjads represent vowels with either o",False,True,1.0,0.9677619338035583,0.0007393956184387207
baseline,277,Abjad,What are two vowel marking systems mentioned for abjads?,nikkud for Hebrew and ḥarakāt for Arabic.,"Two vowel marking systems mentioned for abjads are:

1. Nikkud for Hebrew
2. Ḥarakāt for Arabic",Abjad | Abjad | Abjad,"An abjad (, ; also abgad) is a writing system in which only consonants are represented, leaving vowel sounds to be inferred by the reader. This contrasts with alphabets, which provide graphemes for both consonants and vowels. The term was introduced in 1990 by Peter T. Daniels. Other terms for the same concept include: partial phonemic script, segmentally linear defective phonographic script, consonantary, consonant writing, and consonantal alphabet.

Impure abjads represent vowels with either o",False,True,1.0,0.6319113373756409,0.2743513584136963
baseline,278,Abugida,What is an abugida and how does it differ from a full alphabet and an abjad?,"An abugida is a segmental writing system in which consonant–vowel sequences are written as units; each unit is based on a consonant letter and vowel notation is secondary, like a diacritical mark. This contrasts with a full alphabet, in which vowels have status equal to consonants, and with an abjad, in which vowel marking is absent, partial, or optional.","An abugida is a writing system in which consonant-vowel sequences are written as units, with each unit based on a consonant letter and featuring secondary vowel notation. It differs from a full alphabet, where vowels have equal status to consonants, and from an abjad, where vowel marking is either absent, partial, or optional.",Abugida | Abugida | Abjad,"An abugida (, from Ge'ez: ), sometimes known as alphasyllabary, neosyllabary or pseudo-alphabet, is a segmental writing system in which consonant–vowel sequences are written as units; each unit is based on a consonant letter, and vowel notation is secondary, like a diacritical mark. This contrasts with a full alphabet, in which vowels have status equal to consonants, and with an abjad, in which vowel marking is absent, partial, or optional – in less formal contexts, all three types of script may",False,True,0.8387096774193549,0.9855383634567261,0.7044143676757812
baseline,279,Abugida,Which scholars introduced related concepts to the abugida and what terms did they use?,"James Germain Février (1948) introduced the term , David Diringer (1948) used the term semisyllabary, Fred Householder (1959) introduced the term pseudo-alphabet, Peter T. Daniels (1990) chose the Ethiopic term ""abugida"", Faber (1992) suggested ""segmentally coded syllabically linear phonographic script"", Bright (1992) used the term alphasyllabary, and Gnanadesikan and Rimzhim, Katz, & Fowler have suggested aksara or āksharik.","James Germain Février introduced the term ""abugida"" in 1948, while David Diringer used the term ""semisyllabary.""",Abugida | Abugida | Ancient philosophy,"An abugida (, from Ge'ez: ), sometimes known as alphasyllabary, neosyllabary or pseudo-alphabet, is a segmental writing system in which consonant–vowel sequences are written as units; each unit is based on a consonant letter, and vowel notation is secondary, like a diacritical mark. This contrasts with a full alphabet, in which vowels have status equal to consonants, and with an abjad, in which vowel marking is absent, partial, or optional – in less formal contexts, all three types of script may",False,True,0.2926829268292683,0.8985685110092163,0.06159317493438721
baseline,280,ABBA,In what year was ABBA formed in Stockholm?,1972,1972,ABBA | ABBA | ABBA,"ABBA ( , ; formerly named Björn & Benny, Agnetha & Anni-Frid or Björn & Benny, Agnetha & Frida) are  a Swedish pop supergroup formed in Stockholm in 1972 by Agnetha Fältskog, Björn Ulvaeus, Benny Andersson, and Anni-Frid Lyngstad. The group's name is an acronym of the first letters of their first names arranged as a palindrome. They are one of the most popular and successful musical groups of all time, and are one of the best-selling music acts in the history of popular music, topping the charts",False,True,1.0,0.9360646605491638,0.9978635788429528
baseline,281,ABBA,Which song did ABBA win the Eurovision Song Contest with?,Waterloo,"ABBA won the Eurovision Song Contest with the song ""Waterloo"".",ABBA | ABBA | ABBA,"ABBA ( , ; formerly named Björn & Benny, Agnetha & Anni-Frid or Björn & Benny, Agnetha & Frida) are  a Swedish pop supergroup formed in Stockholm in 1972 by Agnetha Fältskog, Björn Ulvaeus, Benny Andersson, and Anni-Frid Lyngstad. The group's name is an acronym of the first letters of their first names arranged as a palindrome. They are one of the most popular and successful musical groups of all time, and are one of the best-selling music acts in the history of popular music, topping the charts",False,True,1.0,0.9842557311058044,4.410743713378906e-06
baseline,282,Allegiance,What is the definition of allegiance as given in the passage?,"An allegiance is a duty of fidelity said to be owed, or freely committed, by the people, subjects or citizens to their state or sovereign.","An allegiance is defined as a duty of fidelity said to be owed, or freely committed, by the people, subjects or citizens to their state or sovereign.",Allegiance | Allegiance | Allegiance,"An allegiance is a duty of fidelity said to be owed, or freely committed, by the people, subjects or citizens to their state or sovereign.

Etymology
The word allegiance comes from Middle English  (see Medieval Latin , ""a liegance""). The al- prefix was probably added through confusion with another legal term, allegeance, an ""allegation"" (the French  comes from the English). Allegiance is formed from ""liege,"" from Old French , ""liege, free"", of Germanic origin. The connection with Latin , ""to bin",False,True,1.0,0.9865328073501587,0.2504083514213562
baseline,283,Allegiance,"According to the English doctrine described, how could a person lose their allegiance to the British crown?","They could never resign or lose it, except by act of parliament or by the recognition of the independence or the cession of the portion of British territory in which they resided.","According to the English doctrine described, a person could lose their allegiance to the British crown only by act of parliament or by the recognition of the independence or the cession of the portion of British territory in which they resided.",Allegiance | Allegiance | Allegiance,"A resident alien owed allegiance even when the protection of the crown was withdrawn owing to the occupation of an enemy, because the absence of the crown's protection was temporary and involuntary (de Jager v Attorney-General of Natal [1907] AC 326).

Legal allegiance was due when an alien took an oath of allegiance required for a particular office under the crown.

By the Naturalisation Act 1870, it was made possible for British subjects to renounce their nationality and allegiance, and the wa",False,True,0.8,0.9445419907569885,0.0909774899482727
baseline,284,MessagePad,In what year was the MessagePad series developed by Apple for the Newton platform?,1993,1993,MessagePad | MessagePad | MessagePad,"The MessagePad is a discontinued series of personal digital assistant devices developed by Apple Computer for the Newton platform in 1993.  Some electronic engineering and the manufacture of Apple's MessagePad devices was undertaken in Japan by Sharp. The devices are based on the ARM 610 RISC processor and all featured handwriting recognition software and were developed and marketed by Apple. The devices run Newton OS.

History
The development of the Newton MessagePad first began with Apple's fo",False,True,1.0,0.7184078693389893,0.9946359433233738
baseline,285,MessagePad,Which company performed some electronic engineering and manufacture of Apple's MessagePad devices in Japan?,Sharp,Sharp,MessagePad | Apple Inc. | MessagePad,"The MessagePad is a discontinued series of personal digital assistant devices developed by Apple Computer for the Newton platform in 1993.  Some electronic engineering and the manufacture of Apple's MessagePad devices was undertaken in Japan by Sharp. The devices are based on the ARM 610 RISC processor and all featured handwriting recognition software and were developed and marketed by Apple. The devices run Newton OS.

History
The development of the Newton MessagePad first began with Apple's fo",False,True,1.0,0.6297767758369446,0.9519079513847828
baseline,286,A. E. van Vogt,What date did the Science Fiction Writers of America name A. E. van Vogt their 14th Grand Master?,1995 (presented 1996),"January 26, 1996",A. E. van Vogt | A. E. van Vogt | A. E. van Vogt,"Alfred Elton van Vogt  ( ; April 26, 1912 – January 26, 2000) was a Canadian-born American science fiction author. His fragmented, bizarre narrative style influenced later science fiction writers, notably Philip K. Dick. He was one of the most popular and influential practitioners of science fiction in the mid-twentieth century, the genre's so-called Golden Age, and one of the most complex. The Science Fiction Writers of America named him their 14th Grand Master in 1995 (presented 1996).

Early ",False,True,0.3333333333333333,0.31237009167671204,0.9954350194893777
baseline,287,A. E. van Vogt,What language did van Vogt speak exclusively at home until he was four years old?,Plautdietsch,Plautdietsch,A. E. van Vogt | A. E. van Vogt | A. E. van Vogt,"Alfred Elton van Vogt  ( ; April 26, 1912 – January 26, 2000) was a Canadian-born American science fiction author. His fragmented, bizarre narrative style influenced later science fiction writers, notably Philip K. Dick. He was one of the most popular and influential practitioners of science fiction in the mid-twentieth century, the genre's so-called Golden Age, and one of the most complex. The Science Fiction Writers of America named him their 14th Grand Master in 1995 (presented 1996).

Early ",False,True,1.0,0.6229603290557861,0.9929198818281293
baseline,288,Anna Kournikova,What was Anna Kournikova's highest singles ranking and in what year did she achieve it?,She reached No. 8 in the world in 2000.,"Anna Kournikova's highest singles ranking was No. 8, and she achieved this ranking in 2000.",Anna Kournikova | Anna Kournikova | Anna Kournikova,"Anna Sergeyevna Kournikova (; born 7 June 1981) is a Russian former professional tennis player and American television personality. Her appearance  and celebrity status made her one of the best known tennis stars worldwide. At the peak of her fame, fans looking for images of Kournikova made her name one of the most common search strings on Google Search.

Despite never winning a singles title, she reached No. 8 in the world in 2000. She achieved greater success playing doubles, where she was at ",False,True,0.6666666666666666,0.9283398389816284,9.655952453613281e-06
baseline,289,Anna Kournikova,"Which television show did Anna Kournikova join as a new trainer for season 12, replacing Jillian Michaels?",The Biggest Loser.,"The television show that Anna Kournikova joined as a new trainer for season 12, replacing Jillian Michaels, was The Biggest Loser.",Anna Kournikova | Anna Kournikova | Anna Kournikova,"Anna Sergeyevna Kournikova (; born 7 June 1981) is a Russian former professional tennis player and American television personality. Her appearance  and celebrity status made her one of the best known tennis stars worldwide. At the peak of her fame, fans looking for images of Kournikova made her name one of the most common search strings on Google Search.

Despite never winning a singles title, she reached No. 8 in the world in 2000. She achieved greater success playing doubles, where she was at ",False,True,1.0,0.9277532696723938,7.62939453125e-06
baseline,290,Alfons Maria Jakob,When was Alfons Maria Jakob born?,2 July 1884,Alfons Maria Jakob was born on 2 July 1884.,Alfons Maria Jakob | Alfred Nobel | Ada Lovelace,"Alfons Maria Jakob (2 July 1884 – 17 October 1931) was a German neurologist who worked in the field of neuropathology.

He was born in Aschaffenburg, Bavaria and educated in medicine at the universities of Munich, Berlin, and Strasbourg, where he received his doctorate in 1908. During the following year, he began clinical work under the psychiatrist Emil Kraepelin and did laboratory work with Franz Nissl and Alois Alzheimer in Munich.

In 1911, by way of an invitation from Wilhelm Weygandt, he r",False,True,1.0,0.9577031135559082,3.552436828613281e-05
baseline,291,Alfons Maria Jakob,Which disease is named after Jakob and Creutzfeldt?,Creutzfeldt–Jakob disease,Creutzfeldt-Jakob disease,Alfons Maria Jakob | Alfons Maria Jakob | Motor neuron diseases,"Alfons Maria Jakob (2 July 1884 – 17 October 1931) was a German neurologist who worked in the field of neuropathology.

He was born in Aschaffenburg, Bavaria and educated in medicine at the universities of Munich, Berlin, and Strasbourg, where he received his doctorate in 1908. During the following year, he began clinical work under the psychiatrist Emil Kraepelin and did laboratory work with Franz Nissl and Alois Alzheimer in Munich.

In 1911, by way of an invitation from Wilhelm Weygandt, he r",False,True,1.0,0.7526638507843018,0.9655114747583866
baseline,292,Agnosticism,"Who coined the word ""agnostic"" and in what year?",The English biologist Thomas Henry Huxley coined the word agnostic in 1869.,"Thomas Henry Huxley coined the word ""agnostic"" in 1869.",Agnosticism | Agnosticism | Agnosticism,"Smith rejects agnosticism as a third alternative to theism and atheism and promotes terms such as agnostic atheism (the view of those who do not hold a belief in the existence of any deity, but claim that the existence of a deity is unknown or inherently unknowable) and agnostic theism (the view of those who believe in the existence of a deity(s), but claim that the existence of a deity is unknown or inherently unknowable).

Etymology
Agnostic () was used by Thomas Henry Huxley in a speech at a ",False,True,0.7777777777777778,0.971591591835022,0.0002759099006652832
baseline,293,Agnosticism,Which two ancient philosophers are mentioned as having expressed agnostic points of view?,Sanjaya Belatthaputta and Protagoras are the two ancient philosophers noted for expressing agnostic points of view.,Sanjaya Belatthaputta and Protagoras are mentioned as having expressed agnostic points of view.,Ancient philosophy | Agnosticism | Agnosticism,"This page lists some links to ancient philosophy, namely philosophical thought extending as far as early post-classical history ().

Overview
Genuine philosophical thought, depending upon original individual insights, arose in many cultures roughly contemporaneously. Karl Jaspers termed the intense period of philosophical development beginning around the 7th century BCE and concluding around the 3rd century BCE an Axial Age in human thought.

In Western philosophy, the spread of Christianity in ",False,True,0.5454545454545454,0.9779947400093079,0.0005388855934143066
baseline,294,Argon,What is the atomic number of argon?,18,18,Argon | Argon | Argon,"Argon is a chemical element with the symbol Ar and atomic number 18. It is in group 18 of the periodic table and is a noble gas. Argon is the third-most abundant gas in Earth's atmosphere, at 0.934% (9340 ppmv). It is more than twice as abundant as water vapor (which averages about 4000 ppmv, but varies greatly), 23 times as abundant as carbon dioxide (400 ppmv), and more than 500 times as abundant as neon (18 ppmv). Argon is the most abundant noble gas in Earth's crust, comprising 0.00015% of t",False,True,1.0,0.9160568118095398,0.9969484896864742
baseline,295,Argon,What percentage of Earth's atmosphere is argon?,0.934% (9340 ppmv),0.934% by volume and 1.288% by mass of Earth's atmosphere.,Argon | Argon | Argon,"Argon is a chemical element with the symbol Ar and atomic number 18. It is in group 18 of the periodic table and is a noble gas. Argon is the third-most abundant gas in Earth's atmosphere, at 0.934% (9340 ppmv). It is more than twice as abundant as water vapor (which averages about 4000 ppmv, but varies greatly), 23 times as abundant as carbon dioxide (400 ppmv), and more than 500 times as abundant as neon (18 ppmv). Argon is the most abundant noble gas in Earth's crust, comprising 0.00015% of t",False,True,0.5,0.9587966799736023,0.6385817527770996
baseline,296,Arsenic,What is the chemical symbol for arsenic?,As,Arsenic has the chemical symbol As.,Arsenic | Arsenic | Arsenic,"Arsenic is a chemical element with the symbol As and atomic number 33. Arsenic occurs in many minerals, usually in combination with sulfur and metals, but also as a pure elemental crystal. Arsenic is a metalloid. It has various allotropes, but only the grey form, which has a metallic appearance, is important to industry.

The primary use of arsenic is in alloys of lead (for example, in car batteries and ammunition). Arsenic is a common n-type dopant in semiconductor electronic devices. It is als",False,True,,0.9860557317733765,0.00023227930068969727
baseline,297,Arsenic,What is the primary use of arsenic?,"in alloys of lead (for example, in car batteries and ammunition)",The primary use of arsenic is in alloys of lead.,Arsenic | Arsenic | Arsenic,"Arsenic is a chemical element with the symbol As and atomic number 33. Arsenic occurs in many minerals, usually in combination with sulfur and metals, but also as a pure elemental crystal. Arsenic is a metalloid. It has various allotropes, but only the grey form, which has a metallic appearance, is important to industry.

The primary use of arsenic is in alloys of lead (for example, in car batteries and ammunition). Arsenic is a common n-type dopant in semiconductor electronic devices. It is als",False,True,0.3333333333333333,0.9876841306686401,0.00010395050048828125
baseline,298,Antimony,What is the chemical symbol and atomic number of antimony?,The chemical symbol is Sb and the atomic number is 51.,"The chemical symbol for antimony is Sb, and its atomic number is 51.",Antimony | Antimony | Antimony,"Antimony is a chemical element with the symbol Sb () and atomic number 51. A lustrous gray metalloid, it is found in nature mainly as the sulfide mineral stibnite (Sb2S3). Antimony compounds have been known since ancient times and were powdered for use as medicine and cosmetics, often known by the Arabic name kohl. The earliest known description of the metalloid in the West was written in 1540 by Vannoccio Biringuccio.

China is the largest producer of antimony and its compounds, with most produ",False,True,1.0,0.9825441241264343,0.0005243420600891113
baseline,299,Antimony,Which country is the largest producer of antimony and from which mine does most production come?,"China is the largest producer, with most production coming from the Xikuangshan Mine in Hunan.",China is the largest producer of antimony and most production comes from the Xikuangshan Mine in Hunan.,Antimony | Antimony | Antimony,"The Greek word, στίμμι (stimmi) is used by Attic tragic poets of the 5th century BC, and is possibly a loan word from Arabic or from Egyptian stm.

Production

Process
The extraction of antimony from ores depends on the quality and composition of the ore. Most antimony is mined as the sulfide; lower-grade ores are concentrated by froth flotation, while higher-grade ores are heated to 500–600 °C, the temperature at which stibnite melts and separates from the gangue minerals. Antimony can be isola",False,True,0.8888888888888888,0.9823549389839172,0.0018748641014099121
baseline,300,Actinium,What oxidation state does actinium assume in nearly all its chemical compounds?,+3,"In nearly all its chemical compounds, actinium assumes the oxidation state +3.",Actinium | Actinium | Actinium,"Properties
Actinium is a soft, silvery-white, radioactive, metallic element. Its estimated shear modulus is similar to that of lead. Owing to its strong radioactivity, actinium glows in the dark with a pale blue light, which originates from the surrounding air ionized by the emitted energetic particles. Actinium has similar chemical properties to lanthanum and other lanthanides, and therefore these elements are difficult to separate when extracting from uranium ores. Solvent extraction and ion c",False,True,1.0,0.9802922606468201,0.00010395050048828125
baseline,301,Actinium,How much actinium-227 is found in one tonne of natural uranium ore?,about 0.2 milligrams,About 0.2 milligrams of actinium-227 is found in one tonne of natural uranium ore.,Actinium | Actinium | Actinium,"The isotopes of actinium range in atomic weight from 204 u () to 236 u ().

Occurrence and synthesis

Actinium is found only in traces in uranium ores – one tonne of uranium in ore contains about 0.2 milligrams of 227Ac – and in thorium ores, which contain about 5 nanograms of 228Ac per one tonne of thorium. The actinium isotope 227Ac is a transient member of the uranium-actinium series decay chain, which begins with the parent isotope 235U (or 239Pu) and ends with the stable lead isotope 207Pb.",False,True,1.0,0.9832438826560974,8.487701416015625e-05
baseline,302,Americium,What is the atomic number of americium?,95,The atomic number of americium is 95.,Americium | Americium | Americium,"Americium is a synthetic radioactive chemical element with the symbol Am and atomic number 95. It is a transuranic member of the actinide series, in the periodic table located under the lanthanide element europium and was thus named after the United States by analogy.

Americium was first produced in 1944 by the group of Glenn T. Seaborg from Berkeley, California, at the Metallurgical Laboratory of the University of Chicago, as part of the Manhattan Project. Although it is the third element in t",False,True,1.0,0.962552547454834,3.0875205993652344e-05
baseline,303,Americium,In what year was americium first produced?,1944,1944,Americium | Americium | Americium,"Americium is a synthetic radioactive chemical element with the symbol Am and atomic number 95. It is a transuranic member of the actinide series, in the periodic table located under the lanthanide element europium and was thus named after the United States by analogy.

Americium was first produced in 1944 by the group of Glenn T. Seaborg from Berkeley, California, at the Metallurgical Laboratory of the University of Chicago, as part of the Manhattan Project. Although it is the third element in t",False,True,1.0,0.88211590051651,0.9983058967627585
baseline,304,Astatine,"What is the half-life of astatine-210, the most stable isotope of astatine?",8.1 hours,"The half-life of astatine-210, the most stable isotope of astatine, is 8.1 hours.",Astatine | Astatine | Astatine,"A beta decay mode has been found for all other astatine isotopes except for astatine-213, astatine-214, and astatine-216m. Astatine-210 and lighter isotopes exhibit beta plus decay (positron emission), astatine-216 and heavier isotopes exhibit beta minus decay, and astatine-212 decays via both modes, while astatine-211 undergoes electron capture.

The most stable isotope is astatine-210, which has a half-life of 8.1 hours. The primary decay mode is beta plus, to the relatively long-lived (in com",False,True,1.0,0.9822176098823547,0.00010848045349121094
baseline,305,Astatine,Which three scientists first synthesized astatine in 1940?,"Dale R. Corson, Kenneth Ross MacKenzie, and Emilio G. Segrè","Dale R. Corson, Kenneth Ross MacKenzie, and Emilio Segrè",Astatine | Astatine | Astatine,"In 1942, Minder, in collaboration with the English scientist Alice Leigh-Smith, announced the discovery of another isotope of element 85, presumed to be the product of thorium A (polonium-216) beta decay. They named this substance ""anglo-helvetium"", but Karlik and Bernert were again unable to reproduce these results.

Later in 1940, Dale R. Corson, Kenneth Ross MacKenzie, and Emilio Segrè isolated the element at the University of California, Berkeley. Instead of searching for the element in natu",False,True,0.8888888888888888,0.8725650310516357,0.8415654003620148
baseline,306,Atom,What percentage of an atom's mass is located in the nucleus?,More than 99.94% of an atom's mass is in the nucleus.,About 99.94%.,Atom | Atom | Atomic number,"The total number of these particles (called ""nucleons"") in a given atom is called the mass number. It is a positive integer and dimensionless (instead of having dimension of mass), because it expresses a count. An example of use of a mass number is ""carbon-12,"" which has 12 nucleons (six protons and six neutrons).

The actual mass of an atom at rest is often expressed in daltons (Da), also called the unified atomic mass unit (u). This unit is defined as a twelfth of the mass of a free neutral at",False,True,0.25,0.9269117712974548,0.018055319786071777
baseline,307,Atom,How many protons does an atom of sodium contain?,An atom that contains 11 protons is sodium.,An atom of sodium contains 11 protons.,Atom | Alkali metal | Atom,"An atom is a particle that consists of a nucleus of protons and neutrons surrounded by an electromagnetically-bound cloud of electrons. The atom is the basic particle of the chemical elements, and the chemical elements are distinguished from each other by the number of protons that are in their atoms. For example, any atom that contains 11 protons is sodium, and any atom that contains 29 protons is copper. The number of neutrons defines the isotope of the element.

Atoms are extremely small, typ",False,True,1.0,0.9298603534698486,2.86102294921875e-05
baseline,308,Arable land,"According to the Food and Agriculture Organization of the United Nations, how many hectares of arable land existed worldwide in 2013?",1.407 billion hectares,"According to the Food and Agriculture Organization of the United Nations, in 2013, the world's arable land amounted to 1.407 billion hectares.",Arable land | Agriculture | Arable land,"Arable land (from the , ""able to be ploughed"") is any land capable of being ploughed and used to grow crops. Alternatively, for the purposes of agricultural statistics, the term often has a more precise definition: 

A more concise definition appearing in the Eurostat glossary similarly refers to actual rather than potential uses: ""land worked (ploughed or tilled) regularly, generally under a system of crop rotation"". In Britain, arable land has traditionally been contrasted with pasturable land",False,True,1.0,0.9603164196014404,0.0003076791763305664
baseline,309,Arable land,How does the Eurostat glossary define arable land?,"""land worked (ploughed or tilled) regularly, generally under a system of crop rotation""","According to the Eurostat glossary, arable land is defined as:

""land worked (ploughed or tilled) regularly, generally under a system of crop rotation.""",Arable land | Arable land | Arable land,"Arable land (from the , ""able to be ploughed"") is any land capable of being ploughed and used to grow crops. Alternatively, for the purposes of agricultural statistics, the term often has a more precise definition: 

A more concise definition appearing in the Eurostat glossary similarly refers to actual rather than potential uses: ""land worked (ploughed or tilled) regularly, generally under a system of crop rotation"". In Britain, arable land has traditionally been contrasted with pasturable land",False,True,1.0,0.9759024977684021,0.2795826196670532
baseline,310,Aluminium,What is the atomic number of aluminium?,13,The atomic number of aluminium is 13.,Aluminium | Aluminium | Aluminium,"Aluminium (aluminum in North American English) is a chemical element with the symbol Al and atomic number 13. Aluminium has a density lower than those of other common metals; about one-third that of steel. It has a great affinity towards oxygen, forming a protective layer of oxide on the surface when exposed to air. Aluminium visually resembles silver, both in its color and in its great ability to reflect light. It is soft, nonmagnetic and ductile. It has one stable isotope: 27Al, which is highl",False,True,1.0,0.9404404163360596,0.00016796588897705078
baseline,311,Aluminium,Which stable isotope of aluminium is highly abundant?,27Al,The stable isotope of aluminium that is highly abundant is 27Al.,Aluminium | Aluminium | Aluminium,"Despite its prevalence in the environment, no living organism is known to use aluminium salts for metabolism, but aluminium is well tolerated by plants and animals. Because of the abundance of these salts, the potential for a biological role for them is of interest, and studies continue.

Physical characteristics

Isotopes 

Of aluminium isotopes, only  is stable. This situation is common for elements with an odd atomic number. It is the only primordial aluminium isotope, i.e. the only one that ",False,True,1.0,0.9810932278633118,0.0002561211585998535
baseline,312,Advanced Chemistry,In what year was Advanced Chemistry founded?,1987,Advanced Chemistry was founded in 1987.,Advanced Chemistry | Aluminium | Alchemy,"Advanced Chemistry is a German hip hop group from Heidelberg, a scenic city in Baden-Württemberg, South Germany. Advanced Chemistry was founded in 1987 by Toni L, Linguist, Gee-One, DJ Mike MD (Mike Dippon) and MC Torch. Each member of the group holds German citizenship, and Toni L, Linguist, and Torch are of Italian, Ghanaian, and Haitian backgrounds, respectively.

Influenced by North American socially conscious rap and the Native tongues movement, Advanced Chemistry is regarded as one of the ",False,True,1.0,0.9566836357116699,3.5881996154785156e-05
baseline,313,Advanced Chemistry,What is the title of the song Advanced Chemistry released in November 1992?,Fremd im eigenen Land,"The title of the song Advanced Chemistry released in November 1992 is ""Fremd im eigenen Land"" (Foreign in your own nation).",Advanced Chemistry | Advanced Chemistry | Advanced Chemistry,"Advanced Chemistry is a German hip hop group from Heidelberg, a scenic city in Baden-Württemberg, South Germany. Advanced Chemistry was founded in 1987 by Toni L, Linguist, Gee-One, DJ Mike MD (Mike Dippon) and MC Torch. Each member of the group holds German citizenship, and Toni L, Linguist, and Torch are of Italian, Ghanaian, and Haitian backgrounds, respectively.

Influenced by North American socially conscious rap and the Native tongues movement, Advanced Chemistry is regarded as one of the ",False,True,1.0,0.967563807964325,0.00014090538024902344
baseline,314,Anglican Communion,How many members does the Anglican Communion have according to the passage?,more than 85 million members,"According to the passage, the Anglican Communion has more than 85 million members within the Church of England and other autocephalous national and regional churches in full communion.",Anglican Communion | Anglican Communion | Anglican Communion,"The Anglican Communion is the third largest Christian communion after the Roman Catholic and Eastern Orthodox churches. Founded in 1867 in London, the communion has more than 85 million members within the Church of England and other autocephalous national and regional churches in full communion. The traditional origins of Anglican doctrine are summarised in the Thirty-nine Articles (1571). The archbishop of Canterbury (, Justin Welby) in England acts as a focus of unity, recognised as  (""first a",False,True,1.0,0.988084614276886,0.07185131311416626
baseline,315,Anglican Communion,In what year and city was the Anglican Communion officially organised at the Lambeth Conference?,1867 in London,The Anglican Communion was officially and formally organised and recognised as such at the Lambeth Conference in 1867 in London.,Anglican Communion | Anglican Communion | Anglican Communion,"The Anglican Communion is the third largest Christian communion after the Roman Catholic and Eastern Orthodox churches. Founded in 1867 in London, the communion has more than 85 million members within the Church of England and other autocephalous national and regional churches in full communion. The traditional origins of Anglican doctrine are summarised in the Thirty-nine Articles (1571). The archbishop of Canterbury (, Justin Welby) in England acts as a focus of unity, recognised as  (""first a",False,True,1.0,0.9854562878608704,0.0010362863540649414
baseline,316,Archipelago,"According to the passage, what ancient language roots compose the word ""archipelago""?","It is derived from the Ancient Greek ἄρχι- (""chief"") and πέλαγος (""sea"") through the Italian arcipelago.","According to the passage, the word ""archipelago"" is derived from the Ancient Greek words ἄρχι-(arkhi-) and πέλαγος (pélagos).",Archipelago | Aegean Sea | Athena,"An archipelago ( ), sometimes called an island group or island chain, is a chain, cluster, or collection of islands, or sometimes a sea containing a small number of scattered islands.

Examples of archipelagos include: the Indonesian Archipelago, the Andaman and Nicobar Islands, the Lakshadweep Islands, the Galápagos Islands, the Japanese archipelago, the Philippine Archipelago, the Maldives, the Balearic Islands, the Åland Islands, The Bahamas, the Aegean Islands, the Hawaiian Islands, the Cana",False,True,0.375,0.9509309530258179,0.0016041398048400879
baseline,317,Archipelago,Which region is given as an example of a place that has more than 700 islands forming an archipelago?,Scotland,Scotland is given as an example of a place that has more than 700 islands forming an archipelago.,Archipelago | Archipelago | Asia,"An archipelago ( ), sometimes called an island group or island chain, is a chain, cluster, or collection of islands, or sometimes a sea containing a small number of scattered islands.

Examples of archipelagos include: the Indonesian Archipelago, the Andaman and Nicobar Islands, the Lakshadweep Islands, the Galápagos Islands, the Japanese archipelago, the Philippine Archipelago, the Maldives, the Balearic Islands, the Åland Islands, The Bahamas, the Aegean Islands, the Hawaiian Islands, the Cana",False,True,1.0,0.9911324381828308,9.989738464355469e-05
baseline,318,Author,"In a work for hire, who is considered the author of the work according to the passage?",The employer or commissioning party is considered the author of the work.,"In a work for hire, the employer or commissioning party is considered the author of the work, according to the passage.",Author | Author | Author,"In legal discourse, an author is the creator of an original work, whether that work is in written, graphic, or recorded medium. Thus, a sculptor, painter, or composer, is an author of their respective sculptures, paintings, or compositions, even though in common parlance, an author is often thought of as the writer of a book, article, play, or other written work. In the case of a work for hire, ""the employer or commissioning party is considered the author of the work"", even if they did not write",False,True,1.0,0.9782297611236572,0.0011116862297058105
baseline,319,Author,What requirement did the United States Copyright Office state for a work to qualify as a work of 'authorship'?,A work must be created by a human being.,"According to the United States Copyright Office, a work qualifies as a work of 'authorship' if it is created by a human being.",Author | Author | Author,"In legal discourse, an author is the creator of an original work, whether that work is in written, graphic, or recorded medium. Thus, a sculptor, painter, or composer, is an author of their respective sculptures, paintings, or compositions, even though in common parlance, an author is often thought of as the writer of a book, article, play, or other written work. In the case of a work for hire, ""the employer or commissioning party is considered the author of the work"", even if they did not write",False,True,0.8,0.9708823561668396,0.004078030586242676
baseline,320,Andrey Markov,When was Andrey Andreyevich Markov born?,14 June 1856,Andrey Andreyevich Markov was born on 14 June 1856.,Andrey Markov | Andrey Markov | Andrey Markov,"Andrey Andreyevich Markov (14 June 1856 – 20 July 1922) was a Russian mathematician best known for his work on stochastic processes. A primary subject of his research later became known as the Markov chain. He was also a strong, close to master-level chess player.

Markov and his younger brother Vladimir Andreevich Markov (1871–1897) proved the Markov brothers' inequality.
His son, another Andrey Andreyevich Markov (1903–1979), was also a notable mathematician, making contributions to constructi",False,True,1.0,0.9769949913024902,1.7523765563964844e-05
baseline,321,Andrey Markov,What inequality did Andrey Markov and his brother prove?,the Markov brothers' inequality,The inequality that Andrey Markov and his younger brother Vladimir Andreyevich Markov proved is called the Markov brothers' inequality.,Andrey Markov | Andrey Markov | Andrey Markov,"Andrey Andreyevich Markov (14 June 1856 – 20 July 1922) was a Russian mathematician best known for his work on stochastic processes. A primary subject of his research later became known as the Markov chain. He was also a strong, close to master-level chess player.

Markov and his younger brother Vladimir Andreevich Markov (1871–1897) proved the Markov brothers' inequality.
His son, another Andrey Andreyevich Markov (1903–1979), was also a notable mathematician, making contributions to constructi",False,True,1.0,0.9803450703620911,0.0016041398048400879
baseline,322,Angst,From which languages was the English word “angst” introduced?,"Danish, Norwegian, Dutch, and German.","From the Danish, Norwegian, and Dutch words  and the German word .",Angst | Angst | Abbreviation,"Angst is fear or anxiety (anguish is its Latinate equivalent, and the words anxious and anxiety are of similar origin). The dictionary definition for angst is a feeling of anxiety, apprehension, or insecurity.

Etymology
The word angst was introduced into English from the Danish, Norwegian, and Dutch word  and the German word . It is attested since the 19th century in English translations of the works of Søren Kierkegaard and Sigmund Freud. It is used in English to describe an intense feeling of",False,True,1.0,0.9675304293632507,0.079925537109375
baseline,323,Angst,Since which century has the word “angst” existed in German?,The 8th century.,"Since the 8th century, the word ""angst"" has existed in German, according to the given context.",Angst | Angst | Antisemitism,"Angst is fear or anxiety (anguish is its Latinate equivalent, and the words anxious and anxiety are of similar origin). The dictionary definition for angst is a feeling of anxiety, apprehension, or insecurity.

Etymology
The word angst was introduced into English from the Danish, Norwegian, and Dutch word  and the German word . It is attested since the 19th century in English translations of the works of Søren Kierkegaard and Sigmund Freud. It is used in English to describe an intense feeling of",False,True,1.0,0.9889216423034668,0.00031626224517822266
baseline,324,Anxiety,What is the primary difference between anxiety and fear as described in the passage?,"Fear is defined as the emotional response to a real threat, whereas anxiety is the anticipation of a future threat.","The primary difference between anxiety and fear as described in the passage is that:

Fears are defined as the emotional response to a real threat, whereas anxiety is the anticipation of a future threat.",Anxiety | Anxiety | Anxiety,"Anxiety is an emotion which is characterized by an unpleasant state of inner turmoil and includes feelings of dread over anticipated events. Anxiety is different from fear in that fear is defined as the emotional response to a real threat, whereas anxiety is the anticipation of a future threat. It is often accompanied by nervous behavior such as pacing back and forth, somatic complaints, and rumination.

Anxiety is a feeling of uneasiness and worry, usually generalized and unfocused as an overre",False,True,1.0,0.9543005228042603,0.009917199611663818
baseline,325,Anxiety,Name three physical symptoms that may accompany anxiety according to the passage.,"muscular tension, restlessness, and fatigue","Based on the provided context, here are three physical symptoms that may accompany anxiety:

1. Headache
2. Paresthesias (numbness or tingling sensation)
3. Vertigo (a spinning sensation)",Anxiety | Anxiety | Anxiety,"You feel an intense fear when you think of dying, or you may think of it more often than normal, or can't get it out of your mind.""

The physiological symptoms of anxiety may include:
Neurological, as headache, paresthesias, fasciculations, vertigo, or presyncope.
Digestive, as abdominal pain, nausea, diarrhea, indigestion, dry mouth, or bolus. Stress hormones released in an anxious state have an impact on bowel function and can manifest physical symptoms that may contribute to or exacerbate IBS",False,True,0.0,0.3746369779109955,0.08866232633590698
baseline,326,A. A. Milne,What rank did Alan Alexander Milne hold in the Royal Warwickshire Regiment during the First World War?,lieutenant,Lieutenant,A. A. Milne | A. A. Milne | A. A. Milne,"His teammates included fellow writers J. M. Barrie, Arthur Conan Doyle and P. G. Wodehouse.

Milne joined the British Army in World War I and served as an officer in the Royal Warwickshire Regiment. He was commissioned into the 4th Battalion, Royal Warwickshire Regiment, on 1 February 1915 as a second lieutenant (on probation). His commission was confirmed on 20 December 1915. He served on the Somme as a signals officer from July-November 1916, but caught trench fever and was invalided back to E",False,True,1.0,0.8717491030693054,0.7066967487335205
baseline,327,A. A. Milne,To which library did Milne bequeath the original manuscripts of the Winnie-the-Pooh stories?,"the Wren Library at Trinity College, Cambridge","To which library did Milne bequeath the original manuscripts of the Winnie-the-Pooh stories? Answer: The Wren Library at Trinity College, Cambridge.",A. A. Milne | A. A. Milne | A. A. Milne,"Alan Alexander Milne (; 18 January 1882 – 31 January 1956) was an English writer best known for his books about the teddy bear Winnie-the-Pooh, as well as for children's poetry. Milne was primarily a playwright before the huge success of Winnie-the-Pooh overshadowed all his previous work. Milne served in both World Wars, as a lieutenant in the Royal Warwickshire Regiment in the First World War and as a captain in the Home Guard in the Second World War.

Milne was the father of bookseller Christo",False,True,1.0,0.9709152579307556,0.0015947222709655762
baseline,328,Asociación Alumni,In which division does the senior squad of Asociación Alumni currently compete?,"Top 12, the first division of the Unión de Rugby de Buenos Aires league system.",Top 12,Asociación Alumni | Asociación Alumni | Andorra,"Asociación Alumni, usually just Alumni, is an Argentine rugby union club located in Tortuguitas, Greater Buenos Aires. The senior squad currently competes at Top 12, the first division of the Unión de Rugby de Buenos Aires league system.

The club has ties with former football club Alumni because both were established by Buenos Aires English High School students.

History

Background

The first club with the name ""Alumni"" played association football, having been found in 1898 by students of Buen",False,True,0.16666666666666666,0.8689656853675842,0.9783846661448479
baseline,329,Asociación Alumni,"Who proposed the name ""Alumni"" for the original football club?","Carlos Bowers, a former student of the Buenos Aires English High School.","Carlos Bowers proposed the name ""Alumni"" for the original football club.",Asociación Alumni | Asociación Alumni | Aarhus,"Asociación Alumni, usually just Alumni, is an Argentine rugby union club located in Tortuguitas, Greater Buenos Aires. The senior squad currently competes at Top 12, the first division of the Unión de Rugby de Buenos Aires league system.

The club has ties with former football club Alumni because both were established by Buenos Aires English High School students.

History

Background

The first club with the name ""Alumni"" played association football, having been found in 1898 by students of Buen",False,True,0.2222222222222222,0.9171165227890015,3.337860107421875e-05
baseline,330,Axiom,"From which language does the term ""axiom"" originate, and what does it mean?","It comes from the Ancient Greek word (), meaning 'that which is thought worthy or fit' or 'that which commends itself as evident'.","The term ""axiom"" originates from the Greek word ἀξίωμα (axióma), which means ""that which is thought worthy or fit"" or ""that which commends itself as evident"". It refers to a statement that is taken to be true without proof within a given system of ideas or beliefs.",Axiom | Axiom | Axiom,"An axiom, postulate, or assumption is a statement that is taken to be true, to serve as a premise or starting point for further reasoning and arguments. The word comes from the Ancient Greek word  (), meaning 'that which is thought worthy or fit' or 'that which commends itself as evident'.

The precise definition varies across fields of study. In classic philosophy, an axiom is a statement that is so evident or well-established, that it is accepted without controversy or question. In modern logi",False,True,0.7272727272727273,0.7125663757324219,0.022011220455169678
baseline,331,Axiom,What are the two categories of axioms in mathematics mentioned in the passage?,Logical axioms and non‑logical axioms.,"The two categories of axioms in mathematics mentioned in the passage are:

1. Non-logical axioms
2. Logical axioms

Specifically, the passage states: ""Non-logical axioms are formulas that play the role of theory-specific assumptions. Reasoning about two different structures, for example, the natural numbers and the integers, may involve the same logical axioms."" And later, it mentions: ""Logical axioms are formulas that are assumed to be true without providing justification.""

So, the two main types of axioms discussed are non-logical axioms and logical axioms.",Axiom | Axiom | Axiom,"These examples are metatheorems of our theory of mathematical logic since we are dealing with the very concept of proof itself. Aside from this, we can also have Existential Generalization:

Axiom scheme for Existential Generalization. Given a formula  in a first-order language , a variable  and a term  that is substitutable for  in , the below formula is universally valid.

Non-logical axioms
Non-logical axioms are formulas that play the role of theory-specific assumptions. Reasoning about two ",False,True,1.0,0.45353826880455017,0.04764688014984131
baseline,332,Alpha,What numeric value does alpha have in the system of Greek numerals?,One.,One.,Alpha | Alpha | Alpha,"Alpha  (uppercase , lowercase ; , , or ) is the first letter of the Greek alphabet. In the system of Greek numerals, it has a value of one. Alpha is derived from the Phoenician letter aleph , which is the West Semitic word for ""ox"". Letters that arose from alpha include the Latin letter A and the Cyrillic letter А.

Uses

Greek
In Ancient Greek, alpha was pronounced  and could be either phonemically long ([aː]) or short ([a]). Where there is ambiguity, long and short alpha are sometimes written ",False,True,1.0,0.9353994727134705,0.124106764793396
baseline,333,Alpha,Which letters are mentioned as having arisen from alpha?,The Latin letter A and the Cyrillic letter А.,Letters that arose from alpha include the Latin letter A and the Cyrillic letter А.,Alpha | Alpha | A,"Alpha  (uppercase , lowercase ; , , or ) is the first letter of the Greek alphabet. In the system of Greek numerals, it has a value of one. Alpha is derived from the Phoenician letter aleph , which is the West Semitic word for ""ox"". Letters that arose from alpha include the Latin letter A and the Cyrillic letter А.

Uses

Greek
In Ancient Greek, alpha was pronounced  and could be either phonemically long ([aː]) or short ([a]). Where there is ambiguity, long and short alpha are sometimes written ",False,True,1.0,0.9770903587341309,0.07985377311706543
baseline,334,Alvin Toffler,What are Alvin Toffler's birth and death dates?,"He was born on October 4, 1928 and died on June 27, 2016.","Alvin Toffler was born on October 4, 1928, and he passed away on June 27, 2016.",Alvin Toffler | Alvin Toffler | Alvin Toffler,"No cause of death was given. He is buried at Westwood Memorial Park.

Bibliography
Alvin Toffler co-wrote his books with his wife Heidi.
 The Culture Consumers (1964) St. Martin's Press, 
 The Schoolhouse in the City (1968) Praeger (editors), 
 Future Shock (1970) Bantam Books, 
 The Futurists (1972) Random House (editors), 
 Learning for Tomorrow (1974) Random House (editors), 
 The Eco-Spasm Report (1975) Bantam Books, 
 The Third Wave (1980) Bantam Books, 
 Previews & Premises (1983) William ",False,True,0.8888888888888888,0.6979775428771973,0.000390470027923584
baseline,335,Alvin Toffler,"What is the title of Alvin Toffler's first major book about the future, and how many copies has it sold?","The book is ""Future Shock"" and it has sold over 6 million copies.","The title of Alvin Toffler's first major book about the future is ""Future Shock"". According to the provided context, this book has sold over 6 million copies worldwide.",Alvin Toffler | Alvin Toffler | Alvin Toffler,"Alvin Eugene Toffler (October 4, 1928 – June 27, 2016) was an American writer, futurist, and businessman known for his works discussing modern technologies, including the digital revolution and the communication revolution, with emphasis on their effects on cultures worldwide. He is regarded as one of the world's outstanding futurists.

Toffler was an associate editor of Fortune magazine. In his early works he focused on technology and its impact, which he termed ""information overload."" In 1970,",False,True,1.0,0.9836441874504089,0.00047194957733154297
baseline,336,The Amazing Spider-Man,In what month and year did The Amazing Spider-Man series begin publication?,March 1963,The Amazing Spider-Man series began publication in March 1963.,The Amazing Spider-Man | The Amazing Spider-Man | The Amazing Spider-Man,"For the first time, although the issue numbers were again restarted from #1, the issues also bore the overall ""legacy"" issue number. A sixth volume commenced in April 2022 to celebrate Spider-Man's 60th anniversary. Since the third volume, the title has had various release schedules, including monthly and bi-weekly, among others.

Publication history
Writer-editor Stan Lee and artist and co-plotter Steve Ditko created the character of Spider-Man, and the pair produced 38 issues from March 1963 t",False,True,1.0,0.9867717623710632,4.291534423828125e-06
baseline,337,The Amazing Spider-Man,How many issues had The Amazing Spider-Man reached by 2022?,900 issues,"By 2022, The Amazing Spider-Man had reached 700 issues.",The Amazing Spider-Man | The Amazing Spider-Man | The Amazing Spider-Man,"For the first time, although the issue numbers were again restarted from #1, the issues also bore the overall ""legacy"" issue number. A sixth volume commenced in April 2022 to celebrate Spider-Man's 60th anniversary. Since the third volume, the title has had various release schedules, including monthly and bi-weekly, among others.

Publication history
Writer-editor Stan Lee and artist and co-plotter Steve Ditko created the character of Spider-Man, and the pair produced 38 issues from March 1963 t",False,True,0.5,0.9615235328674316,2.2530555725097656e-05
baseline,338,AM,"What does the abbreviation ""AM"" represent as a United States Navy hull classification symbol?",minesweeper,"The abbreviation ""AM"" represents a minesweeper in the United States Navy.",AM | AM | Abbreviation,"Agile modeling, a software engineering methodology for modeling and documenting software systems
 Amplitude modulation, an electronic communication technique
 Automated Mathematician, an artificial intelligence program

Timekeeping
 anno martyrum, a method of numbering years in the Coptic calendar
 Anno Mundi, a calendar era based on the biblical creation of the world
 ante meridiem, Latin for ""before midday"", written e.g. 6a.m.

Transportation
 A.M. (automobile), a 1906 French car
 Aeroméxico (",False,True,1.0,0.9937505125999451,3.886222839355469e-05
baseline,339,AM,"Which musical group released an album titled ""AM"" that is listed in the passage?",AM (Arctic Monkeys album),"The musical group that released an album titled ""AM"" is Wilco. This can be seen from the information provided in the context where it states: ""A.M. (Wilco album)""",ABBA | AM | ABBA,"ABBA ( , ; formerly named Björn & Benny, Agnetha & Anni-Frid or Björn & Benny, Agnetha & Frida) are  a Swedish pop supergroup formed in Stockholm in 1972 by Agnetha Fältskog, Björn Ulvaeus, Benny Andersson, and Anni-Frid Lyngstad. The group's name is an acronym of the first letters of their first names arranged as a palindrome. They are one of the most popular and successful musical groups of all time, and are one of the best-selling music acts in the history of popular music, topping the charts",False,True,0.5,0.986249566078186,0.001048445701599121
baseline,340,Antigua and Barbuda,What is the capital city of Antigua and Barbuda?,"St. John's, Antigua","St. John's, Antigua, is the country's capital, major city, and largest port.",Antigua and Barbuda | Antigua and Barbuda | Antigua and Barbuda,"Antigua and Barbuda (, ) is a sovereign island country in the Caribbean. It lies at the conjuncture of the Caribbean Sea and the Atlantic Ocean in the Leeward Islands part of the Lesser Antilles.

The country consists of two major islands, Antigua and Barbuda, which are approximately  apart, and several smaller islands, including Great Bird, Green, Guiana, Long, Maiden, Prickly Pear, York, and Redonda. The permanent population is approximately 97,120 ( estimates), with 97% residing in Antigua. S",False,True,1.0,0.9617724418640137,0.03234434127807617
baseline,341,Antigua and Barbuda,When did Antigua and Barbuda gain full independence from the United Kingdom?,1 November 1981,Antigua and Barbuda gained full independence from the United Kingdom on 1 November 1981.,Antigua and Barbuda | Antigua and Barbuda | Antigua and Barbuda,"Part of the Leeward Islands colony, Antigua and Barbuda became part of the short-lived West Indies Federation from 1958 to 1962. Antigua and Barbuda subsequently became an associated state of the United Kingdom with full internal autonomy on 27 February 1967. The 1970s were dominated by discussions as to the islands' future and the rivalry between Vere Bird of the Antigua and Barbuda Labour Party (ABLP) (Premier from 1967 to 1971 and 1976 to 1981) and the Progressive Labour Movement (PLM) of Geo",False,True,1.0,0.9843531250953674,2.3365020751953125e-05
baseline,342,Azincourt,In which department of France is the commune of Azincourt located?,Pas-de-Calais,The commune of Azincourt is located in the Pas-de-Calais department of northern France.,Azincourt | Azincourt | Anatole France,"Azincourt (), historically known in English as Agincourt ( ), is a commune in the Pas-de-Calais department in northern France. It is situated  north-west of Saint-Pol-sur-Ternoise on the D71 road between Hesdin and Fruges.

The Late Medieval Battle of Agincourt between the English and the French took place in the commune in 1415.

Toponym
The name is attested as Aisincurt in 1175, derived from a Germanic masculine name Aizo, Aizino and the early Northern French word curt (which meant a farm with",False,True,1.0,0.9861831665039062,1.728534698486328e-05
baseline,343,Azincourt,On what date was the Battle of Agincourt fought?,25 October 1415,The Battle of Agincourt was fought on 25 October 1415.,Azincourt | Azincourt | American Revolutionary War,"Azincourt (), historically known in English as Agincourt ( ), is a commune in the Pas-de-Calais department in northern France. It is situated  north-west of Saint-Pol-sur-Ternoise on the D71 road between Hesdin and Fruges.

The Late Medieval Battle of Agincourt between the English and the French took place in the commune in 1415.

Toponym
The name is attested as Aisincurt in 1175, derived from a Germanic masculine name Aizo, Aizino and the early Northern French word curt (which meant a farm with",False,True,1.0,0.9534825682640076,7.510185241699219e-06
baseline,344,Albert Speer,When was Albert Speer appointed as Reich Minister of Armaments and War Production?,February 1942,Albert Speer was appointed as Reich Minister of Armaments and War Production on 19 March 1942.,Albert Speer | Albert Speer | Albert Speer,"Berthold Konrad Hermann Albert Speer (; ; 19 March 1905 – 1 September 1981) was a German architect who served as the Minister of Armaments and War Production in Nazi Germany during most of World War II. A close ally of Adolf Hitler, he was convicted at the Nuremberg trial and sentenced to 20 years in prison.

An architect by training, Speer joined the Nazi Party in 1931. His architectural skills made him increasingly prominent within the Party, and he became a member of Hitler's inner circle. Hi",False,True,0.5,0.8810496926307678,1.1563301086425781e-05
baseline,345,Albert Speer,What length of prison sentence was Albert Speer given after the Nuremberg trial?,20 years in prison,20 years,Albert Speer | Albert Speer | Albert Speer,"Berthold Konrad Hermann Albert Speer (; ; 19 March 1905 – 1 September 1981) was a German architect who served as the Minister of Armaments and War Production in Nazi Germany during most of World War II. A close ally of Adolf Hitler, he was convicted at the Nuremberg trial and sentenced to 20 years in prison.

An architect by training, Speer joined the Nazi Party in 1931. His architectural skills made him increasingly prominent within the Party, and he became a member of Hitler's inner circle. Hi",False,True,0.6666666666666666,0.9134716987609863,0.8396682441234589
baseline,346,Asteraceae,In what year were the Compositae first described?,1740,"The Compositae, originally named Asteraceae, were first described in 1740 by Dutch botanist Adriaan van Royen.",Asteraceae | Asteraceae | Asteroid,"Taxonomy

History
Compositae, the original name for Asteraceae, were first described in 1740 by Dutch botanist Adriaan van Royen. Traditionally, two subfamilies were recognised: Asteroideae (or Tubuliflorae) and Cichorioideae (or Liguliflorae). The latter has been shown to be extensively paraphyletic, and has now been divided into 12 subfamilies, but the former still stands. The study of this family is known as synantherology.

Phylogeny

The phylogenetic tree of subfamilies presented below is b",False,True,1.0,0.9455969333648682,0.00148087739944458
baseline,347,Asteraceae,How many known species does the family Asteraceae consist of?,"over 32,000 known species","Over 32,000 known species of flowering plants in over 1,900 genera within the order Asterales.",Asteraceae | Asterales | Asterales,"The family Asteraceae (), with the original name Compositae, consists of over 32,000 known species of flowering plants in over 1,900 genera within the order Asterales. Commonly referred to as the aster, daisy, composite, or sunflower family, Compositae were first described in the year 1740. The number of species in Asteraceae is rivaled only by the Orchidaceae, and which is the larger family is unclear as the quantity of extant species in each family is unknown. 

Most species of Asteraceae are ",False,True,1.0,0.9810993075370789,0.16974973678588867
baseline,348,Apiaceae,How many species are estimated to be in the Apiaceae family?,"More than 3,800 species.","More than 3,800 species are estimated to be in the Apiaceae family.",Apiales | Apiaceae | Apiaceae,"The Apiales are an order of flowering plants. The families are those recognized in the APG III system. This is typical of the newer classifications, though there is some slight variation and in particular, the Torriceliaceae may also be divided.

Under this definition, well-known members include carrots, celery, parsley, and Hedera helix (English ivy).

The order Apiales is placed within the asterid group of eudicots as circumscribed by the APG III system. Within the asterids, Apiales belongs to",False,True,1.0,0.9445298910140991,0.00024443864822387695
baseline,349,Apiaceae,What common name is given to the Apiaceae family?,"It is commonly known as the celery, carrot or parsley family, or simply as umbellifers.","The common name given to the Apiaceae family is the celery, carrot or parsley family, or simply as umbellifers.",Apiales | Apiaceae | Apiaceae,"The Apiales are an order of flowering plants. The families are those recognized in the APG III system. This is typical of the newer classifications, though there is some slight variation and in particular, the Torriceliaceae may also be divided.

Under this definition, well-known members include carrots, celery, parsley, and Hedera helix (English ivy).

The order Apiales is placed within the asterid group of eudicots as circumscribed by the APG III system. Within the asterids, Apiales belongs to",False,True,0.75,0.9879531860351562,0.00038373470306396484
baseline,350,Axon,What are the three groups of nerve fibers mentioned in the passage?,"Group A nerve fibers, group B nerve fibers, and group C nerve fibers.","The three groups of nerve fibers mentioned in the passage are Group A nerve fibers, Group B nerve fibers, and Group C nerve fibers.",Axon | Axon | Axon,"An axon (from Greek ἄξων áxōn, axis), or nerve fiber (or nerve fibre: see spelling differences), is a long, slender projection of a nerve cell, or neuron, in vertebrates, that typically conducts electrical impulses known as action potentials away from the nerve cell body. The function of the axon is to transmit information to different neurons, muscles, and glands. In certain sensory neurons (pseudounipolar neurons), such as those for touch and warmth, the axons are called afferent nerve fibers ",False,True,1.0,0.9524461030960083,0.001223146915435791
baseline,351,Axon,Which groups of nerve fibers are myelinated according to the passage?,Groups A and B are myelinated.,"According to the passage, myelinated nerve fibers are classified into two main groups:

1. Group A nerve fibers - These are myelinated fibers.
2. Group B nerve fibers - These are also myelinated fibers.

Additionally, the passage mentions that there are two types of myelin in the nervous system:
- Proteolipid protein in the CNS
- Myelin basic protein in the PNS

So, the key groups of myelinated nerve fibers mentioned are Group A and Group B, along with the distinction between CNS and PNS myelin proteins.",Axon | Axon | Axon,"The numbers of axonal telodendria (the branching structures at the end of the axon) can also differ from one nerve fiber to the next. Axons in the central nervous system (CNS) typically show multiple telodendria, with many synaptic end points. In comparison, the cerebellar granule cell axon is characterized by a single T-shaped branch node from which two parallel fibers extend. Elaborate branching allows for the simultaneous transmission of messages to a large number of target neurons within a s",False,True,1.0,0.5842104554176331,0.15228420495986938
baseline,352,Aramaic alphabet,"Which group adopted the Aramaic alphabet for writing Hebrew, displacing the Paleo‑Hebrew alphabet?",Jews,Jews (but not Samaritans),Aramaic alphabet | Aramaic alphabet | Aramaic alphabet,"Among the descendant scripts in modern use, the Jewish Hebrew alphabet bears the closest relation to the Imperial Aramaic script of the 5th century BC, with an identical letter inventory and, for the most part, nearly identical letter shapes. By contrast the Samaritan Hebrew script is directly descended from Proto-Hebrew/Phoenician script, which was in turn the ancestor of the Aramaic alphabet. The Aramaic alphabet was also an ancestor to the Nabataean alphabet, which in turn had the Arabic alph",False,True,1.0,0.960853099822998,0.7610948383808136
baseline,353,Aramaic alphabet,What term did Peter T. Daniels use to describe writing systems like Aramaic that indicate consonants but not most vowels?,abjads,"Peter T. Daniels used the term ""abjad"" to describe writing systems like Aramaic that indicate consonants but not most vowels.",Aramaic alphabet | Abjad | Abjad,"The ancient Aramaic alphabet was used to write the Aramaic languages spoken by ancient Aramean pre-Christian tribes throughout the Fertile Crescent. It was also adopted by other peoples as their own alphabet when empires and their subjects underwent linguistic Aramaization during a language shift for governing purposes—a precursor to Arabization centuries later—including among Assyrians who permanently replaced their Akkadian language and its cuneiform script with Aramaic and its script, and amo",False,True,0.0,0.9896531701087952,7.402896881103516e-05
baseline,354,Acute disseminated encephalomyelitis,What is the reported annual incidence of acute disseminated encephalomyelitis (ADEM) per million people?,"About 8 per 1,000,000 people per year.","The reported annual incidence of acute disseminated encephalomyelitis (ADEM) per million people is about 8 per 1,000,000.",Acute disseminated encephalomyelitis | Acute disseminated encephalomyelitis | Acute disseminated encephalomyelitis,"Acute disseminated encephalomyelitis (ADEM), or acute demyelinating encephalomyelitis, is a rare autoimmune disease marked by a sudden, widespread attack of inflammation in the brain and spinal cord. As well as causing the brain and spinal cord to become inflamed, ADEM also attacks the nerves of the central nervous system and damages their myelin insulation, which, as a result, destroys the white matter. The cause is often a trigger such as from viral infection or vaccinations.

ADEM's symptoms ",False,True,0.8571428571428571,0.8520792722702026,0.00028520822525024414
baseline,355,Acute disseminated encephalomyelitis,What is the average age range of most reported ADEM cases?,Around 5 to 8 years old.,"Most reported ADEM cases occur in children and adolescents, with the average age around 5 to 8 years old.",Acute disseminated encephalomyelitis | Acute disseminated encephalomyelitis | Demographics of Angola,"Group means for each cognitive domain were all within one standard deviation of age norms, demonstrating that, as a group, they were normal. These deficits were less severe than those seen in similar aged children with a diagnosis of MS.

Another study compared nineteen children with a history of ADEM, of which 10 were five years of age or younger at the time (average age 3.8 years old, tested an average of 3.9 years later) and nine were older (mean age 7.7y at time of ADEM, tested an average of",False,True,1.0,0.980305016040802,0.035012662410736084
baseline,356,Ataxia,What term is used to describe ataxia that is limited to one side of the body?,hemiataxia,Hemiataxia,Ataxia | Ataxia | Ataxia,"Ataxia (from Greek α- [a negative prefix] + -τάξις [order] = ""lack of order"") is a neurological sign consisting of lack of voluntary coordination of muscle movements that can include gait abnormality, speech changes, and abnormalities in eye movements, that indicates dysfunction of parts of the nervous system that coordinate movement, such as the cerebellum.

These nervous system dysfunctions occur in several different patterns, with different results and different possible causes. Ataxia can be",False,True,1.0,0.9462378621101379,0.8843892067670822
baseline,357,Ataxia,What is the name for a mild degree of ataxia?,Dystaxia,Dystaxia is the term used for a mild degree of ataxia.,Ataxia | Ataxia | Ataxia,"Ataxia (from Greek α- [a negative prefix] + -τάξις [order] = ""lack of order"") is a neurological sign consisting of lack of voluntary coordination of muscle movements that can include gait abnormality, speech changes, and abnormalities in eye movements, that indicates dysfunction of parts of the nervous system that coordinate movement, such as the cerebellum.

These nervous system dysfunctions occur in several different patterns, with different results and different possible causes. Ataxia can be",False,True,1.0,0.9879466891288757,0.005050539970397949
baseline,358,Ada Lovelace,"When was Augusta Ada King, Countess of Lovelace born and when did she die?",She was born on 10 December 1815 and died on 27 November 1852.,"Augusta Ada King, Countess of Lovelace was born on 10 December 1815 and died on 27 November 1852.",Ada Lovelace | Ada Lovelace | Ada Lovelace,"Augusta Ada King, Countess of Lovelace (née Byron; 10 December 1815 – 27 November 1852) was an English mathematician and writer, chiefly known for her work on Charles Babbage's proposed mechanical general-purpose computer, the Analytical Engine. She was the first to recognise that the machine had applications beyond pure calculation.

Ada Byron was the only legitimate child of poet Lord Byron and reformer Lady Byron. All Lovelace's half-siblings, Lord Byron's other children, were born out of wed",False,True,0.8888888888888888,0.794627845287323,3.5762786865234375e-06
baseline,359,Ada Lovelace,Who did Ada Lovelace marry and in what year did her husband become Earl of Lovelace?,"She married William King in 1835, and he was made Earl of Lovelace in 1838.","Ada Lovelace married William, 8th Baron King, in 1835. In 1838, her husband was made Earl of Lovelace.",Ada Lovelace | Ada Lovelace | Ada Lovelace,"She was presented at Court at the age of seventeen ""and became a popular belle of the season"" in part because of her ""brilliant mind"". By 1834 Ada was a regular at Court and started attending various events. She danced often and was able to charm many people, and was described by most people as being dainty, although John Hobhouse, Byron's friend, described her as ""a large, coarse-skinned young woman but with something of my friend's features, particularly the mouth"". This description followed t",False,True,0.8,0.8926244378089905,0.007621407508850098
baseline,360,August Derleth,When was August Derleth born?,"February 24, 1909","August Derleth was born on February 24, 1909.",August Derleth | August Derleth | August Derleth,"August William Derleth (February 24, 1909 – July 4, 1971) was an American writer and anthologist. He was the first book publisher of the writings of H. P. Lovecraft. He made contributions to the Cthulhu Mythos and the cosmic horror genre and helped found the publisher Arkham House (which did much to bring supernatural fiction into print in hardcover in the US that had only been readily available in the UK). Derleth was also a leading American regional writer of his day, as well as prolific in se",False,True,1.0,0.9272207617759705,2.5033950805664062e-06
baseline,361,August Derleth,What fictional detective did Derleth create as a pastiche of Sherlock Holmes?,Solar Pons,Derleth created the fictional detective Solar Pons as a pastiche of Sherlock Holmes.,August Derleth | August Derleth | August Derleth,"A close literary relative of the Sac Prairie Saga was Derleth's Wisconsin Saga, which comprises several historical novels.

Detective fiction and ""Solar Pons""
Detective fiction represented another substantial body of Derleth's work. Most notable among this work was a series of 70 stories in affectionate pastiche of Sherlock Holmes, whose creator, Sir Arthur Conan Doyle, he admired greatly. The stories feature a Holmes-styled British detective named Solar Pons, of 7B Praed Street in London. These",False,True,1.0,0.9875942468643188,2.1457672119140625e-06
baseline,362,Alps,How many Alpine countries does the Alps stretch across?,Eight,The Alps stretch across eight Alpine countries.,Alps | Alps | Alps,"The Alps () are the highest and most extensive mountain range that is entirely in Europe, stretching approximately  across eight Alpine countries (from west to east): Monaco, France, Switzerland, Italy, Liechtenstein, Germany, Austria and Slovenia.

The Alpine arch extends from Nice on the western Mediterranean to Trieste on the Adriatic and Vienna at the beginning of the Pannonian Basin. The mountains were formed over tens of millions of years as the African and Eurasian tectonic plates collide",False,True,1.0,0.9786706566810608,2.014636993408203e-05
baseline,363,Alps,Which mountain spans the French–Italian border and is the highest mountain in the Alps?,Mont Blanc,Mont Blanc,Alps | Alps | Alps,"The Alps () are the highest and most extensive mountain range that is entirely in Europe, stretching approximately  across eight Alpine countries (from west to east): Monaco, France, Switzerland, Italy, Liechtenstein, Germany, Austria and Slovenia.

The Alpine arch extends from Nice on the western Mediterranean to Trieste on the Adriatic and Vienna at the beginning of the Pannonian Basin. The mountains were formed over tens of millions of years as the African and Eurasian tectonic plates collide",False,True,1.0,0.8671795725822449,0.9962782915681601
baseline,364,Albert Camus,In what year did Albert Camus receive the Nobel Prize in Literature?,1957,1957,Albert Camus | Albert Camus | Albert Camus,"Albert Camus ( ,  ; ; 7 November 1913 – 4 January 1960) was an Algerian-French  philosopher, author, dramatist, journalist, and political activist. He was the recipient of the 1957 Nobel Prize in Literature at the age of 44, the second-youngest recipient in history. His works include The Stranger, The Plague, The Myth of Sisyphus, The Fall, and The Rebel.

Camus was born in French Algeria to Pieds Noirs parents. He spent his childhood in a poor neighbourhood and later studied philosophy at the U",False,True,1.0,0.6661157011985779,0.9982691697077826
baseline,365,Albert Camus,What position did Albert Camus hold at the newspaper Combat during World War II?,Editor-in-chief,"During World War II, Albert Camus held an active role at the newspaper Combat. Specifically, he worked as a journalist and editor of the banned newspaper.",Albert Camus | Albert Camus | Albert Camus,"Albert Camus ( ,  ; ; 7 November 1913 – 4 January 1960) was an Algerian-French  philosopher, author, dramatist, journalist, and political activist. He was the recipient of the 1957 Nobel Prize in Literature at the age of 44, the second-youngest recipient in history. His works include The Stranger, The Plague, The Myth of Sisyphus, The Fall, and The Rebel.

Camus was born in French Algeria to Pieds Noirs parents. He spent his childhood in a poor neighbourhood and later studied philosophy at the U",False,True,0.5,0.9638198614120483,0.016121864318847656
baseline,366,Agatha Christie,How many detective novels did Agatha Christie write?,66,66,Agatha Christie | Agatha Christie | Agatha Christie,"Dame Agatha Mary Clarissa Christie, Lady Mallowan,  (; 15 September 1890 – 12 January 1976) was an English writer known for her 66 detective novels and 14 short story collections, particularly those revolving around fictional detectives Hercule Poirot and Miss Marple. She also wrote the world's longest-running play, the murder mystery The Mousetrap, which has been performed in the West End since 1952. A writer during the ""Golden Age of Detective Fiction"", Christie has been called the ""Queen of C",False,True,1.0,0.9261713624000549,0.9719392582774162
baseline,367,Agatha Christie,In what year was Agatha Christie made a Dame (DBE) by Queen Elizabeth II?,1971,1971,Agatha Christie | Agatha Christie | Agatha Christie,"Dame Agatha Mary Clarissa Christie, Lady Mallowan,  (; 15 September 1890 – 12 January 1976) was an English writer known for her 66 detective novels and 14 short story collections, particularly those revolving around fictional detectives Hercule Poirot and Miss Marple. She also wrote the world's longest-running play, the murder mystery The Mousetrap, which has been performed in the West End since 1952. A writer during the ""Golden Age of Detective Fiction"", Christie has been called the ""Queen of C",False,True,1.0,0.8331174254417419,0.9994786637253128
baseline,368,The Plague (novel),When was the cholera epidemic that Camus used as source material for The Plague?,1849,The cholera epidemic that Camus used as source material for The Plague occurred in 1849.,The Plague (novel) | The Plague (novel) | Albert Camus,"The Plague () is a 1947 absurdist novel by Albert Camus. It tells the story from the point of view of a narrator in the midst of a plague sweeping the French Algerian city of Oran. The narrator remains unknown until the start of the last chapter. The novel presents a snapshot of life in Oran as seen through the author's distinctive absurdist point of view.

Camus used as source material the cholera epidemic that killed a large proportion of Oran's population in 1849, but situated the novel in th",False,True,1.0,0.9334186315536499,8.225440979003906e-06
baseline,369,The Plague (novel),How many cases were reported in the 1944 outbreak in Oran?,95 cases,"According to the provided information, the 1944 outbreak in Oran resulted in 95 cases of the plague.",August 2 | The Plague (novel) | August 27,"1944   – World War II: The largest trade convoy of the world wars arrives safely in the Western Approaches.
1945 – World War II: End of the Potsdam Conference.
1947 – A British South American Airways Avro Lancastrian airliner crashes into a mountain during a flight from Buenos Aires, Argentina to Santiago, Chile. The wreckage would not be found until 1998.
1968 – An earthquake hits Casiguran, Aurora, Philippines killing more than 270 people and wounding 261.
1973 – A flash fire kills 50 people a",False,True,1.0,0.5334082245826721,0.0008917450904846191
baseline,370,Applied ethics,"In which decade did the field of applied ethics, as it appears today, emerge?",the early 1970s,"The field of applied ethics, as it appears today, emerged in the early 1970s.",Applied ethics | Applied ethics | Applied ethics,"Applied ethics is the practical aspect of moral considerations. It is ethics with respect to real-world actions and their moral considerations in private and public life, the professions, health, technology, law, and leadership. For example, bioethics is concerned with identifying the best approach to moral issues in the life sciences, such as euthanasia, the allocation of scarce health resources, or the use of human embryos in research. Environmental ethics is concerned with ecological issues s",False,True,1.0,0.9833762049674988,1.4543533325195312e-05
baseline,371,Applied ethics,"According to the passage, what does business ethics include?",the duties of whistleblowers to the public and to their employers,"According to the passage, business ethics includes the duties of whistleblowers to the public and to their employers.",Applied ethics | Applied ethics | Architect,"Applied ethics is the practical aspect of moral considerations. It is ethics with respect to real-world actions and their moral considerations in private and public life, the professions, health, technology, law, and leadership. For example, bioethics is concerned with identifying the best approach to moral issues in the life sciences, such as euthanasia, the allocation of scarce health resources, or the use of human embryos in research. Environmental ethics is concerned with ecological issues s",False,True,1.0,0.9923235177993774,0.006998240947723389
baseline,372,Absolute value,"Who introduced the term ""module"" for the complex absolute value and in what year?",Jean-Robert Argand introduced the term module in 1806.,"Jean-Robert Argand introduced the term ""module"" for the complex absolute value in 1806.",Absolute value | Absolute value | Absolute value,"In mathematics, the absolute value or modulus of a real number ,  is the non-negative value  without regard to its sign. Namely,  if  is a positive number, and  if  is negative (in which case negating  makes  positive), and  For example, the absolute value of 3  and the absolute value of −3 is  The absolute value of a number may be thought of as its distance from zero.

Generalisations of the absolute value for real numbers occur in a wide variety of mathematical settings. For example, an absolu",False,True,1.0,0.9238869547843933,0.00016224384307861328
baseline,373,Absolute value,What notation for absolute value was introduced by Karl Weierstrass and in what year?,Karl Weierstrass introduced the vertical bar notation (|x|) in 1841.,"Karl Weierstrass introduced the notation |x|, with a vertical bar on each side, for the absolute value of x. This notation was introduced in 1841.",Absolute value | Absolute value | Absolute value,"In mathematics, the absolute value or modulus of a real number ,  is the non-negative value  without regard to its sign. Namely,  if  is a positive number, and  if  is negative (in which case negating  makes  positive), and  For example, the absolute value of 3  and the absolute value of −3 is  The absolute value of a number may be thought of as its distance from zero.

Generalisations of the absolute value for real numbers occur in a wide variety of mathematical settings. For example, an absolu",False,True,1.0,0.7211719751358032,0.016466200351715088
baseline,374,Analog signal,What type of signal varies continuously with the pressure of sound waves?,An analog audio signal.,The type of signal that varies continuously with the pressure of sound waves is called a pressure waveform.,Acoustics | Acoustics | Acoustic theory,"Transduction processes are also of special importance to acoustics.

Fundamental concepts

Wave propagation: pressure levels 

In fluids such as air and water, sound waves propagate as disturbances in the ambient pressure level.  While this disturbance is usually small, it is still noticeable to the human ear.  The smallest sound that a person can hear, known as the threshold of hearing, is nine orders of magnitude smaller than the ambient pressure.  The loudness of these disturbances is related",False,False,0.3333333333333333,0.8638707995414734,0.012870728969573975
baseline,375,Analog signal,What property does an aneroid barometer use to convey pressure information?,Rotary position.,An aneroid barometer uses the rotary position of its diaphragm to convey pressure information.,Analog signal | Asteroid | Atomic orbital,"An analog signal is any continuous-time signal representing some other quantity, i.e., analogous to another quantity. For example, in an analog audio signal, the instantaneous signal voltage varies continuously with the pressure of the sound waves.

In contrast, a digital signal represents the original time-varying quantity as a sampled sequence of quantized values. Digital sampling imposes some bandwidth and dynamic range constraints on the representation and adds quantization error.

The term ",False,True,1.0,0.9800239205360413,0.0014438033103942871
baseline,376,Hercule Poirot,How many short stories featuring Hercule Poirot were published between 1920 and 1975?,51 short stories,33,Hercule Poirot | Agatha Christie | Hercule Poirot,"Hercule Poirot (, ) is a fictional Belgian detective created by British writer Agatha Christie. Poirot is one of Christie's most famous and long-running characters, appearing in 33 novels, two plays (Black Coffee and Alibi), and 51 short stories published between 1920 and 1975.

Poirot has been portrayed on radio, in film and on television by various actors, including Austin Trevor, John Moffatt, Albert Finney, Peter Ustinov, Ian Holm, Tony Randall, Alfred Molina, Orson Welles, David Suchet, Ken",False,True,0.0,0.7621275186538696,0.9709092434495687
baseline,377,Hercule Poirot,What are the titles of the two plays in which Hercule Poirot appears?,Black Coffee and Alibi,"Based on the provided context, the two plays in which Hercule Poirot appears are:

1. Black Coffee
2. Alibi",Hercule Poirot | Hercule Poirot | Hercule Poirot,"Hercule Poirot (, ) is a fictional Belgian detective created by British writer Agatha Christie. Poirot is one of Christie's most famous and long-running characters, appearing in 33 novels, two plays (Black Coffee and Alibi), and 51 short stories published between 1920 and 1975.

Poirot has been portrayed on radio, in film and on television by various actors, including Austin Trevor, John Moffatt, Albert Finney, Peter Ustinov, Ian Holm, Tony Randall, Alfred Molina, Orson Welles, David Suchet, Ken",False,True,1.0,0.6493579149246216,0.053749918937683105
baseline,378,Miss Marple,In which village does Miss Marple live?,St. Mary Mead,St. Mary Mead,Miss Marple | Miss Marple | Miss Marple,"Miss Jane Marple is a fictional character in Agatha Christie's crime novels and short stories. Miss Marple lives in the village of St. Mary Mead and acts as an amateur consulting detective. Often characterized as an elderly spinster, she is one of Christie's best-known characters and has been portrayed numerous times on screen. Her first appearance was in a short story published in The Royal Magazine in December 1927, ""The Tuesday Night Club"", which later became the first chapter of The Thirteen",False,True,1.0,0.8152871131896973,0.9913725424557924
baseline,379,Miss Marple,What is the title of the short story in which Miss Marple first appeared?,The Tuesday Night Club,"""The Tuesday Night Club""",Miss Marple | Miss Marple | Miss Marple,"Miss Jane Marple is a fictional character in Agatha Christie's crime novels and short stories. Miss Marple lives in the village of St. Mary Mead and acts as an amateur consulting detective. Often characterized as an elderly spinster, she is one of Christie's best-known characters and has been portrayed numerous times on screen. Her first appearance was in a short story published in The Royal Magazine in December 1927, ""The Tuesday Night Club"", which later became the first chapter of The Thirteen",False,True,1.0,0.8853246569633484,0.885185606777668
baseline,380,April,How many days long is the month of April?,30 days,The month of April is 30 days long.,April | April | April,"April is the fourth month of the year in the Gregorian and Julian calendars. It is the first of four months to have a length of 30 days, and the second of five months to have a length of less than 31 days.

April is commonly associated with the season of spring in the Northern Hemisphere, and autumn in the Southern Hemisphere, where it is the seasonal equivalent to October in the Northern Hemisphere and vice versa.

History 

The Romans gave this month the Latin name Aprilis but the derivation o",False,True,1.0,0.9405421614646912,4.8160552978515625e-05
baseline,381,April,To which goddess was April sacred in Roman tradition?,Venus,To which goddess was April sacred in Roman tradition? Answer: Venus,April | April | Aphrodite,"April is the fourth month of the year in the Gregorian and Julian calendars. It is the first of four months to have a length of 30 days, and the second of five months to have a length of less than 31 days.

April is commonly associated with the season of spring in the Northern Hemisphere, and autumn in the Southern Hemisphere, where it is the seasonal equivalent to October in the Northern Hemisphere and vice versa.

History 

The Romans gave this month the Latin name Aprilis but the derivation o",False,True,1.0,0.932158887386322,0.9987181945471093
baseline,382,August,How many months have a length of 31 days according to the passage?,Seven months.,"According to the passage, there are three months that have a length of 31 days:

1. August
2. November
3. December",August | April | August,"Commonly repeated lore has it that August has 31 days because Augustus wanted his month to match the length of Julius Caesar's July, but this is an invention of the 13th century scholar Johannes de Sacrobosco. Sextilis in fact had 31 days before it was renamed, and it was not chosen for its length.

Symbols 

  August's birthstones are the peridot, sardonyx, and spinel. Its birth flower is the gladiolus or poppy, meaning beauty, strength of character, love, marriage and family. The Western zodia",False,True,0.5,0.025240911170840263,0.027143359184265137
baseline,383,August,What was the original Latin name for the month of August?,Sextilis.,Sextilis,August | August | April,"August is the eighth month of the year in the Julian and Gregorian calendars, and the fifth of seven months to have a length of 31 days.

In the Southern Hemisphere, August is the seasonal equivalent of February in the Northern Hemisphere. In the Northern Hemisphere, August falls in the season of summer. In the Southern Hemisphere, the month falls during the season of winter. In many European countries, August is the holiday month for most workers. Numerous religious holidays occurred during Aug",False,True,1.0,0.8960416316986084,0.9980882307281718
baseline,384,Aaron,"According to the Book of Numbers, how old was Aaron when he died?",123 years,"According to the Book of Numbers, Aaron died at 123 years of age.",Aaron | Aaron | Aaron,"According to Abrahamic religions, Aaron (  or  ) was a prophet, a high priest, and the elder brother of Moses. Information about Aaron comes exclusively from religious texts such as the Hebrew Bible, the New Testament (Luke, Acts, and Hebrews), and the Quran.

The Hebrew Bible relates that, unlike Moses, who grew up in the Egyptian royal court, Aaron and his elder sister Miriam remained with their kinsmen in the northeastern region of the Nile Delta. When Moses first confronted the Egyptian king",False,True,1.0,0.97145676612854,9.274482727050781e-05
baseline,385,Aaron,"According to the passage, where did Aaron die as stated in the Book of Numbers?",on Mount Hor,"As stated in the Book of Numbers, Aaron died on Mount Hor.",Aaron | Aaron | Aaron,"And when a plague broke out among the people who had sympathized with the rebels, Aaron, at the command of Moses, took his censer and stood between the living and the dead until the plague abated (), atoning in the process.

To emphasize the validity of the Levites' claim to the offerings and tithes of the Israelites, Moses collected a rod from the leaders of each tribe in Israel and laid the twelve rods overnight in the tent of meeting. The next morning, Aaron's rod was found to have budded and",False,True,1.0,0.9281246662139893,0.00017398595809936523
baseline,386,April 6,In what year did Julius Caesar defeat Caecilius Metellus Scipio and Marcus Porcius Cato at the Battle of Thapsus?,46 BC,46 BC,August 9 | Alexander the Great | April 6,"Events

Pre-1600
48 BC – Caesar's Civil War: Battle of Pharsalus: Julius Caesar decisively defeats Pompey at Pharsalus and Pompey flees to Egypt.
 378 – Gothic War: Battle of Adrianople: A large Roman army led by Emperor Valens is defeated by the Visigoths. Valens is killed along with over half of his army.
1173 – Construction of the campanile of the Cathedral of Pisa (now known as the Leaning Tower of Pisa) begins; it will take two centuries to complete.
1329 – Quilon, the first Indian Christia",False,True,1.0,0.86338871717453,0.9944666125811636
baseline,387,April 6,Which dynasty was established by King Buddha Yodfa Chulaloke (Rama I) of Siam?,the Chakri dynasty,Siam,Ashoka | Ashoka | Ashoka,"Ashoka (, ; also Asoka;  – 232 BCE), popularly known as Ashoka the Great, was the third Mauryan Emperor of Magadha in the Indian subcontinent during  to 232 BCE. His empire covered a large part of the Indian subcontinent, stretching from present-day Afghanistan in the west to present-day Bangladesh in the east, with its capital at Pataliputra. A patron of Buddhism, he is credited with playing an important role in the spread of Buddhism across ancient Asia.

Ashoka's edicts state that during his ",False,False,0.0,0.05487879738211632,0.8521374762058258
baseline,388,April 12,What flag was adopted as the flag of English and Scottish ships in 1606?,The Union Flag,The Union Flag was adopted as the flag of English and Scottish ships in 1606.,April 12 | August 22 | Anglicanism,"Events

Pre-1600
 240 – Shapur I becomes co-emperor of the Sasanian Empire with his father Ardashir I.
 467 – Anthemius is elevated to Emperor of the Western Roman Empire.
 627 – King Edwin of Northumbria is converted to Christianity by Paulinus, bishop of York.
1012 – Duke Oldřich of Bohemia deposes and blinds his brother Jaromír, who flees to Poland.
1204 – The Crusaders of the Fourth Crusade breach the walls of Constantinople and enter the city, which they completely occupy the following day.",False,True,1.0,0.9620620608329773,0.00017130374908447266
baseline,389,April 12,"Which battle marked the beginning of the American Civil War on April 12, 1861?",The Battle of Fort Sumter,"The Battle of Fort Sumter marked the beginning of the American Civil War on April 12, 1861.",American Civil War | American Civil War | April 6,"The American Civil War (April 12, 1861 – May 26, 1865; also known by other names) was a civil war in the United States between the Union (""the North"") and the Confederacy (""the South""), formed by states that had seceded from the Union. The cause of the war was the dispute over whether slavery would be permitted to expand into the western territories, leading to more slave states, or be prevented from doing so, which many believed would place slavery on a course of ultimate extinction.

Decades o",False,False,1.0,0.41731587052345276,0.00048410892486572266
baseline,390,April 15,"What was published in London on April 15, 1755?",Samuel Johnson's A Dictionary of the English Language is published in London.,"The text does not provide any information about what was published in London on April 15, 1755. Therefore, the answer cannot be determined based solely on the given context.",April | April | August 22,"April is the fourth month of the year in the Gregorian and Julian calendars. It is the first of four months to have a length of 30 days, and the second of five months to have a length of less than 31 days.

April is commonly associated with the season of spring in the Northern Hemisphere, and autumn in the Southern Hemisphere, where it is the seasonal equivalent to October in the Northern Hemisphere and vice versa.

History 

The Romans gave this month the Latin name Aprilis but the derivation o",False,False,0.25,0.09334434568881989,0.22601395845413208
baseline,391,April 15,"Which battle on April 15, 1632 involved Swedes under Gustavus Adolphus defeating the Holy Roman Empire?",Battle of Rain,"The Battle of Nördlingen, fought on April 15, 1632, involved Swedish forces under Gustavus Adolphus defeating the Holy Roman Empire.",August 2 | August 22 | Attila,"Events

Pre-1600
338 BC – A Macedonian army led by Philip II defeated the combined forces of Athens and Thebes in the Battle of Chaeronea, securing Macedonian hegemony in Greece and the Aegean.
216 BC – The Carthaginian army led by Hannibal defeats a numerically superior Roman army at the Battle of Cannae.
49 BC – Caesar, who marched to Spain earlier in the year leaving Marcus Antonius in charge of Italy, defeats Pompey's general Afranius and Petreius in Ilerda (Lerida) north of the Ebro river.
",False,False,0.5,0.021090874448418617,0.0009344220161437988
baseline,392,April 30,"What significant event involving George Washington occurred on April 30, 1789?","On the balcony of Federal Hall on Wall Street in New York City, George Washington takes the oath of office to become the first President of the United States.","George Washington took the oath of office to become the first President of the United States on April 30, 1789, at the balcony of Federal Hall on Wall Street in New York City.",American Revolutionary War | April 30 | April 1,"The American Revolutionary War (April 19, 1775 – September 3, 1783), also known as the Revolutionary War or American War of Independence, was the military conflict of the American Revolution in which American Patriot forces under George Washington's command defeated the British, resulting in the Treaty of Paris (1783) recognizing the independence and sovereignty of the United States. Fighting began on April 19, 1775, at the Battles of Lexington and Concord. The war was formalized and intensified",False,True,0.9444444444444444,0.578497052192688,0.27581191062927246
baseline,393,April 30,"What transaction took place on April 30, 1803, that expanded the United States?","The United States purchases the Louisiana Territory from France for $15 million, more than doubling the size of the young nation.","The transaction that took place on April 30, 1803, that expanded the United States was the Louisiana Purchase.",Articles of Confederation | Articles of Confederation | American Revolutionary War,"The Articles of Confederation and Perpetual Union was an agreement among the 13 states of the United States, formerly the Thirteen Colonies, that served as the nation's first frame of government. It was debated by the Second Continental Congress at Independence Hall in Philadelphia between July 1776 and November 1777, and finalized by the Congress on November 15, 1777. It came into force on March 1, 1781, after being ratified by all 13 colonial states. A guiding principle of the Articles was the",False,False,0.21428571428571427,0.016512930393218994,2.574920654296875e-05
baseline,394,August 22,"Which battle on August 22, 1485 marked the end of the House of Plantagenet?",The Battle of Bosworth Field.,"The Battle of Bosworth Field on August 22, 1485, marked the end of the House of Plantagenet.",Azincourt | Andorra | Attila,"Azincourt (), historically known in English as Agincourt ( ), is a commune in the Pas-de-Calais department in northern France. It is situated  north-west of Saint-Pol-sur-Ternoise on the D71 road between Hesdin and Fruges.

The Late Medieval Battle of Agincourt between the English and the French took place in the commune in 1415.

Toponym
The name is attested as Aisincurt in 1175, derived from a Germanic masculine name Aizo, Aizino and the early Northern French word curt (which meant a farm with",False,False,1.0,0.011450516991317272,5.9723854064941406e-05
baseline,395,August 22,"In what year did James Cook name and land on Possession Island, claiming the east coast of Australia for Britain as New South Wales?",1770.,"James Cook named and landed on Possession Island, claiming the east coast of Australia for Britain as New South Wales in 1770.",Adelaide | Ashmore and Cartier Islands | Antigua and Barbuda,"Adelaide ( ;  ) is the capital city of South Australia, the state's largest city and the fifth-most populous city in Australia. ""Adelaide"" may refer to either Greater Adelaide (including the Adelaide Hills) or the Adelaide city centre. The demonym Adelaidean is used to denote the city and the residents of Adelaide. The Traditional Owners of the Adelaide region are the Kaurna. The area of the city centre and surrounding Park Lands is called  in the Kaurna language.

Adelaide is situated on the Ad",False,False,1.0,0.0071280235424637794,5.412101745605469e-05
baseline,396,August 27,Which battle resulted in Emmanuel Philibert becoming Duke of Savoy?,The Battle of St. Quentin,The Battle of Chalons resulted in Emmanuel Philibert becoming Duke of Savoy.,Alexander the Great | Azincourt | Alps,"They went on to occupy the city of Elatea, only a few days' march from both Athens and Thebes. The Athenians, led by Demosthenes, voted to seek alliance with Thebes against Macedonia. Both Athens and Philip sent embassies to win Thebes's favour, but Athens won the contest. Philip marched on Amphissa (ostensibly acting on the request of the Amphictyonic League), capturing the mercenaries sent there by Demosthenes and accepting the city's surrender. Philip then returned to Elatea, sending a final ",False,False,0.3333333333333333,0.005472424440085888,1.5616416931152344e-05
baseline,397,August 27,Which two states signed the Treaty of Nerchinsk?,Russia and the Qing Empire,The Treaty of Nerchinsk was signed between China and Russia.,Azerbaijan | Alaska | Alaska,"About a decade later, in violation of the Gulistan treaty, the Russians invaded Iran's Erivan Khanate. This sparked the final bout of hostilities between the two, the Russo-Persian War of 1826–1828. The resulting Treaty of Turkmenchay, forced Qajar Iran to cede sovereignty over the Erivan Khanate, the Nakhchivan Khanate and the remainder of the Talysh Khanate, comprising the last parts of the soil of the contemporary Azerbaijani Republic that were still in Iranian hands. After the incorporation ",False,False,0.3333333333333333,0.028764432296156883,0.00010192394256591797
baseline,398,Alcohol (chemistry),What functional group must be bound to a saturated carbon atom for a compound to be classified as an alcohol in chemistry?,A hydroxyl (OH) functional group.,A hydroxyl (-OH) functional group must be bound to a saturated carbon atom for a compound to be classified as an alcohol in chemistry.,Alcohol (chemistry) | Alkane | Alkane,"In chemistry, an alcohol is a type of organic compound that carries at least one hydroxyl () functional group  bound to a saturated carbon atom. Alcohols range from the simple, like methanol and ethanol, to complex, like sucrose and cholesterol. The presence of an OH group strongly modifies the properties of hydrocarbons, conferring hydrophilic (water-loving) properties.  The OH group provides a site at which many reactions can occur.

History
The flammable nature of the exhalations of wine was ",False,True,1.0,0.9554271101951599,0.006930649280548096
baseline,399,Alcohol (chemistry),Which ancient natural philosophers are noted in the passage as knowing the flammable nature of wine exhalations?,"Aristotle, Theophrastus, and Pliny the Elder.","According to the provided context, ancient natural philosophers such as Aristotle, Theophrastus, and Pliny the Elder knew about the flammable nature of wine exhalations. Specifically, it states:

""The flammable nature of the exhalations of wine was already known to ancient natural philosophers such as Aristotle (384–322 BCE), Theophrastus (–287 BCE), and Pliny the Elder (23/24–79 CE).""",Alcohol (chemistry) | Alchemy | Aristotle,"In chemistry, an alcohol is a type of organic compound that carries at least one hydroxyl () functional group  bound to a saturated carbon atom. Alcohols range from the simple, like methanol and ethanol, to complex, like sucrose and cholesterol. The presence of an OH group strongly modifies the properties of hydrocarbons, conferring hydrophilic (water-loving) properties.  The OH group provides a site at which many reactions can occur.

History
The flammable nature of the exhalations of wine was ",False,True,1.0,0.9736001491546631,0.2365162968635559
baseline,400,Achill Island,What is the name of the bridge that connects Achill Island to the mainland?,Michael Davitt Bridge,Michael Davitt Bridge,Achill Island | Achill Island | Achill Island,"Achill Island (; ) is the largest of the Irish isles and lies off the west coast of Ireland in County Mayo. It has a population of 2,345. Its area is . Achill is attached to the mainland by Michael Davitt Bridge, between the villages of Achill Sound and Polranny. A bridge was first completed here in 1887. Other centres of population include the villages of Keel, Dooagh, Dooega, Dooniver, and Dugort. The parish's main Gaelic football pitch and secondary school are on the mainland at Polranny. Ear",False,True,1.0,0.9042086005210876,0.9859363734722137
baseline,401,Achill Island,In what year was the first bridge completed that links Achill Island to the mainland?,1887,The first bridge completed that links Achill Island to the mainland was in 1887.,Achill Island | Achill Island | Achill Island,"Achill Island (; ) is the largest of the Irish isles and lies off the west coast of Ireland in County Mayo. It has a population of 2,345. Its area is . Achill is attached to the mainland by Michael Davitt Bridge, between the villages of Achill Sound and Polranny. A bridge was first completed here in 1887. Other centres of population include the villages of Keel, Dooagh, Dooega, Dooniver, and Dugort. The parish's main Gaelic football pitch and secondary school are on the mainland at Polranny. Ear",False,True,1.0,0.955413281917572,3.886222839355469e-05
baseline,402,Allen Ginsberg,What was the name of Allen Ginsberg's lifelong partner?,Peter Orlovsky,Peter Orlovsky,Allen Ginsberg | Allen Ginsberg | Allen Ginsberg,"Irwin Allen Ginsberg (; June 3, 1926 – April 5, 1997) was an American poet and writer. As a student at Columbia University in the 1940s, he began friendships with Lucien Carr, William S. Burroughs and Jack Kerouac, forming the core of the Beat Generation. He vigorously opposed militarism, economic materialism, and sexual repression, and he embodied various aspects of this counterculture with his views on drugs, sex, multiculturalism, hostility to bureaucracy, and openness to Eastern religions.

",False,True,1.0,0.593741774559021,0.9968702637124807
baseline,403,Allen Ginsberg,"In what year did San Francisco police and US Customs seize copies of ""Howl""?",1956,"San Francisco police and US Customs seized copies of ""Howl"" shortly after its publication in 1956 by City Lights Bookstore.",Allen Ginsberg | Allen Ginsberg | Allen Ginsberg,"San Francisco Renaissance
Ginsberg moved to San Francisco during the 1950s. Before Howl and Other Poems was published in 1956 by City Lights, he worked as a market researcher.

In 1954, in San Francisco, Ginsberg met Peter Orlovsky (1933–2010), with whom he fell in love and who remained his lifelong partner. Selections from their correspondence have been published.

Also in San Francisco, Ginsberg met members of the San Francisco Renaissance (James Broughton, Robert Duncan, Madeline Gleason and ",False,True,1.0,0.0873284786939621,0.0028896331787109375
baseline,404,Algebraically closed field,Which field is given as an example of a field that is not algebraically closed because the polynomial x^2 + 1 has no solution in it?,The field of real numbers.,The field of real numbers is given as an example of a field that is not algebraically closed because the polynomial \( x^2 + 1 \) has no solution in it.,Algebraically closed field | Algebraically closed field | Algebraically closed field,"In mathematics, a field  is algebraically closed if every non-constant polynomial in  (the univariate polynomial ring with coefficients in ) has a root in .

Examples
As an example, the field of real numbers is not algebraically closed, because the polynomial equation  has no solution in real numbers, even though all its coefficients (1 and 0) are real.  The same argument proves that no subfield of the real field is algebraically closed; in particular, the field of rational numbers is not algebr",False,True,1.0,0.42768874764442444,0.001775205135345459
baseline,405,Algebraically closed field,"According to the passage, why is no finite field algebraically closed?",Because the polynomial (x − a1)(x − a2) ⋯ (x − an) + 1 has no zero in the field.,"According to the passage, no finite field F is algebraically closed because if a1, a2, ..., an are the elements of F, then the polynomial (x - a1)(x - a2)...(x - an) + 1 has no zero in F. This demonstrates that there exists at least one non-zero polynomial of positive degree that does not have a root in the finite field F, thus violating the definition of an algebraically closed field.",Algebraically closed field | Algebraically closed field | Algebraically closed field,"In mathematics, a field  is algebraically closed if every non-constant polynomial in  (the univariate polynomial ring with coefficients in ) has a root in .

Examples
As an example, the field of real numbers is not algebraically closed, because the polynomial equation  has no solution in real numbers, even though all its coefficients (1 and 0) are real.  The same argument proves that no subfield of the real field is algebraically closed; in particular, the field of rational numbers is not algebr",False,True,1.0,0.9028353691101074,0.08709681034088135
baseline,406,August 6,"In what year was the Battle of Meloria, in which the Republic of Pisa was defeated by the Republic of Genoa?",1284,1284,August 6 | Alexander the Great | Alps,"Events

Pre-1600
1284 – The Republic of Pisa is defeated in the Battle of Meloria by the Republic of Genoa, thus losing its naval dominance in the Mediterranean.
1538 – Bogotá, Colombia, is founded by Gonzalo Jiménez de Quesada.

1601–1900
1661 – The Treaty of The Hague is signed by Portugal and the Dutch Republic.
1777 – American Revolutionary War: The bloody Battle of Oriskany prevents American relief of the Siege of Fort Stanwix.
1787 – Sixty proof sheets of the Constitution of the United Sta",False,True,1.0,0.8475103974342346,0.9991186756524257
baseline,407,August 6,Which treaty was signed by Portugal and the Dutch Republic in 1661?,The Treaty of The Hague,The Treaty of The Hague was signed by Portugal and the Dutch Republic in 1661.,Andorra | Aruba | August 6,"In the 13th century, a military dispute arose between the bishop of Urgell and the count of Foix as aftermath of the Cathar Crusade. The conflict was resolved in 1278 with the mediation of the king of Aragon, Peter III, between the bishop and the count, by the signing of the first paréage, which provided that Andorra's sovereignty be shared between the count of Foix (whose title would ultimately transfer to the French head of state) and the bishop of Urgell, in Catalonia. This gave the principal",False,True,1.0,0.9798653721809387,9.691715240478516e-05
baseline,408,Anatoly Karpov,During which years did Anatoly Karpov serve as a three-time FIDE World Champion?,"1993, 1996, 1998","During the years 1993, 1996, and 1998, Anatoly Karpov served as a three-time FIDE World Champion.",Anatoly Karpov | Anatoly Karpov | Anatoly Karpov,"Anatoly Yevgenyevich Karpov (; born May 23, 1951) is a Russian and former Soviet chess grandmaster, former World Chess Champion, ⁣and politician. He was the 12th World Chess Champion from 1975 to 1985, a three-time FIDE World Champion (1993, 1996, 1998), twice World Chess champion as a member of the USSR team (1985, 1989), and a six-time winner of Chess Olympiads as a member of the USSR team (1972, 1974, 1980, 1982, 1986, 1988). The International Association of Chess Press awarded him nine Chess",False,True,1.0,0.810112714767456,9.608268737792969e-05
baseline,409,Anatoly Karpov,How many Chess Oscars was Karpov awarded by the International Association of Chess Press?,nine,Nine,Anatoly Karpov | Anatoly Karpov | Anatoly Karpov,"Anatoly Yevgenyevich Karpov (; born May 23, 1951) is a Russian and former Soviet chess grandmaster, former World Chess Champion, ⁣and politician. He was the 12th World Chess Champion from 1975 to 1985, a three-time FIDE World Champion (1993, 1996, 1998), twice World Chess champion as a member of the USSR team (1985, 1989), and a six-time winner of Chess Olympiads as a member of the USSR team (1972, 1974, 1980, 1982, 1986, 1988). The International Association of Chess Press awarded him nine Chess",False,True,1.0,0.8079696297645569,0.9357586726546288
baseline,410,Aspect ratio,"According to the passage, how is the aspect ratio of a rectangle defined in terms of its sides?","It is the ratio of its longer side to its shorter side—the ratio of width to height when the rectangle is oriented as a ""landscape"".","According to the passage, the aspect ratio of a rectangle is defined as the ratio of its longer side to its shorter side.",Aspect ratio | Aspect ratio | Aspect ratio,"The aspect ratio of a geometric shape is the ratio of its sizes in different dimensions. For example, the aspect ratio of a rectangle is the ratio of its longer side to its shorter side—the ratio of width to height, when the rectangle is oriented as a ""landscape"".

The aspect ratio is most often expressed as two integer numbers separated by a colon (x:y), less commonly as a simple or decimal fraction. The values x and y do not represent actual widths and heights but, rather, the proportion betwe",False,True,0.5555555555555556,0.9632919430732727,0.0017444491386413574
baseline,411,Aspect ratio,What format is most often used to express an aspect ratio?,As two integer numbers separated by a colon (x:y).,An aspect ratio is most often expressed as two integer numbers separated by a colon (x:y).,Aspect ratio | Aspect ratio | Aspect ratio,"Cinematographic aspect ratios are usually denoted as a (rounded) decimal multiple of width vs unit height, while photographic and videographic aspect ratios are usually defined and denoted by whole number ratios of width to height. In digital images there is a subtle distinction between the display aspect ratio (the image as displayed) and the storage aspect ratio (the ratio of pixel dimensions); see Distinctions.

See also
 Axial ratio
 Ratio
 Equidimensional ratios in 3D
 List of film formats
",False,True,1.0,0.9751987457275391,0.017110824584960938
baseline,412,Auto racing,What time and date did the first prearranged match race between two self‑powered road vehicles occur?,"4:30 A.M. on August 30, 1867","The first prearranged match race between two self-powered road vehicles occurred on August 30, 1867, between Ashton-under-Lyne and Old Trafford, England.",Auto racing | Auto racing | Auto racing,"Auto racing (also known as car racing, motor racing, or automobile racing) is a motorsport involving the racing of automobiles for competition.

Auto racing has existed since the invention of the automobile. Races of various sorts were organised, with the first recorded as early as 1867. Many of the earliest events were effectively reliability trials, aimed at proving these new machines were a practical mode of transport, but soon became an important way for automobile makers to demonstrate thei",False,True,0.6,0.9708767533302307,6.210803985595703e-05
baseline,413,Auto racing,"How many competitors entered the Paris‑to‑Rouen motoring competition organized on July 22, 1894?",One hundred and two competitors,102,Auto racing | Auto racing | Auto racing,"Auto racing (also known as car racing, motor racing, or automobile racing) is a motorsport involving the racing of automobiles for competition.

Auto racing has existed since the invention of the automobile. Races of various sorts were organised, with the first recorded as early as 1867. Many of the earliest events were effectively reliability trials, aimed at proving these new machines were a practical mode of transport, but soon became an important way for automobile makers to demonstrate thei",False,True,0.0,0.030965374782681465,0.4967194199562073
baseline,414,Anarcho-capitalism,"What is the earliest known publication that used the term ""anarchocapitalism"" and in which magazine did it appear?","Karl Hess's essay ""The Death of Politics"" published by Playboy in March 1969.","The earliest known publication that used the term ""anarchocapitalism"" appeared in the journal ""Social Research,"" published by the University of Chicago Press. This issue contained an article titled ""Anarchocapitalism: A Critique of Libertarianism"" written by Murray Rothbard.",Anarchism | Anarchism | Anarchism,"The suffix -ism denotes the ideological current that favours anarchy. Anarchism appears in English from 1642 as anarchisme and anarchy from 1539; early English usages emphasised a sense of disorder. Various factions within the French Revolution labelled their opponents as anarchists, although few such accused shared many views with later anarchists. Many revolutionaries of the 19th century such as William Godwin (1756–1836) and Wilhelm Weitling (1808–1871) would contribute to the anarchist doctr",False,False,0.1,0.0215288158506155,0.0007598400115966797
baseline,415,Anarcho-capitalism,"According to the passage, which private entities would enforce private property in a theoretical anarcho-capitalist society?",Private defense agencies and/or insurance companies selected by customers.,"In a theoretical anarcho-capitalist society, private defense agencies and/or insurance companies selected by customers would enforce private property.",Anarcho-capitalism | Anarcho-capitalism | Anarcho-capitalism,"Anarcho-capitalists state that there could be cases where common property may develop in a Lockean natural rights framework. Anarcho-capitalists make the example of a number of private businesses which may arise in an area, each owning the land and buildings that they use, but they argue that the paths between them become cleared and trodden incrementally through customer and commercial movement. These thoroughfares may become valuable to the community, but according to them ownership cannot be ",False,True,1.0,0.9913040399551392,0.008396685123443604
baseline,416,August 9,"Which battle on August 9, 48 BC resulted in Julius Caesar decisively defeating Pompey?",The Battle of Pharsalus.,"The Battle of Pharsalus on August 9, 48 BC resulted in Julius Caesar decisively defeating Pompey.",August 9 | April 6 | August 2,"Events

Pre-1600
48 BC – Caesar's Civil War: Battle of Pharsalus: Julius Caesar decisively defeats Pompey at Pharsalus and Pompey flees to Egypt.
 378 – Gothic War: Battle of Adrianople: A large Roman army led by Emperor Valens is defeated by the Visigoths. Valens is killed along with over half of his army.
1173 – Construction of the campanile of the Cathedral of Pisa (now known as the Leaning Tower of Pisa) begins; it will take two centuries to complete.
1329 – Quilon, the first Indian Christia",False,True,1.0,0.26561641693115234,0.00014710426330566406
baseline,417,August 9,"What treaty was signed on August 9, 1842 that established the United States–Canada border east of the Rocky Mountains?",The Webster–Ashburton Treaty.,"The treaty signed on August 9, 1842 that established the United States-Canada border east of the Rocky Mountains was the Treaty of Washington. This treaty resolved disputes regarding the division of Oregon Country between the United States and Great Britain, establishing the current border between the two countries.",Alberta | Alberta | American Revolutionary War,"Other North American fur traders formed the North West Company (NWC) of Montreal to compete with the HBC in 1779. The NWC occupied the northern part of Alberta territory. Peter Pond built Fort Athabasca on Lac la Biche in 1778. Roderick Mackenzie built Fort Chipewyan on Lake Athabasca ten years later in 1788. His cousin, Sir Alexander Mackenzie, followed the North Saskatchewan River to its northernmost point near Edmonton, then setting northward on foot, trekked to the Athabasca River, which he ",False,False,0.3333333333333333,0.012499813921749592,0.007785618305206299
baseline,418,Aristophanes,What are the approximate years of Aristophanes' lifespan?,c. 446 – c. 386 BC,"Based on the provided context, Aristophanes lived approximately from around 446 BC to 386 BC.",Aristophanes | Aristophanes | Aristophanes,"Similarly, the hero in The Acharnians complains about Cleon ""dragging me into court"" over ""last year's play.""

Comments made by the Chorus referring to Aristophanes in The Clouds have been interpreted as evidence that he can hardly have been more than 18 years old when his first play The Banqueters was produced. The second parabasis in Wasps appears to indicate that he reached some kind of temporary accommodation with Cleon following either the controversy over The Babylonians or a subsequent co",False,True,0.75,0.9186874032020569,0.0015070438385009766
baseline,419,Aristophanes,How many of Aristophanes' plays survive virtually complete?,Eleven of his forty plays survive virtually complete.,Eleven of Aristophanes' forty plays survive virtually complete.,Aristophanes | Aristophanes | Aristophanes,"In Aristophanes' plays, the Attic dialect is couched in verse and his plays can be appreciated for their poetic qualities.

For Aristophanes' contemporaries the works of Homer and Hesiod formed the cornerstones of Hellenic history and culture. Thus poetry had a moral and social significance that made it an inevitable topic of comic satire. Aristophanes was very conscious of literary fashions and traditions and his plays feature numerous references to other poets. These include not only rival com",False,True,1.0,0.9873336553573608,0.00012052059173583984
baseline,420,Albert Schweitzer,When was Albert Schweitzer born?,14 January 1875,Albert Schweitzer was born on 14 January 1875.,Albert Schweitzer | Albert Schweitzer | Albert Schweitzer,"Ludwig Philipp Albert Schweitzer  (; 14 January 1875 – 4 September 1965) was an Alsatian polymath. He was a theologian, organist, musicologist, writer, humanitarian, philosopher, and physician. A Lutheran minister, Schweitzer challenged both the secular view of Jesus as depicted by the historical-critical method current at this time, as well as the traditional Christian view. His contributions to the interpretation of Pauline Christianity concern the role of Paul's mysticism of ""being in Christ""",False,True,1.0,0.9714909791946411,9.298324584960938e-06
baseline,421,Albert Schweitzer,For which philosophy did Albert Schweitzer receive the 1952 Nobel Peace Prize?,"""Reverence for Life""","For his philosophy of ""Reverence for Life,"" Albert Schweitzer received the 1952 Nobel Peace Prize.",Albert Schweitzer | Albert Schweitzer | Arthur Schopenhauer,"Ludwig Philipp Albert Schweitzer  (; 14 January 1875 – 4 September 1965) was an Alsatian polymath. He was a theologian, organist, musicologist, writer, humanitarian, philosopher, and physician. A Lutheran minister, Schweitzer challenged both the secular view of Jesus as depicted by the historical-critical method current at this time, as well as the traditional Christian view. His contributions to the interpretation of Pauline Christianity concern the role of Paul's mysticism of ""being in Christ""",False,True,1.0,0.9870725870132446,6.842613220214844e-05
baseline,422,Austrian school of economics,Which economists are credited with originating the Austrian School in Vienna?,"Carl Menger, Eugen von Böhm-Bawerk, Friedrich von Wieser, and others.","Carl Menger, Eugen von Böhm-Bawerk, Friedrich von Wieser, and others are credited with originating the Austrian School in Vienna.",Austrian school of economics | Austrian school of economics | Austrian school of economics,"The Austrian School is a heterodox school of economic thought that advocates strict adherence to methodological individualism, the concept that social phenomena result exclusively from the motivations and actions of individuals. Austrian school theorists hold that economic theory should be exclusively derived from basic principles of human action.

The Austrian School originated in Vienna with the work of Carl Menger, Eugen von Böhm-Bawerk, Friedrich von Wieser, and others. It was methodological",False,True,1.0,0.9808138012886047,0.00154876708984375
baseline,423,Austrian school of economics,"In which year did Friedrich Hayek share the Nobel Memorial Prize in Economic Sciences, and with whom?","1974, with Gunnar Myrdal.",Friedrich Hayek shared the Nobel Memorial Prize in Economic Sciences in 1974 with Gunnar Myrdal.,Austrian school of economics | Albert Einstein | Austrian school of economics,"Later 20th century 

By the mid-1930s, most economists had embraced what they considered the important contributions of the early Austrians. Fritz Machlup quoted Hayek's statement that ""the greatest success of a school is that it stops existing because its fundamental teachings have become parts of the general body of commonly accepted thought"". Sometime during the middle of the 20th century, Austrian economics became disregarded or derided by mainstream economists because it rejected model buil",False,True,1.0,0.037288468331098557,5.125999450683594e-06
baseline,424,Abscess,What are the common signs and symptoms of an abscess?,"Redness, pain, warmth, and swelling.","The common signs and symptoms of an abscess include:

- Redness
- Heat
- Swelling
- Pain
- Loss of function",Abscess | Abscess | Abscess,"The main symptoms and signs of a skin abscess are redness, heat, swelling, pain, and loss of function. There may also be high temperature (fever) and chills. If superficial, abscesses may be fluctuant when palpated; this wave-like motion is caused by movement of the pus inside the abscess.

An internal abscess is more difficult to identify, but signs include pain in the affected area, a high temperature, and generally feeling unwell.
Internal abscesses rarely heal themselves, so prompt medical a",False,True,0.75,0.9434203505516052,0.14080816507339478
baseline,425,Abscess,Which bacteria is most commonly present in many areas of the world as a cause of abscesses?,Methicillin-resistant Staphylococcus aureus.,Methicillin-resistant Staphylococcus aureus (MRSA) is the most commonly present bacteria in many areas of the world as a cause of abscesses.,Abscess | Abscess | Abscess,"The main symptoms and signs of a skin abscess are redness, heat, swelling, pain, and loss of function. There may also be high temperature (fever) and chills. If superficial, abscesses may be fluctuant when palpated; this wave-like motion is caused by movement of the pus inside the abscess.

An internal abscess is more difficult to identify, but signs include pain in the affected area, a high temperature, and generally feeling unwell.
Internal abscesses rarely heal themselves, so prompt medical a",False,True,1.0,0.5987260937690735,0.003343939781188965
baseline,426,Aalborg Municipality,What was the population of Aalborg Municipality on 1 January 2023?,"222,571","222,571",Aalborg Municipality | Aalborg Municipality | Aalborg Municipality,"Aalborg Municipality () is a municipality in North Jutland Region on the Jutland peninsula in northern Denmark. The municipality straddles the Limfjord, the waterway which connects the North Sea and the Kattegat east-to-west, and which separates the main body of the Jutland peninsula from the island of Vendsyssel-Thy north-to-south. It has a land area of  and a population of 222,571 (1. January 2023).

It is also the name of the municipality's main city Aalborg and the site of its municipal coun",False,True,1.0,0.960581362247467,0.9959377711638808
baseline,427,Aalborg Municipality,Which municipalities joined Aalborg municipality on 1 January 2007 to form the new Aalborg municipality?,"Hals, Nibe, and Sejlflod","Hals, Nibe, and Sejlflod rejoined Aalborg municipality on 1 January 2007 to form the new Aalborg municipality.",Aalborg Municipality | Aalborg Municipality | Aalborg Municipality,"Aalborg Municipality () is a municipality in North Jutland Region on the Jutland peninsula in northern Denmark. The municipality straddles the Limfjord, the waterway which connects the North Sea and the Kattegat east-to-west, and which separates the main body of the Jutland peninsula from the island of Vendsyssel-Thy north-to-south. It has a land area of  and a population of 222,571 (1. January 2023).

It is also the name of the municipality's main city Aalborg and the site of its municipal coun",False,True,1.0,0.9749041795730591,0.00015413761138916016
baseline,428,Aarhus,In what year was Aarhus granted market town privileges?,1441,Christopher III issued the oldest known charter granting market town status in 1441.,Aarhus | Aarhus | Aarhus,"The Church clearly had the upper hand in the Aarhus region during medieval times, and the large bishopric of Aarhus prospered and expanded territory, reaching as far as Viborg in extent. In 1441, Christopher III issued the oldest known charter granting market town status, although similar privileges may have existed as far back as the 12th century. The charter is the first official recognition of the town as a regional power and is by some considered Aarhus's birth certificate.

The commercial a",False,True,1.0,0.9670828580856323,0.46432560682296753
baseline,429,Aarhus,When was the first railway line in Jutland built in Aarhus?,1862,The first railway line in Jutland was built in Aarhus in 1862.,Aarhus | Aarhus | Aarhus,"Aarhus (, , ; officially spelled Århus from 1948 until 1 January 2011) is the second-largest city in Denmark and the seat of Aarhus Municipality. It is located on the eastern shore of Jutland in the Kattegat sea and approximately  northwest of Copenhagen.

Dating back to the late 8th century, Aarhus was founded as a harbour settlement at the mouth of the Aarhus River and quickly became a trade hub. The first Christian church was built here around the year 900 and later in the Viking Age the town",False,True,1.0,0.9659589529037476,1.2278556823730469e-05
baseline,430,Amateur,What terms does the passage use to describe amateurs and their pursuits?,"popular, informal, self-taught, user-generated, DIY, and hobbyist.","The passage uses the following terms to describe amateurs and their pursuits:

- Amateur
- Popular
- Informal
- Self-taught
- User-generated
- DIY
- Hobbyist",Amateur | Aristophanes | Adventure,"An amateur () is generally considered a person who pursues an avocation independent from their source of income. Amateurs and their pursuits are also described as popular, informal, self-taught, user-generated, DIY, and hobbyist.

History 

Historically, the amateur was considered to be the ideal balance between pure intent, open mind, and the interest or passion for a subject. That ideology spanned many different fields of interest. It may have its roots in the ancient Greek philosophy of amate",False,True,1.0,0.9619128108024597,0.06878727674484253
baseline,431,Amateur,"Which three individuals are cited as examples of ""gentleman amateurs"" in the passage?","Francis Bacon, Isaac Newton, and Sir Robert Cotton, 1st Baronet, of Connington.","Based on the provided context, the three individuals cited as examples of ""gentleman amateurs"" are:

1. Francis Bacon
2. Isaac Newton
3. Sir Robert Cotton, 1st Baronet",Amateur | List of anthropologists | August 6,"An amateur () is generally considered a person who pursues an avocation independent from their source of income. Amateurs and their pursuits are also described as popular, informal, self-taught, user-generated, DIY, and hobbyist.

History 

Historically, the amateur was considered to be the ideal balance between pure intent, open mind, and the interest or passion for a subject. That ideology spanned many different fields of interest. It may have its roots in the ancient Greek philosophy of amate",False,True,0.9,0.6102414131164551,0.0498197078704834
baseline,432,Alexis Carrel,In what year was Alexis Carrel awarded the Nobel Prize in Physiology or Medicine?,1912,1912,Alexis Carrel | Alexis Carrel | Alexis Carrel,"Alexis Carrel (; 28 June 1873 – 5 November 1944) was a French surgeon and biologist who was awarded the Nobel Prize in Physiology or Medicine in 1912 for pioneering vascular suturing techniques. He invented the first perfusion pump with Charles Lindbergh opening the way to organ transplantation. Carrel was also a pioneer in transplantology and thoracic surgery. He is known for his leading role in implementing eugenic policies in Vichy France.

Biography 
Born in Sainte-Foy-lès-Lyon, Rhône, Carre",False,True,1.0,0.9209250807762146,0.9988948192913085
baseline,433,Alexis Carrel,Who collaborated with Alexis Carrel to invent the first perfusion pump?,Charles Lindbergh,Charles Lindbergh,Alexis Carrel | Alexis Carrel | Alexis Carrel,"Alexis Carrel (; 28 June 1873 – 5 November 1944) was a French surgeon and biologist who was awarded the Nobel Prize in Physiology or Medicine in 1912 for pioneering vascular suturing techniques. He invented the first perfusion pump with Charles Lindbergh opening the way to organ transplantation. Carrel was also a pioneer in transplantology and thoracic surgery. He is known for his leading role in implementing eugenic policies in Vichy France.

Biography 
Born in Sainte-Foy-lès-Lyon, Rhône, Carre",False,True,1.0,0.8301122188568115,0.9971439875662327
baseline,434,All Souls' Day,On what date is All Souls' Day observed by certain Christian denominations?,2 November,All Souls' Day is observed by certain Christian denominations on 2 November.,All Souls' Day | All Souls' Day | All Souls' Day,"All Souls' Day, also called The Commemoration of All the Faithful Departed, is a day of prayer and remembrance for the faithful departed, observed by certain Christian denominations on 2 November. Through prayer, intercessions, alms and visits to cemeteries, people commemorate the poor souls in purgatory and gain them indulgences.

In Western Christianity, including Roman Catholicism and certain parts of Lutheranism and Anglicanism, All Souls' Day is the third day of Allhallowtide, after All Sai",False,True,1.0,0.9841899275779724,3.5762786865234375e-05
baseline,435,All Souls' Day,What is the German term for All Souls' Day?,Allerseelen,Allerseelen,All Souls' Day | All Souls' Day | All Souls' Day,"All Souls' Day, also called The Commemoration of All the Faithful Departed, is a day of prayer and remembrance for the faithful departed, observed by certain Christian denominations on 2 November. Through prayer, intercessions, alms and visits to cemeteries, people commemorate the poor souls in purgatory and gain them indulgences.

In Western Christianity, including Roman Catholicism and certain parts of Lutheranism and Anglicanism, All Souls' Day is the third day of Allhallowtide, after All Sai",False,True,1.0,0.8745685815811157,0.9995487893756945
baseline,436,Anatole France,When was Anatole France born?,16 April 1844,Anatole France was born on 16 April 1844.,Anatole France | Anatole France | Anatole France,"Nobel Prize Winner"" by Herbert S. Gorman, The New York Times'', 20 November 1921
 Correspondence with architect Jean-Paul Oury at Syracuse University
 
 Anatole France, his work in audio version   
 

1844 births
1924 deaths
Writers from Paris
French bibliophiles
Collège Stanislas de Paris alumni
French fantasy writers
French Nobel laureates
19th-century French poets
French satirists
Members of the Académie Française
Nobel laureates in Literature
Dreyfusards
19th-century French novelists
20th-ce",False,True,1.0,0.9085392951965332,1.6689300537109375e-06
baseline,437,Anatole France,What position was Anatole France appointed to in 1876?,librarian for the French Senate,"In 1876, Anatole France was appointed as a Member of the Académie Française.",Anatole France | August 9 | August 27,"Nobel Prize Winner"" by Herbert S. Gorman, The New York Times'', 20 November 1921
 Correspondence with architect Jean-Paul Oury at Syracuse University
 
 Anatole France, his work in audio version   
 

1844 births
1924 deaths
Writers from Paris
French bibliophiles
Collège Stanislas de Paris alumni
French fantasy writers
French Nobel laureates
19th-century French poets
French satirists
Members of the Académie Française
Nobel laureates in Literature
Dreyfusards
19th-century French novelists
20th-ce",False,True,0.0,0.11314526945352554,1.1920928955078125e-06
baseline,438,André Gide,In which year was André Gide awarded the Nobel Prize in Literature?,1947,The Nobel Prize in Literature was awarded to André Gide in 1947.,André Gide | André Gide | André Gide,"André Paul Guillaume Gide (; 22 November 1869 – 19 February 1951) was a French author whose writings spanned a wide variety of styles and topics. He was awarded the 1947 Nobel Prize in Literature. Gide's career ranged from his beginnings in the symbolist movement, to criticising imperialism between the two World Wars. The author of more than fifty books, he was described in his obituary in The New York Times as ""France's greatest contemporary man of letters"" and ""judged the greatest French write",False,True,1.0,0.9901172518730164,1.430511474609375e-05
baseline,439,André Gide,"According to the passage, how many books did André Gide write?",more than fifty books,"According to the passage, André Gide wrote more than fifty books.",André Gide | André Gide | André Gide,"Gide contributed to the 1949 anthology The God that Failed. He could not write an essay because of his state of health, so the text was written by Enid Starkie, based on paraphrases of Return from the USSR, Afterthoughts,  from a discussion held in Paris at l'Union pour la Verite in 1935, and from his Journal; the text was approved by Gide.

1930s and 1940s

In 1930 Gide published a book about the Blanche Monnier case called La Séquestrée de Poitiers, changing little but the names of the protago",False,True,1.0,0.9878254532814026,1.2516975402832031e-05
baseline,440,Algorithms for calculating variance,What key difficulty is mentioned in the passage regarding the design of good algorithms for calculating variance?,"Formulas for the variance may involve sums of squares, which can lead to numerical instability as well as to arithmetic overflow when dealing with large values.","Key difficulty in designing good algorithms for calculating variance is that formulas for the variance may involve sums of squares, which can lead to numerical instability as well as to arithmetic overflow when dealing with large values.",Algorithms for calculating variance | Algorithms for calculating variance | Algorithms for calculating variance,"Algorithms for calculating variance play a major role in computational statistics. A key difficulty in the design of good algorithms for this problem is that formulas for the variance may involve sums of squares, which can lead to numerical instability as well as to arithmetic overflow when dealing with large values.

Naïve algorithm
A formula for calculating the variance of an entire population of size N is:

Using Bessel's correction to calculate an unbiased estimate of the population variance",False,True,1.0,0.9848553538322449,0.557483971118927
baseline,441,Algorithms for calculating variance,"According to the passage, how can the naïve algorithm be adapted to compute the variance of a finite population?",By simply dividing by n instead of n − 1 on the last line.,"According to the passage, the naïve algorithm can easily be adapted to compute the variance of a finite population by dividing by n instead of n - 1 on the last line.",Algorithms for calculating variance | Algorithms for calculating variance | Algorithms for calculating variance,"Algorithms for calculating variance play a major role in computational statistics. A key difficulty in the design of good algorithms for this problem is that formulas for the variance may involve sums of squares, which can lead to numerical instability as well as to arithmetic overflow when dealing with large values.

Naïve algorithm
A formula for calculating the variance of an entire population of size N is:

Using Bessel's correction to calculate an unbiased estimate of the population variance",False,True,0.8571428571428571,0.9732971787452698,0.013350903987884521
baseline,442,Almond,What type of fruit is the almond according to the passage?,A drupe,"The almond is a drupe, consisting of an outer hull and a hard shell with the seed, which is not a true nut.",Almond | Almond | Almond,"The almond (Prunus amygdalus, syn. Prunus dulcis) is a species of small tree from the genus Prunus, cultivated worldwide for its seed, a culinary nut. Along with the peach, it is classified in the subgenus Amygdalus, distinguished from the other subgenera by corrugations on the shell (endocarp) surrounding the seed.

The fruit of the almond is a drupe, consisting of an outer hull and a hard shell with the seed, which is not a true nut. Shelling almonds refers to removing the shell to reveal the ",False,True,1.0,0.9872719645500183,0.6490226984024048
baseline,443,Almond,Which region produces over half of the world's almond supply?,California,The region that produces over half of the world's almond supply is California.,Almond | Almond | Almond,"Regulations related to water supplies are changing so some growers have destroyed their current almond orchards to replace with either younger trees or a different crop such as pistachio that needs less water.

Sustainability strategies implemented by the Almond Board of California and almond farmers include:
 tree and soil health, and other farming practices
 minimizing dust production during the harvest
 bee health
 irrigation guidelines for farmers
 food safety
 use of waste biomass as coprod",False,True,1.0,0.9455793499946594,0.00013709068298339844
baseline,444,Demographics of Antigua and Barbuda,"According to the 2011 census, what was the estimated resident population of Antigua and Barbuda?","86,295","According to the 2011 census, the estimated resident population of Antigua and Barbuda was 86,295.",Demographics of Antigua and Barbuda | Antigua and Barbuda | Antigua and Barbuda,"This article is a demography of the population of Antigua and Barbuda including population density, ethnicity, religious affiliations and other aspects of the population.

Population

According to the 2011 census the estimated resident population of Antigua and Barbuda was 86,295.
The estimated population of  is  ().

Vital statistics

Structure of the population

Ethnic groups
The population of Antigua and Barbuda, is predominantly black (91.0%) or mixed (4.4%). 1.9% of the population is white ",False,True,1.0,0.9674939513206482,4.3272972106933594e-05
baseline,445,Demographics of Antigua and Barbuda,What percentage of Antigua and Barbuda's population is identified as black?,91.0%,91.0%,Demographics of Antigua and Barbuda | Antigua and Barbuda | Antigua and Barbuda,"This article is a demography of the population of Antigua and Barbuda including population density, ethnicity, religious affiliations and other aspects of the population.

Population

According to the 2011 census the estimated resident population of Antigua and Barbuda was 86,295.
The estimated population of  is  ().

Vital statistics

Structure of the population

Ethnic groups
The population of Antigua and Barbuda, is predominantly black (91.0%) or mixed (4.4%). 1.9% of the population is white ",False,True,1.0,0.6834012866020203,0.9164093285799026
baseline,446,Politics of Antigua and Barbuda,Who appoints the governor-general of Antigua and Barbuda?,The sovereign of Antigua and Barbuda,The governor-general of Antigua and Barbuda is appointed by the monarch.,Antigua and Barbuda | Politics of Antigua and Barbuda | Politics of Antigua and Barbuda,"Governance

Political system

The politics of Antigua and Barbuda take place within a framework of a unitary, parliamentary, representative democratic monarchy, in which the head of state is the monarch who appoints the governor-general as vice-regal representative. Charles III is the present King of Antigua and Barbuda, having served in that position since the death of his mother, Elizabeth II. She had been the queen since the islands' independence from the United Kingdom in 1981. The King is c",False,True,0.6666666666666666,0.9755640625953674,2.5272369384765625e-05
baseline,447,Politics of Antigua and Barbuda,How many members are in the Senate of Antigua and Barbuda's Parliament?,Seventeen,The Senate of Antigua and Barbuda's Parliament has 17 appointed members.,Politics of Antigua and Barbuda | Politics of Antigua and Barbuda | Antigua and Barbuda,"Legislative branch

Antigua and Barbuda elects on national level a legislature. Parliament has two chambers. The House of Representatives has 19 members: 17 members elected for a five-year term in single-seat constituencies, and 2 ex officio members (president and speaker). The Senate has 17 appointed members. The prime minister is the leader of the majority party in the House and conducts affairs of state with the cabinet. The prime minister and the cabinet are responsible to the Parliament. El",False,True,0.0,0.9794855117797852,0.00023418664932250977
baseline,448,Antigua and Barbuda Defence Force,How many personnel are in the Antigua and Barbuda Defence Force?,245 personnel,245 personnel,Antigua and Barbuda Defence Force | Antigua and Barbuda | Demographics of Antigua and Barbuda,"The Antigua and Barbuda Defence Force (ABDF) is the armed forces of Antigua and Barbuda. The ABDF has responsibility for several different roles: internal security, prevention of drug smuggling, the protection and support of fishing rights, prevention of marine pollution, search and rescue, ceremonial duties, assistance to government programs, provision of relief during natural disasters, assistance in the maintenance of essential services, and support of the police in maintaining law and order.",False,True,1.0,0.96907639503479,0.8774767890572548
baseline,449,Antigua and Barbuda Defence Force,What are the names and classes of the two patrol boats listed in the Coast Guard's flotilla?,"P-01 Liberta, a 19.81-metre Commercial Cruiser-class patrol boat, and P-02 Palmetto, a SeaArk Boats Dauntless-class patrol boat",The two patrol boats listed in the Coast Guard's flotilla are the Swiftships Shipbuilders 19.81-meter Commercial Cruiser-class patrol boat (P-01 Liberta) and the SeaArk Boats Dauntless-class patrol boat (P-02 Palmetto).,Angolan Armed Forces | Azerbaijani Armed Forces | Antigua and Barbuda Defence Force,"In order to protect Angola's 1 600 km long coastline, the Angolan Navy is undergoing modernisation but is still lacking in many ways. Portugal has been providing training through its Technical Military Cooperation (CTM) programme. The Navy is requesting procurement of a frigate, three corvettes, three offshore patrol vessel and additional fast patrol boats.

Most of the vessels in the navy's inventory dates back from the 1980s or earlier, and many of its ships are inoperable due to age and lack ",False,True,0.9375,0.9501427412033081,0.0003046989440917969
baseline,450,Antisemitism,What phenomenon describes Jews who perpetrate antisemitism against their own group?,"auto-antisemitism (i.e., self-hating Jews)","Auto-antisemitism, also known as self-hating Jews, describes Jews who perpetrate antisemitism against their own group.",Antisemitism | Antisemitism | Antisemitism,"Antisemitism (also spelled anti-semitism or anti-Semitism) is hostility to, prejudice towards, or discrimination against Jews. This sentiment is a form of racism, and a person who harbours it is called an antisemite. Though antisemitism is overwhelmingly perpetrated by non-Jews, it may occasionally be perpetrated by Jews in a phenomenon known as auto-antisemitism (i.e., self-hating Jews). Primarily, antisemitic tendencies may be motivated by negative sentiment towards Jews as a people or by nega",False,True,0.7142857142857143,0.8979601263999939,0.0025458931922912598
baseline,451,Antisemitism,What are the two primary motivations behind antisemitic tendencies as described in the passage?,Negative sentiment towards Jews as a people (racial antisemitism) and negative sentiment towards Jews with regard to Judaism (religious antisemitism),"According to the passage, the two primary motivations behind antisemitic tendencies are:

1. Negative sentiment towards Jews as a people.
2. Negative sentiment towards Jews with regard to Judaism.",Antisemitism | Antisemitism | Antisemitism,"Antisemitism (also spelled anti-semitism or anti-Semitism) is hostility to, prejudice towards, or discrimination against Jews. This sentiment is a form of racism, and a person who harbours it is called an antisemite. Though antisemitism is overwhelmingly perpetrated by non-Jews, it may occasionally be perpetrated by Jews in a phenomenon known as auto-antisemitism (i.e., self-hating Jews). Primarily, antisemitic tendencies may be motivated by negative sentiment towards Jews as a people or by nega",False,True,0.7,0.9563284516334534,0.019215822219848633
baseline,452,Economy of Azerbaijan,What was Azerbaijan's GDP growth rate in 2006?,34.6%,"Azerbaijan's GDP growth rate in 2006 reached 34.6%, making it the world's highest at that time.",Economy of Azerbaijan | Economy of Azerbaijan | Economy of Azerbaijan,"The economy of Azerbaijan has completed its post-Soviet transition into a major oil-based economy (with the completion of the Baku-Tbilisi-Ceyhan Pipeline), from one where the state played the major role. The transition to oil production led to remarkable growth figures as projects came online; reaching 26.4% in 2005 (second highest GDP growth in the world in 2005 only to Equatorial Guinea) and 34.6% in 2006 (world highest) before subsiding to 10.8% and 9.3% in 2008 and 2009 respectively. The re",False,True,1.0,0.9272845387458801,0.0028560757637023926
baseline,453,Economy of Azerbaijan,What was the budget deficit as a percentage of GDP in 2000?,1.3% of GDP,"Based on the information provided in the context, there is no specific mention of the budget deficit as a percentage of GDP for any given year, including 2000. Therefore, the correct response is:

There is insufficient information to determine the budget deficit as a percentage of GDP for 2000.",Economy of Armenia | Economy of American Samoa | Economy of Armenia,"In 2019, the largest growth at 27.2% was shown by accommodation and catering sector, which came as a result of the growth of tourist flows.

Financial system

Foreign debt
The amount of interest paid on the public debt rose significantly (from AMD 11 billion in 2008 to AMD 46.5 billion in 2013), as did the amount of principle repayments (from annual repayments of US$15–16 million in 2005-2008 exceeding US$150 million in 2013). This is a significant financial load on the state budget. Because of ",False,False,0.3333333333333333,0.7424202561378479,0.3107989430427551
baseline,454,Geography of Azerbaijan,What is the approximate total land area of Azerbaijan?,"approximately 86,600 square kilometers","Approximately 86,600 square kilometers.",Geography of Azerbaijan | Azerbaijan | Geography of Azerbaijan,"Azerbaijan is a country in the Caucasus region, situated at the juncture of Eastern Europe and West Asia. Three physical features dominate Azerbaijan: the Caspian Sea, whose shoreline forms a natural boundary to the east; the Greater Caucasus mountain range to the north; and the extensive flatlands at the country's center. About the size of Portugal or the US state of Maine, Azerbaijan has a total land area of approximately 86,600 square kilometers, less than 1% of the land area of the former So",False,True,1.0,0.9774684906005859,0.271348237991333
baseline,455,Geography of Azerbaijan,Which autonomous republic of Azerbaijan is separated from the rest of the country by a strip of Armenian territory?,Nakhchivan Autonomous Republic,Nakhchivan Autonomous Republic,Azerbaijan | Geography of Azerbaijan | Geography of Armenia,"Azerbaijan (, ; , ), officially the Republic of Azerbaijan, is a transcontinental country located at the boundary of Eastern Europe and West Asia. It is a part of the South Caucasus region and is bounded by the Caspian Sea to the east, Russia (Republic of Dagestan) to the north, Georgia to the northwest, Armenia and Turkey to the west, and Iran to the south. Baku is the capital and largest city.

The Azerbaijan Democratic Republic proclaimed its independence from the Transcaucasian Democratic Fe",False,True,1.0,0.8686270713806152,0.9908566847443581
baseline,456,Foreign relations of Azerbaijan,How many United Nations member states does Azerbaijan maintain diplomatic relations with?,185 United Nations member states,Azerbaijan maintains diplomatic relations with 185 United Nations member states.,Foreign relations of Azerbaijan | Azerbaijan | Foreign relations of Azerbaijan,"The Republic of Azerbaijan is a member of the United Nations, the Non-Aligned Movement, the Organization for Security and Cooperation in Europe, NATO's Partnership for Peace, the Euro-Atlantic Partnership Council, the World Health Organization, the European Bank for Reconstruction and Development; the Council of Europe, CFE Treaty, the Community of Democracies; the International Monetary Fund; and the World Bank.

The major trends in the foreign relations of the Republic of Azerbaijan toward bot",False,True,1.0,0.9411525130271912,1.5616416931152344e-05
baseline,457,Foreign relations of Azerbaijan,Which former U.S. government officials serve on the Honorary Council of Advisors of the U.S.-Azerbaijan Chamber of Commerce?,James Baker and Henry Kissinger,James Baker and Henry Kissinger serve on the Honorary Council of Advisors of the U.S.-Azerbaijan Chamber of Commerce.,Foreign relations of Azerbaijan | Azerbaijan | Azerbaijan,"The Republic of Azerbaijan is a member of the United Nations, the Non-Aligned Movement, the Organization for Security and Cooperation in Europe, NATO's Partnership for Peace, the Euro-Atlantic Partnership Council, the World Health Organization, the European Bank for Reconstruction and Development; the Council of Europe, CFE Treaty, the Community of Democracies; the International Monetary Fund; and the World Bank.

The major trends in the foreign relations of the Republic of Azerbaijan toward bot",False,True,1.0,0.9684038758277893,0.0001195669174194336
baseline,458,Azerbaijani Armed Forces,On what date was the Azerbaijani Armed Forces re-established according to the country's Law of the Armed Forces?,9 October 1991,The Azerbaijani Armed Forces were re-established according to the country's Law of the Armed Forces on 9 October 1991.,Azerbaijani Armed Forces | Azerbaijan | Azerbaijani Armed Forces,"The Azerbaijani Armed Forces () is the military of the Republic of Azerbaijan. It was re-established according to the country’s Law of the Armed Forces on 9 October 1991. The original Azerbaijan Democratic Republic's armed forces were dissolved after Azerbaijan was absorbed into the Soviet Union as the Azerbaijan Soviet Socialist Republic from 28 April 1920. After the Soviet Union dissolved in 1991–92, Azerbaijan's armed forces were reformed based on Soviet bases and equipment left on Azerbaijan",False,True,1.0,0.9862063527107239,0.00016677379608154297
baseline,459,Azerbaijani Armed Forces,What are the three branches of the Azerbaijani Armed Forces?,"the Azerbaijani Land Forces, the Azerbaijani Air and Air Defence Force, and the Azerbaijani Navy","The three branches of the Azerbaijani Armed Forces are:

1. The Azerbaijani Land Forces
2. The Azerbaijani Air and Air Defence Force
3. The Azerbaijani Navy",Azerbaijani Armed Forces | Azerbaijan | Armed Forces of Armenia,"The Azerbaijani Armed Forces () is the military of the Republic of Azerbaijan. It was re-established according to the country’s Law of the Armed Forces on 9 October 1991. The original Azerbaijan Democratic Republic's armed forces were dissolved after Azerbaijan was absorbed into the Soviet Union as the Azerbaijan Soviet Socialist Republic from 28 April 1920. After the Soviet Union dissolved in 1991–92, Azerbaijan's armed forces were reformed based on Soviet bases and equipment left on Azerbaijan",False,True,1.0,0.9039594531059265,0.029201269149780273
baseline,460,Geography of Armenia,How many million years ago did a geological upheaval push up the Earth's crust to form the Armenian Plateau?,Twenty-five million years ago.,Twenty-five million years ago,Geography of Armenia | Geography of Armenia | Alps,"Armenia is a landlocked country in the South Caucasus region of the Caucasus. The country spans Eastern Europe and West Asia, with cultural ties to both regions. Armenia is bordered on the north and east by Georgia and Azerbaijan and on the south and west by Iran, Azerbaijan's exclave Nakhchivan, and Turkey.

The terrain is mostly mountainous and flat, with fast flowing rivers and few forests but with many trees. The climate is highland continental: hot summers and cold winters. The land rises t",False,True,1.0,0.8935113549232483,0.6210813820362091
baseline,461,Geography of Armenia,Which mountain range extends through northern Armenia?,The Lesser Caucasus range.,The Lesser Caucasus range extends through northern Armenia.,Geography of Armenia | Geography of Armenia | Anatolia,"The plateau is masked by intermediate mountain ranges and extinct volcanoes. The largest of these, Mount Aragats,  high, is also the highest point in Armenia. Most of the population lives in the western and northwestern parts of the country, where the two major cities, Yerevan and Gyumri, are located.

The valleys of the Debed and Akstafa rivers form the chief routes into Armenia from the north as they pass through the mountains. Lake Sevan,  across at its widest point and  long, is by far the l",False,True,1.0,0.9880654215812683,0.0004627704620361328
baseline,462,Demographics of Armenia,What was Armenia's population at its peak in 1992?,3.633 million,"According to the given context, Armenia's population peaked at 3. 633 million in 1992.",Demographics of Armenia | Demographics of Armenia | Demographics of Armenia,"After registering steady increases during the Soviet period, the population of Armenia declined from its peak value of 3.633 million in 1992 to 2.986 million in 2017.

Whilst the country's population increased steadily during the Soviet Union as a result of periods of repatriation and low emigration rates, it has declined in recent times due to the exodus of peoples following the Soviet break-up. The rates of emigration and population decline, however, have decreased in recent years, and there h",False,True,1.0,0.8071469664573669,0.00026422739028930664
baseline,463,Demographics of Armenia,How many Armenians from Persia relocated following the Russian annexation?,"45,000","45,000",Demographics of Armenia | Demographics of Armenia | Demographics of Armenia,"After registering steady increases during the Soviet period, the population of Armenia declined from its peak value of 3.633 million in 1992 to 2.986 million in 2017.

Whilst the country's population increased steadily during the Soviet Union as a result of periods of repatriation and low emigration rates, it has declined in recent times due to the exodus of peoples following the Soviet break-up. The rates of emigration and population decline, however, have decreased in recent years, and there h",False,True,1.0,0.6038604974746704,0.8760523274540901
baseline,464,Politics of Armenia,On what date did Armenia become independent from the Russian Empire?,28 May 1918,28 May 1918,Politics of Armenia | Demographics of Armenia | Azerbaijan,"The politics of Armenia take place in the framework of the parliamentary representative democratic republic of Armenia, whereby the president of Armenia is the head of state and the prime minister of Armenia the head of government, and of a multi-party system. Executive power is exercised by the president and the Government. Legislative power is vested in both the Government and Parliament.

History
Armenia became independent from the Russian Empire on 28 May 1918 as the Republic of Armenia, lat",False,True,1.0,0.8131380677223206,0.9968396471813321
baseline,465,Politics of Armenia,Who received 83% of the votes in the October 1991 presidential election?,Levon Ter-Petrosyan,"Based on the information provided in the context, there is no mention of a presidential election or any specific percentage of votes received by anyone in October 1991. Therefore, the answer cannot be determined solely from this context.",August 27 | Alabama | Albania,"1991)
  1916   – Tony Harris, South African cricketer and rugby player (d. 1993)
  1916   – Martha Raye, American actress and comedian (d. 1994)
1917 – Peanuts Lowrey, American baseball player, coach, and manager (d. 1986)
1918 – Jelle Zijlstra, Dutch economist and politician, Prime Minister of the Netherlands (d. 2001)
1919 – Pee Wee Butts, American baseball player and coach (d. 1972)
  1919   – Murray Grand, American singer-songwriter and pianist (d. 2007)
1920 – Baptiste Manzini, American foo",False,False,0.0,0.10977639257907867,0.355914831161499
baseline,466,Economy of Armenia,What was the percentage growth of Armenia's economy in 2022?,12.6%,The percentage growth of Armenia's economy in 2022 was 12.6%.,Economy of Armenia | Economy of Armenia | Economy of Armenia,"The economy of Armenia grew by 12.6% in 2022, according to the country's Statistical Committee and the International Monetary Fund. Total output amounted to 8.5 trillion Armenian drams, or $19.5 billion. At the same time, Armenia's foreign trade turnover significantly accelerated in growth from 17.7% in 2021 to 68.6% in 2022.
GDP contracted sharply in 2020 by 7.2%, mainly due to the COVID-19 recession and the war against Azerbaijan. In contrast it grew by 7.6 per cent in 2019, the largest record",False,True,1.0,0.9804184436798096,0.00024825334548950195
baseline,467,Economy of Armenia,What was the foreign trade turnover growth percentage in 2022?,68.6%,15%,Economy of Armenia | Economy of Armenia | Economy of Armenia,"This was a result of about 8 percent increase in goods export and 21 percent increase on goods import in nominal terms year on year in 2018.

Armenia's foreign trade turnover increased by 11.6 percent in January–May 2021, compared to an 11.2 percent decline a year earlier, owing to a reversal of the y-o-y dynamics of exports and imports from 8.1 to 12.8 percent decline to 20.8-6.7 percent growth, according to preliminary data from the RA Statistical Committee. As a consequence, Armenia's foreign",False,True,0.0,0.31889083981513977,0.953621793538332
baseline,468,Transport in Armenia,What is the total length of Armenia's broad gauge railway network as reported in 1995?,825 km,825 km,Transport in Armenia | Economy of Armenia | Economy of Armenia,"This article considers transport in Armenia.

Railways

Total
 in common carrier service; does not include industrial lines

Broad gauge
825 km of  gauge (825 km electrified) (1995)
There is no service south of Yerevan.

City with metro system: Yerevan

International links
 Azerbaijan - closed - same gauge
 Georgia - yes - same gauge
 Iran - via Azerbaijan - closed - break of gauge - /
 Turkey - closed - break of gauge -/

Most of the cross-border lines are currently closed due to political prob",False,True,1.0,0.9591027498245239,0.9012274071574211
baseline,469,Transport in Armenia,How many times a day do the new electric trains run between Yerevan and Gyumri?,Four times a day,Four times a day.,Transport in Armenia | Transport in Armenia | Transport in Armenia,"This article considers transport in Armenia.

Railways

Total
 in common carrier service; does not include industrial lines

Broad gauge
825 km of  gauge (825 km electrified) (1995)
There is no service south of Yerevan.

City with metro system: Yerevan

International links
 Azerbaijan - closed - same gauge
 Georgia - yes - same gauge
 Iran - via Azerbaijan - closed - break of gauge - /
 Turkey - closed - break of gauge -/

Most of the cross-border lines are currently closed due to political prob",False,True,1.0,0.9587537050247192,0.00014317035675048828
baseline,470,Armed Forces of Armenia,Who is the Commander-in-Chief of the Armenian military?,President Vahagn Khachaturyan,"The Commander-in-Chief of the Armenian military is the President of Armenia, Vahagn Khachaturyan.",Armed Forces of Armenia | Armed Forces of Armenia | Armed Forces of Armenia,"The Armed Forces of Armenia (), sometimes referred to as the Armenian Army (), is the national military of Armenia. It consists of personnel branches under the General Staff of the Armenian Armed Forces, which can be divided into two general branches: the Ground Forces, and the Air Force. Although it was partially formed out of the former Soviet Army forces stationed in the Armenian SSR (mostly units of the 7th Guards Army of the Transcaucasian Military District), the military of Armenia can be ",False,True,1.0,0.9668711423873901,6.783008575439453e-05
baseline,471,Armed Forces of Armenia,What are the two general branches of the Armed Forces of Armenia?,The Ground Forces and the Air Force,The two general branches of the Armed Forces of Armenia are the Ground Forces and the Air Force.,Armed Forces of Armenia | Armed Forces of Armenia | Armed Forces of Armenia,"The Armed Forces of Armenia (), sometimes referred to as the Armenian Army (), is the national military of Armenia. It consists of personnel branches under the General Staff of the Armenian Armed Forces, which can be divided into two general branches: the Ground Forces, and the Air Force. Although it was partially formed out of the former Soviet Army forces stationed in the Armenian SSR (mostly units of the 7th Guards Army of the Transcaucasian Military District), the military of Armenia can be ",False,True,1.0,0.9490902423858643,0.00014710426330566406
baseline,472,Foreign relations of Armenia,Who has served as the Minister of Foreign Affairs of Armenia since August 2021?,Ararat Mirzoyan,Ararat Mirzoyan has served as the Minister of Foreign Affairs of Armenia since August 2021.,Foreign relations of Armenia | Foreign relations of Armenia | Foreign relations of Armenia,"Since its independence, Armenia has maintained a policy of trying to have positive and friendly relations with Iran, Russia, and the West, including the United States and the European Union. It has full membership status in a number of international organizations, such as the Council of Europe and the Eurasian Economic Union, and observer status, etc. in some others. However, the dispute over the Armenian genocide of 1915 and the ongoing Nagorno-Karabakh conflict have created tense relations wit",False,True,1.0,0.9922640323638916,3.421306610107422e-05
baseline,473,Foreign relations of Armenia,Which two immediate neighboring countries have tense relations with Armenia due to the Armenian genocide dispute and the Nagorno-Karabakh conflict?,Azerbaijan and Turkey,Georgia and Azerbaijan,Geography of Armenia | Foreign relations of Armenia | Foreign relations of Armenia,"Armenia is a landlocked country in the South Caucasus region of the Caucasus. The country spans Eastern Europe and West Asia, with cultural ties to both regions. Armenia is bordered on the north and east by Georgia and Azerbaijan and on the south and west by Iran, Azerbaijan's exclave Nakhchivan, and Turkey.

The terrain is mostly mountainous and flat, with fast flowing rivers and few forests but with many trees. The climate is highland continental: hot summers and cold winters. The land rises t",False,True,0.5,0.9212182760238647,0.6863700449466705
baseline,474,Demographics of American Samoa,What is the total median age of the population of American Samoa according to the 2020 estimate?,27.2 years,"According to the provided information, the total median age of the population of American Samoa as of 2020 is estimated to be 27.2 years.",Demographics of American Samoa | Demographics of American Samoa | Economy of American Samoa,"Demographics of American Samoa include population density, ethnicity, education level, health of the populace, economic status, religious affiliations and other aspects. American Samoa is an unincorporated territory of the United States located in the South Pacific Ocean.

Vital statistics
Births and deaths

Structure of the population

Population statistics 

The statistics from 1900 to 1950 and every decennial census are from the U.S. Census Bureau. There was no census taken in 1910, but a spe",False,True,1.0,0.8932643532752991,0.0023140907287597656
baseline,475,Demographics of American Samoa,What is the population growth rate of American Samoa as estimated for 2021?,-2.1%,−2.1% (2021 est.),Demographics of American Samoa | Demographics of American Samoa | Economy of American Samoa,"Demographics of American Samoa include population density, ethnicity, education level, health of the populace, economic status, religious affiliations and other aspects. American Samoa is an unincorporated territory of the United States located in the South Pacific Ocean.

Vital statistics
Births and deaths

Structure of the population

Population statistics 

The statistics from 1900 to 1950 and every decennial census are from the U.S. Census Bureau. There was no census taken in 1910, but a spe",False,True,1.0,0.9204518795013428,0.37396156787872314
baseline,476,Politics of American Samoa,What year was the constitution of American Samoa ratified?,1966,The constitution of American Samoa was ratified in 1966.,Politics of American Samoa | Politics of American Samoa | Demographics of American Samoa,"Politics of American Samoa takes place in a framework of a presidential representative democratic dependency, whereby the governor is the head of government, and of a pluriform multi-party system. American Samoa is an unincorporated and unorganized territory of the United States, administered by the Office of Insular Affairs, U.S. Department of the Interior. Its constitution was ratified in 1966 and came into effect in 1967. Executive power is discharged by the governor and the lieutenant govern",False,True,1.0,0.9754379987716675,1.811981201171875e-05
baseline,477,Politics of American Samoa,Who discharges executive power in American Samoa?,the governor and the lieutenant governor,Executive power is discharged by the governor and the lieutenant governor.,Politics of American Samoa | Politics of American Samoa | Economy of American Samoa,"Politics of American Samoa takes place in a framework of a presidential representative democratic dependency, whereby the governor is the head of government, and of a pluriform multi-party system. American Samoa is an unincorporated and unorganized territory of the United States, administered by the Office of Insular Affairs, U.S. Department of the Interior. Its constitution was ratified in 1966 and came into effect in 1967. Executive power is discharged by the governor and the lieutenant govern",False,True,1.0,0.987425684928894,0.0018208026885986328
baseline,478,Economy of American Samoa,What is the primary export of American Samoa?,canned tuna,The primary export of American Samoa is canned tuna.,Economy of American Samoa | Demographics of American Samoa | Politics of American Samoa,"The economy of American Samoa is a traditional Polynesian economy in which more than 90% of the land is communally owned. Economic activity is strongly linked to the United States, with which American Samoa conducts the great bulk of its foreign trade. Tuna fishing and processing plants are the backbone of the private sector, with canned tuna being the primary export. Transfers from the U.S. federal government add substantially to American Samoa's economic well-being. Attempts by the government ",False,True,1.0,0.9719923734664917,1.0013580322265625e-05
baseline,479,Economy of American Samoa,What was the unemployment rate in 2010?,23.8%,The unemployment rate in 2010 was 1.2%.,Economy of Armenia | Alabama | Economy of Armenia,"According to the latest reports on population of Armenia, in December 2020 the population consisted of 2.96million people and the average monthly earning during February 2021 was US$366.05.

According to prime minister Nikol Pashinyan in January 2019 562,043 payroll jobs were recorded, against of 511,902 in January 2018, an increase of 9.7%.Statistical Committee of Armenia publication based on data retrieved from employers and national income service cites 560,586 payroll positions in January 20",False,False,0.0,0.5766948461532593,0.00012195110321044922
baseline,480,Architect,What three main tasks does an architect perform according to the passage?,"An architect plans, designs and oversees the construction of buildings.","An architect performs the following three main tasks:

1. Planning and Designing Buildings: Architects plan, design, and oversee the construction of buildings, taking into consideration factors like space quality, end-use, life cycle, connections, relations, and environmental sustainability.

2. Consulting with Specialists: Architects frequently collaborate with engineers, surveyors, and other specialists to coordinate aspects such as structural supports, air conditioning elements, and cost control.

3. Reporting Back to Clients: Architects regularly update clients about the progress of the project, addressing any reservations or recommendations provided by the client.",Architect | Architect | Architect,"Much depends upon the time, place, finance, culture, and available crafts and technology in which the design takes place. The extent and nature of these expectations will vary. Foresight is a prerequisite when designing buildings as it is a very complex and demanding undertaking.

Any design concept during the early stage of its generation must take into account a great number of issues and variables including qualities of space(s), the end-use and life-cycle of these proposed spaces, connection",False,True,0.5,0.8863687515258789,0.00895071029663086
baseline,481,Architect,"What type of specialized training is required for an architect to earn a license, as stated in the passage?",The architect must undergo advanced education and a practicum (or internship) for practical experience.,Advanced education and a practicum (or internship) for practical experience.,Architect | Architect | Architect,"An architect is a person who plans, designs and oversees the construction of buildings. To practice architecture means to provide services in connection with the design of buildings and the space within the site surrounding the buildings that have human occupancy or use as their principal purpose. Etymologically, the term architect derives from the Latin , which derives from the Greek (-, chief + , builder), i.e., chief builder.

The professional requirements for architects vary from location to",False,True,0.6666666666666666,0.976007878780365,0.06822645664215088
