config,qid,title,question,gold_answer,answer,retrieved_titles,top_chunk,abstained,gold_retrieved,answer_recall,faith_hhem,faith_deberta
chunk_1024,0,Anarchism,"According to the passage, where on the political spectrum is anarchism placed?","On the farthest left of the political spectrum, usually described as the libertarian wing of the socialist movement (libertarian socialism).","Anarchism is placed on the farthest left of the political spectrum, typically described as the libertarian wing of the socialist movement.",Anarchism | Anarchism | Anarchism,"Anarchism is a political philosophy and movement that is skeptical of all justifications for authority and seeks to abolish the institutions it claims maintain unnecessary coercion and hierarchy, typically including nation-states, and capitalism. Anarchism advocates for the replacement of the state with stateless societies and voluntary free associations. As a historically left-wing movement, this reading of anarchism is placed on the farthest left of the political spectrum, usually described as",False,True,0.8181818181818182,0.9849356412887573,0.09434342384338379
chunk_1024,1,Anarchism,Which revolutions does the passage say anarchists have taken part in?,"The Paris Commune, the Russian Civil War and the Spanish Civil War.","According to the passage, anarchists have taken part in several revolutions, most notably in the Paris Commune, the Russian Civil War, and the Spanish Civil War.",Anarchism | Anarchism | Anarchism,"Anarchism is a political philosophy and movement that is skeptical of all justifications for authority and seeks to abolish the institutions it claims maintain unnecessary coercion and hierarchy, typically including nation-states, and capitalism. Anarchism advocates for the replacement of the state with stateless societies and voluntary free associations. As a historically left-wing movement, this reading of anarchism is placed on the farthest left of the political spectrum, usually described as",False,True,1.0,0.973607063293457,0.021574079990386963
chunk_1024,2,Albedo,What is the numerical range of albedo and what do the values 0 and 1 represent?,"Albedo is measured on a scale from 0 to 1; 0 corresponds to a black body that absorbs all incident radiation, and 1 corresponds to a body that reflects all incident radiation.","The numerical range of albedo is from 0 to 1. A value of 0 corresponds to a black body that absorbs all incident radiation, while a value of 1 corresponds to a body that reflects all incident radiation.",Albedo | Albedo | Asteroid,"Albedo (; ) is the fraction of sunlight that is diffusely reflected by a body. It is measured on a scale from 0 (corresponding to a black body that absorbs all incident radiation) to 1 (corresponding to a body that reflects all incident radiation).

Surface albedo is defined as the ratio of radiosity Je to the irradiance Ee (flux per unit area) received by a surface. The proportion reflected is not only determined by properties of the surface itself, but also by the spectral and angular distribu",False,True,0.8461538461538461,0.9404230117797852,0.02037125825881958
chunk_1024,3,Albedo,For which wavelength range is albedo most often given due to measurement constraints?,"Albedo is often given for the spectrum between 0.3 and 3 μm, which includes visible light (0.4–0.7 μm).","Albedo is most often given for the spectrum in which most solar energy reaches the surface, which is between 0.3 and 3 μm.",Albedo | Albedo | Albedo,"Albedo (; ) is the fraction of sunlight that is diffusely reflected by a body. It is measured on a scale from 0 (corresponding to a black body that absorbs all incident radiation) to 1 (corresponding to a body that reflects all incident radiation).

Surface albedo is defined as the ratio of radiosity Je to the irradiance Ee (flux per unit area) received by a surface. The proportion reflected is not only determined by properties of the surface itself, but also by the spectral and angular distribu",False,True,0.6153846153846154,0.9638837575912476,0.06656920909881592
chunk_1024,4,A,"What are the two forms of the lowercase version of the letter ""A""?",the double-storey a and single-storey ɑ,"The lowercase version of the letter ""A"" can be written in two forms: the double-storey a and single-storey ɑ.",A | A | A,"A, or a, is the first letter and the first vowel of the Latin alphabet, used in the modern English alphabet, the alphabets of other western European languages and others worldwide. Its name in English is a (pronounced ), plural aes. It is similar in shape to the Ancient Greek letter Alpha, from which it derives. The uppercase version consists of the two slanting sides of a triangle, crossed in the middle by a horizontal bar. The lowercase version can be written in two forms: the double-storey a ",False,True,1.0,0.971258282661438,0.02645576000213623
chunk_1024,5,A,"What is the earliest known certain ancestor of the letter ""A""?","aleph (also written 'aleph), the first letter of the Phoenician alphabet","The earliest known certain ancestor of the letter ""A"" is aleph, which is the first letter of the Phoenician alphabet.",A | Alpha | Alpha,"A, or a, is the first letter and the first vowel of the Latin alphabet, used in the modern English alphabet, the alphabets of other western European languages and others worldwide. Its name in English is a (pronounced ), plural aes. It is similar in shape to the Ancient Greek letter Alpha, from which it derives. The uppercase version consists of the two slanting sides of a triangle, crossed in the middle by a horizontal bar. The lowercase version can be written in two forms: the double-storey a ",False,True,0.7142857142857143,0.9723228216171265,2.6464462280273438e-05
chunk_1024,6,Alabama,What is the capital of Alabama?,Montgomery,The capital of Alabama is Montgomery.,Alabama | Alabama | Alabama,"Huntsville served as temporary capital from 1819 to 1820, when the seat of government moved to Cahaba in Dallas County.

Cahaba, now a ghost town, was the first permanent state capital from 1820 to 1825. The Alabama Fever land rush was underway when the state was admitted to the Union, with settlers and land speculators pouring into the state to take advantage of fertile land suitable for cotton cultivation. Part of the frontier in the 1820s and 1830s, its constitution provided for universal suf",False,True,1.0,0.9577586054801941,3.266334533691406e-05
chunk_1024,7,Alabama,Which city is the largest in Alabama by population and area?,Huntsville,Huntsville is the largest city in Alabama by population and area.,Alabama | Alabama | Alabama,"Alabama () is a state in the Southeastern region of the United States, bordered by Tennessee to the north; Georgia to the east; Florida and the Gulf of Mexico to the south; and Mississippi to the west. Alabama is the 30th largest by area and the 24th-most populous of the U.S. states.

Alabama is nicknamed the Yellowhammer State, after the state bird. Alabama is also known as the ""Heart of Dixie"" and the ""Cotton State"". The state tree is the longleaf pine, and the state flower is the camellia. Al",False,True,1.0,0.9469636082649231,4.792213439941406e-05
chunk_1024,8,Achilles,Who were Achilles' parents according to the passage?,"The Nereid Thetis and Peleus, king of Phthia.","According to the passage, Achilles' parents were Thetis and Peleus.",Achilles | Achilles | Achilles,"Thetis, although a daughter of the sea-god Nereus, was also brought up by Hera, further explaining her resistance to the advances of Zeus. Zeus was furious and decreed that she would never marry an immortal.

According to the Achilleid, written by Statius in the 1st century AD, and to non-surviving previous sources, when Achilles was born Thetis tried to make him immortal by dipping him in the river Styx; however, he was left vulnerable at the part of the body by which she held him: his left hee",False,True,0.4,0.754492998123169,3.147125244140625e-05
chunk_1024,9,Achilles,Who is said to have killed Achilles near the end of the Trojan War?,"Paris, who shot him with an arrow.","Paris, who shot Achilles with an arrow, is said to have killed Achilles near the end of the Trojan War.",Achilles | Achilles | Achilles,"In Greek mythology, Achilles ( ) or Achilleus () was a hero of the Trojan War who was known as being the greatest of all the Greek warriors. A central character in Homer's Iliad, he was the son of the Nereid Thetis and Peleus, king of Phthia and famous Argonaut. Achilles was raised in Phthia along his childhood companion Patroclus and received his education by the centaur Chiron. In the Iliad, he is presented as the commander of the mythical tribe of the Myrmidons. 

Achilles' most notable feat ",False,True,0.75,0.970003068447113,0.00010979175567626953
chunk_1024,10,Abraham Lincoln,What are the birth and death dates of Abraham Lincoln?,"February 12, 1809 – April 15, 1865","Abraham Lincoln was born on February 12, 1809, and died on April 15, 1865.",Abraham Lincoln | Abraham Lincoln | Abraham Lincoln,"ISBN 9781984879059
 
 
 
 
 
 
 . Second edition, 2022. Wm. B. Eerdmans Publishing Company.

External links

Official
 Abraham Lincoln Presidential Library and Museum
 The Lincoln Presidential Library's ongoing digitization of all documents written by or to Abraham Lincoln during his lifetime
 Collected Works of Abraham Lincoln – complete collected works as edited by Basler et al. (1958) – an online edition available through University of Michigan Library Digital Collections

Organizations
 Abra",False,True,1.0,0.8273317813873291,4.6133995056152344e-05
chunk_1024,11,Abraham Lincoln,Which act angered Lincoln in 1854 and prompted him to re-enter politics?,The Kansas–Nebraska Act,The Kansas–Nebraska Act angered Abraham Lincoln in 1854 and prompted him to re-enter politics.,Abraham Lincoln | Abraham Lincoln | Abraham Lincoln,"He said the Kansas Act had a ""declared indifference, but as I must think, a covert real zeal for the spread of slavery. I cannot but hate it. I hate it because of the monstrous injustice of slavery itself. I hate it because it deprives our republican example of its just influence in the world...."" Lincoln's attacks on the Kansas–Nebraska Act marked his return to political life.

Nationally, the Whigs were irreparably split by the Kansas–Nebraska Act and other efforts to compromise on the slavery",False,True,1.0,0.9723361134529114,0.00012540817260742188
chunk_1024,12,Aristotle,In which city was Aristotle born?,Stagira,"Stagira, Chalcidice, about 55 km (34 miles) east of modern-day Thessaloniki.",Aristotle | Aristotle | Athens,"Aristotle (;  Aristotélēs, ; 384–322 BC) was an Ancient Greek philosopher and polymath. His writings cover a broad range of subjects spanning the natural sciences, philosophy, linguistics, economics, politics, psychology and the arts. As the founder of the Peripatetic school of philosophy in the Lyceum in Athens, he began the wider Aristotelian tradition that followed, which set the groundwork for the development of modern science.

Little is known about Aristotle's life. He was born in the city",False,True,1.0,0.8980678915977478,0.06041842699050903
chunk_1024,13,Aristotle,Who requested Aristotle to tutor Alexander the Great?,Philip II of Macedon,Philip II of Macedon requested Aristotle to tutor Alexander the Great.,Aristotle | Aristotle | Alexander the Great,"While in Lesbos, Aristotle married Pythias, either Hermias's adoptive daughter or niece. They had a daughter, whom they also named Pythias. In 343 BC, Aristotle was invited by Philip II of Macedon to become the tutor to his son Alexander.

Aristotle was appointed as the head of the royal Academy of Macedon. During Aristotle's time in the Macedonian court, he gave lessons not only to Alexander but also to two other future kings: Ptolemy and Cassander. Aristotle encouraged Alexander toward eastern",False,True,1.0,0.9178555607795715,0.00013136863708496094
chunk_1024,14,An American in Paris,"When and where was the New York premiere of ""An American in Paris"" held?","December 13, 1928, in Carnegie Hall.","The New York premiere of ""An American in Paris"" was held on December 13, 1928, in Carnegie Hall, with Walter Damrosch conducting the New York Philharmonic.",An American in Paris | An American in Paris | Academy Awards,"An American in Paris is a jazz-influenced symphonic poem (or tone poem) for orchestra by American composer George Gershwin first performed in 1928. It was inspired by the time that Gershwin had spent in Paris and evokes the sights and energy of the French capital during the .

Gershwin scored the piece for the standard instruments of the symphony orchestra plus celesta, saxophones, and automobile horns. He brought back four Parisian taxi horns for the New York premiere of the composition, which ",False,True,1.0,0.9590578079223633,0.00026422739028930664
chunk_1024,15,An American in Paris,"Who conducted the New York Philharmonic at the premiere of ""An American in Paris""?",Walter Damrosch.,"Walter Damrosch conducted the New York Philharmonic at the premiere of ""An American in Paris.""",An American in Paris | An American in Paris | An American in Paris,"An American in Paris is a jazz-influenced symphonic poem (or tone poem) for orchestra by American composer George Gershwin first performed in 1928. It was inspired by the time that Gershwin had spent in Paris and evokes the sights and energy of the French capital during the .

Gershwin scored the piece for the standard instruments of the symphony orchestra plus celesta, saxophones, and automobile horns. He brought back four Parisian taxi horns for the New York premiere of the composition, which ",False,True,1.0,0.9506505727767944,0.00016677379608154297
chunk_1024,16,Academy Award for Best Production Design,In which year was the award category renamed to Best Production Design?,2012,"The award category for Best Production Design was renamed to its current name, Best Production Design, in 2012 for the 85th Academy Awards.",Academy Award for Best Production Design | Academy Awards | American Film Institute,"The Academy Award for Best Production Design recognizes achievement for art direction in film. The category's original name was Best Art Direction, but was changed to its current name in 2012 for the 85th Academy Awards. This change resulted from the Art Directors' branch of the Academy of Motion Picture Arts and Sciences (AMPAS) being renamed the Designers' branch. Since 1947, the award is shared with the set decorators. It is awarded to the best interior design in a film.

The films below are ",False,True,1.0,0.9697687029838562,0.0008882880210876465
chunk_1024,17,Academy Award for Best Production Design,Since what year has the Academy Award for Best Production Design been shared with set decorators?,1947,"Since 1947, the award is shared with the set decorators.",Academy Award for Best Production Design | Academy Awards | Academy Awards,"The Academy Award for Best Production Design recognizes achievement for art direction in film. The category's original name was Best Art Direction, but was changed to its current name in 2012 for the 85th Academy Awards. This change resulted from the Art Directors' branch of the Academy of Motion Picture Arts and Sciences (AMPAS) being renamed the Designers' branch. Since 1947, the award is shared with the set decorators. It is awarded to the best interior design in a film.

The films below are ",False,True,1.0,0.9766595363616943,4.792213439941406e-05
chunk_1024,18,Academy Awards,On what date was the first Academy Awards presentation held?,"May 16, 1929","The first Academy Awards presentation was held on May 16, 1929.",Academy Awards | Academy Awards | Academy Awards,"The Academy Awards, mainly known as the Oscars, are awards for artistic and technical merit for the film industry. They are presented annually by the Academy of Motion Picture Arts and Sciences located in Beverly Hills, California, United States, in recognition of excellence in cinematic achievements as assessed by the Academy's voting membership. The Academy Awards are regarded by many as the most prestigious, significant awards in the entertainment industry in the United States and worldwide. ",False,True,1.0,0.8595666289329529,3.707408905029297e-05
chunk_1024,19,Academy Awards,At which hotel was the post-awards party held after the first Academy Awards?,Mayfair Hotel,The post-awards party was held at the Mayfair Hotel.,Academy Awards | Academy Awards | April 12,"The Academy Awards, mainly known as the Oscars, are awards for artistic and technical merit for the film industry. They are presented annually by the Academy of Motion Picture Arts and Sciences located in Beverly Hills, California, United States, in recognition of excellence in cinematic achievements as assessed by the Academy's voting membership. The Academy Awards are regarded by many as the most prestigious, significant awards in the entertainment industry in the United States and worldwide. ",False,True,1.0,0.9491623640060425,8.463859558105469e-06
chunk_1024,20,Actrius,"In what year was the film ""Actrius"" produced?",1996,"The film ""Actrius"" was produced in 1996.",Actrius | Actaeon | Actaeon,"Actresses (Catalan: Actrius) is a 1997 Catalan language Spanish drama film produced and directed by Ventura Pons and based on the award-winning stage play E.R. by Josep Maria Benet i Jornet. The film has no male actors, with all roles played by females. The film was produced in 1996.

Synopsis 
In order to prepare herself to play a role commemorating the life of legendary actress Empar Ribera, young actress (Mercè Pons) interviews three established actresses who had been the Ribera's pupils: the",False,True,1.0,0.9825344681739807,3.063678741455078e-05
chunk_1024,21,Actrius,Which actress portrayed the character Glòria Marc in the film?,Núria Espert,Núria Espert portrayed the character Glòria Marc in the film.,Actrius | Alfred Hitchcock | List of Atlas Shrugged characters,"Actresses (Catalan: Actrius) is a 1997 Catalan language Spanish drama film produced and directed by Ventura Pons and based on the award-winning stage play E.R. by Josep Maria Benet i Jornet. The film has no male actors, with all roles played by females. The film was produced in 1996.

Synopsis 
In order to prepare herself to play a role commemorating the life of legendary actress Empar Ribera, young actress (Mercè Pons) interviews three established actresses who had been the Ribera's pupils: the",False,True,1.0,0.9519813060760498,4.947185516357422e-05
chunk_1024,22,Animalia (book),In what year was the original edition of Animalia first published?,1986,The original edition of Animalia was first published in 1986.,Animalia (book) | Animal Farm | Animal Farm,"Animalia is an illustrated children's book by Graeme Base. It was originally published in 1986, followed by a tenth anniversary edition in 1996, and a 25th anniversary edition in 2012. Over four million copies have been sold worldwide. A special numbered and signed anniversary edition was also published in 1996, with an embossed gold jacket.

Synopsis
Animalia is an alliterative alphabet book and contains twenty-six illustrations, one for each letter of the alphabet. Each illustration features a",False,True,1.0,0.9757878184318542,1.1682510375976562e-05
chunk_1024,23,Animalia (book),How many copies of Animalia have been sold worldwide?,Over four million copies,Over four million copies have been sold worldwide.,Animalia (book) | Andy Warhol | Asteroids (video game),"Animalia is an illustrated children's book by Graeme Base. It was originally published in 1986, followed by a tenth anniversary edition in 1996, and a 25th anniversary edition in 2012. Over four million copies have been sold worldwide. A special numbered and signed anniversary edition was also published in 1996, with an embossed gold jacket.

Synopsis
Animalia is an alliterative alphabet book and contains twenty-six illustrations, one for each letter of the alphabet. Each illustration features a",False,True,1.0,0.990877091884613,0.001775205135345459
chunk_1024,24,International Atomic Time,How many atomic clocks are used in the weighted average that defines International Atomic Time (TAI)?,over 450 atomic clocks,Over 450 atomic clocks are used in the weighted average that defines International Atomic Time (TAI).,International Atomic Time | International Atomic Time | Atom,"International Atomic Time (abbreviated TAI, from its French name ) is a high-precision atomic coordinate time standard based on the notional passage of proper time on Earth's geoid. TAI is a weighted average of the time kept by over 450 atomic clocks in over 80 national laboratories worldwide. It is a continuous scale of time, without leap seconds, and it is the principal realisation of Terrestrial Time (with a fixed offset of epoch). It is the basis for Coordinated Universal Time (UTC), which i",False,True,1.0,0.9093273878097534,0.0010004639625549316
chunk_1024,25,International Atomic Time,By how many seconds does Coordinated Universal Time (UTC) currently lag behind TAI?,exactly 37 seconds behind TAI,37 seconds,International Atomic Time | International Atomic Time | Astronomical unit,"International Atomic Time (abbreviated TAI, from its French name ) is a high-precision atomic coordinate time standard based on the notional passage of proper time on Earth's geoid. TAI is a weighted average of the time kept by over 450 atomic clocks in over 80 national laboratories worldwide. It is a continuous scale of time, without leap seconds, and it is the principal realisation of Terrestrial Time (with a fixed offset of epoch). It is the basis for Coordinated Universal Time (UTC), which i",False,True,0.4,0.6183916926383972,0.9781354423612356
chunk_1024,26,Altruism,"Who popularized the word ""altruism"" and possibly coined it?",The French philosopher Auguste Comte.,"The word ""altruism"" was popularized (and possibly coined) by the French philosopher Auguste Comte in French, as ""égoïsme opposé,"" for an antonym of egoism. He derived it from the Italian ""altrui,"" which means ""other people"" or ""somebody else.""",Altruism | Altruism | Altruism,"Altruism is the principle and practice of concern for the well-being and/or happiness of other humans or animals. While objects of altruistic concern vary, it is an important moral value in many cultures and religions. It may be considered a synonym of selflessness, the opposite of selfishness.

The word altruism was popularized (and possibly coined) by the French philosopher Auguste Comte in French, as , for an antonym of egoism. He derived it from the Italian , which in turn was derived from L",False,True,1.0,0.6395999789237976,0.44377368688583374
chunk_1024,27,Altruism,"What does the Latin word ""alteri,"" from which ""altruism"" is derived, mean?","""Other people"" or ""somebody else"".","The Latin word ""alteri,"" from which ""altruism"" is derived, means ""other.""",Altruism | Altruism | Altruism,"Altruism is the principle and practice of concern for the well-being and/or happiness of other humans or animals. While objects of altruistic concern vary, it is an important moral value in many cultures and religions. It may be considered a synonym of selflessness, the opposite of selfishness.

The word altruism was popularized (and possibly coined) by the French philosopher Auguste Comte in French, as , for an antonym of egoism. He derived it from the Italian , which in turn was derived from L",False,True,0.25,0.5804150700569153,0.0005182623863220215
chunk_1024,28,Ayn Rand,In what year did Ayn Rand move to the United States?,1926,Ayn Rand moved to the United States in 1926.,Ayn Rand | Ayn Rand | Ayn Rand,"Alice O'Connor (born Alisa Zinovyevna Rosenbaum; , 1905 – March 6, 1982), better known by her pen name Ayn Rand (), was a Russian-born American writer and public philosopher. She is known for her fiction and for developing a philosophical system she named Objectivism. Born and educated in Russia, she moved to the United States in 1926. After two early novels that were initially unsuccessful and two Broadway plays, she achieved fame with her 1943 novel, The Fountainhead. In 1957, Rand published h",False,True,1.0,0.9638344645500183,2.574920654296875e-05
chunk_1024,29,Ayn Rand,What novel did Ayn Rand publish in 1957?,Atlas Shrugged,Ayn Rand published the novel Atlas Shrugged in 1957.,Ayn Rand | Ayn Rand | Ayn Rand,"Alice O'Connor (born Alisa Zinovyevna Rosenbaum; , 1905 – March 6, 1982), better known by her pen name Ayn Rand (), was a Russian-born American writer and public philosopher. She is known for her fiction and for developing a philosophical system she named Objectivism. Born and educated in Russia, she moved to the United States in 1926. After two early novels that were initially unsuccessful and two Broadway plays, she achieved fame with her 1943 novel, The Fountainhead. In 1957, Rand published h",False,True,1.0,0.9522359371185303,1.6689300537109375e-06
chunk_1024,30,Alain Connes,When was Alain Connes born?,1 April 1947,Alain Connes was born on 1 April 1947.,Alain Connes | Alain Connes | Anatole France,"Alain Connes (; born 1 April 1947 in Draguignan) is a French mathematician, known for his contributions to the study of operator algebras and noncommutative geometry. He is a professor at the , , Ohio State University and Vanderbilt University. He was awarded the Fields Medal in 1982.

Career
Alain Connes attended high school at  in Marseille, and was then a student of the classes préparatoires in . Between 1966 and 1970 he studed at École normale supérieure in Paris, and in 1973 he obtained a P",False,True,1.0,0.9643077850341797,1.1682510375976562e-05
chunk_1024,31,Alain Connes,What award did Alain Connes receive in 1982?,Fields Medal,Alain Connes received the Fields Medal in 1982.,Alain Connes | Alain Connes | Anatole France,"Alain Connes (; born 1 April 1947 in Draguignan) is a French mathematician, known for his contributions to the study of operator algebras and noncommutative geometry. He is a professor at the , , Ohio State University and Vanderbilt University. He was awarded the Fields Medal in 1982.

Career
Alain Connes attended high school at  in Marseille, and was then a student of the classes préparatoires in . Between 1966 and 1970 he studed at École normale supérieure in Paris, and in 1973 he obtained a P",False,True,1.0,0.9874029159545898,3.552436828613281e-05
chunk_1024,32,Allan Dwan,What was Allan Dwan's birth name?,Joseph Aloysius Dwan,Joseph Aloysius Dwan,Allan Dwan | Allan Dwan | April 6,"Allan Dwan (born Joseph Aloysius Dwan; April 3, 1885 – December 28, 1981) was a pioneering Canadian-born American motion picture director, producer, and screenwriter.

Early life
Born Joseph Aloysius Dwan in Toronto, Ontario, Canada, Dwan was the younger son of commercial traveler of woolen clothing Joseph Michael Dwan (1857–1917) and his wife Mary Jane Dwan (née Hunt). The family moved to the United States when he was seven years old on December 4, 1892, by ferry from Windsor to Detroit, accord",False,True,1.0,0.8538609743118286,0.9878762448206544
chunk_1024,33,Allan Dwan,In what year did Allan Dwan become the founding president of the East Coast chapter of the Motion Picture Directors Association?,1917,1917,Allan Dwan | Allan Dwan | American Film Institute,"Allan Dwan (born Joseph Aloysius Dwan; April 3, 1885 – December 28, 1981) was a pioneering Canadian-born American motion picture director, producer, and screenwriter.

Early life
Born Joseph Aloysius Dwan in Toronto, Ontario, Canada, Dwan was the younger son of commercial traveler of woolen clothing Joseph Michael Dwan (1857–1917) and his wife Mary Jane Dwan (née Hunt). The family moved to the United States when he was seven years old on December 4, 1892, by ferry from Windsor to Detroit, accord",False,True,1.0,0.550217866897583,0.9994663071702234
chunk_1024,34,Algeria,What is the capital and largest city of Algeria?,Algiers,Algiers,Algeria | Algeria | Algeria,"Algeria, officially the People's Democratic Republic of Algeria, is a country in North Africa. Algeria is bordered to the northeast by Tunisia; to the east by Libya; to the southeast by Niger; to the southwest by Mali, Mauritania, and Western Sahara; to the west by Morocco; and to the north by the Mediterranean Sea. It is considered part of the Maghreb region of North Africa. It has a semi-arid geography, with most of the population living in the fertile north and the Sahara dominating the geogr",False,True,1.0,0.7835476398468018,0.9960160297341645
chunk_1024,35,Algeria,What is the population of Algeria as stated in the passage?,44 million,The population of Algeria as stated in the passage is 44 million.,Algeria | Algeria | Algeria,"Algeria, officially the People's Democratic Republic of Algeria, is a country in North Africa. Algeria is bordered to the northeast by Tunisia; to the east by Libya; to the southeast by Niger; to the southwest by Mali, Mauritania, and Western Sahara; to the west by Morocco; and to the north by the Mediterranean Sea. It is considered part of the Maghreb region of North Africa. It has a semi-arid geography, with most of the population living in the fertile north and the Sahara dominating the geogr",False,True,1.0,0.9556514620780945,6.794929504394531e-06
chunk_1024,36,List of Atlas Shrugged characters,What position does Dagny Taggart hold at Taggart Transcontinental?,She is vice-president in Charge of Operations for Taggart Transcontinental.,"According to the provided list of Atlas Shrugged characters, Dagny Taggart holds the position of President of Taggart Transcontinental.",List of Atlas Shrugged characters | Adelaide | List of Atlas Shrugged characters,"I need wider powers.""

Secondary characters
The following secondary characters also appear in the novel.

Hugh Akston is identified as ""One of the last great advocates of reason."" He was a renowned philosopher and the head of the Department of Philosophy at Patrick Henry University, where he taught Francisco d'Anconia, John Galt, and Ragnar Danneskjöld. He was, along with Robert Stadler, a father figure to these three. Akston's name is so hallowed that a young lady, on hearing that Francisco had",False,True,0.42857142857142855,0.5990521907806396,0.013325154781341553
chunk_1024,37,List of Atlas Shrugged characters,What is the full name of Francisco d'Anconia as given in the passage?,Francisco Domingo Carlos Andres Sebastián d'Anconia,Francisco d'Anconia is not mentioned in the provided text. There is no information about him or any character named Francisco d'Anconia within the given context.,Ankara | August 27 | Ankara,"Arab sources report that Harun and his successor al-Ma'mun (r. 813–833) took the city, but this information is later invention. In 838, however, during the Amorium campaign, the armies of Caliph al-Mu'tasim (r. 833–842) converged and met at the city; abandoned by its inhabitants, Ancara was razed to the ground, before the Arab armies went on to besiege and destroy Amorium reaching as far as Smyrna. In 859, Emperor Michael III (r. 842–867) came to the city during a campaign against the Arabs, and",True,False,0.375,,
chunk_1024,38,Anthropology,Which subfield of anthropology studies how language influences social life?,Linguistic anthropology,Linguistic anthropology,Anthropology | Anthropology | Anthropology,"These fields frequently overlap but tend to use different methodologies and techniques.

European countries with overseas colonies tended to practice more ethnology (a term coined and defined by Adam F. Kollár in 1783). It is sometimes referred to as sociocultural anthropology in the parts of the world that were influenced by the European tradition.

Fields

Anthropology is a global discipline involving humanities, social sciences and natural sciences. Anthropology builds upon knowledge from nat",False,True,1.0,0.9419302940368652,0.9810037724673748
chunk_1024,39,Anthropology,"In which regions is archaeological anthropology considered a branch of anthropology, and how is it viewed in Europe?","It is considered a branch of anthropology in North America and Asia, while in Europe it is viewed as a discipline in its own right or grouped under other related disciplines such as history and palaeontology.","Archaeological anthropology is considered a branch of anthropology in North America and Asia. In Europe, archaeology is viewed as a discipline in its own right or grouped under other related disciplines, such as history and paleontology.",Anthropology | Anthropology | Anthropology,"Anthropology is the scientific study of humanity, concerned with human behavior, human biology, cultures, societies, and linguistics, in both the present and past, including past human species. Social anthropology studies patterns of behavior, while cultural anthropology studies cultural meaning, including norms and values. A portmanteau term sociocultural anthropology is commonly used today. Linguistic anthropology studies how language influences social life. Biological or physical anthropology",False,True,0.9,0.9877806901931763,0.6356748938560486
chunk_1024,40,Agricultural science,Who conducted experiments on the use of gypsum as a fertilizer in the 18th century?,Johann Friedrich Mayer,Johann Friedrich Mayer conducted experiments on the use of gypsum (hydrated calcium sulphate) as a fertilizer in the 18th century.,Agricultural science | Arsenic | Agriculture,"Agricultural science (or agriscience for short) is a broad multidisciplinary field of biology that encompasses the parts of exact, natural, economic and social sciences that are used in the practice and understanding of agriculture. Professionals of the agricultural science are called agricultural scientists or agriculturists.

History

In the 18th century, Johann Friedrich Mayer conducted experiments on the use of gypsum (hydrated calcium sulphate) as a fertilizer.

In 1843, John Bennet Lawes a",False,True,1.0,0.9838780164718628,0.0002942681312561035
chunk_1024,41,Agricultural science,"Which 1887 act used the term ""agricultural science"" and began a scientific revolution in United States agriculture?",The Hatch Act of 1887,"The 1887 Hatch Act of the United States used the term ""agricultural science."" This act marked the beginning of a scientific revolution in U.S. agriculture, driven by farmers' interest in fertilizers.",Agricultural science | Agriculture | Agriculture,"Agricultural science (or agriscience for short) is a broad multidisciplinary field of biology that encompasses the parts of exact, natural, economic and social sciences that are used in the practice and understanding of agriculture. Professionals of the agricultural science are called agricultural scientists or agriculturists.

History

In the 18th century, Johann Friedrich Mayer conducted experiments on the use of gypsum (hydrated calcium sulphate) as a fertilizer.

In 1843, John Bennet Lawes a",False,True,1.0,0.9816192388534546,0.004078030586242676
chunk_1024,42,Alchemy,Which regions historically practiced alchemy according to the passage?,"China, India, the Muslim world, and Europe.","According to the passage, alchemy was historically practiced in China, India, the Muslim world, and Europe.",Alchemy | Alchemy | Alchemy,"Alchemy (from Arabic: al-kīmiyā; from Ancient Greek: χυμεία, khumeía) is an ancient branch of natural philosophy, a philosophical and protoscientific tradition that was historically practiced in China, India, the Muslim world, and Europe. In its Western form, alchemy is first attested in a number of pseudepigraphical texts written in Greco-Roman Egypt during the first few centuries AD.

Alchemists attempted to purify, mature, and perfect certain materials. Common aims were chrysopoeia, the trans",False,True,1.0,0.9871484637260437,0.0007041692733764648
chunk_1024,43,Alchemy,What were common aims of alchemists mentioned in the passage?,"Chrysopoeia (transmuting base metals like lead into noble metals such as gold), creating an elixir of immortality, and creating panaceas able to cure any disease.","The common aims of alchemists mentioned in the passage include the transformation of base metals into noble metals, achieving the transmutation of base substances into gold, creating a divine body, and obtaining immortality.",Alchemy | Alchemy | Alchemy,"An important example of alchemy's roots in Greek philosophy, originated by Empedocles and developed by Aristotle, was that all things in the universe were formed from only four elements: earth, air, water, and fire. According to Aristotle, each element had a sphere to which it belonged and to which it would return if left undisturbed. The four elements of the Greek were mostly qualitative aspects of matter, not quantitative, as our modern elements are; ""...True alchemy never regarded earth, air,",False,True,0.3888888888888889,0.7931672930717468,0.0036287307739257812
chunk_1024,44,Alien,Which 1979 film in the Alien franchise was directed by Ridley Scott?,Alien (film),"The 1979 film in the Alien franchise directed by Ridley Scott was ""Alien"".",Alien | Alien | Asteroids (video game),"Alien primarily refers to:
 Alien (law), a person in a country who is not a national of that country
 Enemy alien, the above in times of war
 Extraterrestrial life, life which does not originate from Earth
 Specifically, a lifeform with extraterrestrial intelligence
 For fictional extraterrestrial life, see Extraterrestrials in fiction
 Introduced species, a species not native to its environment

Alien(s), or The Alien(s) may also refer to:

Science and technology 
 AliEn (ALICE Environment), a ",False,True,1.0,0.9865905046463013,8.344650268554688e-07
chunk_1024,45,Alien,What is AliEn (ALICE Environment) described as in the passage?,a grid framework,AliEn (ALICE Environment) is described as a grid framework introduced in science and technology.,Alien | Alternate history | Anaximander,"Alien primarily refers to:
 Alien (law), a person in a country who is not a national of that country
 Enemy alien, the above in times of war
 Extraterrestrial life, life which does not originate from Earth
 Specifically, a lifeform with extraterrestrial intelligence
 For fictional extraterrestrial life, see Extraterrestrials in fiction
 Introduced species, a species not native to its environment

Alien(s), or The Alien(s) may also refer to:

Science and technology 
 AliEn (ALICE Environment), a ",False,True,1.0,0.9956386685371399,0.0005142688751220703
chunk_1024,46,Astronomer,What are the two main types of astronomers described in the passage?,Observational and theoretical.,Observational and theoretical.,Astronomer | Amateur astronomy | Angle,"An astronomer is a scientist in the field of astronomy who focuses their studies on a specific question or field outside the scope of Earth. They observe astronomical objects such as stars, planets, moons, comets and galaxies – in either observational (by analyzing the data) or theoretical astronomy. Examples of topics or fields astronomers study include planetary science, solar astronomy, the origin or evolution of stars, or the formation of galaxies. A related but distinct subject is physical ",False,True,1.0,0.9732181429862976,0.032868027687072754
chunk_1024,47,Astronomer,"Which subject studies the Universe as a whole, according to the passage?",Physical cosmology.,Physical cosmology,Astronomer | Anaximander | Anaximander,"An astronomer is a scientist in the field of astronomy who focuses their studies on a specific question or field outside the scope of Earth. They observe astronomical objects such as stars, planets, moons, comets and galaxies – in either observational (by analyzing the data) or theoretical astronomy. Examples of topics or fields astronomers study include planetary science, solar astronomy, the origin or evolution of stars, or the formation of galaxies. A related but distinct subject is physical ",False,True,1.0,0.9381886124610901,0.9397476762533188
chunk_1024,48,ASCII,In what year was the first edition of the ASCII standard published?,1963,The first edition of the ASCII standard was published in 1963.,ASCII | ASCII | ASCII,"ASCII ( ), abbreviated from American Standard Code for Information Interchange, is a character encoding standard for electronic communication. ASCII codes represent text in computers, telecommunications equipment, and other devices. Because of technical limitations of computer systems at the time it was invented, ASCII has just 128 code points, of which only 95 are , which severely limited its scope. Modern computer systems have evolved to use Unicode, which has millions of code points, but the ",False,True,1.0,0.9665263891220093,1.0132789611816406e-05
chunk_1024,49,ASCII,Which organization prefers the name US-ASCII for this character encoding?,The Internet Assigned Numbers Authority (IANA),The Internet Assigned Numbers Authority (IANA) prefers the name US-ASCII for this character encoding.,ASCII | ASCII | ASCII,"ASCII ( ), abbreviated from American Standard Code for Information Interchange, is a character encoding standard for electronic communication. ASCII codes represent text in computers, telecommunications equipment, and other devices. Because of technical limitations of computer systems at the time it was invented, ASCII has just 128 code points, of which only 95 are , which severely limited its scope. Modern computer systems have evolved to use Unicode, which has millions of code points, but the ",False,True,1.0,0.9730947613716125,0.0005804300308227539
chunk_1024,50,Animation,"In traditional animation, on what type of sheets are images drawn or painted by hand?",transparent celluloid sheets (cels),Images are drawn or painted by hand on transparent celluloid sheets (cels) in traditional animation.,Animation | Animation | Animation,"In the early 1960s, animation studios began hiring professional screenwriters to write screenplays (while also continuing to use story departments) and screenplays had become commonplace for animated films by the late 1980s.

Techniques

Traditional

Traditional animation (also called cel animation or hand-drawn animation) was the process used for most animated films of the 20th century. The individual frames of a traditionally animated film are photographs of drawings, first drawn on paper. To ",False,True,1.0,0.9938259720802307,0.006192982196807861
chunk_1024,51,Animation,What does the abbreviation CGI stand for according to the passage?,computer-generated imagery,The passage does not mention what the abbreviation CGI stands for.,Abbreviation | Abbreviation | ASCII,"An abbreviation (from Latin , meaning short) is a shortened form of a word or phrase, by any method. It may consist of a group of letters or words taken from the full version of the word or phrase; for example, the word abbreviation itself can be abbreviated as abbr., abbrv., or abbrev.; NPO, for nil (or nothing) per (by) os (mouth) is an abbreviated medical instruction. It may also consist of initials only, a mixture of initials and words, or words or letters representing words in another langu",True,False,0.0,,
chunk_1024,52,Apollo,Who are Apollo's parents according to the passage?,Zeus and Leto,Apollo's parents are Leto and Zeus.,Apollo | Apollo | Apollo,"Apollo's children who became musicians and bards include Orpheus, Linus, Ialemus, Hymenaeus, Philammon, Eumolpus and Eleuther. Apollo fathered 3 daughters, Apollonis, Borysthenis and Cephisso, who formed a group of minor Muses, the ""Musa Apollonides"". They were nicknamed Nete, Mese and Hypate after the highest, middle and lowest strings of his lyre. Phemonoe was a seer and poet who was the inventor of Hexameter.

Apis, Idmon, Iamus, Tenerus, Mopsus, Galeus, Telmessus and others were gifted seers",False,True,1.0,0.39105045795440674,1.5139579772949219e-05
chunk_1024,53,Apollo,What name is Apollo known by in Greek-influenced Etruscan mythology?,Apulu,Apollo is known as Apulu in Greek-influenced Etruscan mythology.,Apollo | Apollo | Apollo,"Apollo or Apollon is one of the  Olympian deities in classical Greek and Roman religion and Greek and Roman mythology. Apollo has been recognized as a god of archery, music and dance, truth and prophecy, healing and diseases, the Sun and light, poetry, and more. One of the most important and complex of the Greek gods, he is the son of Zeus and Leto, and the twin brother of Artemis, goddess of the hunt. He is considered to be the most beautiful god and is represented as the ideal of the kouros (e",False,True,1.0,0.9857155680656433,1.3589859008789062e-05
chunk_1024,54,Andre Agassi,In what year did Andre Agassi first reach the world No. 1 ranking?,1995,1995,Andre Agassi | Andre Agassi | Andre Agassi,"Andre Kirk Agassi ( ; born April 29, 1970) is an American former world No. 1 tennis player. He is an eight-time major champion and an Olympic gold medalist, as well as a runner-up in seven other majors. Agassi is widely considered one of the greatest tennis players of all time.

Agassi is the second of five men to achieve the career Grand Slam in the Open Era and the fifth of eight overall to make the achievement. He is also the first of two men to achieve the career Golden Slam (career Grand Sl",False,True,1.0,0.3661935329437256,0.9974540523253381
chunk_1024,55,Andre Agassi,How many Masters titles did Andre Agassi win?,17,"According to the provided text, Andre Agassi won 17 ATP Masters Series titles.",Andre Agassi | Andre Agassi | Andre Agassi,"The match was the last of Sampras's career. Agassi's US Open finish, along with his Masters Series victories in Key Biscayne, Rome and Madrid, helped him finish 2002 as the oldest year-end No. 2 at 32 years and 8 months.

In 2003, Agassi won the eighth (and final) Grand Slam title of his career at the Australian Open, where he beat Rainer Schüttler in straight sets in the final.

On April 28, 2003, he recaptured the No. 1 ranking to become the oldest top-ranked male player since the ATP rankings",False,True,1.0,0.8249841332435608,0.0014522671699523926
chunk_1024,56,Austroasiatic languages,How many Austroasiatic languages does Ethnologue identify?,168,Ethnologue identifies 168 Austroasiatic languages.,Austroasiatic languages | Austroasiatic languages | Afroasiatic languages,"The Austroasiatic languages   are a large language family spoken throughout mainland Southeast Asia, South Asia and East Asia. These languages are natively spoken by the majority of the population in Vietnam and Cambodia, and by minority populations scattered throughout parts of Thailand, Laos, India, Myanmar, Malaysia, Bangladesh, Nepal, and southern China. Approximately 117 million people speak an Austroasiatic language, of which more than two-thirds are Vietnamese speakers. Of the Austroasiat",False,True,1.0,0.9769616723060608,1.4424324035644531e-05
chunk_1024,57,Austroasiatic languages,"Which Austroasiatic languages are presently considered national languages of sovereign states, and in which countries are they official?",Vietnamese in Vietnam and Khmer in Cambodia,"Based on the provided information, the Austroasiatic languages currently considered national languages of sovereign states are:

1. Vietnamese - Official in Vietnam
2. Khmer - Official in Cambodia

These are the only two Austroasiatic languages mentioned in the text that are described as being the national languages of sovereign states.",Austroasiatic languages | Austrian German | Afroasiatic languages,"The Austroasiatic languages   are a large language family spoken throughout mainland Southeast Asia, South Asia and East Asia. These languages are natively spoken by the majority of the population in Vietnam and Cambodia, and by minority populations scattered throughout parts of Thailand, Laos, India, Myanmar, Malaysia, Bangladesh, Nepal, and southern China. Approximately 117 million people speak an Austroasiatic language, of which more than two-thirds are Vietnamese speakers. Of the Austroasiat",False,True,1.0,0.9161717891693115,0.03912168741226196
chunk_1024,58,Afroasiatic languages,Approximately how many languages are included in the Afroasiatic language family?,about 400 languages,About 400 languages are included in the Afroasiatic language family.,Afroasiatic languages | Afroasiatic languages | Austroasiatic languages,"The Afroasiatic languages (or Afro-Asiatic, sometimes Afrasian), also known as Hamito-Semitic or Semito-Hamitic, are a language family (or ""phylum"") of about 400 languages spoken predominantly in West Asia, North Africa, the Horn of Africa, and parts of the Sahara and Sahel. Over 500 million people are native speakers of an Afroasiatic language, constituting the fourth-largest language family after Indo-European, Sino-Tibetan, and Niger–Congo. Most linguists divide the family into six branches: ",False,True,1.0,0.989246666431427,0.0002377629280090332
chunk_1024,59,Afroasiatic languages,"Which Afroasiatic language has the greatest number of native speakers, and roughly how many does it have?","Arabic, with around 300 million native speakers","Based on the information provided in the context, Arabic is the Afroasiatic language with the greatest number of native speakers. According to the given data, Arabic has approximately 300 million native speakers.",Afroasiatic languages | Afroasiatic languages | Austroasiatic languages,"The Afroasiatic languages (or Afro-Asiatic, sometimes Afrasian), also known as Hamito-Semitic or Semito-Hamitic, are a language family (or ""phylum"") of about 400 languages spoken predominantly in West Asia, North Africa, the Horn of Africa, and parts of the Sahara and Sahel. Over 500 million people are native speakers of an Afroasiatic language, constituting the fourth-largest language family after Indo-European, Sino-Tibetan, and Niger–Congo. Most linguists divide the family into six branches: ",False,True,0.8333333333333334,0.933925449848175,0.0488123893737793
chunk_1024,60,Andorra,Who are the two co‑princes that currently head Andorra?,"the bishop of Urgell in Catalonia, Spain and the president of France","The two co-princes that currently head Andorra are:

1. The bishop of Urgell in Catalonia, Spain
2. The president of France",Andorra | Andorra | Andorra,"Andorra, officially the Principality of Andorra, is a sovereign landlocked country and microstate on the Iberian Peninsula, in the eastern Pyrenees, bordered by France to the north and Spain to the south. Believed to have been created by Charlemagne, Andorra was ruled by the count of Urgell until 988, when it was transferred to the Roman Catholic Diocese of Urgell. The present principality was formed by a charter in 1278. It is currently headed by two co-princes: the bishop of Urgell in Cataloni",False,True,1.0,0.9392223358154297,0.0003763437271118164
chunk_1024,61,Andorra,What is the official language of Andorra?,Catalan,The official language of Andorra is Catalan.,Andorra | Andorra | Andorra,"Andorra, officially the Principality of Andorra, is a sovereign landlocked country and microstate on the Iberian Peninsula, in the eastern Pyrenees, bordered by France to the north and Spain to the south. Believed to have been created by Charlemagne, Andorra was ruled by the count of Urgell until 988, when it was transferred to the Roman Catholic Diocese of Urgell. The present principality was formed by a charter in 1278. It is currently headed by two co-princes: the bishop of Urgell in Cataloni",False,True,1.0,0.9783123731613159,0.00011551380157470703
chunk_1024,62,Arithmetic mean,What is the arithmetic mean defined as in mathematics and statistics?,It is the sum of a collection of numbers divided by the count of numbers in the collection.,"The arithmetic mean, also known as the arithmetic average or simply the mean, is defined as the sum of a collection of numbers divided by the count of those numbers in the collection. It is a common measure of central tendency used in mathematics and statistics.",Arithmetic mean | Arithmetic mean | Angle,"In mathematics and statistics, the arithmetic mean ( ), arithmetic average, or just the mean or average (when the context is clear) is the sum of a collection of numbers divided by the count of numbers in the collection. The collection is often a set of results from an experiment, an observational study, or a survey. The term ""arithmetic mean"" is preferred in some mathematics and statistics contexts because it helps distinguish it from other types of means, such as geometric and harmonic.

In ad",False,True,1.0,0.9764760732650757,0.6608840525150299
chunk_1024,63,Arithmetic mean,"Why is the term ""arithmetic mean"" preferred in some mathematics and statistics contexts?","Because it helps distinguish it from other types of means, such as geometric and harmonic.","The term ""arithmetic mean"" is preferred in some mathematics and statistics contexts because it helps distinguish it from other types of means, such as geometric and harmonic, particularly in the context of simple averages rather than more complex mathematical operations involving multiplication or division.",Arithmetic mean | Arithmetic mean | Ambiguity,"In mathematics and statistics, the arithmetic mean ( ), arithmetic average, or just the mean or average (when the context is clear) is the sum of a collection of numbers divided by the count of numbers in the collection. The collection is often a set of results from an experiment, an observational study, or a survey. The term ""arithmetic mean"" is preferred in some mathematics and statistics contexts because it helps distinguish it from other types of means, such as geometric and harmonic.

In ad",False,True,1.0,0.6207140684127808,0.22584325075149536
chunk_1024,64,American Football Conference,How many teams are in each conference of the NFL?,Each conference contains 16 teams.,Each conference of the NFL contains 16 teams.,American Football Conference | American Football Conference | Alabama,"The American Football Conference (AFC) is one of the two conferences of the National Football League (NFL), the highest professional level of American football in the United States. The AFC and its counterpart, the National Football Conference (NFC), each contain 16 teams with 4 divisions. Both conferences were created as part of the 1970 merger between the National Football League, and the American Football League (AFL). All ten of the AFL teams, and three NFL teams, became members of the new A",False,True,1.0,0.9255864024162292,0.0002066493034362793
chunk_1024,65,American Football Conference,Which team is the current AFC champion and which team did they defeat in the 2022 AFC Championship Game?,"The Kansas City Chiefs are the current AFC champions, and they defeated the Cincinnati Bengals.","The current AFC champion is the Kansas City Chiefs, who defeated the Cincinnati Bengals in the 2022 season's AFC Championship Game for their third conference championship.",American Football Conference | American Football Conference | Afghanistan,"The American Football Conference (AFC) is one of the two conferences of the National Football League (NFL), the highest professional level of American football in the United States. The AFC and its counterpart, the National Football Conference (NFC), each contain 16 teams with 4 divisions. Both conferences were created as part of the 1970 merger between the National Football League, and the American Football League (AFL). All ten of the AFL teams, and three NFL teams, became members of the new A",False,True,0.8,0.9694616198539734,4.589557647705078e-05
chunk_1024,66,Animal Farm,On what date was Animal Farm first published in England?,17 August 1945,"August 17, 1945",Animal Farm | Animal Farm | Animal Farm,"Animal Farm is a beast fable, in the form of a satirical allegorical novella, by George Orwell, first published in England on 17 August 1945. It tells the story of a group of anthropomorphic farm animals who rebel against their human farmer, hoping to create a society where the animals can be equal, free, and happy. Ultimately, the rebellion is betrayed and, under the dictatorship of a pig named Napoleon, the farm ends up in a state as bad as it was before.

According to Orwell, Animal Farm refl",False,True,1.0,0.8864098787307739,0.9972850147169083
chunk_1024,67,Animal Farm,What is the name of the pig who becomes the dictator after the rebellion?,Napoleon,Napoleon,Animal Farm | Animal Farm | Animal Farm,"His skull being put on revered public display recalls Lenin, whose embalmed body was left in indefinite repose. By the end of the book, the skull is reburied.
 Napoleon – ""A large, rather fierce-looking Berkshire boar, the only Berkshire on the farm, not much of a talker, but with a reputation for getting his own way"". An allegory of Joseph Stalin, Napoleon is the leader of Animal Farm.
 Snowball – Napoleon's rival and original head of the farm after Jones's overthrow. His life parallels that of",False,True,1.0,0.5093551874160767,0.9971881413366646
chunk_1024,68,Amphibian,How many living orders are in the subclass Lissamphibia?,"Three (Anura, Urodela, and Gymnophiona).","Based on the provided information, there is only one living order listed under the subclass Lissamphibia:

Order Sarcopterygii (lobe-finned fishes)

This includes the following families:
- Sarcopterygiidae (lungfishes)
- Dipnoidea (lungfishes)
- Ceratodus (platypuses)
- Protopterus (clawed catfishes)
- Amblyopsis (blind cavefishes)
- Amblystoma (bladder fishes)
- Amblydactylus (spotted catfishes)
- Amblydactylogyrus (slender catfishes)
- Amblydactylinus (long-spined catfishes)
- Amblydactylium (short",Actinopterygii | Actinopterygii | Actinopterygii,"1966)
 Order †Lycopteriformes Chang & Chou 1977
 Order Hiodontiformes McAllister 1968 sensu Taverne 1979 (mooneye and goldeye)
 Order Osteoglossiformes Regan 1909 sensu Zhang 2004 (bony-tongued fishes)
 Supercohort Clupeocephala Patterson & Rosen 1977 sensu Arratia 2010
Cohort Otomorpha Wiley & Johnson 2010 (Otocephala; Ostarioclupeomorpha)
 Subcohort Clupei Wiley & Johnson 2010 (Clupeomorpha Greenwood et al. 1966)
 Order †Ellimmichthyiformes Grande 1982
 Order Clupeiformes Bleeker 1859 (herring",False,False,0.0,0.01443173736333847,0.04050278663635254
chunk_1024,69,Amphibian,What secondary respiratory surface do some small terrestrial salamanders and frogs rely on entirely?,Their skin.,Some small terrestrial salamanders and frogs rely on cutaneous gas exchange entirely.,Amphibian | Amphibian | Amphibian,"The enzyme chitinase produced in the stomach helps digest the chitinous cuticle of arthropod prey.

Amphibians possess a pancreas, liver and gall bladder. The liver is usually large with two lobes. Its size is determined by its function as a glycogen and fat storage unit, and may change with the seasons as these reserves are built or used up. Adipose tissue is another important means of storing energy and this occurs in the abdomen (in internal structures called fat bodies), under the skin and, ",False,True,0.0,0.6153009533882141,1.7881393432617188e-05
chunk_1024,70,Alaska,What was Alaska's population as of 2020?,"736,081","As of 2020, Alaska's population was 733,391.",Alaska | Alaska | Alaska,"The climate of the interior of Alaska is subarctic. Some of the highest and lowest temperatures in Alaska occur around the area near Fairbanks. The summers may have temperatures reaching into the 90s °F (the low-to-mid 30s °C), while in the winter, the temperature can fall below . Precipitation is sparse in the Interior, often less than  a year, but what precipitation falls in the winter tends to stay the entire winter.

The highest and lowest recorded temperatures in Alaska are both in the Inte",False,True,0.0,0.869957447052002,2.4437904357910156e-05
chunk_1024,71,Alaska,What is the state capital of Alaska?,Juneau,The state capital of Alaska is Juneau.,Alaska | Alaska | Alaska,"Alaska ( ) is a non-contiguous U.S. state on the northwest extremity of North America. It borders British Columbia and Yukon in Canada to the east and it shares a western maritime border in the Bering Strait with Russia's Chukotka Autonomous Okrug. The Chukchi and Beaufort Seas of the Arctic Ocean lie to the north and the Pacific Ocean lies to the south. Technically a semi-exclave of the U.S., Alaska is the largest exclave in the world.

Alaska is the largest U.S. state by area, comprising more ",False,True,1.0,0.9559314250946045,3.719329833984375e-05
chunk_1024,72,Agriculture,What proportion of the world's farmland is operated by the largest one percent of farms?,more than 70 percent,About 70 percent of the world's farmland is operated by the largest one percent of farms.,Agriculture | Agriculture | Agriculture,"Agriculture encompasses crop and livestock production, aquaculture, fisheries and forestry for food and non-food products. Agriculture was the key development in the rise of sedentary human civilization, whereby farming of domesticated species created food surpluses that enabled people to live in cities. While humans started gathering grains at least 105,000 years ago, nascent farmers only began planting them around 11,500 years ago. Sheep, goats, pigs and cattle were domesticated around 10,000 ",False,True,0.5,0.9731667637825012,0.0004609823226928711
chunk_1024,73,Agriculture,Approximately how many years ago did nascent farmers begin planting grains?,"around 11,500 years ago","Nascent farmers began planting grains around 11,500 years ago.",Agriculture | Agriculture | Agriculture,"Sugarcane and some root vegetables were domesticated in New Guinea around 9,000 years ago. Sorghum was domesticated in the Sahel region of Africa by 7,000 years ago. Cotton was domesticated in Peru by 5,600 years ago, and was independently domesticated in Eurasia. In Mesoamerica, wild teosinte was bred into maize by 6,000 years ago. The horse was domesticated in the Eurasian Steppes around 3500 BC.
Scholars have offered multiple hypotheses to explain the historical origins of agriculture. Studie",False,True,1.0,0.9843785166740417,0.0013967156410217285
chunk_1024,74,Aldous Huxley,In which city did Aldous Huxley live from 1937 until his death?,Los Angeles,Los Angeles,Aldous Huxley | Aldous Huxley | Aldous Huxley,"Aldous Leonard Huxley ( ; 26 July 1894 – 22 November 1963) was an English writer and philosopher. His bibliography spans nearly 50 books, including novels and non-fiction works, as well as essays, narratives, and poems.

Born into the prominent Huxley family, he graduated from Balliol College, Oxford, with an undergraduate degree in English literature. Early in his career, he published short stories and poetry and edited the literary magazine Oxford Poetry, before going on to publish travel writ",False,True,1.0,0.6255233287811279,0.9404078088700771
chunk_1024,75,Aldous Huxley,How many times was Aldous Huxley nominated for the Nobel Prize in Literature?,nine times,Nine,Aldous Huxley | Aldous Huxley | Aldous Huxley,"Aldous Leonard Huxley ( ; 26 July 1894 – 22 November 1963) was an English writer and philosopher. His bibliography spans nearly 50 books, including novels and non-fiction works, as well as essays, narratives, and poems.

Born into the prominent Huxley family, he graduated from Balliol College, Oxford, with an undergraduate degree in English literature. Early in his career, he published short stories and poetry and edited the literary magazine Oxford Poetry, before going on to publish travel writ",False,True,0.5,0.3115348815917969,0.5898197293281555
chunk_1024,76,Ada,Which Ada is a town and municipality in Serbia?,"Ada, Serbia","Ada Ciganlija or Ada, a river island artificially turned into a peninsula in Belgrade, Serbia",Aalborg Municipality | Aalborg Municipality | Ada,"Kommunedata (Municipal Data)
 Municipal mergers and neighbors: Eniro map with named municipalities
 Aalborg in figures 2008, a publication from Aalborg Municipality.

External links

About Aalborg from Nordjyske Medier
Aalborg Municipality's official website
VisitAalborg (Aalborg Tourist Office)
Website for Aalborg Municipality's former Municipality Reformation Board
Public Transport in Aalborg and surroundings
Searchable map

 
Aalborg
Municipalities of the North Jutland Region
Municipalities o",False,True,1.0,0.9957114458084106,0.6351941227912903
chunk_1024,77,Ada,Ada County is located in which U.S. state?,Idaho,Ada County is located in the U.S. state of Idaho.,Alabama | Ada | Ada (programming language),"Alabama () is a state in the Southeastern region of the United States, bordered by Tennessee to the north; Georgia to the east; Florida and the Gulf of Mexico to the south; and Mississippi to the west. Alabama is the 30th largest by area and the 24th-most populous of the U.S. states.

Alabama is nicknamed the Yellowhammer State, after the state bird. Alabama is also known as the ""Heart of Dixie"" and the ""Cotton State"". The state tree is the longleaf pine, and the state flower is the camellia. Al",False,True,1.0,0.9817026853561401,1.1920928955078125e-05
chunk_1024,78,Aberdeen (disambiguation),"In which African country is Aberdeen, Eastern Cape located?",South Africa,"Aberdeen, Eastern Cape, South Africa is located in South Africa.",Aberdeen (disambiguation) | Angola | Aberdeenshire,"Aberdeen is a city in Scotland.

Aberdeen may also refer to:

Places

Africa 
 Aberdeen, Sierra Leone
 Aberdeen, Eastern Cape, South Africa

Asia

Hong Kong 
 Aberdeen, Hong Kong, an area and town on southwest Hong Kong Island
 Aberdeen Channel, a channel between Ap Lei Chau (Aberdeen Island) and Nam Long Shan on the Hong Kong Island in Hong Kong
 Aberdeen Country Park, a country park in Hong Kong Island
 Aberdeen floating village, at Aberdeen Harbour, containing approximately 600 junks, which h",False,True,1.0,0.922787070274353,2.4437904357910156e-05
chunk_1024,79,Aberdeen (disambiguation),What is the estimated number of people living in the junks of Aberdeen floating village?,"approximately 6,000 people","Approximately 6,000 people reside in the junks of Aberdeen Floating Village.",Aberdeenshire | Aberdeenshire | Aberdeen (disambiguation),"Aberdeenshire (; ) is one of the 32 council areas of Scotland.

It takes its name from the County of Aberdeen, which has substantially different boundaries. The Aberdeenshire Council area includes all of the area of the historic counties of Aberdeenshire and Kincardineshire (except the area making up Aberdeen City council area), as well as part of Banffshire. The county boundaries are officially used for a few purposes, namely land registration and lieutenancy.

Aberdeenshire Council is headquar",False,True,1.0,0.995186984539032,6.842613220214844e-05
chunk_1024,80,Algae,What term is used for algae that are carried by water?,Phytoplankton,"Plankton, specifically phytoplankton.",Algae | Algae | Algae,"Algae (, ; : alga ) is an informal term for a large and diverse group of photosynthetic, eukaryotic organisms. It is a polyphyletic grouping that includes species from multiple distinct clades. Included organisms range from unicellular microalgae, such as Chlorella, Prototheca and the diatoms, to multicellular forms, such as the giant kelp, a large brown alga which may grow up to  in length. Most are aquatic and lack many of the distinct cell and tissue types, such as stomata, xylem and phloem t",False,True,1.0,0.97977614402771,0.015424609184265137
chunk_1024,81,Algae,Which algae have secondary chloroplasts derived from an endosymbiotic red alga?,Diatoms and brown algae,Diatoms and brown algae are examples of algae with secondary chloroplasts derived from an endosymbiotic red alga.,Algae | Algae | Algae,"Algae (, ; : alga ) is an informal term for a large and diverse group of photosynthetic, eukaryotic organisms. It is a polyphyletic grouping that includes species from multiple distinct clades. Included organisms range from unicellular microalgae, such as Chlorella, Prototheca and the diatoms, to multicellular forms, such as the giant kelp, a large brown alga which may grow up to  in length. Most are aquatic and lack many of the distinct cell and tissue types, such as stomata, xylem and phloem t",False,True,1.0,0.9850003719329834,0.01643460988998413
chunk_1024,82,Analysis of variance,Who developed analysis of variance (ANOVA)?,Ronald Fisher,Ronald Fisher developed analysis of variance (ANOVA).,Analysis of variance | Analysis of variance | Analysis of variance,"Analysis of variance (ANOVA) is a collection of statistical models and their associated estimation procedures (such as the ""variation"" among and between groups) used to analyze the differences among means. ANOVA was developed by the statistician Ronald Fisher. ANOVA is based on the law of total variance, where the observed variance in a particular variable is partitioned into components attributable to different sources of variation. In its simplest form, ANOVA provides a statistical test of whe",False,True,1.0,0.9576511979103088,0.00021070241928100586
chunk_1024,83,Analysis of variance,On what law is ANOVA based?,the law of total variance,ANOVA is based on the law of total variance.,Analysis of variance | Analysis of variance | Analysis of variance,"Analysis of variance (ANOVA) is a collection of statistical models and their associated estimation procedures (such as the ""variation"" among and between groups) used to analyze the differences among means. ANOVA was developed by the statistician Ronald Fisher. ANOVA is based on the law of total variance, where the observed variance in a particular variable is partitioned into components attributable to different sources of variation. In its simplest form, ANOVA provides a statistical test of whe",False,True,1.0,0.9643153548240662,0.0005243420600891113
chunk_1024,84,Alkane,What type of carbon–carbon bonds are found in alkanes according to the passage?,All carbon–carbon bonds in alkanes are single bonds.,"According to the passage, alkanes consist of hydrogen and carbon atoms arranged in a tree structure in which all the carbon–carbon bonds are single.",Alkane | Alkane | Alkane,"In organic chemistry, an alkane, or paraffin (a historical trivial name that also has other meanings), is an acyclic saturated hydrocarbon. In other words, an alkane consists of hydrogen and carbon atoms arranged in a tree structure in which all the carbon–carbon bonds are single. Alkanes have the general chemical formula . The alkanes range in complexity from the simplest case of methane (), where n = 1 (sometimes called the parent molecule), to arbitrarily large and complex molecules, like pen",False,True,1.0,0.9929753541946411,0.0022783875465393066
chunk_1024,85,Alkane,"According to the passage, what hybridization do carbon atoms have in an alkane?",Each carbon atom in an alkane is sp3‑hybridized.,Carbon atoms in an alkane have sp³ hybridization.,Alkane | Alkane | Alkane,"In organic chemistry, an alkane, or paraffin (a historical trivial name that also has other meanings), is an acyclic saturated hydrocarbon. In other words, an alkane consists of hydrogen and carbon atoms arranged in a tree structure in which all the carbon–carbon bonds are single. Alkanes have the general chemical formula . The alkanes range in complexity from the simplest case of methane (), where n = 1 (sometimes called the parent molecule), to arbitrarily large and complex molecules, like pen",False,True,0.3333333333333333,0.975700318813324,9.059906005859375e-06
chunk_1024,86,Appellate procedure in the United States,"According to the passage, what is the purpose of filing a petition for review in most appeals?",To overturn the lower court's decision.,"According to the passage, the purpose of filing a petition for review in most appeals is to overturn the lower court's decision.",Appellate procedure in the United States | Appellate court | Appellate procedure in the United States,"United States appellate procedure involves the rules and regulations for filing appeals in state courts and federal courts. The nature of an appeal can vary greatly depending on the type of case and the rules of the court in the jurisdiction where the case was prosecuted. There are many types of standard of review for appeals, such as de novo and abuse of discretion. However, most appeals begin when a party files a petition for review to a higher court for the purpose of overturning the lower co",False,True,1.0,0.9560881853103638,0.0004381537437438965
chunk_1024,87,Appellate procedure in the United States,What alternative names for appellate courts are mentioned in the passage?,"Appeals courts, courts of appeals, superior courts, or supreme courts.","Appeals courts, courts of appeals, superior courts, or supreme courts.",Appellate court | Appellate procedure in the United States | Appellate procedure in the United States,"An appellate court, commonly called a court of appeal(s), appeal court, court of second instance or second instance court, is any court of law that is empowered to hear an appeal of a trial court or other lower tribunal. In much of the world, court systems are divided into at least three levels: the trial court, which initially hears cases and reviews evidence and testimony to determine the facts of the case; at least one intermediate appellate court; and a supreme court (or court of last resort",False,True,1.0,0.9750131964683533,0.04393655061721802
chunk_1024,88,Appellate court,What alternative names for an appellate court are given in the passage?,"court of appeal(s), appeal court, court of second instance or second instance court","Appeal court, court of second instance, second instance court, court of appeal(s), court of last resort, supreme court.",Appellate court | Appellate procedure in the United States | Appellate procedure in the United States,"An appellate court, commonly called a court of appeal(s), appeal court, court of second instance or second instance court, is any court of law that is empowered to hear an appeal of a trial court or other lower tribunal. In much of the world, court systems are divided into at least three levels: the trial court, which initially hears cases and reviews evidence and testimony to determine the facts of the case; at least one intermediate appellate court; and a supreme court (or court of last resort",False,True,1.0,0.957650899887085,0.2886694073677063
chunk_1024,89,Appellate court,"According to the passage, how does an appellate court review an issue of fact?",It generally looks for clear error and gives deference to the trial court's findings.,"According to the passage, an appellate court reviews an issue of fact by giving deference to the trial court's findings.",Appellate court | Appellate procedure in the United States | Appellate procedure in the United States,"An appellate court, commonly called a court of appeal(s), appeal court, court of second instance or second instance court, is any court of law that is empowered to hear an appeal of a trial court or other lower tribunal. In much of the world, court systems are divided into at least three levels: the trial court, which initially hears cases and reviews evidence and testimony to determine the facts of the case; at least one intermediate appellate court; and a supreme court (or court of last resort",False,True,0.5,0.9520720839500427,0.005730271339416504
chunk_1024,90,Arraignment,Who reads out the indictment during arraignment in Australia?,The clerk of the court reads out the indictment.,"During arraignment in Australia, the clerk of the court reads out the indictment.",Arraignment | Affidavit | Arraignment,"Arraignment is a formal reading of a criminal charging document in the presence of the defendant, to inform them of the charges against them. In response to arraignment, in some jurisdictions, the accused is expected to enter a plea; in other jurisdictions, no plea is required. Acceptable pleas vary among jurisdictions, but they generally include guilty, not guilty, and the peremptory pleas, or pleas in bar, setting out reasons why a trial cannot proceed. Pleas of nolo contendere ('no contest') ",False,True,1.0,0.9790274500846863,0.005301952362060547
chunk_1024,91,Arraignment,"In British Columbia, what pleas are the defendant asked to enter for each charge during arraignment?",The defendant is asked whether they plead guilty or not guilty.,"During arraignment in British Columbia, the defendant is asked whether they plead guilty or not guilty to each charge.",Arraignment | Arraignment | Appellate procedure in the United States,"Arraignment is a formal reading of a criminal charging document in the presence of the defendant, to inform them of the charges against them. In response to arraignment, in some jurisdictions, the accused is expected to enter a plea; in other jurisdictions, no plea is required. Acceptable pleas vary among jurisdictions, but they generally include guilty, not guilty, and the peremptory pleas, or pleas in bar, setting out reasons why a trial cannot proceed. Pleas of nolo contendere ('no contest') ",False,True,1.0,0.9714926481246948,0.06153672933578491
chunk_1024,92,America the Beautiful,"Who wrote the lyrics for ""America the Beautiful""?",Katharine Lee Bates,"Katharine Lee Bates wrote the lyrics for ""America the Beautiful.""",America the Beautiful | America the Beautiful | An American in Paris,"""America the Beautiful"" is a patriotic American song. Its lyrics were written by Katharine Lee Bates and its music was composed by church organist and choirmaster Samuel A. Ward at Grace Episcopal Church in Newark, New Jersey. The two never met.

Bates wrote the words as a poem, originally entitled ""Pikes Peak"". It was first published in the Fourth of July 1895 edition of the church periodical, The Congregationalist. At that time, the poem was entitled ""America"".

Ward had initially composed the",False,True,1.0,0.8710538148880005,6.866455078125e-05
chunk_1024,93,America the Beautiful,"In what year was the combination of Ward's melody and Bates's poem first entitled ""America the Beautiful""?",1910,"The combination of Ward's melody and Bates's poem was first entitled ""America the Beautiful"" in 1910.",America the Beautiful | Allen Ginsberg | America the Beautiful,"""America the Beautiful"" is a patriotic American song. Its lyrics were written by Katharine Lee Bates and its music was composed by church organist and choirmaster Samuel A. Ward at Grace Episcopal Church in Newark, New Jersey. The two never met.

Bates wrote the words as a poem, originally entitled ""Pikes Peak"". It was first published in the Fourth of July 1895 edition of the church periodical, The Congregationalist. At that time, the poem was entitled ""America"".

Ward had initially composed the",False,True,1.0,0.9319579005241394,0.00011372566223144531
chunk_1024,94,Assistive technology,What activities are listed as examples of activities of daily living (ADLs) in the passage?,"toileting, mobility (ambulation), eating, bathing, dressing, grooming, and personal device care.","Toileting, mobility (ambulation), eating, bathing, dressing, grooming, and personal device care.",Adventure | Assistive technology | Aarhus,"An adventure is an exciting experience or undertaking that is typically bold, sometimes risky. Adventures may be activities with danger such as traveling, exploring, skydiving, mountain climbing, scuba diving, river rafting, or other extreme sports. Adventures are often undertaken to create psychological arousal or in order to achieve a greater goal, such as the pursuit of knowledge that can only be obtained by such activities.

Motivation
Adventurous experiences create psychological arousal, wh",False,True,1.0,0.9868156313896179,0.7291342318058014
chunk_1024,95,Assistive technology,What assistive technology does the passage say students who have challenges writing or keyboarding can use?,voice recognition software.,Students who have challenges writing or keyboarding can use voice recognition software instead.,Assistive technology | Assistive technology | Assistive technology,"More complex assistive technology devices have been developed over time, and as a result, sports for people with disabilities ""have changed from being a clinical therapeutic tool to an increasingly competition-oriented activity"".

In education
In the United States there are two major pieces of legislation that govern the use of assistive technology within the school system. The first is Section 504 of the Rehabilitation Act of 1973 and the second being the Individuals with Disabilities Education",False,True,1.0,0.9840182662010193,0.00015294551849365234
chunk_1024,96,Abacus,What is another name for the abacus mentioned in the passage?,a counting frame,Another name for the abacus mentioned in the passage is counting frame.,Abacus | Apollo | Afterlife,"The abacus (: abaci or abacuses), also called a counting frame, is a hand-operated calculating tool of unknown origin used since ancient times in the ancient Near East, Europe, China, and Russia, millennia before the adoption of the Hindu-Arabic numeral system.

The abacus consists of a two-dimensional array of slidable beads (or similar objects). In their earliest designs, the beads could be loose on a flat surface or sliding in grooves. Later the beads were made to slide on rods and built into",False,True,1.0,0.9523212313652039,5.602836608886719e-05
chunk_1024,97,Abacus,"In Roman and East Asian abacuses, what does the top deck represent?",fives,"In Roman and East Asian abacuses, the top deck represents fives.",Abacus | Abacus | Abacus,"The abacus (: abaci or abacuses), also called a counting frame, is a hand-operated calculating tool of unknown origin used since ancient times in the ancient Near East, Europe, China, and Russia, millennia before the adoption of the Hindu-Arabic numeral system.

The abacus consists of a two-dimensional array of slidable beads (or similar objects). In their earliest designs, the beads could be loose on a flat surface or sliding in grooves. Later the beads were made to slide on rods and built into",False,True,1.0,0.955946147441864,3.933906555175781e-05
chunk_1024,98,Acid,What are the two categories of acids described in the passage?,Brønsted–Lowry acids (proton donors) and Lewis acids (which form a covalent bond with an electron pair).,"The two categories of acids described in the passage are:

1. **Brønsted–Lowry Acids**: These are molecules or ions that can donate a proton (H+). They are further divided into Arrhenius acids, which increase the concentration of H+ ions in water, and strong acids and some concentrated weak acids that are corrosive.

2. **Lewis Acids**: These form a covalent bond with an electron pair. An example given is boron trifluoride (BF3), where the boron atom has a vacant orbital that can form a covalent bond by sharing a lone pair of electrons on an atom in a base, such as the nitrogen atom in ammonia (NH3).

Both types of acids are discussed in detail, with emphasis on their",Acid | Acid | Amino acid,"An acid is a molecule or ion capable of either donating a proton (i.e. hydrogen ion, H+), known as a Brønsted–Lowry acid, or forming a covalent bond with an electron pair, known as a Lewis acid.

The first category of acids are the proton donors, or Brønsted–Lowry acids. In the special case of aqueous solutions, proton donors form the hydronium ion H3O+ and are known as Arrhenius acids. Brønsted and Lowry generalized the Arrhenius theory to include non-aqueous solvents. A Brønsted or Arrhenius a",False,True,0.9166666666666666,0.9114001393318176,0.009485721588134766
chunk_1024,99,Acid,"According to the passage, what pH value characterizes an aqueous solution of an acid?",A pH less than 7.,"According to the passage, an aqueous solution of an acid has a pH less than 7.",Acid | Acid | Acid,"An acid is a molecule or ion capable of either donating a proton (i.e. hydrogen ion, H+), known as a Brønsted–Lowry acid, or forming a covalent bond with an electron pair, known as a Lewis acid.

The first category of acids are the proton donors, or Brønsted–Lowry acids. In the special case of aqueous solutions, proton donors form the hydronium ion H3O+ and are known as Arrhenius acids. Brønsted and Lowry generalized the Arrhenius theory to include non-aqueous solvents. A Brønsted or Arrhenius a",False,True,1.0,0.9700788855552673,0.0009326338768005371
chunk_1024,100,Bitumen,What is the largest natural deposit of bitumen in the world and how much is it estimated to contain?,"The Pitch Lake of southwest Trinidad, estimated to contain 10 million tons.","The largest natural deposit of bitumen in the world is the Pitch Lake of southwest Trinidad and Tobago, which is estimated to contain approximately 10 million tons.",Bitumen | Bitumen | Bitumen,"Bitumen (, ) is an immensely viscous constituent of petroleum. Depending on its exact composition it can be a sticky, black liquid or an apparently solid mass that behaves as a liquid over very large time scales. In the U.S., the material is commonly referred to as asphalt. Whether found in natural deposits or refined from petroleum, the substance is classed as a pitch. Prior to the 20th century the term asphaltum was in general use. The word derives from the ancient Greek ἄσφαλτος ásphaltos, wh",False,True,1.0,0.9808336496353149,0.0012136101722717285
chunk_1024,101,Bitumen,What percentage of annual bitumen production is destined for road construction?,70%,70% of annual bitumen production is destined for road construction.,Bitumen | Bitumen | Bitumen,"Bitumen (, ) is an immensely viscous constituent of petroleum. Depending on its exact composition it can be a sticky, black liquid or an apparently solid mass that behaves as a liquid over very large time scales. In the U.S., the material is commonly referred to as asphalt. Whether found in natural deposits or refined from petroleum, the substance is classed as a pitch. Prior to the 20th century the term asphaltum was in general use. The word derives from the ancient Greek ἄσφαλτος ásphaltos, wh",False,True,1.0,0.9880610704421997,7.784366607666016e-05
chunk_1024,102,American National Standards Institute,Where are the headquarters of the American National Standards Institute (ANSI) located?,"Washington, D.C.","The headquarters of the American National Standards Institute (ANSI) are in Washington, D.C.",American National Standards Institute | American National Standards Institute | American National Standards Institute,"The American National Standards Institute (ANSI  ) is a private nonprofit organization that oversees the development of voluntary consensus standards for products, services, processes, systems, and personnel in the United States. The organization also coordinates U.S. standards with international standards so that American products can be used worldwide.

ANSI accredits standards that are developed by representatives of other standards organizations, government agencies, consumer groups, compani",False,True,1.0,0.9577467441558838,0.0018858909606933594
chunk_1024,103,American National Standards Institute,What sources fund the ANSI annual operating budget?,"The sale of publications, membership dues and fees, accreditation services, fee-based programs, and international standards programs.","The American National Standards Institute (ANSI) annually operates its budget through several funding sources, including:

1. **Publication Sales**: The organization sells books, journals, and other publications related to standards and quality management.

2. **Membership Dues and Fees**: Members pay regular fees to support the organization's operations.

3. **Accreditation Services**: Fees charged for certifying organizations according to international standards.

4. **Fee-Based Programs**: Charges for certain programs and services offered by ANSI.

5. **International Standards Programs**: Costs associated with promoting U.S. standards globally and participating in international standards organizations.

These funds help sustain the work of ANSI in overseeing the development and use of voluntary consensus standards in the United States.",American National Standards Institute | American National Standards Institute | American National Standards Institute,"The American National Standards Institute (ANSI  ) is a private nonprofit organization that oversees the development of voluntary consensus standards for products, services, processes, systems, and personnel in the United States. The organization also coordinates U.S. standards with international standards so that American products can be used worldwide.

ANSI accredits standards that are developed by representatives of other standards organizations, government agencies, consumer groups, compani",False,True,0.9166666666666666,0.18572483956813812,0.06884986162185669
chunk_1024,104,Apollo 11,When did the Apollo 11 Lunar Module Eagle land on the Moon?,"July 20, 1969, at 20:17 UTC.","July 20, 1969",Apollo 11 | Apollo 8 | Apollo 11,"Apollo 11 (July 16–24, 1969) was the American spaceflight that first landed humans on the Moon. Commander Neil Armstrong and Lunar Module Pilot Buzz Aldrin landed the Apollo Lunar Module Eagle on July 20, 1969, at 20:17 UTC, and Armstrong became the first person to step onto the Moon's surface six hours and 39 minutes later, on July 21 at 02:56 UTC. Aldrin joined him 19 minutes later, and they spent about two and a quarter hours together exploring the site they had named Tranquility Base upon la",False,True,0.6,0.88801509141922,0.9989453757880256
chunk_1024,105,Apollo 11,How long were Armstrong and Aldrin on the Moon's surface before lifting off to rejoin Columbia?,"21 hours, 36 minutes.","21 hours, 36 minutes",Apollo 11 | Apollo 11 | Apollo 11,"Apollo 11 (July 16–24, 1969) was the American spaceflight that first landed humans on the Moon. Commander Neil Armstrong and Lunar Module Pilot Buzz Aldrin landed the Apollo Lunar Module Eagle on July 20, 1969, at 20:17 UTC, and Armstrong became the first person to step onto the Moon's surface six hours and 39 minutes later, on July 21 at 02:56 UTC. Aldrin joined him 19 minutes later, and they spent about two and a quarter hours together exploring the site they had named Tranquility Base upon la",False,True,1.0,0.9031914472579956,0.8604864180088043
chunk_1024,106,Apollo 8,On what dates did Apollo 8 take place?,"December 21–27, 1968","Apollo 8 took place on December 21–27, 1968.",Apollo 8 | Apollo 8 | Apollo 8,"Apollo 8 (December 21–27, 1968) was the first crewed spacecraft to leave low Earth orbit and the first human spaceflight to reach the Moon. The crew orbited the Moon ten times without landing, and then departed safely back to Earth. These three astronauts—Frank Borman, James Lovell, and William Anders—were the first humans to witness and photograph the far side of the Moon and an Earthrise.

Apollo 8 launched on December 21, 1968, and was the second crewed spaceflight mission flown in the United",False,True,1.0,0.9852842688560486,9.572505950927734e-05
chunk_1024,107,Apollo 8,How many times did the Apollo 8 crew orbit the Moon?,ten times,The Apollo 8 crew orbited the Moon ten times.,Apollo 8 | Apollo 8 | Apollo 8,"Apollo 8 (December 21–27, 1968) was the first crewed spacecraft to leave low Earth orbit and the first human spaceflight to reach the Moon. The crew orbited the Moon ten times without landing, and then departed safely back to Earth. These three astronauts—Frank Borman, James Lovell, and William Anders—were the first humans to witness and photograph the far side of the Moon and an Earthrise.

Apollo 8 launched on December 21, 1968, and was the second crewed spaceflight mission flown in the United",False,True,1.0,0.9812941551208496,1.0132789611816406e-05
chunk_1024,108,Astronaut,What term is typically used for astronauts fielded by Russia or the Soviet Union?,cosmonauts,The term typically used for astronauts fielded by Russia or the Soviet Union is cosmonaut.,Astronaut | Astronaut | Astronaut,"An early use of ""astronaut"" in a non-fiction publication is Eric Frank Russell's poem ""The Astronaut"", appearing in the November 1934 Bulletin of the British Interplanetary Society.

The first known formal use of the term astronautics in the scientific community was the establishment of the annual International Astronautical Congress in 1950, and the subsequent founding of the International Astronautical Federation the following year.

NASA applies the term astronaut to any crew member aboard NA",False,True,0.0,0.9868812561035156,2.3603439331054688e-05
chunk_1024,109,Astronaut,How many astronauts have flown in space since 1961?,600 astronauts,600 astronauts have flown in space since 1961.,Astronaut | Astronaut | Apollo 8,"An astronaut (from the Ancient Greek  (), meaning 'star', and  (), meaning 'sailor') is a person trained, equipped, and deployed by a human spaceflight program to serve as a commander or crew member aboard a spacecraft. Although generally reserved for professional space travelers, the term is sometimes applied to anyone who travels into space, including scientists, politicians, journalists, and tourists.

""Astronaut"" technically applies to all human space travelers regardless of nationality. How",False,True,1.0,0.9714402556419373,2.2292137145996094e-05
chunk_1024,110,A Modest Proposal,"In what year was ""A Modest Proposal"" written and published anonymously by Jonathan Swift?",1729.,"""A Modest Proposal"" was written and published anonymously by Jonathan Swift in 1729.",A Modest Proposal | A Modest Proposal | A Modest Proposal,"A Modest Proposal For preventing the Children of Poor People From being a Burthen to Their Parents or Country, and For making them Beneficial to the Publick, commonly referred to as A Modest Proposal, is a Juvenalian satirical essay written and published anonymously by Jonathan Swift in 1729.

The essay suggests that the impoverished Irish might ease their economic troubles by selling their children as food to rich gentlemen and ladies. This satirical hyperbole mocked heartless attitudes towards",False,True,1.0,0.968176007270813,6.67572021484375e-06
chunk_1024,111,A Modest Proposal,"According to the passage, what does the phrase ""a modest proposal"" allude to in English writing?",It is now conventionally an allusion to this style of straight-faced satire.,"According to the passage, the phrase ""a modest proposal"" alludes to Jonathan Swift's satirical essay ""A Modest Proposal.""",A Modest Proposal | A Modest Proposal | A Modest Proposal,"A Modest Proposal For preventing the Children of Poor People From being a Burthen to Their Parents or Country, and For making them Beneficial to the Publick, commonly referred to as A Modest Proposal, is a Juvenalian satirical essay written and published anonymously by Jonathan Swift in 1729.

The essay suggests that the impoverished Irish might ease their economic troubles by selling their children as food to rich gentlemen and ladies. This satirical hyperbole mocked heartless attitudes towards",False,True,0.0,0.973565936088562,0.0018602609634399414
chunk_1024,112,Alkali metal,Which chemical elements are listed as the alkali metals in the passage?,"Lithium (Li), sodium (Na), potassium (K), rubidium (Rb), caesium (Cs), and francium (Fr).","The alkali metals listed in the passage are:

- Lithium (Li)
- Sodium (Na)
- Potassium (K)
- Rubidium (Rb)
- Cesium (Cs)
- Francium (Fr)

These elements are described as belonging to the chemical series called the alkali metals, which includes the elements with the highest positive charges among the main-group elements.",Alkali metal | Alkali metal | Alkali metal,"The alkali metals consist of the chemical elements lithium (Li), sodium (Na), potassium (K), rubidium (Rb), caesium (Cs), and francium (Fr). Together with hydrogen they constitute group 1, which lies in the s-block of the periodic table. All alkali metals have their outermost electron in an s-orbital: this shared electron configuration results in their having very similar characteristic properties. Indeed, the alkali metals provide the best example of group trends in properties in the periodic t",False,True,0.9166666666666666,0.450880229473114,0.06626647710800171
chunk_1024,113,Alkali metal,What is the charge on the cations formed when alkali metals lose their outermost electron?,+1,The charge on the cations formed when alkali metals lose their outermost electron is +1.,Alkali metal | Alkali metal | Alkali metal,"In general, their densities increase when moving down the table, with the exception that potassium is less dense than sodium.

Atomic and ionic radii 

The atomic radii of the alkali metals increase going down the group. Because of the shielding effect, when an atom has more than one electron shell, each electron feels electric repulsion from the other electrons as well as electric attraction from the nucleus. In the alkali metals, the outermost electron only feels a net charge of +1, as some of",False,True,1.0,0.9372509717941284,0.0023140907287597656
chunk_1024,114,Alphabet,Which script is identified in the passage as the first fully phonemic alphabet and the ancestor of most modern alphabets?,the Proto-Sinaitic script,The passage identifies the Proto-Sinaitic script as the first fully phonemic alphabet and the ancestor of most modern alphabets.,Alphabet | Alphabet | Alphabet,"An alphabet is a standardized set of basic written graphemes (called letters) representing phonemes, units of sounds that distinguish words, of certain spoken languages. Not all writing systems represent language in this way; in a syllabary, each character represents a syllable, and logographic systems use characters to represent words, morphemes, or other semantic units.

The Egyptians have created the first alphabet in a technical sense. The short uniliteral signs are used to write pronunciati",False,True,1.0,0.9768368601799011,0.00027376413345336914
chunk_1024,115,Alphabet,Name three modern alphabets that the passage says descended from the Phoenician alphabet.,"Arabic, Greek, Latin","Based on the information provided in the context, here are three modern alphabets that descend from the Phoenician alphabet:

1. Modern Hebrew alphabet
2. Arabic alphabet
3. Latin alphabet",Alphabet | Alphabet | Aramaic alphabet,"Abjads have letters for consonants and leave most vowels unexpressed. Abugidas are also consonant-based but indicate vowels with diacritics, a systematic graphic modification of the consonants. The earliest known alphabet using this sense is the Wadi el-Hol script, believed to be an abjad. Its successor, Phoenician, is the ancestor of modern alphabets, including Arabic, Greek, Latin (via the Old Italic alphabet), Cyrillic (via the Greek alphabet), and Hebrew (via Aramaic).

Examples of present-d",False,True,0.6666666666666666,0.4728826582431793,0.05170166492462158
chunk_1024,116,Atomic number,What does the atomic number (symbol Z) equal for ordinary nuclei composed of protons and neutrons?,"It equals the proton number (np), the number of protons found in the nucleus of every atom of that element.",The atomic number (symbol Z) equals the proton number (np) or the number of protons found in the nucleus of every atom of that element for ordinary nuclei composed of protons and neutrons.,Atomic number | Atom | Atom,"The atomic number or nuclear charge number (symbol Z) of a chemical element is the charge number of an atomic nucleus. For ordinary nuclei composed of protons and neutrons, this is equal to the proton number (np) or the number of protons found in the nucleus of every atom of that element. The atomic number can be used to uniquely identify ordinary chemical elements. In an ordinary uncharged atom, the atomic number is also equal to the number of electrons.

For an ordinary atom which contains pro",False,True,1.0,0.9800856709480286,0.03986251354217529
chunk_1024,117,Atomic number,"In an ordinary uncharged atom, what is the atomic number equal to?",It is also equal to the number of electrons.,"In an ordinary uncharged atom, the atomic number is equal to the number of protons found in the nucleus of every atom of that element.",Atomic number | Atom | Atom,"The atomic number or nuclear charge number (symbol Z) of a chemical element is the charge number of an atomic nucleus. For ordinary nuclei composed of protons and neutrons, this is equal to the proton number (np) or the number of protons found in the nucleus of every atom of that element. The atomic number can be used to uniquely identify ordinary chemical elements. In an ordinary uncharged atom, the atomic number is also equal to the number of electrons.

For an ordinary atom which contains pro",False,True,0.5,0.962372899055481,0.010776758193969727
chunk_1024,118,Anatomy,Into what two parts is the discipline of anatomy divided?,macroscopic and microscopic parts.,The discipline of anatomy is divided into macroscopic and microscopic parts.,Anatomy | Anatomy | Anatomy,"Anatomy () is the branch of biology concerned with the study of the structure of organisms and their parts. Anatomy is a branch of natural science that deals with the structural organization of living things. It is an old science, having its beginnings in prehistoric times. Anatomy is inherently tied to developmental biology, embryology, comparative anatomy, evolutionary biology, and phylogeny, as these are the processes by which anatomy is generated, both over immediate and long-term timescales",False,True,1.0,0.9784748554229736,0.0003420114517211914
chunk_1024,119,Anatomy,Which advanced imaging techniques have recently increased in use for visualizing the body's structures?,MRI and CT scans.,Advanced imaging techniques like MRI (magnetic resonance imaging) and CT (computed tomography) scans have recently increased in use for visualizing the body's structures.,Anatomy | Anatomy | Amateur astronomy,"Anatomy () is the branch of biology concerned with the study of the structure of organisms and their parts. Anatomy is a branch of natural science that deals with the structural organization of living things. It is an old science, having its beginnings in prehistoric times. Anatomy is inherently tied to developmental biology, embryology, comparative anatomy, evolutionary biology, and phylogeny, as these are the processes by which anatomy is generated, both over immediate and long-term timescales",False,True,1.0,0.9417309761047363,0.006475687026977539
chunk_1024,120,Andrei Tarkovsky,When did Andrei Tarkovsky die?,29 December 1986,Andrei Tarkovsky died in 1986.,Andrei Tarkovsky | Andrei Tarkovsky | Andrei Tarkovsky,"Andrei Arsenyevich Tarkovsky (; 4 April 1932 – 29 December 1986) was a Russian film director and screenwriter. Widely considered one of the greatest and most influential directors in cinema history, Tarkovsky's films explore spiritual and metaphysical themes, and are noted for their slow pacing and long takes, dreamlike visual imagery, and preoccupation with nature and memory.

Tarkovsky studied film at Moscow's VGIK under filmmaker Mikhail Romm, and subsequently directed his first five features",False,True,0.3333333333333333,0.8413589000701904,7.62939453125e-06
chunk_1024,121,Andrei Tarkovsky,Which of Tarkovsky's films earned him the Golden Lion at the Venice Film Festival?,Ivan's Childhood,"I apologize, but the given text does not provide information about which of Tarkovsky's films earned him the Golden Lion at the Venice Film Festival. The passage mentions that Tarkovsky won the Golden Lion for his debut film, Ivan's Childhood, but does not specify which of his other films earned him the same honor at the Venice Film Festival.",Andrei Tarkovsky | Andrei Tarkovsky | Andrei Tarkovsky,"Andrei Arsenyevich Tarkovsky (; 4 April 1932 – 29 December 1986) was a Russian film director and screenwriter. Widely considered one of the greatest and most influential directors in cinema history, Tarkovsky's films explore spiritual and metaphysical themes, and are noted for their slow pacing and long takes, dreamlike visual imagery, and preoccupation with nature and memory.

Tarkovsky studied film at Moscow's VGIK under filmmaker Mikhail Romm, and subsequently directed his first five features",False,True,1.0,0.7918545007705688,0.15713685750961304
chunk_1024,122,Abel,Who killed Abel according to the passage?,Cain,Cain killed Abel out of jealousy.,Abel | Alexander the Great | Alexander the Great,"Abel is a Biblical figure in the Book of Genesis within Abrahamic religions. He was the younger brother of Cain, and the younger son of Adam and Eve, the first couple in Biblical history. He was a shepherd who offered his firstborn flock up to God as an offering. God accepted his offering but not his brother's. Cain then killed Abel out of jealousy. 

According to Genesis, this was the first murder in the history of mankind.

Life and death

Interpretations

Jewish and Christian interpretations
",False,True,1.0,0.9835346341133118,0.001026153564453125
chunk_1024,123,Abel,What was Abel's occupation?,He was a shepherd,Abel was a shepherd.,Abel | Abel | Artist,"Abel is a Biblical figure in the Book of Genesis within Abrahamic religions. He was the younger brother of Cain, and the younger son of Adam and Eve, the first couple in Biblical history. He was a shepherd who offered his firstborn flock up to God as an offering. God accepted his offering but not his brother's. Cain then killed Abel out of jealousy. 

According to Genesis, this was the first murder in the history of mankind.

Life and death

Interpretations

Jewish and Christian interpretations
",False,True,0.5,0.9905320405960083,9.465217590332031e-05
chunk_1024,124,Animal (disambiguation),What is the full title of the book listed under 'Books and publications'?,Animal: The Definitive Visual Guide to The World's WildLife,"The full title of the book listed under 'Books and publications' is ""Come, Tell Me How You Live"".",Agatha Christie | Alchemy | Augustin-Jean Fresnel,"By the publication of Giant's Bread, Christie had published 10 novels and two short story collections, all of which had sold considerably more than 30,000 copies.)  After Christie's authorship of the first four Westmacott novels was revealed by a journalist in 1949, she wrote two more, the last in 1956.

The other Westmacott titles are: Unfinished Portrait (1934), Absent in the Spring (1944), The Rose and the Yew Tree (1948), A Daughter's a Daughter (1952), and The Burden (1956).

Non-fiction wo",False,False,0.0,0.6208786368370056,2.872943878173828e-05
chunk_1024,125,Animal (disambiguation),Which American professional wrestler used the ring name 'Road Warrior Animal'?,Joseph Michael Laurinaitis,"Joseph Michael Laurinaitis, better known as the Ring Name ""Road Warrior Animal,"" was an American professional wrestler.",Animal (disambiguation) | Achilles | Andre Agassi,"An animal is a multicellular, eukaryotic organism of the kingdom Animalia or Metazoa.

Animal, Animals, or The Animal may also refer to:

People
 The Animal (nickname), a list of people nicknamed ""The Animal"" or ""Animal""
 Animal Hamaguchi, a ring name of Japanese retired professional wrestler Heigo Hamaguchi (born 1947)
 Road Warrior Animal or Animal, ring names of American professional wrestler Joseph Michael Laurinaitis (1960–2020)

Books and publications
 Animal (book), full title Animal: The",False,True,1.0,0.9102954268455505,0.0015547871589660645
chunk_1024,126,Aardwolf,What is the scientific name of the aardwolf?,Proteles cristatus,The scientific name of the aardwolf is Proteles cristatus.,Aardwolf | Aardvark | Aardvark,"The aardwolf (Proteles cristatus) is an insectivorous species of hyena, native to East and Southern Africa. Its name means ""earth-wolf"" in Afrikaans and Dutch. It is also called the maanhaar-jackal (Afrikaans for ""mane-jackal""), termite-eating hyena and civet hyena, based on its habit of secreting substances from its anal gland, a characteristic shared with the African civet.

Unlike many of its relatives in the order Carnivora, the aardwolf does not hunt large animals. It eats insects and their",False,True,1.0,0.9533851146697998,4.172325134277344e-06
chunk_1024,127,Aardwolf,How many termites can an aardwolf lap up during a single night?,"as many as 300,000 termites","An aardwolf can take up to 50,000 insects with its long, sticky tongue in one night.",Aardvark | Aardvark | Aardwolf,"Due to their stringent diet requirements, they require a large range to survive. An aardvark emerges from its burrow in the late afternoon or shortly after sunset, and forages over a considerable home range encompassing . While foraging for food, the aardvark will keep its nose to the ground and its ears pointed forward, which indicates that both smell and hearing are involved in the search for food. They zig-zag as they forage and will usually not repeat a route for 5–8 days as they appear to a",False,True,0.25,0.04063897207379341,0.031173348426818848
chunk_1024,128,Adobe,What two main components compose adobe as a building material?,Earth and organic materials.,"Adobe as a building material primarily consists of three main components:

1. Earth: This is the primary component, providing the bulk of the material.
2. Water: Added to the earth to facilitate mixing and molding.
3. Organic materials: Commonly straw or dung, these add strength and help the bricks dry evenly.

These components combine to form a composite material known as adobe, which is then shaped into bricks and used in construction.",Adobe | Adobe | Adobe,"Adobe ( ; ) is a building material made from earth and organic materials.  is Spanish for mudbrick. In some English-speaking regions of Spanish heritage, such as the Southwestern United States, the term is used to refer to any kind of earthen construction, or various architectural styles like Pueblo Revival or Territorial Revival. Most adobe buildings are similar in appearance to cob and rammed earth buildings. Adobe is among the earliest building materials, and is used throughout the world.

Ad",False,True,1.0,0.2163342386484146,0.1521582007408142
chunk_1024,129,Adobe,To what time period has adobe architecture been dated?,"Before 5,100 B.C.","Adobe architecture has been dated to before 5,100 B.C.",Adobe | Adobe | Adobe,"Adobe ( ; ) is a building material made from earth and organic materials.  is Spanish for mudbrick. In some English-speaking regions of Spanish heritage, such as the Southwestern United States, the term is used to refer to any kind of earthen construction, or various architectural styles like Pueblo Revival or Territorial Revival. Most adobe buildings are similar in appearance to cob and rammed earth buildings. Adobe is among the earliest building materials, and is used throughout the world.

Ad",False,True,1.0,0.9773786067962646,0.008985459804534912
chunk_1024,130,Adventure,Which British adventurer is cited as using adventures to draw global sustainability lessons for schoolchildren?,Jason Lewis,Jason Lewis is cited as using adventures to draw global sustainability lessons for schoolchildren.,Adventure | Aldous Huxley | A. A. Milne,"An adventure is an exciting experience or undertaking that is typically bold, sometimes risky. Adventures may be activities with danger such as traveling, exploring, skydiving, mountain climbing, scuba diving, river rafting, or other extreme sports. Adventures are often undertaken to create psychological arousal or in order to achieve a greater goal, such as the pursuit of knowledge that can only be obtained by such activities.

Motivation
Adventurous experiences create psychological arousal, wh",False,True,1.0,0.9873122572898865,4.6253204345703125e-05
chunk_1024,131,Adventure,"According to the passage, what does adventure education intentionally use challenging experiences for?",learning,"According to the passage, adventure education intentionally uses challenging experiences for learning.",Adventure | Astronaut | Amber Diceless Roleplaying Game,"An adventure is an exciting experience or undertaking that is typically bold, sometimes risky. Adventures may be activities with danger such as traveling, exploring, skydiving, mountain climbing, scuba diving, river rafting, or other extreme sports. Adventures are often undertaken to create psychological arousal or in order to achieve a greater goal, such as the pursuit of knowledge that can only be obtained by such activities.

Motivation
Adventurous experiences create psychological arousal, wh",False,True,1.0,0.9916021227836609,7.963180541992188e-05
chunk_1024,132,Asia,What is the land area of Asia in square kilometers?,more than 44 million square kilometers,The land area of Asia is more than 44 million square kilometers.,Area | Asia | Asia,"This is equivalent to 6 million square millimetres. Other useful conversions are:
 1 square kilometre = 1,000,000 square metres
 1 square metre = 10,000 square centimetres = 1,000,000 square millimetres
 1 square centimetre = 100 square millimetres.

Non-metric units 
In non-metric units, the conversion between two square units is the square of the conversion between the corresponding length units.
1 foot = 12 inches,
the relationship between square feet and square inches is
1 square foot = 144 ",False,True,1.0,0.9804466962814331,0.0022127628326416016
chunk_1024,133,Asia,What proportion of the world's population lives in Asia?,roughly 60%,60%,Asia | Asia | Afghanistan,"Asia ( ,  ) is the largest continent in the world by both land area and population. It covers an area of more than 44 million square kilometers, about 30% of Earth's total land area and 8% of Earth's total surface area. The continent, which has long been home to the majority of the human population, was the site of many of the first civilizations. Its 4.7 billion people constitute roughly 60% of the world's population, having more people than all other continents combined.

Asia shares the landm",False,True,0.5,0.7451165914535522,0.873808279633522
chunk_1024,134,Aruba,What is the capital of Aruba?,Oranjestad,The capital of Aruba is Oranjestad.,Aruba | Aruba | Aruba,"Aruba ( ,  or , ), officially the Country of Aruba (; ), is a constituent country of the Kingdom of the Netherlands physically located in the mid-south of the Caribbean Sea, about  north of the Venezuelan peninsula of Paraguaná  and  northwest of Curaçao. It measures  long from its northwestern to its southeastern end and  across at its widest point. Together with Bonaire and Curaçao, Aruba forms a group referred to as the ABC islands. Collectively, these and the other three Dutch substantial is",False,True,1.0,0.9542881846427917,5.996227264404297e-05
chunk_1024,135,Aruba,In what year did Aruba become a constituent country within the Kingdom of the Netherlands?,1986,1986,Aruba | Aruba | Aruba,"Aruba ( ,  or , ), officially the Country of Aruba (; ), is a constituent country of the Kingdom of the Netherlands physically located in the mid-south of the Caribbean Sea, about  north of the Venezuelan peninsula of Paraguaná  and  northwest of Curaçao. It measures  long from its northwestern to its southeastern end and  across at its widest point. Together with Bonaire and Curaçao, Aruba forms a group referred to as the ABC islands. Collectively, these and the other three Dutch substantial is",False,True,1.0,0.7581002116203308,0.9980807625688612
chunk_1024,136,Articles of Confederation,On what date did the Articles of Confederation come into force?,"March 1, 1781","The Articles of Confederation came into force on March 1, 1781.",Articles of Confederation | Articles of Confederation | Articles of Confederation,"The Articles of Confederation and Perpetual Union was an agreement among the 13 states of the United States, formerly the Thirteen Colonies, that served as the nation's first frame of government. It was debated by the Second Continental Congress at Independence Hall in Philadelphia between July 1776 and November 1777, and finalized by the Congress on November 15, 1777. It came into force on March 1, 1781, after being ratified by all 13 colonial states. A guiding principle of the Articles was the",False,True,1.0,0.9658227562904358,0.00011110305786132812
chunk_1024,137,Articles of Confederation,Which body debated the Articles of Confederation at Independence Hall in Philadelphia?,the Second Continental Congress,The Second Continental Congress debated the Articles of Confederation at Independence Hall in Philadelphia.,Articles of Confederation | American Revolutionary War | Articles of Confederation,"The Articles of Confederation and Perpetual Union was an agreement among the 13 states of the United States, formerly the Thirteen Colonies, that served as the nation's first frame of government. It was debated by the Second Continental Congress at Independence Hall in Philadelphia between July 1776 and November 1777, and finalized by the Congress on November 15, 1777. It came into force on March 1, 1781, after being ratified by all 13 colonial states. A guiding principle of the Articles was the",False,True,1.0,0.9783912301063538,1.621246337890625e-05
chunk_1024,138,Atlantic Ocean,What percentage of Earth's surface does the Atlantic Ocean cover?,Approximately 17%.,The Atlantic Ocean covers approximately 17% of Earth's surface.,Atlantic Ocean | Atlantic Ocean | Atlantic Ocean,"The Atlantic Ocean is bounded on the west by North and South America. It connects to the Arctic Ocean through the Denmark Strait, Greenland Sea, Norwegian Sea and Barents Sea. To the east, the boundaries of the ocean proper are Europe: the Strait of Gibraltar (where it connects with the Mediterranean Seaone of its marginal seasand, in turn, the Black Sea, both of which also touch upon Asia) and Africa.

In the southeast, the Atlantic merges into the Indian Ocean. The 20° East meridian, running s",False,True,1.0,0.9879170060157776,0.00044423341751098633
chunk_1024,139,Atlantic Ocean,Which European powers are mentioned as colonizing the Americas after Columbus's expedition?,"Portugal, Spain, France, and the United Kingdom.","Portugal, Spain, France, and the United Kingdom are mentioned as colonizing the Americas after Columbus's expedition.",Atlantic Ocean | Atlantic Ocean | Aruba,"The Atlantic Ocean is the second-largest of the world's five oceans, with an area of about . It covers approximately 17% of Earth's surface and about 24% of its water surface area. It is known to separate the ""Old World"" of Africa, Europe, and Asia from the ""New World"" of the Americas in the European perception of the World.

Through its separation of Europe, Africa, and Asia from the Americas, the Atlantic Ocean has played a central role in the development of human society, globalization, and t",False,True,1.0,0.8995783925056458,0.00012290477752685547
chunk_1024,140,Arthur Schopenhauer,When was Arthur Schopenhauer born?,22 February 1788,Arthur Schopenhauer was born on 22 February 1788.,Arthur Schopenhauer | Arthur Schopenhauer | Arthur Schopenhauer,"Arthur Schopenhauer ( , ; 22 February 1788 – 21 September 1860) was a German philosopher. He is best known for his 1818 work The World as Will and Representation (expanded in 1844), which characterizes the phenomenal world as the manifestation of a blind and irrational noumenal will. Building on the transcendental idealism of Immanuel Kant (1724–1804), Schopenhauer developed an atheistic metaphysical and ethical system that rejected the contemporaneous ideas of German idealism. He was among the ",False,True,1.0,0.9391139149665833,7.987022399902344e-06
chunk_1024,141,Arthur Schopenhauer,What is the title of Schopenhauer's 1818 work?,The World as Will and Representation,"The title of Schopenhauer's 1818 work is ""The World as Will and Representation.""",Arthur Schopenhauer | Arthur Schopenhauer | Arthur Schopenhauer,"Arthur Schopenhauer ( , ; 22 February 1788 – 21 September 1860) was a German philosopher. He is best known for his 1818 work The World as Will and Representation (expanded in 1844), which characterizes the phenomenal world as the manifestation of a blind and irrational noumenal will. Building on the transcendental idealism of Immanuel Kant (1724–1804), Schopenhauer developed an atheistic metaphysical and ethical system that rejected the contemporaneous ideas of German idealism. He was among the ",False,True,1.0,0.967391312122345,5.066394805908203e-05
chunk_1024,142,Angola,What is the capital and most populous city of Angola?,Luanda,Luanda,Angola | Angola | Demographics of Angola,"Angola ( ; ; , ), officially the Republic of Angola (), is a country on the west-central coast of Southern Africa. It is the second-largest Lusophone (Portuguese-speaking) country in both total area and population (behind Brazil in both cases), and is the seventh-largest country in Africa. It is bordered by Namibia to the south, the Democratic Republic of the Congo to the north, Zambia to the east, and the Atlantic Ocean to the west. Angola has an exclave province, the province of Cabinda, that ",False,True,1.0,0.793134331703186,0.9809308424592018
chunk_1024,143,Angola,In what year did Angola achieve independence?,1975,1975,Angola | Economy of Angola | Economy of Angola,"Angola ( ; ; , ), officially the Republic of Angola (), is a country on the west-central coast of Southern Africa. It is the second-largest Lusophone (Portuguese-speaking) country in both total area and population (behind Brazil in both cases), and is the seventh-largest country in Africa. It is bordered by Namibia to the south, the Democratic Republic of the Congo to the north, Zambia to the east, and the Atlantic Ocean to the west. Angola has an exclave province, the province of Cabinda, that ",False,True,1.0,0.8838369846343994,0.9993081093998626
chunk_1024,144,Demographics of Angola,"According to the 2014 census, what was Angola's total population?","25,789,024 inhabitants","According to the 2014 census data provided in the context, Angola's total population was 25,789,024 inhabitants.",Demographics of Angola | Angola | Demographics of Angola,"Demographic features of the population of Angola include population density, ethnicity, education level, health of the populace, economic status, religious affiliations and other aspects.

According to 2014 census data, Angola had a population of 25,789,024 inhabitants in 2014.
Ethnically, there are three main groups, each speaking a Bantu language: the Ovimbundu who represent 37% of the population, the Ambundu with 25%, and the Bakongo 11%. Other numerically important groups include the closely",False,True,1.0,0.9846715331077576,0.0005357861518859863
chunk_1024,145,Demographics of Angola,"Which ethnic group represents the largest percentage of Angola's population, and what is that percentage?","The Ovimbundu, representing 37% of the population","The Ovimbundu ethnic group represents the largest percentage of Angola's population, accounting for 37% of the total population.",Angola | Demographics of Angola | Demographics of Angola,"The Ambundu and Ovimbundu ethnic groups combined form a majority of the population, at 62%. However, on 23 March 2016, official data revealed by Angola's National Statistic Institute – Instituto Nacional de Estatística (INE), states that Angola has a population of 25,789,024 inhabitants.

It is estimated that Angola was host to 12,100 refugees and 2,900 asylum seekers by the end of 2007. 11,400 of those refugees were originally from the Democratic Republic of Congo, who arrived in the 1970s.  th",False,True,0.75,0.7894939184188843,0.0006226897239685059
chunk_1024,146,Politics of Angola,How many parliamentarians are elected to Angola's National Assembly?,220,191,Politics of Angola | Politics of Angola | Angola,"In August 2022, the ruling party, MPLA, won another outright majority and President Joao Lourenco won a second five-year term in the election. However, the election was the tightest in Angola’s history.

Executive branch
The 2010 constitution grants the President almost absolute power. Elections for the National assembly are to take place every five years, and the President is automatically the leader of the winning party or coalition. It is for the President to appoint (and dismiss) all of the ",False,True,0.0,0.6000598073005676,0.5220346748828888
chunk_1024,147,Politics of Angola,Which two highest bodies of the judiciary have the majority of their members appointed by the President together with the parliament?,the Constitutional Court and the Supreme Court,"Based on the provided information, the two highest bodies of the judiciary that have the majority of their members appointed by the President together with the parliament are:

1. The Constitutional Court
2. The Supreme Court of Alabama

These two courts are described as having judges nominated by the President and confirmed by the Alabama Senate.",Andorra | Azerbaijan | Alabama,"After a motion of censure is approved by at least one-fifth of the councillors, the council will vote and if it receives the absolute majority of votes, the prime minister is removed.

Law and criminal justice

The judiciary is composed of the Magistrates Court, the Criminal Law Court, the High Court of Andorra, and the Constitutional Court. The High Court of Justice is composed of five judges: one appointed by the prime minister, one each by the co-princes, one by the Syndic General, and one by",False,False,1.0,0.018238725140690804,0.05330461263656616
chunk_1024,148,Economy of Angola,What was Angola's reported annual average GDP growth from 2001 to 2010?,11.1 percent,"According to the information provided, Angola's economy was one of the fastest-growing in the world during the first decade of the 21st century, with reported annual average GDP growth of 11.1 percent from 2001 to 2010.",Economy of Angola | Angola | Economy of Angola,"The economy of Angola remains heavily influenced by the effects of four decades of conflict in the last part of the 20th century, the war for independence from Portugal (1961–75) and the subsequent civil war (1975–2002). Despite extensive oil and gas resources, diamonds, hydroelectric potential, and rich agricultural land, Angola remains poor, and a third of the population relies on subsistence agriculture. Since 2002, when the 27-year civil war ended, government policy prioritized the repair an",False,True,1.0,0.8959587216377258,0.20173460245132446
chunk_1024,149,Economy of Angola,"In 2017, what percentage of Angola's government revenue was accounted for by the oil sector?",64 percent,"In 2017, the oil sector accounted for over 90 percent of Angola's exports by value and 64 percent of government revenue.",Economy of Angola | Economy of Angola | Angola,"Foreign trade

Exports in 2004 reached US$10,530,764,911. The vast majority of Angola's exports, 92% in 2004, are petroleum products. US$785 million worth of diamonds, 7.5% of exports, were sold abroad that year. Nearly all of Angola's oil goes to the United States,  in 2006, making it the eighth largest supplier of oil to the United States, and to China,  in 2006. In the first quarter of 2008, Angola became the main exporter of oil to China. The rest of its petroleum exports go to Europe and La",False,True,1.0,0.96413654088974,0.005609095096588135
chunk_1024,150,Angolan Armed Forces,Who has been the Chief of the General Staff of the Angolan Armed Forces since 2018?,António Egídio de Sousa Santos,António Egídio de Sousa Santos has been the Chief of the General Staff of the Angolan Armed Forces since 2018.,Angolan Armed Forces | Angola | Angola,"The Angolan Armed Forces () or FAA is the military of Angola. The FAA consist of the Angolan Army (), the Angolan Navy () and the National Air Force of Angola (). Reported total manpower in 2021 was about 107,000.  The FAA is headed by the Chief of the General Staff António Egídio de Sousa Santos since 2018, who reports to the minister of National Defense, currently João Ernesto dos Santos.

History

Roots 
The FAA succeeded to the previous People's Armed Forces for the Liberation of Angola (FAP",False,True,1.0,0.9316727519035339,0.0002835392951965332
chunk_1024,151,Angolan Armed Forces,On what date were the Angolan Armed Forces created?,9 October 1991,The Angolan Armed Forces were created on 9 October 1991.,Angolan Armed Forces | Economy of Angola | Angola,"The Angolan Armed Forces () or FAA is the military of Angola. The FAA consist of the Angolan Army (), the Angolan Navy () and the National Air Force of Angola (). Reported total manpower in 2021 was about 107,000.  The FAA is headed by the Chief of the General Staff António Egídio de Sousa Santos since 2018, who reports to the minister of National Defense, currently João Ernesto dos Santos.

History

Roots 
The FAA succeeded to the previous People's Armed Forces for the Liberation of Angola (FAP",False,True,1.0,0.9446127414703369,2.7060508728027344e-05
chunk_1024,152,Albert Sidney Johnston,In which three armies did Albert Sidney Johnston serve as a general?,"the Texian Army, the United States Army, and the Confederate States Army.","The context states that Albert Sidney Johnston served as a general in three different armies: the Texian Army, the United States Army, and the Confederate States Army.",Albert Sidney Johnston | Albert Sidney Johnston | Albert Sidney Johnston,"Albert Sidney Johnston (February 2, 1803 – April 6, 1862) served as a general in three different armies: the Texian Army, the United States Army, and the Confederate States Army. He saw extensive combat during his 34-year military career, fighting actions in the Black Hawk War, the Texas-Indian Wars, the Mexican–American War, the Utah War, and the American Civil War.

Considered by Confederate States President Jefferson Davis to be the finest general officer in the Confederacy before the later e",False,True,1.0,0.9860150814056396,0.003456413745880127
chunk_1024,153,Albert Sidney Johnston,On what date was Albert Sidney Johnston killed at the Battle of Shiloh?,"April 6, 1862.","April 6, 1862",Albert Sidney Johnston | Albert Sidney Johnston | Albert Sidney Johnston,"Albert Sidney Johnston (February 2, 1803 – April 6, 1862) served as a general in three different armies: the Texian Army, the United States Army, and the Confederate States Army. He saw extensive combat during his 34-year military career, fighting actions in the Black Hawk War, the Texas-Indian Wars, the Mexican–American War, the Utah War, and the American Civil War.

Considered by Confederate States President Jefferson Davis to be the finest general officer in the Confederacy before the later e",False,True,1.0,0.8494218587875366,0.9983896425692365
chunk_1024,154,Android (robot),"In which publication does the Oxford English Dictionary trace the earliest use of the term ""androides""?",Ephraim Chambers' 1728 Cyclopaedia,"According to the provided context, the Oxford English Dictionary traces the earliest use of the term ""androides"" to Ephraim Chambers' 1728 Cyclopaedia.",Android (robot) | A | Alphabet,"An android is a humanoid robot or other artificial being often made from a flesh-like material. Historically, androids were completely within the domain of science fiction and frequently seen in film and television, but advances in robot technology now allow the design of functional and realistic humanoid robots.

Terminology

The Oxford English Dictionary traces the earliest use (as ""Androides"") to Ephraim Chambers' 1728 Cyclopaedia, in reference to an automaton that St. Albertus Magnus alleged",False,True,1.0,0.9475328922271729,0.0012472867965698242
chunk_1024,155,Android (robot),"In what year did the term ""android"" appear in US patents referring to miniature human-like toy automatons?",1863,"The term ""android"" appeared in US patents referring to miniature human-like toy automatons in 1863.",Android (robot) | Android (robot) | Android (robot),"An android is a humanoid robot or other artificial being often made from a flesh-like material. Historically, androids were completely within the domain of science fiction and frequently seen in film and television, but advances in robot technology now allow the design of functional and realistic humanoid robots.

Terminology

The Oxford English Dictionary traces the earliest use (as ""Androides"") to Ephraim Chambers' 1728 Cyclopaedia, in reference to an automaton that St. Albertus Magnus alleged",False,True,1.0,0.9499797224998474,2.372264862060547e-05
chunk_1024,156,Alberta,What is the capital of Alberta?,Edmonton,The capital of Alberta is Edmonton.,Alberta | Alberta | Alberta,"Alberta ( ) is one of the thirteen provinces and territories of Canada. It is a part of Western Canada and is one of the three prairie provinces. Alberta is bordered by British Columbia to the west, Saskatchewan to the east, the Northwest Territories to the north, and the U.S. state of Montana to the south. It is one of the only two landlocked provinces in Canada, with Saskatchewan being the other. The eastern part of the province is occupied by the Great Plains, while the western part borders t",False,True,1.0,0.9791556000709534,0.0001055002212524414
chunk_1024,157,Alberta,Which U.S. state borders Alberta to the south?,Montana,Montana,Alberta | Alberta | Alaska,"Alberta's southern border is the 49th parallel north, which separates it from the U.S. state of Montana. The 60th parallel north divides Alberta from the Northwest Territories. The 110th meridian west separates it from the province of Saskatchewan; while on the west its boundary with British Columbia follows the 120th meridian west south from the Northwest Territories at 60°N until it reaches the Continental Divide at the Rocky Mountains, and from that point follows the line of peaks marking the",False,True,1.0,0.4059286117553711,0.9921080153435469
chunk_1024,158,List of anthropologists,Which anthropologist is listed under the letter B and has the name Franz Boas?,Franz Boas,Franz Boas,Anthropology | Anthropology | Anthropology,"Anthropology is the scientific study of humanity, concerned with human behavior, human biology, cultures, societies, and linguistics, in both the present and past, including past human species. Social anthropology studies patterns of behavior, while cultural anthropology studies cultural meaning, including norms and values. A portmanteau term sociocultural anthropology is commonly used today. Linguistic anthropology studies how language influences social life. Biological or physical anthropology",False,False,1.0,0.5424146056175232,0.9506863951683044
chunk_1024,159,List of anthropologists,Who is the anthropologist listed under the letter D with the first name Wade?,Wade Davis,Wade Davis is the anthropologist listed under the letter D with the first name Wade.,Anthropology | Allen Ginsberg | Anthropology,"Anthropology is the scientific study of humanity, concerned with human behavior, human biology, cultures, societies, and linguistics, in both the present and past, including past human species. Social anthropology studies patterns of behavior, while cultural anthropology studies cultural meaning, including norms and values. A portmanteau term sociocultural anthropology is commonly used today. Linguistic anthropology studies how language influences social life. Biological or physical anthropology",False,False,1.0,0.05466322600841522,9.417533874511719e-06
chunk_1024,160,Actinopterygii,What class is the sister class to Actinopterygii?,Sarcopterygii (lobe-finned fish),The sister class to Actinopterygii is Sarcopterygii.,Actinopterygii | Actinopterygii | Amphibian,"Actinopterygii (; ), members of which are known as ray-finned fish or actinopterygians, is a class of bony fish that comprise over 50% of living vertebrate species. They are so called because of their lightly built fins made of webs of skin supported by radially extended bony spines, as opposed to the bulkier, fleshy lobed fins of the sister class Sarcopterygii (lobe-finned fish). Resembling folding fans, the actinopterygian fins can change shape and wetted area easily, providing superior thrust",False,True,0.25,0.8743025660514832,1.3232231140136719e-05
chunk_1024,161,Actinopterygii,Approximately what percentage of actinopterygian species are teleosts?,~99%,Approximately 99% of actinopterygian species are teleosts.,Actinopterygii | Actinopterygii | Amphibian,"Actinopterygii (; ), members of which are known as ray-finned fish or actinopterygians, is a class of bony fish that comprise over 50% of living vertebrate species. They are so called because of their lightly built fins made of webs of skin supported by radially extended bony spines, as opposed to the bulkier, fleshy lobed fins of the sister class Sarcopterygii (lobe-finned fish). Resembling folding fans, the actinopterygian fins can change shape and wetted area easily, providing superior thrust",False,True,1.0,0.9663413166999817,6.079673767089844e-05
chunk_1024,162,Albert Einstein,When was Albert Einstein born?,14 March 1879,Albert Einstein was born on 14 March 1879.,Albert Einstein | Albert Einstein | Albert Einstein,"Albert Einstein ( ; ; 14 March 1879 – 18 April 1955) was a German-born theoretical physicist who is widely held to be one of the greatest and most influential scientists of all time. Best known for developing the theory of relativity, Einstein also made important contributions to quantum mechanics, and was thus a central figure in the revolutionary reshaping of the scientific understanding of nature that modern physics accomplished in the first decades of the twentieth century. His mass–energy e",False,True,1.0,0.9261453747749329,3.063678741455078e-05
chunk_1024,163,Albert Einstein,For what discovery did Einstein receive the 1921 Nobel Prize in Physics?,for his discovery of the law of the photoelectric effect,For his discovery of the law of the photoelectric effect.,Albert Einstein | Albert Einstein | Albert Einstein,"Albert Einstein ( ; ; 14 March 1879 – 18 April 1955) was a German-born theoretical physicist who is widely held to be one of the greatest and most influential scientists of all time. Best known for developing the theory of relativity, Einstein also made important contributions to quantum mechanics, and was thus a central figure in the revolutionary reshaping of the scientific understanding of nature that modern physics accomplished in the first decades of the twentieth century. His mass–energy e",False,True,1.0,0.9768462777137756,0.00042062997817993164
chunk_1024,164,Afghanistan,What is the capital and largest city of Afghanistan?,Kabul,The capital and largest city of Afghanistan is Kabul.,Afghanistan | Afghanistan | Afghanistan,"Afghanistan, officially the Islamic Emirate of Afghanistan, is a landlocked country located at the crossroads of Central Asia and South Asia. Referred to as the Heart of Asia, it is bordered by Pakistan to the east and south, Iran to the west, Turkmenistan to the northwest, Uzbekistan to the north, Tajikistan to the northeast, and China to the northeast and east. Occupying  of land, the country is predominantly mountainous with plains in the north and the southwest, which are separated by the Hi",False,True,1.0,0.9582371115684509,5.4955482482910156e-05
chunk_1024,165,Afghanistan,"According to the World Population review, what is Afghanistan's population?",40.2 million,"According to the World Population review, Afghanistan's population is 40.2 million.",Afghanistan | Afghanistan | Afghanistan,"The colder high elevation regions are composed of hardy grasses and small flowering plants. Several regions are designated protected areas; there are three national parks: Band-e Amir, Wakhan and Nuristan. Afghanistan had a 2018 Forest Landscape Integrity Index mean score of 8.85/10, ranking it 15th globally out of 172 countries.

Demographics 

The population of Afghanistan was estimated at 32.9 million as of 2019 by the Afghanistan Statistics and Information Authority, whereas the UN estimates",False,True,1.0,0.9159401655197144,5.0067901611328125e-05
chunk_1024,166,Albania,Which countries share land borders with Albania?,"Montenegro, Kosovo, North Macedonia, and Greece.","Montenegro to the northwest, Kosovo to the northeast, North Macedonia to the east and Greece to the south.",Albania | Albania | Albania,"Albania ( ;  or ), officially the Republic of Albania (), is a country in Southeast Europe. The country is located in the Balkans on the Adriatic and Ionian Seas within the Mediterranean Sea and shares land borders with Montenegro to the northwest, Kosovo to the northeast, North Macedonia to the east and Greece to the south. Spanning an area of , it displays a varied range of climatic, geological, hydrological and morphological conditions. The country's landscapes range from rugged snow-capped m",False,True,1.0,0.9599782824516296,0.5018463134765625
chunk_1024,167,Albania,What is the capital and largest city of Albania?,Tirana.,The capital and largest city of Albania is Tirana.,Albania | Albania | Albania,"Albania ( ;  or ), officially the Republic of Albania (), is a country in Southeast Europe. The country is located in the Balkans on the Adriatic and Ionian Seas within the Mediterranean Sea and shares land borders with Montenegro to the northwest, Kosovo to the northeast, North Macedonia to the east and Greece to the south. Spanning an area of , it displays a varied range of climatic, geological, hydrological and morphological conditions. The country's landscapes range from rugged snow-capped m",False,True,1.0,0.9710037112236023,3.170967102050781e-05
chunk_1024,168,Allah,"According to the passage, from which Arabic phrase is the word “Allah” thought to be derived, and what does that phrase mean?","It is thought to be derived by contraction from al‑ilāh, which means “the god.”","The word ""Allah"" is thought to be derived from the contraction of the Arabic definite article ""al-"" and the word ""ilāh,"" which means ""god."" The phrase ""al-ilāh"" translates to ""the god"" in English.",Allah | Allah | Allah,"Allah (; , , ) is the common Arabic word for God. In the English language, the word generally refers to God in Islam. The word is thought to be derived by contraction from al-ilāh, which means ""the god"", and is linguistically related to the Aramaic words Elah and Syriac  (ʼAlāhā) and the Hebrew word El (Elohim) for God.

The word Allah has been used by Arabic people of different religions since pre-Islamic times. The pre-Islamic Arabs worshipped a supreme deity whom they called Allah, alongside ",False,True,1.0,0.9048843383789062,0.050237298011779785
chunk_1024,169,Allah,Name three non‑Muslim religious communities mentioned in the passage that use the term “Allah” to refer to God.,"Judaeo‑Arabic‑speaking Jews, Arab Christians, and Bábists.","Based on the information provided in the context, here are three non-Muslim religious communities that use the term ""Allah"" to refer to God:

1. Bábists
2. Baháʼís
3. Mandaeans",Allah | Allah | Allah,"Allah (; , , ) is the common Arabic word for God. In the English language, the word generally refers to God in Islam. The word is thought to be derived by contraction from al-ilāh, which means ""the god"", and is linguistically related to the Aramaic words Elah and Syriac  (ʼAlāhā) and the Hebrew word El (Elohim) for God.

The word Allah has been used by Arabic people of different religions since pre-Islamic times. The pre-Islamic Arabs worshipped a supreme deity whom they called Allah, alongside ",False,True,0.25,0.19003619253635406,0.12442564964294434
chunk_1024,170,Azerbaijan,What is the capital and largest city of Azerbaijan?,Baku,The capital and largest city of Azerbaijan is Baku.,Azerbaijan | Geography of Azerbaijan | Azerbaijan,"Azerbaijan (, ; , ), officially the Republic of Azerbaijan, is a transcontinental country located at the boundary of Eastern Europe and West Asia. It is a part of the South Caucasus region and is bounded by the Caspian Sea to the east, Russia (Republic of Dagestan) to the north, Georgia to the northwest, Armenia and Turkey to the west, and Iran to the south. Baku is the capital and largest city.

The Azerbaijan Democratic Republic proclaimed its independence from the Transcaucasian Democratic Fe",False,True,1.0,0.9712337255477905,5.3882598876953125e-05
chunk_1024,171,Azerbaijan,On what date did the modern Republic of Azerbaijan proclaim its independence?,30 August 1991,The modern Republic of Azerbaijan proclaimed its independence on 30 August 1991.,Azerbaijan | Azerbaijan | Azerbaijan,"Azerbaijan (, ; , ), officially the Republic of Azerbaijan, is a transcontinental country located at the boundary of Eastern Europe and West Asia. It is a part of the South Caucasus region and is bounded by the Caspian Sea to the east, Russia (Republic of Dagestan) to the north, Georgia to the northwest, Armenia and Turkey to the west, and Iran to the south. Baku is the capital and largest city.

The Azerbaijan Democratic Republic proclaimed its independence from the Transcaucasian Democratic Fe",False,True,1.0,0.9670762419700623,1.811981201171875e-05
chunk_1024,172,Amateur astronomy,What types of celestial objects or events do amateur astronomers monitor as part of citizen science?,"Variable stars, double stars, sunspots, and occultations of stars by the Moon or asteroids.","Amateur astronomers monitor several types of celestial objects and events as part of citizen science, including:

1. Variable stars
2. Double stars
3. Sunspots
4. Occultations of stars by the Moon or asteroids
5. Discovering transient astronomical events such as comets, galactic novae, or supernovae in other galaxies.",Amateur astronomy | Amateur astronomy | Astronomer,"Amateur astronomy is a hobby where participants enjoy observing or imaging celestial objects in the sky using the unaided eye, binoculars, or telescopes. Even though scientific research may not be their primary goal, some amateur astronomers make contributions in doing citizen science, such as by monitoring variable stars, double stars, sunspots, or occultations of stars by the Moon or asteroids, or by discovering transient astronomical events, such as comets, galactic novae or supernovae in oth",False,True,1.0,0.9784237742424011,0.08779817819595337
chunk_1024,173,Amateur astronomy,Do amateur astronomers use astronomy as their primary source of income or support?,"No, they do not use the field of astronomy as their primary source of income or support.","No, amateur astronomers do not use astronomy as their primary source of income or support.",Amateur astronomy | Amateur astronomy | Astronomer,"Amateur astronomy is a hobby where participants enjoy observing or imaging celestial objects in the sky using the unaided eye, binoculars, or telescopes. Even though scientific research may not be their primary goal, some amateur astronomers make contributions in doing citizen science, such as by monitoring variable stars, double stars, sunspots, or occultations of stars by the Moon or asteroids, or by discovering transient astronomical events, such as comets, galactic novae or supernovae in oth",False,True,0.8,0.9773468375205994,0.0013121962547302246
chunk_1024,174,Aikido,In approximately how many countries is Aikido practiced?,around 140 countries,Around 140 countries.,Aikido | Aikido | Aikido,"Aikido ( ,  , , ) is a modern Japanese martial art that is split into many different styles, including Iwama Ryu, Iwama Shin Shin Aiki Shuren Kai, Shodokan Aikido, Yoshinkan, Renshinkai, Aikikai and Ki Aikido. Aikido is now practiced in around 140 countries. It was originally developed by Morihei Ueshiba, as a synthesis of his martial studies, philosophy and religious beliefs. Ueshiba's goal was to create an art that practitioners could use to defend themselves while also protecting their attack",False,True,1.0,0.963870108127594,0.006229102611541748
chunk_1024,175,Aikido,Who originally developed Aikido?,Morihei Ueshiba,Morihei Ueshiba originally developed Aikido.,Aikido | Aikido | Aikido,"Aikido ( ,  , , ) is a modern Japanese martial art that is split into many different styles, including Iwama Ryu, Iwama Shin Shin Aiki Shuren Kai, Shodokan Aikido, Yoshinkan, Renshinkai, Aikikai and Ki Aikido. Aikido is now practiced in around 140 countries. It was originally developed by Morihei Ueshiba, as a synthesis of his martial studies, philosophy and religious beliefs. Ueshiba's goal was to create an art that practitioners could use to defend themselves while also protecting their attack",False,True,1.0,0.981604814529419,8.153915405273438e-05
chunk_1024,176,Art,What are the three classical branches of visual art in the Western tradition?,"painting, sculpture, and architecture","Painting, sculpture, and architecture.",Art | Art | Art,"For example, this period of Greek art saw a veneration of the human physical form and the development of equivalent skills to show musculature, poise, beauty, and anatomically correct proportions.

In Byzantine and Medieval art of the Western Middle Ages, much art focused on the expression of subjects about biblical and religious culture, and used styles that showed the higher glory of a heavenly world, such as the use of gold in the background of paintings, or glass in mosaics or windows, which",False,True,1.0,0.941368818283081,0.02288985252380371
chunk_1024,177,Art,Until which century was art referred to as any skill or mastery and not differentiated from crafts or sciences?,the 17th century,"Until the 17th century, art was referred to as any skill or mastery and was not differentiated from crafts or sciences.",Art | Art | Art,"Art is a diverse range of human activity, and its resulting product, that involves creative or imaginative talent expressive of technical proficiency, beauty, emotional power, or conceptual ideas.

There is no generally agreed definition of what constitutes art, and its interpretation has varied greatly throughout history and across cultures. In the Western tradition, the three classical branches of visual art are painting, sculpture, and architecture. Theatre, dance, and other performing arts, ",False,True,1.0,0.9716695547103882,0.00029546022415161133
chunk_1024,178,Agnostida,Into which two suborders is the order Agnostida divided?,Agnostina and Eodiscina,The order Agnostida is divided into two suborders: Agnostina and Eodiscina.,Agnostida | Asparagales | Asparagales,"Agnostida are an order of extinct arthropods which have classically been seen as a group of highly modified trilobites, though some recent research has doubted this placement. Regardless, they appear to be close relatives as part of the Artiopoda. They are present in the Lower Cambrian fossil record along with trilobites from the Redlichiida, Corynexochida, and Ptychopariida orders, and were highly diverse throughout the Cambrian. Agnostidan diversity severely declined during the Cambrian-Ordovi",False,True,1.0,0.9462826251983643,5.245208740234375e-05
chunk_1024,179,Agnostida,In which geological period did the last agnostidans go extinct?,Late Ordovician,The last agnostidans went extinct in the Late Ordovician.,Agnostida | Atlantic Ocean | Anatolia,"Agnostida are an order of extinct arthropods which have classically been seen as a group of highly modified trilobites, though some recent research has doubted this placement. Regardless, they appear to be close relatives as part of the Artiopoda. They are present in the Lower Cambrian fossil record along with trilobites from the Redlichiida, Corynexochida, and Ptychopariida orders, and were highly diverse throughout the Cambrian. Agnostidan diversity severely declined during the Cambrian-Ordovi",False,True,1.0,0.9415858387947083,6.794929504394531e-06
chunk_1024,180,Abortion,What percentage of all pregnancies end in a miscarriage or spontaneous abortion according to the passage?,Approximately 30% to 40% of all pregnancies.,"According to the passage, approximately 30% to 40% of all pregnancies end in a miscarriage or spontaneous abortion.",Abortion | Abortion | Abortion,"An abortion is referred to as an elective or voluntary abortion when it is performed at the request of the woman for non-medical reasons. Confusion sometimes arises over the term elective because ""elective surgery"" generally refers to all scheduled surgery, whether medically necessary or not.

Spontaneous

Miscarriage, also known as spontaneous abortion, is the unintentional expulsion of an embryo or fetus before the 24th week of gestation. A pregnancy that ends before 37 weeks of gestation resu",False,True,1.0,0.9603070020675659,0.08021324872970581
chunk_1024,181,Abortion,"According to the passage, how does the risk of maternal mortality in the United States after an induced abortion compare to the risk after childbirth?",The risk of maternal mortality is 14 times lower after an induced abortion than after childbirth.,"According to the passage, the risk of maternal mortality is 14 times lower after an induced abortion compared to after childbirth in the United States.",Abortion | Abortion | Abortion,"Abortion is the termination of a pregnancy by removal or expulsion of an embryo or fetus. An abortion that occurs without intervention is known as a miscarriage or ""spontaneous abortion""; these occur in approximately 30% to 40% of all pregnancies. When deliberate steps are taken to end a pregnancy, it is called an induced abortion, or less frequently ""induced miscarriage"". The unmodified word abortion generally refers to an induced abortion. The reasons why women have abortions are diverse and v",False,True,0.9090909090909091,0.9252918362617493,0.027376532554626465
chunk_1024,182,American Revolutionary War,On what date did the American Revolutionary War end?,"September 3, 1783","September 3, 1783",American Revolutionary War | American Revolutionary War | American Revolutionary War,"The American Revolutionary War (April 19, 1775 – September 3, 1783), also known as the Revolutionary War or American War of Independence, was the military conflict of the American Revolution in which American Patriot forces under George Washington's command defeated the British, resulting in the Treaty of Paris (1783) recognizing the independence and sovereignty of the United States. Fighting began on April 19, 1775, at the Battles of Lexington and Concord. The war was formalized and intensified",False,True,1.0,0.8445673584938049,0.9856076641008258
chunk_1024,183,American Revolutionary War,Which two European kingdoms eventually supported the American patriot forces?,The Kingdom of France and the Kingdom of Spain,"Based on the information provided in the context, the two European kingdoms that eventually supported the American patriot forces were:

1. **Kingdom of France** - The context mentions that France provided the Continental Army with informal economic and military support from the beginning of the war. After Saratoga, the two countries signed a commercial agreement and a Treaty of Alliance in February 1778.

2. **Kingdom of Spain** - The context notes that Spain also allied with France against Britain in the Treaty of Aranjuez, although Spain did not formally ally with the Americans. However, Spain provided access to the Mississippi River and captured British possessions on the Gulf of Mexico that denied bases to the Royal Navy, retook Menorca and besieged Gibraltar in Europe.

So, the two European kingdoms that",American Revolutionary War | American Revolutionary War | American Revolutionary War,"The American Revolutionary War (April 19, 1775 – September 3, 1783), also known as the Revolutionary War or American War of Independence, was the military conflict of the American Revolution in which American Patriot forces under George Washington's command defeated the British, resulting in the Treaty of Paris (1783) recognizing the independence and sovereignty of the United States. Fighting began on April 19, 1775, at the Battles of Lexington and Concord. The war was formalized and intensified",False,True,1.0,0.11536566913127899,0.022737443447113037
chunk_1024,184,Ampere,What is the symbol used for the unit ampere?,A,The symbol used for the unit ampere is A.,Ampere | Ampere | Astronomical unit,"The ampere ( ,  ; symbol: A), often shortened to amp, is the unit of electric current in the International System of Units (SI).  One ampere is equal to 1 coulomb moving past a point in 1 second, or  electrons' worth of charge moving past a point in 1 second. It is named after French mathematician and physicist André-Marie Ampère (1775–1836), considered the father of electromagnetism along with Danish physicist Hans Christian Ørsted.

As of the 2019 redefinition of the SI base units, the ampere ",False,True,,0.9444685578346252,9.572505950927734e-05
chunk_1024,185,Ampere,"According to the passage, how much charge moving past a point in one second defines one ampere?",1 coulomb,One ampere is equal to 1 coulomb moving past a point in 1 second.,Ampere | Ampere | Astronomical unit,"The ampere ( ,  ; symbol: A), often shortened to amp, is the unit of electric current in the International System of Units (SI).  One ampere is equal to 1 coulomb moving past a point in 1 second, or  electrons' worth of charge moving past a point in 1 second. It is named after French mathematician and physicist André-Marie Ampère (1775–1836), considered the father of electromagnetism along with Danish physicist Hans Christian Ørsted.

As of the 2019 redefinition of the SI base units, the ampere ",False,True,1.0,0.9911666512489319,0.0030219554901123047
chunk_1024,186,Algorithm,What term is used for algorithms that incorporate random input?,randomized algorithms,Randomized algorithms are used for algorithms that incorporate random input.,Algorithm | Algorithm | Artificial intelligence,"In mathematics and computer science, an algorithm () is a finite sequence of rigorous instructions, typically used to solve a class of specific problems or to perform a computation. Algorithms are used as specifications for performing calculations and data processing. More advanced algorithms can use conditionals to divert the code execution through various routes (referred to as automated decision-making) and deduce valid inferences (referred to as automated reasoning), achieving automation eve",False,True,1.0,0.9863036274909973,0.0010774731636047363
chunk_1024,187,Algorithm,"Which computer scientist used human characteristic terms such as ""memory"", ""search"", and ""stimulus"" as metaphors for machines?",Alan Turing,"Alan Turing used human characteristic terms such as ""memory"", ""search"", and ""stimulus"" as metaphors for machines.",Artificial intelligence | Alan Turing | Artificial intelligence,"Artificial intelligence (AI) is the intelligence of machines or software, as opposed to the intelligence of humans or animals. It is also the field of study in computer science that develops and studies intelligent machines. ""AI"" may also refer to the machines themselves.

AI technology is widely used throughout industry, government and science. Some high-profile applications are: advanced web search engines (e.g., Google Search), recommendation systems (used by YouTube, Amazon, and Netflix), un",False,False,1.0,0.1255069524049759,0.00012099742889404297
chunk_1024,188,Annual plant,What is an annual plant defined as in the passage?,"A plant that completes its life cycle, from germination to the production of seeds, within one growing season, and then dies.","An annual plant is a plant that completes its life cycle, from germination to the production of seeds, within one growing season, and then dies.",Annual plant | Apiaceae | Asteraceae,"An annual plant is a plant that completes its life cycle, from germination to the production of seeds, within one growing season, and then dies. The length of growing seasons and period in which they take place vary according to geographical location, and may not correspond to the four traditional seasonal divisions of the year.

Description
With respect to the traditional seasons, annual plants are generally categorized into summer annuals and winter annuals. Summer annuals germinate during spr",False,True,1.0,0.9845766425132751,0.5082695186138153
chunk_1024,189,Annual plant,How long does it take oilseed rapa to complete a seed‑to‑seed life cycle under a bank of fluorescent lamps?,About five weeks.,About five weeks under a bank of fluorescent lamps.,Annual plant | Agriculture | Amphibian,"An annual plant is a plant that completes its life cycle, from germination to the production of seeds, within one growing season, and then dies. The length of growing seasons and period in which they take place vary according to geographical location, and may not correspond to the four traditional seasonal divisions of the year.

Description
With respect to the traditional seasons, annual plants are generally categorized into summer annuals and winter annuals. Summer annuals germinate during spr",False,True,1.0,0.9275957942008972,0.0020506978034973145
chunk_1024,190,Atlas (disambiguation),What is the Atlas that is described as an Ancient Greek Titanic deity?,Atlas (mythology),The Atlas that is described as an Ancient Greek Titanic deity is Atlas of Mythology.,Atlas (disambiguation) | Athena | Aphrodite,"An atlas is a collection of maps.

Atlas may also refer to:

Mythology
 Atlas (mythology), an Ancient Greek Titanic deity
 Atlas, the first legendary king of Atlantis
 Atlas of Mauretania, a legendary king

Places

United States
 Atlas, California
 Atlas, Illinois
 Atlas, Texas
 Atlas, West Virginia
 Atlas, Wisconsin
 Atlas District, in Washington, D.C.
 Atlas Peak AVA, a California wine region
 Atlas Township, Michigan

Other places
 Atlas Cinema, a historic movie theatre in Istanbul, Turkey
 A",False,True,1.0,0.9917656779289246,3.0994415283203125e-06
chunk_1024,191,Atlas (disambiguation),"Which Atlas is a historic movie theatre located in Istanbul, Turkey?",Atlas Cinema,"The information provided does not mention any specific Atlas movie theatre located in Istanbul, Turkey. Therefore, the correct answer cannot be determined solely from the given context.",Ankara | Athens | Ankara,"It is located in the Bilkent University campus.
MEB Şura Salonu (also known as the Festival Hall), It is noted for its tango performances.
Çankaya Çağdaş Sanatlar Merkezi Concert Hall was founded in 1994.

The city has been host to several well-established, annual theater, music, film festivals:

Ankara International Music Festival, a music festival organized in the Turkish capital presenting classical music and ballet programs.

Ankara also has a number of concert venues such as Eskiyeni, IF Pe",False,False,0.5,0.3019392490386963,0.1303960680961609
chunk_1024,192,Mouthwash,What is the primary intended function of most mouthwashes?,They are antiseptic solutions intended to reduce the microbial load in the mouth.,The primary intended function of most mouthwashes is to reduce the microbial load in the mouth.,Mouthwash | Mouthwash | Mouthwash,"Mouthwash, mouth rinse, oral rinse, or mouth bath is a liquid which is held in the mouth passively or swirled around the mouth by contraction of the perioral muscles and/or movement of the head, and may be gargled, where the head is tilted back and the liquid bubbled at the back of the mouth.

Usually mouthwashes are antiseptic solutions intended to reduce the microbial load in the mouth, although other mouthwashes might be given for other reasons such as for their analgesic, anti-inflammatory o",False,True,0.625,0.8725973963737488,0.00017327070236206055
chunk_1024,193,Mouthwash,What effect can rinsing with water or mouthwash after brushing with a fluoride toothpaste have on salivary fluoride?,"It can reduce the availability of salivary fluoride, which can lower the anti‑cavity re‑mineralization and antibacterial effects of fluoride.",Rinsing with water or mouthwash after brushing with a fluoride toothpaste can reduce the availability of salivary fluoride.,Mouthwash | Mouthwash | Mouthwash,"Mouthwash, mouth rinse, oral rinse, or mouth bath is a liquid which is held in the mouth passively or swirled around the mouth by contraction of the perioral muscles and/or movement of the head, and may be gargled, where the head is tilted back and the liquid bubbled at the back of the mouth.

Usually mouthwashes are antiseptic solutions intended to reduce the microbial load in the mouth, although other mouthwashes might be given for other reasons such as for their analgesic, anti-inflammatory o",False,True,0.4166666666666667,0.9772399067878723,0.12315452098846436
chunk_1024,194,Alexander the Great,At what age did Alexander III of Macedon succeed his father Philip II to the throne?,20,Alexander III of Macedon succeeded his father Philip II to the throne at the age of 20.,Alexander the Great | Alexander the Great | Alexander the Great,"Alexander III of Macedon (; 20/21 July 356 BC – 10/11 June 323 BC), commonly known as Alexander the Great, was a king of the ancient Greek kingdom of Macedon. He succeeded his father Philip II to the throne in 336 BC at the age of 20, and spent most of his ruling years conducting a lengthy military campaign throughout Western Asia and Egypt. By the age of 30, he had created one of the largest empires in history, stretching from Greece to northwestern India. He was undefeated in battle and is wid",False,True,1.0,0.9750789403915405,6.532669067382812e-05
chunk_1024,195,Alexander the Great,In which year did Alexander invade the Achaemenid Persian Empire?,334 BC,334 BC,Alexander the Great | Alexander the Great | Alexander the Great,"Alexander III of Macedon (; 20/21 July 356 BC – 10/11 June 323 BC), commonly known as Alexander the Great, was a king of the ancient Greek kingdom of Macedon. He succeeded his father Philip II to the throne in 336 BC at the age of 20, and spent most of his ruling years conducting a lengthy military campaign throughout Western Asia and Egypt. By the age of 30, he had created one of the largest empires in history, stretching from Greece to northwestern India. He was undefeated in battle and is wid",False,True,1.0,0.7271966934204102,0.9826076552271843
chunk_1024,196,Alfred Korzybski,What is Alfred Korzybski's best known dictum?,The map is not the territory,"His best known dictum is ""The map is not the territory.""",Alfred Korzybski | Alfred Korzybski | Alfred Korzybski,"Alfred Habdank Skarbek Korzybski (, ; July 3, 1879 – March 1, 1950) was a Polish-American independent scholar who developed a field called general semantics, which he viewed as both distinct from, and more encompassing than, the field of semantics. He argued that human knowledge of the world is limited both by the human nervous system and the languages humans have developed, and thus no one can have direct access to reality, given that the most we can know is that which is filtered through the b",False,True,1.0,0.9695302248001099,0.00025016069412231445
chunk_1024,197,Alfred Korzybski,In what year did Alfred Korzybski move to North America?,1916,1916,Alfred Korzybski | Amsterdam | Atlantic Ocean,"Alfred Habdank Skarbek Korzybski (, ; July 3, 1879 – March 1, 1950) was a Polish-American independent scholar who developed a field called general semantics, which he viewed as both distinct from, and more encompassing than, the field of semantics. He argued that human knowledge of the world is limited both by the human nervous system and the languages humans have developed, and thus no one can have direct access to reality, given that the most we can know is that which is filtered through the b",False,True,1.0,0.5595173835754395,0.9907856341451406
chunk_1024,198,Asteroids (video game),Who designed the arcade game Asteroids?,Lyle Rains and Ed Logg,Ed Logg and Lyle Rains designed the arcade game Asteroids.,Asteroids (video game) | Asteroids (video game) | Asteroids (video game),"Asteroids is a space-themed multidirectional shooter arcade video game designed by Lyle Rains and Ed Logg released in November 1979 by Atari, Inc. The player controls a single spaceship in an asteroid field which is periodically traversed by flying saucers. The object of the game is to shoot and destroy the asteroids and saucers, while not colliding with either, or being hit by the saucers' counter-fire. The game becomes harder as the number of asteroids increases.

Asteroids was conceived durin",False,True,1.0,0.9127333164215088,0.0002200007438659668
chunk_1024,199,Asteroids (video game),How many upright and cocktail cabinets of Asteroids were sold?,"47,840 upright cabinets and 8,725 cocktail cabinets","47,840 upright cabinets and 8,725 cocktail cabinets.",Asteroid | Asteroids (video game) | Asteroids (video game),"An asteroid is a minor planet—an object that is neither a true planet nor a comet—that orbits within the inner Solar System. They are rocky, metallic or icy bodies with no atmosphere. Sizes and shapes of asteroids vary significantly, ranging from 1-meter rocks to a dwarf planet almost 1000 km in diameter.

Of the roughly one million known asteroids the greatest number are located between the orbits of Mars and Jupiter, approximately 2 to 4 AU from the Sun, in the main asteroid belt. Asteroids ar",False,True,1.0,0.8579169511795044,0.004256308078765869
chunk_1024,200,Asparagales,"In which year was the order Asparagales first put forward, and who proposed it?",It was first put forward by Huber in 1977.,The order Asparagales was first put forward by Huber in 1977.,Asparagales | Asparagales | Asparagales,"The attribution of botanical authority for the name Asparagales belongs to Johann Heinrich Friedrich Link (1767–1851) who coined the word 'Asparaginae' in 1829 for a higher order taxon that included Asparagus although Adanson and Jussieau had also done so earlier (see History). Earlier circumscriptions of Asparagales attributed the name to Bromhead (1838), who had been the first to use the term 'Asparagales'.

History

Pre-Darwinian 
The type genus, Asparagus, from which the name of the order is",False,True,1.0,0.939562976360321,5.7220458984375e-06
chunk_1024,201,Asparagales,"According to the APG circumscription, how many families, genera, and species are included in Asparagales?","Asparagales includes 14 families, 1,122 genera, and about 36,000 species.","According to the APG circumscription, Asparagales includes approximately 36,000 species, 1,122 genera, and 14 families.",Asparagales | Asparagales | Asparagales,"Asparagales (asparagoid lilies) is an order of plants in modern classification systems such as the Angiosperm Phylogeny Group (APG) and the Angiosperm Phylogeny Web. The order takes its name from the type family Asparagaceae and is placed in the monocots amongst the lilioid monocots. The order has only recently been recognized in classification systems. It was first put forward by Huber in 1977 and later taken up in the Dahlgren system of 1985 and then the APG in 1998, 2003 and 2009. Before this",False,True,0.9090909090909091,0.9396916031837463,0.00028973817825317383
chunk_1024,202,Alismatales,How many species are included in the Alismatales order?,"about 4,500 species","About 4,500 species are included in the Alismatales order.",Alismatales | Alismatales | Asparagales,"The Alismatales (alismatids) are an order of flowering plants including about 4,500 species. Plants assigned to this order are mostly tropical or aquatic. Some grow in fresh water, some in marine habitats. Perhaps the most important food crop in the order is the corm of the taro plant, Colocasia esculenta.

Description
The Alismatales comprise herbaceous flowering plants of often aquatic and marshy habitats, and the only monocots known to have green embryos other than the Amaryllidaceae. They al",False,True,1.0,0.972491979598999,0.00020736455917358398
chunk_1024,203,Alismatales,What is the most important food crop in the Alismatales order?,"the corm of the taro plant, Colocasia esculenta","The most important food crop in the Alismatales order is the corm of the taro plant, Colocasia esculenta.",Alismatales | Ancient Egypt | Alismatales,"The Alismatales (alismatids) are an order of flowering plants including about 4,500 species. Plants assigned to this order are mostly tropical or aquatic. Some grow in fresh water, some in marine habitats. Perhaps the most important food crop in the order is the corm of the taro plant, Colocasia esculenta.

Description
The Alismatales comprise herbaceous flowering plants of often aquatic and marshy habitats, and the only monocots known to have green embryos other than the Amaryllidaceae. They al",False,True,1.0,0.9615757465362549,0.00018519163131713867
chunk_1024,204,Apiales,Which well‑known members are included in the order Apiales?,"carrots, celery, parsley, and Hedera helix (English ivy).","Well-known members included in the order Apiales are carrots, celery, parsley, and Hedera helix (English ivy).",Apiales | Apiaceae | Apiaceae,"The Apiales are an order of flowering plants. The families are those recognized in the APG III system. This is typical of the newer classifications, though there is some slight variation and in particular, the Torriceliaceae may also be divided.

Under this definition, well-known members include carrots, celery, parsley, and Hedera helix (English ivy).

The order Apiales is placed within the asterid group of eudicots as circumscribed by the APG III system. Within the asterids, Apiales belongs to",False,True,1.0,0.9676579236984253,0.0032857656478881836
chunk_1024,205,Apiales,"Within the asterids, to which unranked group does the order Apiales belong?",the campanulids.,"Within the asterids, to the unranked group called the campanulids, the order Apiales belongs.",Apiales | Asparagales | Asparagales,"The Apiales are an order of flowering plants. The families are those recognized in the APG III system. This is typical of the newer classifications, though there is some slight variation and in particular, the Torriceliaceae may also be divided.

Under this definition, well-known members include carrots, celery, parsley, and Hedera helix (English ivy).

The order Apiales is placed within the asterid group of eudicots as circumscribed by the APG III system. Within the asterids, Apiales belongs to",False,True,1.0,0.9666002988815308,0.0005941390991210938
chunk_1024,206,Asterales,What nutrient storage molecule do Asterales use instead of starch?,oligosaccharide inulin,Asterales use inulin as a nutrient storage molecule instead of starch.,Asterales | Asterales | Asteraceae,"Asterales () is an order of dicotyledonous flowering plants that includes the large family Asteraceae (or Compositae) known for composite flowers made of florets, and ten families related to the Asteraceae. While asterids in general are characterized by fused petals, composite flowers consisting of many florets create the false appearance of separate petals (as found in the rosids).

The order is cosmopolitan (plants found throughout most of the world including desert and frigid zones), and incl",False,True,0.5,0.9501689076423645,4.887580871582031e-06
chunk_1024,207,Asterales,"What are the two growth forms, besides herbaceous species, that are present in the order Asterales?",trees and shrubs,"Trees and shrubs are the two growth forms, besides herbaceous species, that are present in the order Asterales.",Asterales | Asteraceae | Asterales,"Asterales () is an order of dicotyledonous flowering plants that includes the large family Asteraceae (or Compositae) known for composite flowers made of florets, and ten families related to the Asteraceae. While asterids in general are characterized by fused petals, composite flowers consisting of many florets create the false appearance of separate petals (as found in the rosids).

The order is cosmopolitan (plants found throughout most of the world including desert and frigid zones), and incl",False,True,1.0,0.16017703711986542,0.0007027387619018555
chunk_1024,208,Asteroid,What are the three classification types of asteroids mentioned in the passage?,"C-type, M-type, and S-type.","The three classification types of asteroids mentioned in the passage are C-types, S-types, and X-types.",Asteroid | Asteroid | Asteroid,"These properties are thought to correspond to the composition of the asteroid's surface material. The original classification system had three categories: C-types for dark carbonaceous objects (75% of known asteroids), S-types for stony (silicaceous) objects (17% of known asteroids) and U for those that did not fit into either C or S. This classification has since been expanded to include many other asteroid types. The number of types continues to grow as more asteroids are studied.

The two mos",False,True,0.5,0.7819322347640991,0.000437319278717041
chunk_1024,209,Asteroid,What percentage of Earth's Moon's mass does the total mass of all asteroids represent?,3%,3%,Asteroid | Asteroid | Asteroid,"An asteroid is a minor planet—an object that is neither a true planet nor a comet—that orbits within the inner Solar System. They are rocky, metallic or icy bodies with no atmosphere. Sizes and shapes of asteroids vary significantly, ranging from 1-meter rocks to a dwarf planet almost 1000 km in diameter.

Of the roughly one million known asteroids the greatest number are located between the orbits of Mars and Jupiter, approximately 2 to 4 AU from the Sun, in the main asteroid belt. Asteroids ar",False,True,1.0,0.48459434509277344,0.7826624810695648
chunk_1024,210,Allocution,What is an allocution according to the passage?,A formal statement made to the court by the defendant who has been found guilty prior to being sentenced.,An allocution is a formal statement made to the court by the defendant who has been found guilty prior to being sentenced. It is part of the criminal procedure in some jurisdictions using common law.,Allocution | Arraignment | Anaximander,"An allocution, or allocutus, is a formal statement made to the court by the defendant who has been found guilty prior to being sentenced. It is part of the criminal procedure in some jurisdictions using common law.

Concept 
An allocution allows the defendant to explain why the sentence should be lenient. In plea bargains, an allocution may be required of the defendant. The defendant explicitly admits specifically and in detail the actions and their reasons in exchange for a reduced sentence.

I",False,True,1.0,0.9858438968658447,0.82949198782444
chunk_1024,211,Allocution,"In Australia, who uses the term allocutus and how is it phrased?","It is used by the Clerk of Arraigns or another formal associate of the court, phrased as, ""Prisoner at the Bar, you have been found Guilty by a jury of your peers of the offense of XYZ. Do you have anything to say as to why the sentence of this Court should not now be passed upon you?""","In Australia, the term ""allocutus"" is used by the Clerk of Arraigns or another formal associate of the court. It is generally phrased as, ""Prisoner at the Bar, you have been found Guilty by a jury of your peers of the offense of XYZ. Do you have anything to say as to why the sentence of this Court should not now be passed upon you?""",Allocution | Adelaide | Athens,"An allocution, or allocutus, is a formal statement made to the court by the defendant who has been found guilty prior to being sentenced. It is part of the criminal procedure in some jurisdictions using common law.

Concept 
An allocution allows the defendant to explain why the sentence should be lenient. In plea bargains, an allocution may be required of the defendant. The defendant explicitly admits specifically and in detail the actions and their reasons in exchange for a reduced sentence.

I",False,True,1.0,0.9592100977897644,0.6451757848262787
chunk_1024,212,Affidavit,What is an affidavit as defined in the passage?,A written statement voluntarily made by an affiant or deponent under an oath or affirmation which is administered by a person authorized by law.,An affidavit is a written statement voluntarily made by an affiant or deponent under an oath or affirmation which is administered by a person who is authorized to do so by law.,Affidavit | Affidavit | Arraignment,"An  ( ; Medieval Latin for ""he has declared under oath"") is a written statement voluntarily made by an affiant or deponent under an oath or affirmation which is administered by a person who is authorized to do so by law. Such a statement is witnessed as to the authenticity of the affiant's signature by a taker of oaths, such as a notary public or commissioner of oaths. An affidavit is a type of verified statement or showing, or in other words, it contains a verification, which means that it is m",False,True,1.0,0.9879187941551208,0.6139312088489532
chunk_1024,213,Affidavit,Who may witness the authenticity of the affiant's signature according to the passage?,"A taker of oaths, such as a notary public or commissioner of oaths.","According to the passage, an affidavit is witnessed as to the authenticity of the affiant's signature by a taker of oaths, such as a notary public or commissioner of oaths.",Affidavit | Affirming the consequent | Affidavit,"An  ( ; Medieval Latin for ""he has declared under oath"") is a written statement voluntarily made by an affiant or deponent under an oath or affirmation which is administered by a person who is authorized to do so by law. Such a statement is witnessed as to the authenticity of the affiant's signature by a taker of oaths, such as a notary public or commissioner of oaths. An affidavit is a type of verified statement or showing, or in other words, it contains a verification, which means that it is m",False,True,1.0,0.9845371246337891,0.17667162418365479
chunk_1024,214,Aries (constellation),What is the area of the Aries constellation in square degrees?,441 square degrees,The area of the Aries constellation is 441 square degrees.,Aries (constellation) | Aries (constellation) | Aries (constellation),"Aries  is one of the constellations of the zodiac. It is located in the Northern celestial hemisphere between Pisces to the west and Taurus to the east. The name Aries is Latin for ram. Its old astronomical symbol is  (♈︎). It is one of the 48 constellations described by the 2nd century astronomer Ptolemy, and remains one of the 88 modern constellations.  It is a mid-sized constellation ranking 39th in overall size, with an area of 441 square degrees (1.1% of the celestial sphere).

Aries has re",False,True,1.0,0.9205005168914795,3.552436828613281e-05
chunk_1024,215,Aries (constellation),What rank does Aries hold in overall size among constellations?,39th,Aries ranks 39th in overall size among constellations.,Aries (constellation) | Aries (constellation) | Aries (constellation),"Aries  is one of the constellations of the zodiac. It is located in the Northern celestial hemisphere between Pisces to the west and Taurus to the east. The name Aries is Latin for ram. Its old astronomical symbol is  (♈︎). It is one of the 48 constellations described by the 2nd century astronomer Ptolemy, and remains one of the 88 modern constellations.  It is a mid-sized constellation ranking 39th in overall size, with an area of 441 square degrees (1.1% of the celestial sphere).

Aries has re",False,True,1.0,0.9538108110427856,1.1682510375976562e-05
chunk_1024,216,Aquarius (constellation),"What is the apparent magnitude of Beta Aquarii, the brightest star in Aquarius?",2.9,The apparent magnitude of Beta Aquarii is 2.9.,Aquarius (constellation) | Aquarius (constellation) | Aquarius (constellation),"ξ Aquarii, also called Bunda, is spectral type A7 with an apparent magnitude 4.69 and an absolute 

π Aquarii, also called Seat, is spectral type B0 with apparent magnitude 4.66 and absolute

Planetary systems
Twelve exoplanet systems have been found in Aquarius as of 2013. Gliese 876, one of the nearest stars to Earth at a distance of 15 light-years, was the first red dwarf star to be found to possess a planetary system. It is orbited by four planets, including one terrestrial planet 6.6 times ",False,True,1.0,0.9772507548332214,1.3470649719238281e-05
chunk_1024,217,Aquarius (constellation),What title is given to Aquarius in the Babylonian star catalogues?,The Great One,"The title given to Aquarius in the Babylonian star catalogues is ""The Great One.""",Aquarius (constellation) | Aquarius (constellation) | Aries (constellation),"Aquarius is an equatorial constellation of the zodiac, between Capricornus and Pisces. Its name is Latin for ""water-carrier"" or ""cup-carrier"", and its old astronomical symbol is  (♒︎), a representation of water. Aquarius is one of the oldest of the recognized constellations along the zodiac (the Sun's apparent path). It was one of the 48 constellations listed by the 2nd century astronomer Ptolemy, and it remains one of the 88 modern constellations. It is found in a region often called the Sea du",False,True,1.0,0.9829749464988708,8.58306884765625e-05
chunk_1024,218,Anime,When did the earliest commercial Japanese animations date to?,1917,The earliest commercial Japanese animations date to 1917.,Anime | Anime | Animation,"Finally, mangas were a heavy inspiration for anime. Cartoonists Kitzawa Rakuten and Okamoto Ippei used film elements in their strips.

Pioneers 

Animation in Japan began in the early 20th century, when filmmakers started to experiment with techniques pioneered in France, Germany, the United States, and Russia. A claim for the earliest Japanese animation is Katsudō Shashin (), a private work by an unknown creator. In 1917, the first professional and publicly displayed works began to appear; anim",False,True,1.0,0.8987025022506714,0.00015473365783691406
chunk_1024,219,Anime,Which cartoonist's works contributed to the emergence of a characteristic anime art style in the 1960s?,Osamu Tezuka,Osamu Tezuka's works contributed to the emergence of a characteristic anime art style in the 1960s.,Anime | Anime | Anime,"is hand-drawn and computer-generated animation originating from Japan. Outside Japan and in English, anime refers specifically to animation produced in Japan. However, in Japan and in Japanese,  (a term derived from a shortening of the English word animation) describes all animated works, regardless of style or origin. Many works of animation with a similar style to Japanese animation are also produced outside Japan. Video games sometimes also feature themes and artstyles that can be considered ",False,True,1.0,0.9558507204055786,2.276897430419922e-05
chunk_1024,220,Ankara,What are the historical names of Ankara?,Ancyra and Angora,"The historical names of Ankara include Ancyra, Angora, and Ankara.",Ankara | Ankara | Ankara,"Ankara ( ,  ; ), historically known as Ancyra and Angora, is the capital of Turkey. Located in the central part of Anatolia, the city has a population of 5.1 million in its urban center and 5.7 million in Ankara Province, making it Turkey's second-largest city after Istanbul, but first by the urban area (2,767 km2).

Serving as the capital of the ancient Celtic state of Galatia (280–64 BC), and later of the Roman province with the same name (25 BC–7th century), the city is very old, with various",False,True,1.0,0.9551784992218018,0.000532686710357666
chunk_1024,221,Ankara,On what date was the Grand National Assembly of Turkey established in Ankara?,23 April 1920,The Grand National Assembly of Turkey was established in Ankara on 23 April 1920.,Ankara | Ankara | Ankara,"Ankara ( ,  ; ), historically known as Ancyra and Angora, is the capital of Turkey. Located in the central part of Anatolia, the city has a population of 5.1 million in its urban center and 5.7 million in Ankara Province, making it Turkey's second-largest city after Istanbul, but first by the urban area (2,767 km2).

Serving as the capital of the ancient Celtic state of Galatia (280–64 BC), and later of the Roman province with the same name (25 BC–7th century), the city is very old, with various",False,True,1.0,0.9538430571556091,4.2319297790527344e-05
chunk_1024,222,Arabic,In which century did Arabic emerge?,It emerged in the 1st century AD.,"According to the given context, Arabic emerged in the 1st century AD.",Arabic | Arabic | Arabic,"Arabic (,  ; ,   or ) is a Semitic language spoken primarily across the Arab world. Having emerged in the 1st century AD, it is named after the Arab people; the term ""Arab"" was initially used to describe those living in the Arabian Peninsula, as perceived by geographers from ancient Greece.

Since the 7th century, Arabic has been characterized by diglossia, with an opposition between a standard prestige language—i.e., Literary Arabic: Modern Standard Arabic (MSA) or Classical Arabic—and diverse ",False,True,1.0,0.9797396063804626,0.005291581153869629
chunk_1024,223,Arabic,Arabic is an official language of how many states?,It is an official language of 26 states and 1 disputed territory.,"According to the provided context, Arabic is an official language of 26 states and 1 disputed territory.",Arabic | Arabic | Arabic,"Arabic (,  ; ,   or ) is a Semitic language spoken primarily across the Arab world. Having emerged in the 1st century AD, it is named after the Arab people; the term ""Arab"" was initially used to describe those living in the Arabian Peninsula, as perceived by geographers from ancient Greece.

Since the 7th century, Arabic has been characterized by diglossia, with an opposition between a standard prestige language—i.e., Literary Arabic: Modern Standard Arabic (MSA) or Classical Arabic—and diverse ",False,True,1.0,0.9509623050689697,0.005119681358337402
chunk_1024,224,Alfred Hitchcock,How many Academy Award nominations did Alfred Hitchcock's films receive?,46,"Based on the provided biography, Alfred Hitchcock's films received 46 Academy Award nominations.",Alfred Hitchcock | Alfred Hitchcock | Alfred Hitchcock,"Sir Alfred Joseph Hitchcock  (13 August 1899 – 29 April 1980) was an English film director, screenwriter, producer and editor. He is widely regarded as one of the most influential figures in the history of cinema. In a career spanning six decades, he directed over 50 feature films, many of which are still widely watched and studied today. Known as the ""Master of Suspense"", he became as well known as any of his actors thanks to his many interviews, his cameo roles in most of his films, and his ho",False,True,1.0,0.9794716835021973,0.0003654956817626953
chunk_1024,225,Alfred Hitchcock,What was the title of Alfred Hitchcock's directorial debut?,The Pleasure Garden,The title of Alfred Hitchcock's directorial debut was The Pleasure Garden (1925).,Alfred Hitchcock | Alfred Hitchcock | Alfred Hitchcock,"Sir Alfred Joseph Hitchcock  (13 August 1899 – 29 April 1980) was an English film director, screenwriter, producer and editor. He is widely regarded as one of the most influential figures in the history of cinema. In a career spanning six decades, he directed over 50 feature films, many of which are still widely watched and studied today. Known as the ""Master of Suspense"", he became as well known as any of his actors thanks to his many interviews, his cameo roles in most of his films, and his ho",False,True,1.0,0.9285659193992615,1.430511474609375e-06
chunk_1024,226,Anaconda,How many species of anacondas are currently recognized?,Four species,Four species are currently recognized.,Anaconda | Amphibian | Apiaceae,"Anacondas or water boas are a group of large snakes of the genus Eunectes. They are found in tropical South America. Four species are currently recognized.

Description
Although the name applies to a group of snakes, it is often used to refer only to one species, in particular, the common or green anaconda (Eunectes murinus), which is the largest snake in the world by weight, and the second longest after the reticulated python.

Etymology
The South American names anacauchoa and anacaona were sug",False,True,1.0,0.985414981842041,5.2928924560546875e-05
chunk_1024,227,Anaconda,Which anaconda species is the largest snake in the world by weight?,the common or green anaconda (Eunectes murinus),The common or green anaconda (Eunectes murinus) is the largest snake in the world by weight.,Anaconda | Amphibian | Aardvark,"Anacondas or water boas are a group of large snakes of the genus Eunectes. They are found in tropical South America. Four species are currently recognized.

Description
Although the name applies to a group of snakes, it is often used to refer only to one species, in particular, the common or green anaconda (Eunectes murinus), which is the largest snake in the world by weight, and the second longest after the reticulated python.

Etymology
The South American names anacauchoa and anacaona were sug",False,True,1.0,0.9679131507873535,0.0003777742385864258
chunk_1024,228,Altaic languages,Which language families are included in the proposed Altaic language family according to the passage?,"The Turkic, Mongolic, and Tungusic language families, and possibly also the Japonic and Koreanic languages.","The proposed Altaic language family includes Turkic, Mongolic, and Tungusic language families.",Altaic languages | Altaic languages | Altaic languages,"Altaic () is a controversial proposed language family that would include the Turkic, Mongolic and Tungusic language families and possibly also the Japonic and Koreanic languages. The hypothetical language family has long been rejected by most comparative linguists, although it continues to be supported by a small but stable scholarly minority. Speakers of the constituent languages are currently scattered over most of Asia north of 35° N and in some eastern parts of Europe, extending in longitude",False,True,0.5,0.9856612682342529,7.545948028564453e-05
chunk_1024,229,Altaic languages,In which century was the Altaic family first proposed?,In the 18th century.,The Altaic family was first proposed in the 18th century.,Altaic languages | Altaic languages | Afroasiatic languages,"Altaic () is a controversial proposed language family that would include the Turkic, Mongolic and Tungusic language families and possibly also the Japonic and Koreanic languages. The hypothetical language family has long been rejected by most comparative linguists, although it continues to be supported by a small but stable scholarly minority. Speakers of the constituent languages are currently scattered over most of Asia north of 35° N and in some eastern parts of Europe, extending in longitude",False,True,1.0,0.9661096930503845,7.033348083496094e-06
chunk_1024,230,Austrian German,"In which year was the Österreichisches Wörterbuch, which formalized Austrian German, published?",1951,"The Österreichisches Wörterbuch, which formalized Austrian German, was published in 1951.",Austrian German | Austrian school of economics | Antisemitism,"Austrian German (), Austrian Standard German (ASG), Standard Austrian German (), Austrian High German (), or simply just Austrian (), is an official and standard variety of Standard High German written and spoken in Austria and Italian South Tyrol. It has the highest sociolinguistic prestige locally, as it is the variation used in the media and for other formal situations. In less formal situations, Austrians use Bavarian and Alemannic dialects, which are traditionally spoken but rarely written ",False,True,1.0,0.9620438814163208,5.125999450683594e-06
chunk_1024,231,Austrian German,Which language was adopted as the standard for Austrian German for pragmatic reasons?,The already-standardized chancellery language of Saxony (Sächsische Kanzleisprache or Meißner Kanzleideutsch).,"The language adopted as the standard for Austrian German for pragmatic reasons was the chancellery language of Saxony, which was based on the administrative language of the non-Austrian area of Meißen and Dresden.",Austrian German | Austrian German | Austrian German,"Austrian German (), Austrian Standard German (ASG), Standard Austrian German (), Austrian High German (), or simply just Austrian (), is an official and standard variety of Standard High German written and spoken in Austria and Italian South Tyrol. It has the highest sociolinguistic prestige locally, as it is the variation used in the media and for other formal situations. In less formal situations, Austrians use Bavarian and Alemannic dialects, which are traditionally spoken but rarely written ",False,True,0.36363636363636365,0.9630166888237,0.156491219997406
chunk_1024,232,Axiom of choice,Who formulated the axiom of choice and in what year?,Ernst Zermelo formulated the axiom of choice in 1904.,Ernst Zermelo formulated the axiom of choice in 1904.,Axiom of choice | Axiom of choice | Axiom of choice,"In mathematics, the axiom of choice, abbreviated AC or AoC, is an axiom of set theory equivalent to the statement that a Cartesian product of a collection of non-empty sets is non-empty. Informally put, the axiom of choice says that given any collection of sets, each containing at least one element, it is possible to construct a new set by arbitrarily choosing one element from each set, even if the collection is infinite. Formally, it states that for every indexed family  of nonempty sets, there",False,True,1.0,0.9490066766738892,0.00023502111434936523
chunk_1024,233,Axiom of choice,What does the axiom of choice formally state for every indexed family of nonempty sets?,"It states that for every indexed family of nonempty sets, there exists an indexed set such that for every index i, the ith element of the indexed set is an element of the ith set.","The axiom of choice formally states that for every indexed family of nonempty sets, there exists an indexed set such that for every , the element selected satisfies .",Axiom of choice | Axiom of choice | Axiom of choice,"Variants
There are many other equivalent statements of the axiom of choice. These are equivalent in the sense that, in the presence of other basic axioms of set theory, they imply the axiom of choice and are implied by it.

One variation avoids the use of choice functions by, in effect, replacing each choice function with its range:
Given any set X of pairwise disjoint non-empty sets, there exists at least one set C that contains exactly one element in common with each of the sets in X.
This gua",False,True,0.7857142857142857,0.8787049651145935,0.008299767971038818
chunk_1024,234,Attila,When did Attila die?,March 453,Attila died in the early months of 453.,Attila | Attila | Attila,"Attila (  or  ; ), frequently called Attila the Hun, was the ruler of the Huns from 434 until his death, in March 453. He was also the leader of an empire consisting of Huns, Ostrogoths, Alans, and Bulgars, among others, in Central and Eastern Europe.

During his reign, he was one of the most feared enemies of the Western and Eastern Roman Empires. He crossed the Danube twice and plundered the Balkans but was unable to take Constantinople. In 441, he led an invasion of the Eastern Roman (Byzanti",False,True,0.5,0.9568347930908203,0.0004955530166625977
chunk_1024,235,Attila,Which groups were part of the empire Attila led?,"Huns, Ostrogoths, Alans, and Bulgars","Based on the provided context, Attila led an empire consisting of the Huns, Ostrogoths, Alans, and Bulgars, among others, in Central and Eastern Europe.",Attila | Attila | Attila,"Attila (  or  ; ), frequently called Attila the Hun, was the ruler of the Huns from 434 until his death, in March 453. He was also the leader of an empire consisting of Huns, Ostrogoths, Alans, and Bulgars, among others, in Central and Eastern Europe.

During his reign, he was one of the most feared enemies of the Western and Eastern Roman Empires. He crossed the Danube twice and plundered the Balkans but was unable to take Constantinople. In 441, he led an invasion of the Eastern Roman (Byzanti",False,True,1.0,0.9786452054977417,0.07217752933502197
chunk_1024,236,Aegean Sea,Which straits connect the Aegean Sea to the Marmara Sea and the Black Sea?,The Dardanelles and the Bosphorus,The straits that connect the Aegean Sea to the Marmara Sea and the Black Sea are the Dardanelles and the Bosphorus.,Aegean Sea | Aegean Sea | Aegean Sea,"The Aegean Sea is an elongated embayment of the Mediterranean Sea between Europe and Asia. It is located between the Balkans and Anatolia, and covers an area of some . In the north, the Aegean is connected to the Marmara Sea, which in turn connects to the Black Sea, by the straits of the Dardanelles and the Bosphorus, respectively. The Aegean Islands are located within the sea and some bound it on its southern periphery, including Crete and Rhodes. The sea reaches a maximum depth of  to the west",False,True,1.0,0.9260641932487488,0.0020229220390319824
chunk_1024,237,Aegean Sea,Which islands are included in the Dodecanese group?,"Rhodes, Kos, and Patmos","The Dodecanese group includes the islands of Rhodes, Kos, and Patmos.",Archipelago | Aegean Sea | Aegean Sea,"An archipelago ( ), sometimes called an island group or island chain, is a chain, cluster, or collection of islands, or sometimes a sea containing a small number of scattered islands.

Examples of archipelagos include: the Indonesian Archipelago, the Andaman and Nicobar Islands, the Lakshadweep Islands, the Galápagos Islands, the Japanese archipelago, the Philippine Archipelago, the Maldives, the Balearic Islands, the Åland Islands, The Bahamas, the Aegean Islands, the Hawaiian Islands, the Cana",False,True,1.0,0.9553567171096802,0.0002269148826599121
chunk_1024,238,A Clockwork Orange (novel),Who is the author of A Clockwork Orange?,English writer Anthony Burgess,The author of A Clockwork Orange is Anthony Burgess.,A Clockwork Orange (novel) | A Clockwork Orange (novel) | A Clockwork Orange (novel),"A Clockwork Orange is a dystopian satirical black comedy novel by English writer Anthony Burgess, published in 1962. It is set in a near-future society that has a youth subculture of extreme violence. The teenage protagonist, Alex, narrates his violent exploits and his experiences with state authorities intent on reforming him. The book is partially written in a Russian-influenced argot called ""Nadsat"", which takes its name from the Russian suffix that is equivalent to '-teen' in English. Accord",False,True,0.5,0.9714071750640869,8.940696716308594e-06
chunk_1024,239,A Clockwork Orange (novel),In what year was A Clockwork Orange included on Time magazine's list of the 100 best English-language novels written since 1923?,2005,1962,A Clockwork Orange (novel) | A Clockwork Orange (novel) | A Clockwork Orange (novel),"A Clockwork Orange is a dystopian satirical black comedy novel by English writer Anthony Burgess, published in 1962. It is set in a near-future society that has a youth subculture of extreme violence. The teenage protagonist, Alex, narrates his violent exploits and his experiences with state authorities intent on reforming him. The book is partially written in a Russian-influenced argot called ""Nadsat"", which takes its name from the Russian suffix that is equivalent to '-teen' in English. Accord",False,True,0.0,0.9116363525390625,0.9992678186972626
chunk_1024,240,Amsterdam,What is the population of Amsterdam within the city proper?,"921,402","The population of Amsterdam within the city proper is 921,402.",Amsterdam | Amsterdam | Amsterdam,"During the 1660s, Amsterdam's population reached 200,000. The city's growth levelled off and the population stabilized around 240,000 for most of the 18th century.

In 1750, Amsterdam was the fourth largest city in Western Europe, behind London (676,000), Paris (560,000) and Naples (324,000). This was all the more remarkable as Amsterdam was neither the capital city nor the seat of government of the Dutch Republic, which itself was a much smaller state than Great Britain, France or the Ottoman E",False,True,1.0,0.9675710797309875,2.4318695068359375e-05
chunk_1024,241,Amsterdam,"Which area, annexed in 1921, is the oldest part of Amsterdam dating to the 9th century?",Sloten,"Sloten, annexed in 1921 by the municipality of Amsterdam, is the oldest part of the city, dating to the 9th century.",Amsterdam | Amsterdam | Amsterdam,"Amsterdam ( ,  , ; literally, ""The Dam on the River Amstel"") is the capital and most populated city of the Netherlands, with The Hague being the seat of government. It has a population of 921,402 within the city proper, 1,457,018 in the urban area and 2,480,394 in the metropolitan area. Located in the Dutch province of North Holland, Amsterdam is colloquially referred to as the ""Venice of the North"", for its large number of canals, now designated a UNESCO World Heritage Site.

Amsterdam was foun",False,True,1.0,0.974475085735321,0.00018960237503051758
chunk_1024,242,Museum of Work,In which city is the Museum of Work located?,"Norrköping, Sweden.","The Museum of Work is located in Norrköping, Sweden.",Museum of Work | Amsterdam | Athens,"The Museum of Work (Arbetets museum) is a museum located in Norrköping, Sweden. The museum is located in the Strykjärn (Clothes iron), a former weaving mill in the old industrial area on the Motala ström river in the city centre of Norrköping. The former textile factory Holmens Bruk (sv) operated in the building from 1917 to 1962.

The museum documents work and everyday life by collecting personal stories about people's professional lives from both the past and the present. The museum's archive ",False,True,1.0,0.9880819320678711,0.00011146068572998047
chunk_1024,243,Museum of Work,Since what year has the museum housed the EWK – Center for Political Illustration Art?,2009.,"Since 2009, the museum has housed the EWK – Center for Political Illustration Art.",Museum of Work | Aarhus | Andy Warhol,"The Museum of Work (Arbetets museum) is a museum located in Norrköping, Sweden. The museum is located in the Strykjärn (Clothes iron), a former weaving mill in the old industrial area on the Motala ström river in the city centre of Norrköping. The former textile factory Holmens Bruk (sv) operated in the building from 1917 to 1962.

The museum documents work and everyday life by collecting personal stories about people's professional lives from both the past and the present. The museum's archive ",False,True,1.0,0.9839655160903931,0.00010514259338378906
chunk_1024,244,Audi,Where is Audi AG headquartered?,"Ingolstadt, Bavaria, Germany.","Audi AG is headquartered in Ingolstadt, Bavaria, Germany.",Audi | Audi | Audi,"Audi AG () is a German automotive manufacturer of luxury vehicles headquartered in Ingolstadt, Bavaria, Germany. A subsidiary of the Volkswagen Group, Audi produces vehicles in nine production facilities worldwide.

The origins of the company are complex, dating back to the early 20th century and the initial enterprises (Horch and the Audiwerke) founded by engineer August Horch (1868–1951). Two other manufacturers (DKW and Wanderer) also contributed to the foundation of Auto Union in 1932. The m",False,True,1.0,0.9766512513160706,2.944469451904297e-05
chunk_1024,245,Audi,In how many production facilities worldwide does Audi produce vehicles?,Nine.,Audi produces vehicles in nine production facilities worldwide.,Audi | Audi | Audi,"Audi manufactures vehicles in seven plants around the world, some of which are shared with other VW Group marques although many sub-assemblies such as engines and transmissions are manufactured within other Volkswagen Group plants.

Audi's two principal assembly plants in Germany are:
 Ingolstadt, the former Auto Union site originally opened in 1945 and substantially rebuilt by Daimler-Benz in 1962, and acquired by Volkswagen in 1964 (Q2, A3, A4, A5)
 Neckarsulm, the former NSU plant, acquired b",False,True,1.0,0.98546302318573,1.704692840576172e-05
chunk_1024,246,Aircraft,"What is the science of aviation, including designing and building aircraft, called?",Aeronautics.,"The science of aviation, including designing and building aircraft, is called aeronautics.",Aircraft | Aircraft | Aircraft,"An aircraft (: aircraft) is a vehicle that is able to fly by gaining support from the air. It counters the force of gravity by using either static lift or the dynamic lift of an airfoil, or, in a few cases, direct downward thrust from its engines. Common examples of aircraft include airplanes, helicopters, airships (including blimps), gliders, paramotors, and hot air balloons.

The human activity that surrounds aircraft is called aviation. The science of aviation, including designing and buildin",False,True,1.0,0.9806622266769409,9.834766387939453e-05
chunk_1024,247,Aircraft,Into how many eras is the history of aircraft divided?,Five.,"The history of aircraft is divided into five eras:

1. Pioneers of flight, from the earliest experiments to 1914.
2. First World War, 1914 to 1918.
3. Aviation between the World Wars, 1918 to 1939.
4. Second World War, 1939 to 1945.
5. Postwar era, also called the Jet Age, 1945 to the present day.",Aircraft | Aircraft | Aircraft,"An aircraft (: aircraft) is a vehicle that is able to fly by gaining support from the air. It counters the force of gravity by using either static lift or the dynamic lift of an airfoil, or, in a few cases, direct downward thrust from its engines. Common examples of aircraft include airplanes, helicopters, airships (including blimps), gliders, paramotors, and hot air balloons.

The human activity that surrounds aircraft is called aviation. The science of aviation, including designing and buildin",False,True,1.0,0.9712358713150024,0.2999759912490845
chunk_1024,248,Alfred Nobel,In what year was Alfred Nobel's invention dynamite patented?,1867,1867,Alfred Nobel | Alfred Nobel | Alfred Nobel,"Alfred Bernhard Nobel ( , ; 21 October 1833 – 10 December 1896) was a Swedish chemist, engineer, inventor, businessman, and philanthropist. He is known for creating dynamite as well as having bequeathed his fortune to establish the Nobel Prize. He also made several important contributions to science, holding 355 patents in his lifetime. Nobel's most famous invention was dynamite, an explosive using  nitroglycerin; it was patented in 1867.

Nobel displayed an early aptitude for science and learni",False,True,1.0,0.5906960964202881,0.9969005847815424
chunk_1024,249,Alfred Nobel,How many patents did Alfred Nobel hold during his lifetime?,355,"During his lifetime, Alfred Nobel held 355 patents.",Alfred Nobel | Alfred Nobel | Alfred Nobel,"Alfred Bernhard Nobel ( , ; 21 October 1833 – 10 December 1896) was a Swedish chemist, engineer, inventor, businessman, and philanthropist. He is known for creating dynamite as well as having bequeathed his fortune to establish the Nobel Prize. He also made several important contributions to science, holding 355 patents in his lifetime. Nobel's most famous invention was dynamite, an explosive using  nitroglycerin; it was patented in 1867.

Nobel displayed an early aptitude for science and learni",False,True,1.0,0.9546977281570435,1.6570091247558594e-05
chunk_1024,250,Alexander Graham Bell,On what date was Alexander Graham Bell awarded the first U.S. patent for the telephone?,"March 7, 1876.","March 7, 1876",Alexander Graham Bell | Alexander Graham Bell | Alexander Graham Bell,"Alexander Graham Bell (, born Alexander Bell; March 3, 1847 – August 2, 1922) was a  Scottish-born inventor, scientist and engineer who is credited with patenting the first practical telephone. He also co-founded the American Telephone and Telegraph Company (AT&T) in 1885.

Bell's father, grandfather, and brother had all been associated with work on elocution and speech, and both his mother and wife were deaf; profoundly influencing Bell's life's work. His research on hearing and speech further ",False,True,1.0,0.8572575449943542,0.9991289344034158
chunk_1024,251,Alexander Graham Bell,"What position did Bell hold in the National Geographic Society, and during which years did he serve?","He was the second president, serving from January 7, 1898, until 1903.","During the early 1880s, Alexander Graham Bell helped establish the publication Science during the early 1880s. In 1898, Bell was elected as the second president of the National Geographic Society, serving until 1903.",Alexander Graham Bell | Alexander Graham Bell | Alexander Graham Bell,"The monument depicts mankind's ability to span the globe through telecommunications;
 The Alexander Graham Bell Museum (opened in 1956), part of the Alexander Graham Bell National Historic Site which was completed in 1978 in Baddeck, Nova Scotia. Many of the museum's artifacts were donated by Bell's daughters;

In 1880, Bell received the Volta Prize with a purse of 50,000 French francs (approximately US$ in today's dollars) for the invention of the telephone from the French government. Among the",False,True,0.6666666666666666,0.9619302749633789,0.34651368856430054
chunk_1024,252,Anatolia,"Which seas bound Anatolia to the north, south, and west?","The Black Sea to the north, the Mediterranean Sea to the south, and the Aegean Sea to the west.","Anatolia is bordered to the north by the Sea of Marmara, to the south by the Aegean Sea, and to the west by the Mediterranean Sea.",Anatolia | Aegean Sea | Aegean Sea,"Anatolia, also known as Asia Minor, is a large peninsula in West Asia and is the western-most extension of continental Asia. The land mass of Anatolia constitutes most of the territory of contemporary Turkey. Geographically, the Anatolian region is bounded by the Turkish Straits to the north-west, the Black Sea to the north, the Armenian Highlands to the east, the Mediterranean Sea to the south, and the Aegean Sea to the west. Topographically, the Sea of Marmara connects the Black Sea with the A",False,True,0.8571428571428571,0.9006624817848206,0.011244595050811768
chunk_1024,253,Anatolia,What were the major Anatolian languages mentioned in the passage?,"Hittite, Luwian, and Lydian.","The major Anatolian languages mentioned in the passage include Hittite, Luwian, and Lydian.",Anatolia | Anatolia | Anatolia,"Anatolia, also known as Asia Minor, is a large peninsula in West Asia and is the western-most extension of continental Asia. The land mass of Anatolia constitutes most of the territory of contemporary Turkey. Geographically, the Anatolian region is bounded by the Turkish Straits to the north-west, the Black Sea to the north, the Armenian Highlands to the east, the Mediterranean Sea to the south, and the Aegean Sea to the west. Topographically, the Sea of Marmara connects the Black Sea with the A",False,True,1.0,0.9751004576683044,9.691715240478516e-05
chunk_1024,254,Apple Inc.,In which city is Apple Inc. headquartered?,"Cupertino, California","Cupertino, California",Apple Inc. | Apple Inc. | Apple Inc.,"Apple Inc. is an American multinational technology company headquartered in Cupertino, California. , Apple is the world's biggest company by market capitalization, and with  the largest technology company by 2022 revenue. , Apple is the fourth-largest personal computer vendor by unit sales; the largest manufacturing company by revenue; and the second-largest mobile phone manufacturer in the world. It is considered one of the Big Five American information technology companies, alongside Alphabet ",False,True,1.0,0.8309845328330994,0.9915380012243986
chunk_1024,255,Apple Inc.,Who were the three founders of Apple Computer Company?,"Steve Wozniak, Steve Jobs and Ronald Wayne","Steve Jobs, Steve Wozniak, and Ronald Wayne were the three founders of Apple Computer Company.",Apple Inc. | Apple Inc. | Apple Inc.,"Apple Inc. is an American multinational technology company headquartered in Cupertino, California. , Apple is the world's biggest company by market capitalization, and with  the largest technology company by 2022 revenue. , Apple is the fourth-largest personal computer vendor by unit sales; the largest manufacturing company by revenue; and the second-largest mobile phone manufacturer in the world. It is considered one of the Big Five American information technology companies, alongside Alphabet ",False,True,1.0,0.7376055121421814,5.4955482482910156e-05
chunk_1024,256,Aberdeenshire,Where is Aberdeenshire Council headquartered?,"Woodhill House, in Aberdeen.","Woodhill House, in Aberdeen.",Aberdeenshire | Aberdeenshire | Aberdeenshire,"Aberdeenshire (; ) is one of the 32 council areas of Scotland.

It takes its name from the County of Aberdeen, which has substantially different boundaries. The Aberdeenshire Council area includes all of the area of the historic counties of Aberdeenshire and Kincardineshire (except the area making up Aberdeen City council area), as well as part of Banffshire. The county boundaries are officially used for a few purposes, namely land registration and lieutenancy.

Aberdeenshire Council is headquar",False,True,1.0,0.9435181021690369,0.0279543399810791
chunk_1024,257,Aberdeenshire,Which historic counties' areas are included in the Aberdeenshire Council area?,"All of the area of the historic counties of Aberdeenshire and Kincardineshire (except the area making up Aberdeen City council area), as well as part of Banffshire.","The Aberdeenshire Council area includes all of the area of the historic counties of Aberdeenshire and Kincardineshire (except the area making up Aberdeen City council area), as well as part of Banffshire.",Aberdeenshire | Aberdeenshire | Aberdeenshire,"Aberdeenshire (; ) is one of the 32 council areas of Scotland.

It takes its name from the County of Aberdeen, which has substantially different boundaries. The Aberdeenshire Council area includes all of the area of the historic counties of Aberdeenshire and Kincardineshire (except the area making up Aberdeen City council area), as well as part of Banffshire. The county boundaries are officially used for a few purposes, namely land registration and lieutenancy.

Aberdeenshire Council is headquar",False,True,1.0,0.9633233547210693,0.10590201616287231
chunk_1024,258,Aztlan Underground,Which musical genres does Aztlan Underground combine in their music?,"Hip‑Hop, Punk Rock, Jazz, and electronic music with Chicano and Native American themes, and indigenous instrumentation.","Aztlan Underground combines Hip-Hop, Punk Rock, Jazz, and electronic music with Chicano and Native American themes, and indigenous instrumentation in their music.",Aztlan Underground | Accordion | Algeria,"Aztlan Underground is a band from Los Angeles, California that combines Hip-Hop, Punk Rock, Jazz, and electronic music with Chicano and Native American themes, and indigenous instrumentation. They are often cited as progenitors of Chicano rap.

Background 
The band traces its roots to the late-1980s hardcore scene in the Eastside of Los Angeles. They have played rapcore, with elements of punk, hip hop, rock, funk, jazz, indigenous music, and spoken word. Indigenous drums, flutes, and rattles are",False,True,1.0,0.9920756816864014,0.004207015037536621
chunk_1024,259,Aztlan Underground,In what year did Aztlan Underground appear on Culture Clash on Fox?,1993,1993,Aztlan Underground | Advanced Chemistry | ABBA,"Aztlan Underground is a band from Los Angeles, California that combines Hip-Hop, Punk Rock, Jazz, and electronic music with Chicano and Native American themes, and indigenous instrumentation. They are often cited as progenitors of Chicano rap.

Background 
The band traces its roots to the late-1980s hardcore scene in the Eastside of Los Angeles. They have played rapcore, with elements of punk, hip hop, rock, funk, jazz, indigenous music, and spoken word. Indigenous drums, flutes, and rattles are",False,True,1.0,0.7288315892219543,0.9988213279284537
chunk_1024,260,American Civil War,On what date did the American Civil War end?,"May 26, 1865","The American Civil War officially ended on June 2, 1865, when Confederate Lt. Gen. Simon B. Buckner, acting for General Edmund Kirby Smith, signed a military convention surrendering the Confederate trans-Mississippi Department forces.",American Civil War | American Civil War | American Civil War,"It proved to be the largest surrender of Confederate forces. On May 4, all remaining Confederate forces in Alabama, Louisiana east of the Mississippi River, and Mississippi under Lieutenant General Richard Taylor surrendered.

The Confederate president, Jefferson Davis, was captured at Irwinville, Georgia on May 10, 1865.

On May 13, 1865, the last land battle of the war was fought at the Battle of Palmito Ranch in Texas.

On May 26, 1865, Confederate Lt. Gen. Simon B. Buckner, acting for Genera",False,True,0.3333333333333333,0.9191694855690002,0.31986451148986816
chunk_1024,261,American Civil War,Who was the President of the Confederacy?,Jefferson Davis,Jefferson Davis,Abraham Lincoln | Abraham Lincoln | American Civil War,"President Buchanan and President-elect Lincoln refused to recognize the Confederacy, declaring secession illegal. The Confederacy selected Jefferson Davis as its provisional president on February 9, 1861.

Attempts at compromise followed but Lincoln and the Republicans rejected the proposed Crittenden Compromise as contrary to the Party's platform of free-soil in the territories. Lincoln said, ""I will suffer death before I consent ... to any concession or compromise which looks like buying the p",False,True,1.0,0.7645967602729797,0.9950754893943667
chunk_1024,262,Andy Warhol,What are two of Andy Warhol's best‑known silkscreen paintings mentioned in the passage?,Campbell's Soup Cans (1962) and Marilyn Diptych (1962).,"Two of Andy Warhol's best-known silkscreen paintings mentioned in the passage are:

1. Campbell's Soup Cans (1962)
2. Marilyn Diptych (1962)",Andy Warhol | Andy Warhol | Andy Warhol,"Andy Warhol (; born Andrew Warhola Jr.; August 6, 1928 – February 22, 1987) was an American visual artist, film director, producer, and leading figure in the pop art movement. His works explore the relationship between artistic expression, advertising, and celebrity culture that flourished by the 1960s, and span a variety of media, including painting, silkscreening, photography, film, and sculpture. Some of his best-known works include the silkscreen paintings Campbell's Soup Cans (1962) and Mar",False,True,1.0,0.9372627139091492,0.0006071329116821289
chunk_1024,263,Andy Warhol,Which experimental rock band did Andy Warhol manage and produce in the late 1960s?,The Velvet Underground.,Andy Warhol managed and produced the experimental rock band The Velvet Underground in the late 1960s.,Andy Warhol | Andy Warhol | Andy Warhol,"Andy Warhol (; born Andrew Warhola Jr.; August 6, 1928 – February 22, 1987) was an American visual artist, film director, producer, and leading figure in the pop art movement. His works explore the relationship between artistic expression, advertising, and celebrity culture that flourished by the 1960s, and span a variety of media, including painting, silkscreening, photography, film, and sculpture. Some of his best-known works include the silkscreen paintings Campbell's Soup Cans (1962) and Mar",False,True,1.0,0.9868555665016174,7.152557373046875e-07
chunk_1024,264,Alp Arslan,"What does the nickname ""Alp Arslan"" mean in Turkish?",Heroic Lion,"The nickname ""Alp Arslan"" means ""Heroic Lion"" in Turkish.",Alp Arslan | Alp Arslan | Anatolia,"Alp Arslan, born Muhammad bin Dawud Chaghri, was the second sultan of the Seljuk Empire and great-grandson of Seljuk, the eponymous founder of the dynasty. He greatly expanded the Seljuk territory and consolidated his power, defeating rivals to the south and northwest, and his victory over the Byzantines at the Battle of Manzikert, in 1071, ushered in the Turkmen settlement of Anatolia. 

Muhammad bin Dawud Chaghri's military prowess and fighting skills earned him the nickname Alp Arslan, which ",False,True,1.0,0.9633582830429077,2.0265579223632812e-05
chunk_1024,265,Alp Arslan,In what year did Alp Arslan win the Battle of Manzikert against the Byzantines?,1071,1071,Alp Arslan | Alp Arslan | Alp Arslan,"Alp Arslan, born Muhammad bin Dawud Chaghri, was the second sultan of the Seljuk Empire and great-grandson of Seljuk, the eponymous founder of the dynasty. He greatly expanded the Seljuk territory and consolidated his power, defeating rivals to the south and northwest, and his victory over the Byzantines at the Battle of Manzikert, in 1071, ushered in the Turkmen settlement of Anatolia. 

Muhammad bin Dawud Chaghri's military prowess and fighting skills earned him the nickname Alp Arslan, which ",False,True,1.0,0.683358371257782,0.9998313472460723
chunk_1024,266,American Film Institute,Who chairs the board of trustees of the American Film Institute?,Kathleen Kennedy,Kathleen Kennedy chairs the board of trustees of the American Film Institute.,American Film Institute | American Film Institute | American Film Institute,"The American Film Institute (AFI) is an American nonprofit film organization that educates filmmakers and honors the heritage of the motion picture arts in the United States. AFI is supported by private funding and public membership fees.

Leadership

The institute is composed of leaders from the film, entertainment, business, and academic communities. The board of trustees is chaired by Kathleen Kennedy and the board of directors chaired by Robert A. Daly guide the organization, which is led by",False,True,1.0,0.9763090014457703,1.8477439880371094e-05
chunk_1024,267,American Film Institute,In what year was the American Film Institute established?,1967,The American Film Institute was established in 1967.,American Film Institute | American Film Institute | American National Standards Institute,"The American Film Institute (AFI) is an American nonprofit film organization that educates filmmakers and honors the heritage of the motion picture arts in the United States. AFI is supported by private funding and public membership fees.

Leadership

The institute is composed of leaders from the film, entertainment, business, and academic communities. The board of trustees is chaired by Kathleen Kennedy and the board of directors chaired by Robert A. Daly guide the organization, which is led by",False,True,1.0,0.924593448638916,1.0013580322265625e-05
chunk_1024,268,Akira Kurosawa,"What was the title of Akira Kurosawa's directorial debut film released during World War II, and in what year was it released?","Sanshiro Sugata, 1943","Akira Kurosawa's directorial debut film released during World War II was ""Sanshiro Sugata"" (1943).",Akira Kurosawa | Akira Kurosawa | Akira Kurosawa,"was a Japanese filmmaker and painter who directed 30 films in a career spanning over five decades. He is widely regarded as one of the greatest and most influential filmmakers in the history of cinema. Kurosawa displayed a bold, dynamic style, strongly influenced by Western cinema yet distinct from it; he was involved with all aspects of film production.

Kurosawa entered the Japanese film industry in 1936, following a brief stint as a painter. After years of working on numerous films as an assi",False,True,1.0,0.9359357953071594,2.5033950805664062e-06
chunk_1024,269,Akira Kurosawa,Which Akira Kurosawa film won the Golden Lion at the 1951 Venice Film Festival?,Rashomon,Rashomon (1950),Akira Kurosawa | Akira Kurosawa | Akira Kurosawa,"was a Japanese filmmaker and painter who directed 30 films in a career spanning over five decades. He is widely regarded as one of the greatest and most influential filmmakers in the history of cinema. Kurosawa displayed a bold, dynamic style, strongly influenced by Western cinema yet distinct from it; he was involved with all aspects of film production.

Kurosawa entered the Japanese film industry in 1936, following a brief stint as a painter. After years of working on numerous films as an assi",False,True,1.0,0.938422679901123,0.2439124584197998
chunk_1024,270,Ancient Egypt,Who is credited with the political unification of Upper and Lower Egypt around 3100 BC?,Menes (often identified with Narmer),Narmer is credited with the political unification of Upper and Lower Egypt around 3100 BC.,Ancient Egypt | Ancient Egypt | Ancient Egypt,"Ancient Egypt was a civilization in Northeast Africa situated in the Nile Valley. Ancient Egyptian civilization followed prehistoric Egypt and coalesced around 3100BC (according to conventional Egyptian chronology) with the political unification of Upper and Lower Egypt under Menes (often identified with Narmer). The history of ancient Egypt occurred as a series of stable kingdoms, separated by periods of relative instability known as Intermediate Periods: the Old Kingdom of the Early Bronze Age",False,True,0.25,0.9672795534133911,3.218650817871094e-05
chunk_1024,271,Ancient Egypt,"Which kingdom ruled Egypt after Alexander the Great's death until 30 BC, when it fell to the Roman Empire?",the Greek Ptolemaic Kingdom,"The Greek Ptolemaic Kingdom ruled Egypt after Alexander the Great's death until 30 BC, when it fell to the Roman Empire.",Alexander the Great | Ancient Egypt | Alexander the Great,"Alexander III of Macedon (; 20/21 July 356 BC – 10/11 June 323 BC), commonly known as Alexander the Great, was a king of the ancient Greek kingdom of Macedon. He succeeded his father Philip II to the throne in 336 BC at the age of 20, and spent most of his ruling years conducting a lengthy military campaign throughout Western Asia and Egypt. By the age of 30, he had created one of the largest empires in history, stretching from Greece to northwestern India. He was undefeated in battle and is wid",False,True,1.0,0.9615487456321716,0.000298917293548584
chunk_1024,272,Analog Brothers,What is the title of the Analog Brothers' only album?,Pimp to Eat,The title of the Analog Brothers' only album is Pimp to Eat.,Analog Brothers | ABBA | ABBA,"Analog Brothers were an experimental hip hop band featuring Tracy ""Ice-T"" Marrow (Ice Oscillator) on keyboards, drums and vocals, Keith ""Kool Keith"" Thornton (Keith Korg) on bass, strings and vocals, Marc Live (Marc Moog) on drums, violins and vocals, Christopher ""Black Silver"" Rodgers (Silver Synth) on synthesizer, lazar bell and vocals, and Rex Colonel ""Pimpin' Rex"" Doby Jr. (Rex Roland JX3P) on keyboards, vocals and production. Its album Pimp to Eat featured guest appearances by various membe",False,True,1.0,0.3874722123146057,4.0531158447265625e-06
chunk_1024,273,Analog Brothers,Which two members toured together as Black Ice in 2008?,Ice-T and Black Silver,Ice-T and Black Silver toured together as Black Ice in 2008.,Analog Brothers | Afro Celt Sound System | ABBA,"Analog Brothers were an experimental hip hop band featuring Tracy ""Ice-T"" Marrow (Ice Oscillator) on keyboards, drums and vocals, Keith ""Kool Keith"" Thornton (Keith Korg) on bass, strings and vocals, Marc Live (Marc Moog) on drums, violins and vocals, Christopher ""Black Silver"" Rodgers (Silver Synth) on synthesizer, lazar bell and vocals, and Rex Colonel ""Pimpin' Rex"" Doby Jr. (Rex Roland JX3P) on keyboards, vocals and production. Its album Pimp to Eat featured guest appearances by various membe",False,True,1.0,0.9741500616073608,1.0251998901367188e-05
chunk_1024,274,Motor neuron diseases,Which specific motor neuron diseases are mentioned in the passage?,"Amyotrophic lateral sclerosis (ALS), progressive bulbar palsy (PBP), pseudobulbar palsy, progressive muscular atrophy (PMA), primary lateral sclerosis (PLS), spinal muscular atrophy (SMA) and monomelic amyotrophy (MMA), as well as some rarer variants resembling ALS.","The passage mentions several specific motor neuron diseases, including:

1. Amyotrophic lateral sclerosis (ALS)
2. Progressive bulbar palsy (PBP)
3. Pseudobulbar palsy
4. Progressive muscular atrophy (PMA)
5. Primary lateral sclerosis (PLS)
6. Spinal muscular atrophy (SMA)
7. Monomelic amyotrophy (MMA)

Additionally, the passage discusses other related conditions such as:

- Hereditary motor and sensory neuropathy
- Spinal muscular atrophies
- Hereditary transthyretin amyloidosis
- Hereditary inclusion-body myopathy with Paget's disease of bone
- Hereditary spastic paraplegias
- Hereditary spastic paraplegias with cere",Motor neuron diseases | Motor neuron diseases | Motor neuron diseases,"Motor neuron diseases or motor neurone diseases (MNDs) are a group of rare neurodegenerative disorders that selectively affect motor neurons, the cells which control voluntary muscles of the body. They include amyotrophic lateral sclerosis (ALS), progressive bulbar palsy (PBP), pseudobulbar palsy, progressive muscular atrophy (PMA), primary lateral sclerosis (PLS), spinal muscular atrophy (SMA) and monomelic amyotrophy (MMA), as well as some rarer variants resembling ALS.

Motor neuron diseases ",False,True,0.7916666666666666,0.1558392494916916,0.14891141653060913
chunk_1024,275,Motor neuron diseases,Does the passage state that there are approved treatments for most motor neuron disorders?,"No, the passage states that there are no approved treatments for the majority of motor neuron disorders, and care is mostly symptomatic.","No, the passage does not state that there are approved treatments for most motor neuron disorders.",Motor neuron diseases | Motor neuron diseases | Motor neuron diseases,"Motor neuron diseases or motor neurone diseases (MNDs) are a group of rare neurodegenerative disorders that selectively affect motor neurons, the cells which control voluntary muscles of the body. They include amyotrophic lateral sclerosis (ALS), progressive bulbar palsy (PBP), pseudobulbar palsy, progressive muscular atrophy (PMA), primary lateral sclerosis (PLS), spinal muscular atrophy (SMA) and monomelic amyotrophy (MMA), as well as some rarer variants resembling ALS.

Motor neuron diseases ",True,True,0.5833333333333334,,
chunk_1024,276,Abjad,"Who introduced the term ""abjad"" and in what year?",Peter T. Daniels introduced the term in 1990.,"Peter T. Daniels introduced the term ""abjad"" in 1990.",Abjad | Afroasiatic languages | Abjad,"An abjad (, ; also abgad) is a writing system in which only consonants are represented, leaving vowel sounds to be inferred by the reader. This contrasts with alphabets, which provide graphemes for both consonants and vowels. The term was introduced in 1990 by Peter T. Daniels. Other terms for the same concept include: partial phonemic script, segmentally linear defective phonographic script, consonantary, consonant writing, and consonantal alphabet.

Impure abjads represent vowels with either o",False,True,1.0,0.9485384225845337,0.0007393956184387207
chunk_1024,277,Abjad,What are two vowel marking systems mentioned for abjads?,nikkud for Hebrew and ḥarakāt for Arabic.,"Two vowel marking systems mentioned for abjads are:

1. Diacritics
2. Matres lectionis",Abjad | Alphabet | Abjad,"An abjad (, ; also abgad) is a writing system in which only consonants are represented, leaving vowel sounds to be inferred by the reader. This contrasts with alphabets, which provide graphemes for both consonants and vowels. The term was introduced in 1990 by Peter T. Daniels. Other terms for the same concept include: partial phonemic script, segmentally linear defective phonographic script, consonantary, consonant writing, and consonantal alphabet.

Impure abjads represent vowels with either o",False,True,0.0,0.2614282965660095,0.07270246744155884
chunk_1024,278,Abugida,What is an abugida and how does it differ from a full alphabet and an abjad?,"An abugida is a segmental writing system in which consonant–vowel sequences are written as units; each unit is based on a consonant letter and vowel notation is secondary, like a diacritical mark. This contrasts with a full alphabet, in which vowels have status equal to consonants, and with an abjad, in which vowel marking is absent, partial, or optional.","An abugida is a writing system in which consonant–vowel sequences are written as units, with each unit being based on a consonant letter and having secondary vowel notation. This contrasts with a full alphabet, in which vowels have equal status to consonants, and with an abjad, in which vowel marking is absent, partial, or optional. An abugida differs from a full alphabet in that it uses consonant letters to denote consonants and leaves vowel sounds to be inferred by the reader through diacritics. An abjad, on the other hand, represents only consonants without any indication of vowels.",Abugida | Abjad | Alphabet,"An abugida (, from Ge'ez: ), sometimes known as alphasyllabary, neosyllabary or pseudo-alphabet, is a segmental writing system in which consonant–vowel sequences are written as units; each unit is based on a consonant letter, and vowel notation is secondary, like a diacritical mark. This contrasts with a full alphabet, in which vowels have status equal to consonants, and with an abjad, in which vowel marking is absent, partial, or optional – in less formal contexts, all three types of script may",False,True,0.8709677419354839,0.9252882599830627,0.6856864392757416
chunk_1024,279,Abugida,Which scholars introduced related concepts to the abugida and what terms did they use?,"James Germain Février (1948) introduced the term , David Diringer (1948) used the term semisyllabary, Fred Householder (1959) introduced the term pseudo-alphabet, Peter T. Daniels (1990) chose the Ethiopic term ""abugida"", Faber (1992) suggested ""segmentally coded syllabically linear phonographic script"", Bright (1992) used the term alphasyllabary, and Gnanadesikan and Rimzhim, Katz, & Fowler have suggested aksara or āksharik.","James Germain Février and David Diringer introduced related concepts to the abugida. They used the terms ""abugida"" and ""semisyllabary,"" respectively.",Abugida | Avicenna | Ancient philosophy,"An abugida (, from Ge'ez: ), sometimes known as alphasyllabary, neosyllabary or pseudo-alphabet, is a segmental writing system in which consonant–vowel sequences are written as units; each unit is based on a consonant letter, and vowel notation is secondary, like a diacritical mark. This contrasts with a full alphabet, in which vowels have status equal to consonants, and with an abjad, in which vowel marking is absent, partial, or optional – in less formal contexts, all three types of script may",False,True,0.24390243902439024,0.9128146767616272,0.004272937774658203
chunk_1024,280,ABBA,In what year was ABBA formed in Stockholm?,1972,ABBA was formed in Stockholm in 1972.,ABBA | ABBA | ABBA,"ABBA ( , ; formerly named Björn & Benny, Agnetha & Anni-Frid or Björn & Benny, Agnetha & Frida) are  a Swedish pop supergroup formed in Stockholm in 1972 by Agnetha Fältskog, Björn Ulvaeus, Benny Andersson, and Anni-Frid Lyngstad. The group's name is an acronym of the first letters of their first names arranged as a palindrome. They are one of the most popular and successful musical groups of all time, and are one of the best-selling music acts in the history of popular music, topping the charts",False,True,1.0,0.9895898699760437,6.556510925292969e-06
chunk_1024,281,ABBA,Which song did ABBA win the Eurovision Song Contest with?,Waterloo,"ABBA won the Eurovision Song Contest with the song ""Waterloo.""",ABBA | ABBA | ABBA,"ABBA ( , ; formerly named Björn & Benny, Agnetha & Anni-Frid or Björn & Benny, Agnetha & Frida) are  a Swedish pop supergroup formed in Stockholm in 1972 by Agnetha Fältskog, Björn Ulvaeus, Benny Andersson, and Anni-Frid Lyngstad. The group's name is an acronym of the first letters of their first names arranged as a palindrome. They are one of the most popular and successful musical groups of all time, and are one of the best-selling music acts in the history of popular music, topping the charts",False,True,1.0,0.9786871075630188,6.794929504394531e-06
chunk_1024,282,Allegiance,What is the definition of allegiance as given in the passage?,"An allegiance is a duty of fidelity said to be owed, or freely committed, by the people, subjects or citizens to their state or sovereign.","An allegiance is a duty of fidelity said to be owed, or freely committed, by the people, subjects or citizens to their state or sovereign.",Allegiance | Allegiance | Allegiance,"An allegiance is a duty of fidelity said to be owed, or freely committed, by the people, subjects or citizens to their state or sovereign.

Etymology
The word allegiance comes from Middle English  (see Medieval Latin , ""a liegance""). The al- prefix was probably added through confusion with another legal term, allegeance, an ""allegation"" (the French  comes from the English). Allegiance is formed from ""liege,"" from Old French , ""liege, free"", of Germanic origin. The connection with Latin , ""to bin",False,True,1.0,0.9870247840881348,0.4800673723220825
chunk_1024,283,Allegiance,"According to the English doctrine described, how could a person lose their allegiance to the British crown?","They could never resign or lose it, except by act of parliament or by the recognition of the independence or the cession of the portion of British territory in which they resided.","According to the English doctrine described, a person could lose their allegiance to the British crown if they were forcibly removed from Britain to another country where their family resided, even if they were born in Britain. However, if they returned to Britain later, they would still owe allegiance to the British crown.",Allegiance | Allegiance | Allegiance,"A resident alien owed allegiance even when the protection of the crown was withdrawn owing to the occupation of an enemy, because the absence of the crown's protection was temporary and involuntary (de Jager v Attorney-General of Natal [1907] AC 326).

Legal allegiance was due when an alien took an oath of allegiance required for a particular office under the crown.

By the Naturalisation Act 1870, it was made possible for British subjects to renounce their nationality and allegiance, and the wa",False,True,0.3333333333333333,0.8006333112716675,0.014757037162780762
chunk_1024,284,MessagePad,In what year was the MessagePad series developed by Apple for the Newton platform?,1993,The MessagePad series was developed by Apple for the Newton platform in 1993.,MessagePad | MessagePad | MessagePad,"The MessagePad is a discontinued series of personal digital assistant devices developed by Apple Computer for the Newton platform in 1993.  Some electronic engineering and the manufacture of Apple's MessagePad devices was undertaken in Japan by Sharp. The devices are based on the ARM 610 RISC processor and all featured handwriting recognition software and were developed and marketed by Apple. The devices run Newton OS.

History
The development of the Newton MessagePad first began with Apple's fo",False,True,1.0,0.9716382622718811,2.288818359375e-05
chunk_1024,285,MessagePad,Which company performed some electronic engineering and manufacture of Apple's MessagePad devices in Japan?,Sharp,Sharp performed some electronic engineering and manufacture of Apple's MessagePad devices in Japan.,MessagePad | Apple Inc. | MessagePad,"The MessagePad is a discontinued series of personal digital assistant devices developed by Apple Computer for the Newton platform in 1993.  Some electronic engineering and the manufacture of Apple's MessagePad devices was undertaken in Japan by Sharp. The devices are based on the ARM 610 RISC processor and all featured handwriting recognition software and were developed and marketed by Apple. The devices run Newton OS.

History
The development of the Newton MessagePad first began with Apple's fo",False,True,1.0,0.9930619597434998,1.0371208190917969e-05
chunk_1024,286,A. E. van Vogt,What date did the Science Fiction Writers of America name A. E. van Vogt their 14th Grand Master?,1995 (presented 1996),The Science Fiction Writers of America named A. E. van Vogt their 14th Grand Master in 1995 (presented 1996).,A. E. van Vogt | A. E. van Vogt | A. E. van Vogt,"Alfred Elton van Vogt  ( ; April 26, 1912 – January 26, 2000) was a Canadian-born American science fiction author. His fragmented, bizarre narrative style influenced later science fiction writers, notably Philip K. Dick. He was one of the most popular and influential practitioners of science fiction in the mid-twentieth century, the genre's so-called Golden Age, and one of the most complex. The Science Fiction Writers of America named him their 14th Grand Master in 1995 (presented 1996).

Early ",False,True,1.0,0.9644955992698669,0.0004984140396118164
chunk_1024,287,A. E. van Vogt,What language did van Vogt speak exclusively at home until he was four years old?,Plautdietsch,Plautdietsch,A. E. van Vogt | A. E. van Vogt | A. E. van Vogt,"Alfred Elton van Vogt  ( ; April 26, 1912 – January 26, 2000) was a Canadian-born American science fiction author. His fragmented, bizarre narrative style influenced later science fiction writers, notably Philip K. Dick. He was one of the most popular and influential practitioners of science fiction in the mid-twentieth century, the genre's so-called Golden Age, and one of the most complex. The Science Fiction Writers of America named him their 14th Grand Master in 1995 (presented 1996).

Early ",False,True,1.0,0.7014016509056091,0.9929198818281293
chunk_1024,288,Anna Kournikova,What was Anna Kournikova's highest singles ranking and in what year did she achieve it?,She reached No. 8 in the world in 2000.,"Anna Kournikova's highest singles ranking was No. 8, and she achieved this ranking at the end of the 2001 season.",Anna Kournikova | Anna Kournikova | Anna Kournikova,"Anna Sergeyevna Kournikova (; born 7 June 1981) is a Russian former professional tennis player and American television personality. Her appearance  and celebrity status made her one of the best known tennis stars worldwide. At the peak of her fame, fans looking for images of Kournikova made her name one of the most common search strings on Google Search.

Despite never winning a singles title, she reached No. 8 in the world in 2000. She achieved greater success playing doubles, where she was at ",False,True,0.5,0.4662390351295471,9.989738464355469e-05
chunk_1024,289,Anna Kournikova,"Which television show did Anna Kournikova join as a new trainer for season 12, replacing Jillian Michaels?",The Biggest Loser.,"Anna Kournikova joined The Biggest Loser as a new trainer for season 12, replacing Jillian Michaels.",Anna Kournikova | Anna Kournikova | Anna Kournikova,"Anna Sergeyevna Kournikova (; born 7 June 1981) is a Russian former professional tennis player and American television personality. Her appearance  and celebrity status made her one of the best known tennis stars worldwide. At the peak of her fame, fans looking for images of Kournikova made her name one of the most common search strings on Google Search.

Despite never winning a singles title, she reached No. 8 in the world in 2000. She achieved greater success playing doubles, where she was at ",False,True,1.0,0.9663711786270142,3.4570693969726562e-06
chunk_1024,290,Alfons Maria Jakob,When was Alfons Maria Jakob born?,2 July 1884,Alfons Maria Jakob was born on 2 July 1884.,Alfons Maria Jakob | Alfred Nobel | Ada Lovelace,"Alfons Maria Jakob (2 July 1884 – 17 October 1931) was a German neurologist who worked in the field of neuropathology.

He was born in Aschaffenburg, Bavaria and educated in medicine at the universities of Munich, Berlin, and Strasbourg, where he received his doctorate in 1908. During the following year, he began clinical work under the psychiatrist Emil Kraepelin and did laboratory work with Franz Nissl and Alois Alzheimer in Munich.

In 1911, by way of an invitation from Wilhelm Weygandt, he r",False,True,1.0,0.8007910847663879,8.821487426757812e-06
chunk_1024,291,Alfons Maria Jakob,Which disease is named after Jakob and Creutzfeldt?,Creutzfeldt–Jakob disease,Creutzfeldt–Jakob disease (CJD) is named after Alfons Maria Jakob and Hans Gerhard Creutzfeldt.,Alfons Maria Jakob | Acute disseminated encephalomyelitis | Motor neuron diseases,"Alfons Maria Jakob (2 July 1884 – 17 October 1931) was a German neurologist who worked in the field of neuropathology.

He was born in Aschaffenburg, Bavaria and educated in medicine at the universities of Munich, Berlin, and Strasbourg, where he received his doctorate in 1908. During the following year, he began clinical work under the psychiatrist Emil Kraepelin and did laboratory work with Franz Nissl and Alois Alzheimer in Munich.

In 1911, by way of an invitation from Wilhelm Weygandt, he r",False,True,1.0,0.552080512046814,1.8477439880371094e-05
chunk_1024,292,Agnosticism,"Who coined the word ""agnostic"" and in what year?",The English biologist Thomas Henry Huxley coined the word agnostic in 1869.,"Thomas Henry Huxley coined the word ""agnostic"" in 1869.",Agnosticism | Agnosticism | Agnosticism,"Agnosticism is the view or belief that the existence of God, of the divine or the supernatural is unknown or unknowable. Another definition provided is the view that ""human reason is incapable of providing sufficient rational grounds to justify either the belief that God exists or the belief that God does not exist.""

The English biologist Thomas Henry Huxley coined the word agnostic in 1869. His general definition was that ""It is wrong for a man to say that he is certain of the objective truth ",False,True,0.7777777777777778,0.9708465933799744,0.0002759099006652832
chunk_1024,293,Agnosticism,Which two ancient philosophers are mentioned as having expressed agnostic points of view?,Sanjaya Belatthaputta and Protagoras are the two ancient philosophers noted for expressing agnostic points of view.,Sanjaya Belatthaputta and Protagoras are mentioned as having expressed agnostic points of view.,Agnosticism | Agnosticism | Ancient philosophy,"Agnosticism is the view or belief that the existence of God, of the divine or the supernatural is unknown or unknowable. Another definition provided is the view that ""human reason is incapable of providing sufficient rational grounds to justify either the belief that God exists or the belief that God does not exist.""

The English biologist Thomas Henry Huxley coined the word agnostic in 1869. His general definition was that ""It is wrong for a man to say that he is certain of the objective truth ",False,True,0.5454545454545454,0.9750901460647583,0.0005388855934143066
chunk_1024,294,Argon,What is the atomic number of argon?,18,The atomic number of argon is 18.,Argon | Argon | Argon,"Argon is a chemical element with the symbol Ar and atomic number 18. It is in group 18 of the periodic table and is a noble gas. Argon is the third-most abundant gas in Earth's atmosphere, at 0.934% (9340 ppmv). It is more than twice as abundant as water vapor (which averages about 4000 ppmv, but varies greatly), 23 times as abundant as carbon dioxide (400 ppmv), and more than 500 times as abundant as neon (18 ppmv). Argon is the most abundant noble gas in Earth's crust, comprising 0.00015% of t",False,True,1.0,0.9412566423416138,0.00019556283950805664
chunk_1024,295,Argon,What percentage of Earth's atmosphere is argon?,0.934% (9340 ppmv),0.934%,Argon | Argon | Argon,"Argon is a chemical element with the symbol Ar and atomic number 18. It is in group 18 of the periodic table and is a noble gas. Argon is the third-most abundant gas in Earth's atmosphere, at 0.934% (9340 ppmv). It is more than twice as abundant as water vapor (which averages about 4000 ppmv, but varies greatly), 23 times as abundant as carbon dioxide (400 ppmv), and more than 500 times as abundant as neon (18 ppmv). Argon is the most abundant noble gas in Earth's crust, comprising 0.00015% of t",False,True,0.5,0.8356665372848511,0.9178933724761009
chunk_1024,296,Arsenic,What is the chemical symbol for arsenic?,As,The chemical symbol for arsenic is As.,Arsenic | Arsenic | Arsenic,"Arsenic is a chemical element with the symbol As and atomic number 33. Arsenic occurs in many minerals, usually in combination with sulfur and metals, but also as a pure elemental crystal. Arsenic is a metalloid. It has various allotropes, but only the grey form, which has a metallic appearance, is important to industry.

The primary use of arsenic is in alloys of lead (for example, in car batteries and ammunition). Arsenic is a common n-type dopant in semiconductor electronic devices. It is als",False,True,,0.973948061466217,0.00011014938354492188
chunk_1024,297,Arsenic,What is the primary use of arsenic?,"in alloys of lead (for example, in car batteries and ammunition)","The primary use of arsenic is in alloys of lead (for example, in car batteries and ammunition).",Arsenic | Arsenic | Arsenic,"Arsenic is a chemical element with the symbol As and atomic number 33. Arsenic occurs in many minerals, usually in combination with sulfur and metals, but also as a pure elemental crystal. Arsenic is a metalloid. It has various allotropes, but only the grey form, which has a metallic appearance, is important to industry.

The primary use of arsenic is in alloys of lead (for example, in car batteries and ammunition). Arsenic is a common n-type dopant in semiconductor electronic devices. It is als",False,True,1.0,0.9791383147239685,0.01619952917098999
chunk_1024,298,Antimony,What is the chemical symbol and atomic number of antimony?,The chemical symbol is Sb and the atomic number is 51.,"The chemical symbol for antimony is Sb, and its atomic number is 51.",Antimony | Antimony | Antimony,"Antimony is a chemical element with the symbol Sb () and atomic number 51. A lustrous gray metalloid, it is found in nature mainly as the sulfide mineral stibnite (Sb2S3). Antimony compounds have been known since ancient times and were powdered for use as medicine and cosmetics, often known by the Arabic name kohl. The earliest known description of the metalloid in the West was written in 1540 by Vannoccio Biringuccio.

China is the largest producer of antimony and its compounds, with most produ",False,True,1.0,0.969579815864563,0.0003597736358642578
chunk_1024,299,Antimony,Which country is the largest producer of antimony and from which mine does most production come?,"China is the largest producer, with most production coming from the Xikuangshan Mine in Hunan.",China is the largest producer of antimony and its compounds. Most production comes from the Xikuangshan Mine in Hunan.,Antimony | Antimony | Alkali metal,"Antimony is a chemical element with the symbol Sb () and atomic number 51. A lustrous gray metalloid, it is found in nature mainly as the sulfide mineral stibnite (Sb2S3). Antimony compounds have been known since ancient times and were powdered for use as medicine and cosmetics, often known by the Arabic name kohl. The earliest known description of the metalloid in the West was written in 1540 by Vannoccio Biringuccio.

China is the largest producer of antimony and its compounds, with most produ",False,True,0.8888888888888888,0.9813768267631531,0.005209922790527344
chunk_1024,300,Actinium,What oxidation state does actinium assume in nearly all its chemical compounds?,+3,"In nearly all its chemical compounds, actinium assumes the oxidation state +3.",Actinium | Actinium | Actinium,"Actinium has similar chemical properties to lanthanum and other lanthanides, and therefore these elements are difficult to separate when extracting from uranium ores. Solvent extraction and ion chromatography are commonly used for the separation.

The first element of the actinides, actinium gave the set its name, much as lanthanum had done for the lanthanides. The actinides are much more diverse than the lanthanides and therefore it was not until 1945 that the most significant change to Dmitri ",False,True,1.0,0.9693813920021057,0.00010395050048828125
chunk_1024,301,Actinium,How much actinium-227 is found in one tonne of natural uranium ore?,about 0.2 milligrams,One tonne of natural uranium ore contains about 0.2 milligrams of actinium-227.,Actinium | Actinium | Actinium,"Actinium is a chemical element with the symbol Ac and atomic number 89. It was first isolated by Friedrich Oskar Giesel in 1902, who gave it the name emanium; the element got its name by being wrongly identified with a substance André-Louis Debierne found in 1899 and called actinium. Actinium gave the name to the actinide series, a set of 15 elements between actinium and lawrencium in the periodic table. Together with polonium, radium, and radon, actinium was one of the first non-primordial radi",False,True,1.0,0.9527361989021301,0.0005759000778198242
chunk_1024,302,Americium,What is the atomic number of americium?,95,The atomic number of americium is 95.,Americium | Americium | Americium,"Americium is a synthetic radioactive chemical element with the symbol Am and atomic number 95. It is a transuranic member of the actinide series, in the periodic table located under the lanthanide element europium and was thus named after the United States by analogy.

Americium was first produced in 1944 by the group of Glenn T. Seaborg from Berkeley, California, at the Metallurgical Laboratory of the University of Chicago, as part of the Manhattan Project. Although it is the third element in t",False,True,1.0,0.9239311218261719,6.42538070678711e-05
chunk_1024,303,Americium,In what year was americium first produced?,1944,1944,Americium | Americium | Americium,"Americium is a synthetic radioactive chemical element with the symbol Am and atomic number 95. It is a transuranic member of the actinide series, in the periodic table located under the lanthanide element europium and was thus named after the United States by analogy.

Americium was first produced in 1944 by the group of Glenn T. Seaborg from Berkeley, California, at the Metallurgical Laboratory of the University of Chicago, as part of the Manhattan Project. Although it is the third element in t",False,True,1.0,0.8293521404266357,0.9983058967627585
chunk_1024,304,Astatine,"What is the half-life of astatine-210, the most stable isotope of astatine?",8.1 hours,"The half-life of astatine-210, the most stable isotope of astatine, is 8.1 hours.",Astatine | Astatine | Astatine,"Astatine is a chemical element with the symbol At and atomic number 85. It is the rarest naturally occurring element in the Earth's crust, occurring only as the decay product of various heavier elements. All of astatine's isotopes are short-lived; the most stable is astatine-210, with a half-life of 8.1 hours. Consequently, a solid sample of the element has never been seen, because any macroscopic specimen would be immediately vaporized by the heat of its radioactivity.

The bulk properties of a",False,True,1.0,0.9621010422706604,7.343292236328125e-05
chunk_1024,305,Astatine,Which three scientists first synthesized astatine in 1940?,"Dale R. Corson, Kenneth Ross MacKenzie, and Emilio G. Segrè","Dale R. Corson, Kenneth Ross MacKenzie, and Emilio G. Segrè",Astatine | Astatine | Astatine,"Astatine is a chemical element with the symbol At and atomic number 85. It is the rarest naturally occurring element in the Earth's crust, occurring only as the decay product of various heavier elements. All of astatine's isotopes are short-lived; the most stable is astatine-210, with a half-life of 8.1 hours. Consequently, a solid sample of the element has never been seen, because any macroscopic specimen would be immediately vaporized by the heat of its radioactivity.

The bulk properties of a",False,True,1.0,0.6804269552230835,0.8048664480447769
chunk_1024,306,Atom,What percentage of an atom's mass is located in the nucleus?,More than 99.94% of an atom's mass is in the nucleus.,About 99.94% of an atom's mass is located in the nucleus.,Atom | Atom | Atomic number,"Most odd-odd nuclei are highly unstable with respect to beta decay, because the decay products are even-even, and are therefore more strongly bound, due to nuclear pairing effects.

Mass 

The large majority of an atom's mass comes from the protons and neutrons that make it up. The total number of these particles (called ""nucleons"") in a given atom is called the mass number. It is a positive integer and dimensionless (instead of having dimension of mass), because it expresses a count. An example",False,True,0.75,0.9598128795623779,0.0005173683166503906
chunk_1024,307,Atom,How many protons does an atom of sodium contain?,An atom that contains 11 protons is sodium.,An atom of sodium contains 11 protons.,Atom | Atom | Atom,"An atom is a particle that consists of a nucleus of protons and neutrons surrounded by an electromagnetically-bound cloud of electrons. The atom is the basic particle of the chemical elements, and the chemical elements are distinguished from each other by the number of protons that are in their atoms. For example, any atom that contains 11 protons is sodium, and any atom that contains 29 protons is copper. The number of neutrons defines the isotope of the element.

Atoms are extremely small, typ",False,True,1.0,0.9413204193115234,2.8252601623535156e-05
chunk_1024,308,Arable land,"According to the Food and Agriculture Organization of the United Nations, how many hectares of arable land existed worldwide in 2013?",1.407 billion hectares,"According to the Food and Agriculture Organization of the United Nations, in 2013, the world's arable land amounted to 1.407 billion hectares.",Arable land | Agriculture | Agricultural science,"Arable land (from the , ""able to be ploughed"") is any land capable of being ploughed and used to grow crops. Alternatively, for the purposes of agricultural statistics, the term often has a more precise definition: 

A more concise definition appearing in the Eurostat glossary similarly refers to actual rather than potential uses: ""land worked (ploughed or tilled) regularly, generally under a system of crop rotation"". In Britain, arable land has traditionally been contrasted with pasturable land",False,True,1.0,0.9623288512229919,0.0003076791763305664
chunk_1024,309,Arable land,How does the Eurostat glossary define arable land?,"""land worked (ploughed or tilled) regularly, generally under a system of crop rotation""","The Eurostat glossary defines arable land as ""land worked (ploughed or tilled) regularly, generally under a system of crop rotation.""",Arable land | Arable land | Agriculture,"Arable land (from the , ""able to be ploughed"") is any land capable of being ploughed and used to grow crops. Alternatively, for the purposes of agricultural statistics, the term often has a more precise definition: 

A more concise definition appearing in the Eurostat glossary similarly refers to actual rather than potential uses: ""land worked (ploughed or tilled) regularly, generally under a system of crop rotation"". In Britain, arable land has traditionally been contrasted with pasturable land",False,True,1.0,0.974843442440033,0.26388388872146606
chunk_1024,310,Aluminium,What is the atomic number of aluminium?,13,The atomic number of aluminium is 13.,Aluminium | Aluminium | Aluminium,"Aluminium (aluminum in North American English) is a chemical element with the symbol Al and atomic number 13. Aluminium has a density lower than those of other common metals; about one-third that of steel. It has a great affinity towards oxygen, forming a protective layer of oxide on the surface when exposed to air. Aluminium visually resembles silver, both in its color and in its great ability to reflect light. It is soft, nonmagnetic and ductile. It has one stable isotope: 27Al, which is highl",False,True,1.0,0.8998687267303467,0.00034332275390625
chunk_1024,311,Aluminium,Which stable isotope of aluminium is highly abundant?,27Al,The stable isotope of aluminum that is highly abundant is 27Al.,Aluminium | Aluminium | Aluminium,"Aluminium (aluminum in North American English) is a chemical element with the symbol Al and atomic number 13. Aluminium has a density lower than those of other common metals; about one-third that of steel. It has a great affinity towards oxygen, forming a protective layer of oxide on the surface when exposed to air. Aluminium visually resembles silver, both in its color and in its great ability to reflect light. It is soft, nonmagnetic and ductile. It has one stable isotope: 27Al, which is highl",False,True,1.0,0.9628327488899231,0.0004004836082458496
chunk_1024,312,Advanced Chemistry,In what year was Advanced Chemistry founded?,1987,Advanced Chemistry was founded in 1987.,Advanced Chemistry | Alchemy | Alfred Nobel,"Advanced Chemistry is a German hip hop group from Heidelberg, a scenic city in Baden-Württemberg, South Germany. Advanced Chemistry was founded in 1987 by Toni L, Linguist, Gee-One, DJ Mike MD (Mike Dippon) and MC Torch. Each member of the group holds German citizenship, and Toni L, Linguist, and Torch are of Italian, Ghanaian, and Haitian backgrounds, respectively.

Influenced by North American socially conscious rap and the Native tongues movement, Advanced Chemistry is regarded as one of the ",False,True,1.0,0.9631276726722717,5.733966827392578e-05
chunk_1024,313,Advanced Chemistry,What is the title of the song Advanced Chemistry released in November 1992?,Fremd im eigenen Land,"The title of the song Advanced Chemistry released in November 1992 is ""Fremd im eigenen Land"" (Foreign in your own nation).",Advanced Chemistry | ABBA | Advanced Chemistry,"Advanced Chemistry is a German hip hop group from Heidelberg, a scenic city in Baden-Württemberg, South Germany. Advanced Chemistry was founded in 1987 by Toni L, Linguist, Gee-One, DJ Mike MD (Mike Dippon) and MC Torch. Each member of the group holds German citizenship, and Toni L, Linguist, and Torch are of Italian, Ghanaian, and Haitian backgrounds, respectively.

Influenced by North American socially conscious rap and the Native tongues movement, Advanced Chemistry is regarded as one of the ",False,True,1.0,0.9737746715545654,4.100799560546875e-05
chunk_1024,314,Anglican Communion,How many members does the Anglican Communion have according to the passage?,more than 85 million members,"According to the passage, the Anglican Communion has more than 85 million members within the Church of England and other autocephalous national and regional churches in full communion.",Anglican Communion | Anglican Communion | Anglicanism,"The Anglican Communion is the third largest Christian communion after the Roman Catholic and Eastern Orthodox churches. Founded in 1867 in London, the communion has more than 85 million members within the Church of England and other autocephalous national and regional churches in full communion. The traditional origins of Anglican doctrine are summarised in the Thirty-nine Articles (1571). The archbishop of Canterbury (, Justin Welby) in England acts as a focus of unity, recognised as  (""first a",False,True,1.0,0.9856743216514587,0.07185131311416626
chunk_1024,315,Anglican Communion,In what year and city was the Anglican Communion officially organised at the Lambeth Conference?,1867 in London,The Anglican Communion was officially and formally organised and recognised as such at the Lambeth Conference in 1867 in London.,Anglican Communion | Anglicanism | Anglicanism,"The Anglican Communion is the third largest Christian communion after the Roman Catholic and Eastern Orthodox churches. Founded in 1867 in London, the communion has more than 85 million members within the Church of England and other autocephalous national and regional churches in full communion. The traditional origins of Anglican doctrine are summarised in the Thirty-nine Articles (1571). The archbishop of Canterbury (, Justin Welby) in England acts as a focus of unity, recognised as  (""first a",False,True,1.0,0.9769496917724609,0.0006837844848632812
chunk_1024,316,Archipelago,"According to the passage, what ancient language roots compose the word ""archipelago""?","It is derived from the Ancient Greek ἄρχι- (""chief"") and πέλαγος (""sea"") through the Italian arcipelago.","According to the passage, the word ""archipelago"" is derived from the Ancient Greek words ἄρχι-(arkhi-) and πέλαγος (pélagos).",Archipelago | Athens | Athena,"An archipelago ( ), sometimes called an island group or island chain, is a chain, cluster, or collection of islands, or sometimes a sea containing a small number of scattered islands.

Examples of archipelagos include: the Indonesian Archipelago, the Andaman and Nicobar Islands, the Lakshadweep Islands, the Galápagos Islands, the Japanese archipelago, the Philippine Archipelago, the Maldives, the Balearic Islands, the Åland Islands, The Bahamas, the Aegean Islands, the Hawaiian Islands, the Cana",False,True,0.375,0.9430545568466187,0.0016041398048400879
chunk_1024,317,Archipelago,Which region is given as an example of a place that has more than 700 islands forming an archipelago?,Scotland,Scotland is given as an example of a place that has more than 700 islands forming an archipelago.,Archipelago | Asia | Aegean Sea,"An archipelago ( ), sometimes called an island group or island chain, is a chain, cluster, or collection of islands, or sometimes a sea containing a small number of scattered islands.

Examples of archipelagos include: the Indonesian Archipelago, the Andaman and Nicobar Islands, the Lakshadweep Islands, the Galápagos Islands, the Japanese archipelago, the Philippine Archipelago, the Maldives, the Balearic Islands, the Åland Islands, The Bahamas, the Aegean Islands, the Hawaiian Islands, the Cana",False,True,1.0,0.9899583458900452,0.00016999244689941406
chunk_1024,318,Author,"In a work for hire, who is considered the author of the work according to the passage?",The employer or commissioning party is considered the author of the work.,"In a work for hire, the employer or commissioning party is considered the author of the work, even if they did not write or otherwise create the work, but merely instructed another individual to do so.",Author | Author | Author,"In legal discourse, an author is the creator of an original work, whether that work is in written, graphic, or recorded medium. Thus, a sculptor, painter, or composer, is an author of their respective sculptures, paintings, or compositions, even though in common parlance, an author is often thought of as the writer of a book, article, play, or other written work. In the case of a work for hire, ""the employer or commissioning party is considered the author of the work"", even if they did not write",False,True,1.0,0.9873160123825073,0.05728191137313843
chunk_1024,319,Author,What requirement did the United States Copyright Office state for a work to qualify as a work of 'authorship'?,A work must be created by a human being.,"According to the United States Copyright Office, a work qualifies as a work of 'authorship' if it is created by a human being.",Author | Author | Author,"In legal discourse, an author is the creator of an original work, whether that work is in written, graphic, or recorded medium. Thus, a sculptor, painter, or composer, is an author of their respective sculptures, paintings, or compositions, even though in common parlance, an author is often thought of as the writer of a book, article, play, or other written work. In the case of a work for hire, ""the employer or commissioning party is considered the author of the work"", even if they did not write",False,True,0.8,0.9721770882606506,0.003930091857910156
chunk_1024,320,Andrey Markov,When was Andrey Andreyevich Markov born?,14 June 1856,Andrey Andreyevich Markov was born on 14 June 1856.,Andrey Markov | Andrey Markov | Andrei Tarkovsky,"Andrey Andreyevich Markov (14 June 1856 – 20 July 1922) was a Russian mathematician best known for his work on stochastic processes. A primary subject of his research later became known as the Markov chain. He was also a strong, close to master-level chess player.

Markov and his younger brother Vladimir Andreevich Markov (1871–1897) proved the Markov brothers' inequality.
His son, another Andrey Andreyevich Markov (1903–1979), was also a notable mathematician, making contributions to constructi",False,True,1.0,0.9656152725219727,1.7523765563964844e-05
chunk_1024,321,Andrey Markov,What inequality did Andrey Markov and his brother prove?,the Markov brothers' inequality,The Markov brothers' inequality.,Andrey Markov | Andrey Markov | Alan Turing,"Andrey Andreyevich Markov (14 June 1856 – 20 July 1922) was a Russian mathematician best known for his work on stochastic processes. A primary subject of his research later became known as the Markov chain. He was also a strong, close to master-level chess player.

Markov and his younger brother Vladimir Andreevich Markov (1871–1897) proved the Markov brothers' inequality.
His son, another Andrey Andreyevich Markov (1903–1979), was also a notable mathematician, making contributions to constructi",False,True,1.0,0.9840330481529236,9.429454803466797e-05
chunk_1024,322,Angst,From which languages was the English word “angst” introduced?,"Danish, Norwegian, Dutch, and German.","The English word ""angst"" was introduced into English from the Danish, Norwegian, and Dutch word ""angst,"" and the German word ""Angst.""",Angst | Abbreviation | Anguilla,"Angst is fear or anxiety (anguish is its Latinate equivalent, and the words anxious and anxiety are of similar origin). The dictionary definition for angst is a feeling of anxiety, apprehension, or insecurity.

Etymology
The word angst was introduced into English from the Danish, Norwegian, and Dutch word  and the German word . It is attested since the 19th century in English translations of the works of Søren Kierkegaard and Sigmund Freud. It is used in English to describe an intense feeling of",False,True,1.0,0.9549373388290405,0.05141514539718628
chunk_1024,323,Angst,Since which century has the word “angst” existed in German?,The 8th century.,"Since the 8th century, the word ""angst"" has existed in German, according to the given information.",Angst | Antisemitism | Abbreviation,"Angst is fear or anxiety (anguish is its Latinate equivalent, and the words anxious and anxiety are of similar origin). The dictionary definition for angst is a feeling of anxiety, apprehension, or insecurity.

Etymology
The word angst was introduced into English from the Danish, Norwegian, and Dutch word  and the German word . It is attested since the 19th century in English translations of the works of Søren Kierkegaard and Sigmund Freud. It is used in English to describe an intense feeling of",False,True,1.0,0.9857537746429443,0.0003107786178588867
chunk_1024,324,Anxiety,What is the primary difference between anxiety and fear as described in the passage?,"Fear is defined as the emotional response to a real threat, whereas anxiety is the anticipation of a future threat.","According to the passage, the primary difference between anxiety and fear is that fear is an emotional response to a real or perceived immediate threat, while anxiety is the anticipation of a future threat.",Anxiety | Anxiety | Anxiety,"Anxiety is an emotion which is characterized by an unpleasant state of inner turmoil and includes feelings of dread over anticipated events. Anxiety is different from fear in that fear is defined as the emotional response to a real threat, whereas anxiety is the anticipation of a future threat. It is often accompanied by nervous behavior such as pacing back and forth, somatic complaints, and rumination.

Anxiety is a feeling of uneasiness and worry, usually generalized and unfocused as an overre",False,True,0.8,0.9288992881774902,0.04264235496520996
chunk_1024,325,Anxiety,Name three physical symptoms that may accompany anxiety according to the passage.,"muscular tension, restlessness, and fatigue","Based on the provided text, three physical symptoms that may accompany anxiety are:

1. Headache
2. Paresthesias (numbness or tingling sensation)
3. Fasciculations (muscle twitching)",Anxiety | Anxiety | Anxiety,"You feel an intense fear when you think of dying, or you may think of it more often than normal, or can't get it out of your mind.""

The physiological symptoms of anxiety may include:
Neurological, as headache, paresthesias, fasciculations, vertigo, or presyncope.
Digestive, as abdominal pain, nausea, diarrhea, indigestion, dry mouth, or bolus. Stress hormones released in an anxious state have an impact on bowel function and can manifest physical symptoms that may contribute to or exacerbate IBS",False,True,0.0,0.16232608258724213,0.10167860984802246
chunk_1024,326,A. A. Milne,What rank did Alan Alexander Milne hold in the Royal Warwickshire Regiment during the First World War?,lieutenant,Lieutenant,A. A. Milne | American Revolutionary War | American Civil War,"Alan Alexander Milne (; 18 January 1882 – 31 January 1956) was an English writer best known for his books about the teddy bear Winnie-the-Pooh, as well as for children's poetry. Milne was primarily a playwright before the huge success of Winnie-the-Pooh overshadowed all his previous work. Milne served in both World Wars, as a lieutenant in the Royal Warwickshire Regiment in the First World War and as a captain in the Home Guard in the Second World War.

Milne was the father of bookseller Christo",False,True,1.0,0.6948065757751465,0.17455095052719116
chunk_1024,327,A. A. Milne,To which library did Milne bequeath the original manuscripts of the Winnie-the-Pooh stories?,"the Wren Library at Trinity College, Cambridge","To the Wren Library at Trinity College, Cambridge, his alma mater.",A. A. Milne | A. A. Milne | A. A. Milne,"Alan Alexander Milne (; 18 January 1882 – 31 January 1956) was an English writer best known for his books about the teddy bear Winnie-the-Pooh, as well as for children's poetry. Milne was primarily a playwright before the huge success of Winnie-the-Pooh overshadowed all his previous work. Milne served in both World Wars, as a lieutenant in the Royal Warwickshire Regiment in the First World War and as a captain in the Home Guard in the Second World War.

Milne was the father of bookseller Christo",False,True,1.0,0.9551424980163574,0.0040228962898254395
chunk_1024,328,Asociación Alumni,In which division does the senior squad of Asociación Alumni currently compete?,"Top 12, the first division of the Unión de Rugby de Buenos Aires league system.",Top 12,Asociación Alumni | Adelaide | Athens,"Asociación Alumni, usually just Alumni, is an Argentine rugby union club located in Tortuguitas, Greater Buenos Aires. The senior squad currently competes at Top 12, the first division of the Unión de Rugby de Buenos Aires league system.

The club has ties with former football club Alumni because both were established by Buenos Aires English High School students.

History

Background

The first club with the name ""Alumni"" played association football, having been found in 1898 by students of Buen",False,True,0.16666666666666666,0.9015238285064697,0.9783846661448479
chunk_1024,329,Asociación Alumni,"Who proposed the name ""Alumni"" for the original football club?","Carlos Bowers, a former student of the Buenos Aires English High School.","Carlos Bowers proposed the name ""Alumni"" for the original football club.",Asociación Alumni | Adelaide | August 9,"Asociación Alumni, usually just Alumni, is an Argentine rugby union club located in Tortuguitas, Greater Buenos Aires. The senior squad currently competes at Top 12, the first division of the Unión de Rugby de Buenos Aires league system.

The club has ties with former football club Alumni because both were established by Buenos Aires English High School students.

History

Background

The first club with the name ""Alumni"" played association football, having been found in 1898 by students of Buen",False,True,0.2222222222222222,0.9502689242362976,3.337860107421875e-05
chunk_1024,330,Axiom,"From which language does the term ""axiom"" originate, and what does it mean?","It comes from the Ancient Greek word (), meaning 'that which is thought worthy or fit' or 'that which commends itself as evident'.","The term ""axiom"" originates from the Greek word ἀξίωμα (axióma), which means ""that which is thought worthy or fit"" or ""that which commends itself as evident"". It refers to a statement that is accepted as true without proof.",Axiom | Axiom | Axiom of choice,"An axiom, postulate, or assumption is a statement that is taken to be true, to serve as a premise or starting point for further reasoning and arguments. The word comes from the Ancient Greek word  (), meaning 'that which is thought worthy or fit' or 'that which commends itself as evident'.

The precise definition varies across fields of study. In classic philosophy, an axiom is a statement that is so evident or well-established, that it is accepted without controversy or question. In modern logi",False,True,0.7272727272727273,0.8317399621009827,0.013663113117218018
chunk_1024,331,Axiom,What are the two categories of axioms in mathematics mentioned in the passage?,Logical axioms and non‑logical axioms.,"The two categories of axioms in mathematics mentioned in the passage are logical axioms and non-logical axioms. Logical axioms are universally valid formulas that are necessary for proving all tautologies in the language, while non-logical axioms are theory-specific assumptions that aim to capture what is special about a particular structure or set of structures.",Axiom | Axiom | Axiom,"Non-logical axioms are often simply referred to as axioms in mathematical discourse. This does not mean that it is claimed that they are true in some absolute sense. For example, in some groups, the group operation is commutative, and this can be asserted with the introduction of an additional axiom, but without this axiom, we can do quite well developing (the more general) group theory, and we can even take its negation as an axiom for the study of non-commutative groups.

Thus, an axiom is an ",False,True,1.0,0.9611709713935852,0.051082730293273926
chunk_1024,332,Alpha,What numeric value does alpha have in the system of Greek numerals?,One.,One.,Alpha | Alpha | Absolute value,"Alpha  (uppercase , lowercase ; , , or ) is the first letter of the Greek alphabet. In the system of Greek numerals, it has a value of one. Alpha is derived from the Phoenician letter aleph , which is the West Semitic word for ""ox"". Letters that arose from alpha include the Latin letter A and the Cyrillic letter А.

Uses

Greek
In Ancient Greek, alpha was pronounced  and could be either phonemically long ([aː]) or short ([a]). Where there is ambiguity, long and short alpha are sometimes written ",False,True,1.0,0.8797821998596191,0.124106764793396
chunk_1024,333,Alpha,Which letters are mentioned as having arisen from alpha?,The Latin letter A and the Cyrillic letter А.,Letters that arose from alpha include the Latin letter A and the Cyrillic letter А.,Alpha | Alpha | A,"Alpha  (uppercase , lowercase ; , , or ) is the first letter of the Greek alphabet. In the system of Greek numerals, it has a value of one. Alpha is derived from the Phoenician letter aleph , which is the West Semitic word for ""ox"". Letters that arose from alpha include the Latin letter A and the Cyrillic letter А.

Uses

Greek
In Ancient Greek, alpha was pronounced  and could be either phonemically long ([aː]) or short ([a]). Where there is ambiguity, long and short alpha are sometimes written ",False,True,1.0,0.962526798248291,0.07985377311706543
chunk_1024,334,Alvin Toffler,What are Alvin Toffler's birth and death dates?,"He was born on October 4, 1928 and died on June 27, 2016.","Alvin Toffler was born on October 4, 1928, and he died on June 27, 2016.",Alvin Toffler | Alvin Toffler | Alvin Toffler,"Personal life
Toffler was married to Heidi Toffler (born Adelaide Elizabeth Farrell), also a writer and futurist. They lived in the Bel Air section of Los Angeles, California, and previously lived in Redding, Connecticut.

The couple's only child, Karen Toffler (1954–2000), died at age 46 after more than a decade suffering from Guillain–Barré syndrome.

Alvin Toffler died in his sleep on June 27, 2016, at his home in Los Angeles. No cause of death was given. He is buried at Westwood Memorial Par",False,True,1.0,0.6423705816268921,0.0001214742660522461
chunk_1024,335,Alvin Toffler,"What is the title of Alvin Toffler's first major book about the future, and how many copies has it sold?","The book is ""Future Shock"" and it has sold over 6 million copies.","Alvin Toffler's first major book about the future is called ""Future Shock"". According to the text, it has sold over 6 million copies worldwide.",Alvin Toffler | Alvin Toffler | Alvin Toffler,"Alvin Eugene Toffler (October 4, 1928 – June 27, 2016) was an American writer, futurist, and businessman known for his works discussing modern technologies, including the digital revolution and the communication revolution, with emphasis on their effects on cultures worldwide. He is regarded as one of the world's outstanding futurists.

Toffler was an associate editor of Fortune magazine. In his early works he focused on technology and its impact, which he termed ""information overload."" In 1970,",False,True,1.0,0.9863213896751404,0.00025016069412231445
chunk_1024,336,The Amazing Spider-Man,In what month and year did The Amazing Spider-Man series begin publication?,March 1963,The Amazing Spider-Man series began publication in March 1963.,The Amazing Spider-Man | The Amazing Spider-Man | The Amazing Spider-Man,"The Amazing Spider-Man is an ongoing American superhero comic book series featuring the Marvel Comics superhero Spider-Man as its title character and main protagonist. Being in the mainstream continuity of the franchise, it was the character's first title, launching seven months after his introduction in the final issue of Amazing Fantasy. The series began publication with a March 1963 cover date and has been published nearly continuously to date over six volumes with only one significant interr",False,True,1.0,0.9069568514823914,4.291534423828125e-06
chunk_1024,337,The Amazing Spider-Man,How many issues had The Amazing Spider-Man reached by 2022?,900 issues,"By 2022, The Amazing Spider-Man had reached 900 issues.",The Amazing Spider-Man | The Amazing Spider-Man | The Amazing Spider-Man,"The Amazing Spider-Man is an ongoing American superhero comic book series featuring the Marvel Comics superhero Spider-Man as its title character and main protagonist. Being in the mainstream continuity of the franchise, it was the character's first title, launching seven months after his introduction in the final issue of Amazing Fantasy. The series began publication with a March 1963 cover date and has been published nearly continuously to date over six volumes with only one significant interr",False,True,1.0,0.9698935151100159,7.367134094238281e-05
chunk_1024,338,AM,"What does the abbreviation ""AM"" represent as a United States Navy hull classification symbol?",minesweeper,AM represents a minesweeper in the United States Navy hull classification symbol.,AM | Amplitude modulation | Abbreviation,"AM or Am may refer to:

Arts and entertainment

Music
 A minor, a minor scale in music
 A.M. (Chris Young album)
 A.M. (Wilco album)
 AM (Abraham Mateo album) 
 AM (Arctic Monkeys album)
 AM (musician), American musician
 Am, the A minor chord symbol
 Armeemarschsammlung (Army March Collection), catalog of German military march music
 Andrew Moore (musician), Canadian musician known as A.M.
 DJ AM, American DJ and producer
 Skengdo & AM, British hip hop duo

Television and radio
 AM (radio progr",False,True,1.0,0.9964078068733215,0.0002657771110534668
chunk_1024,339,AM,"Which musical group released an album titled ""AM"" that is listed in the passage?",AM (Arctic Monkeys album),"The musical group that released an album titled ""AM"" is AM or Am. This refers to a minor scale in music, a minor chord symbol, and a character in the anthology Star Wars: Visions.",ABBA | AM | Afro Celt Sound System,"ABBA ( , ; formerly named Björn & Benny, Agnetha & Anni-Frid or Björn & Benny, Agnetha & Frida) are  a Swedish pop supergroup formed in Stockholm in 1972 by Agnetha Fältskog, Björn Ulvaeus, Benny Andersson, and Anni-Frid Lyngstad. The group's name is an acronym of the first letters of their first names arranged as a palindrome. They are one of the most popular and successful musical groups of all time, and are one of the best-selling music acts in the history of popular music, topping the charts",False,True,0.5,0.9825764894485474,0.0005815029144287109
chunk_1024,340,Antigua and Barbuda,What is the capital city of Antigua and Barbuda?,"St. John's, Antigua","St. John's, Antigua",Antigua and Barbuda | Antigua and Barbuda | Antigua and Barbuda,"Antigua and Barbuda (, ) is a sovereign island country in the Caribbean. It lies at the conjuncture of the Caribbean Sea and the Atlantic Ocean in the Leeward Islands part of the Lesser Antilles.

The country consists of two major islands, Antigua and Barbuda, which are approximately  apart, and several smaller islands, including Great Bird, Green, Guiana, Long, Maiden, Prickly Pear, York, and Redonda. The permanent population is approximately 97,120 ( estimates), with 97% residing in Antigua. S",False,True,1.0,0.8186843991279602,0.9273632988333702
chunk_1024,341,Antigua and Barbuda,When did Antigua and Barbuda gain full independence from the United Kingdom?,1 November 1981,Antigua and Barbuda gained full independence from the United Kingdom on 1 November 1981.,Antigua and Barbuda | Antigua and Barbuda | Antigua and Barbuda,"Antigua and Barbuda (, ) is a sovereign island country in the Caribbean. It lies at the conjuncture of the Caribbean Sea and the Atlantic Ocean in the Leeward Islands part of the Lesser Antilles.

The country consists of two major islands, Antigua and Barbuda, which are approximately  apart, and several smaller islands, including Great Bird, Green, Guiana, Long, Maiden, Prickly Pear, York, and Redonda. The permanent population is approximately 97,120 ( estimates), with 97% residing in Antigua. S",False,True,1.0,0.9799292683601379,2.3365020751953125e-05
chunk_1024,342,Azincourt,In which department of France is the commune of Azincourt located?,Pas-de-Calais,Pas-de-Calais,Azincourt | Aarhus | Anatole France,"Azincourt (), historically known in English as Agincourt ( ), is a commune in the Pas-de-Calais department in northern France. It is situated  north-west of Saint-Pol-sur-Ternoise on the D71 road between Hesdin and Fruges.

The Late Medieval Battle of Agincourt between the English and the French took place in the commune in 1415.

Toponym
The name is attested as Aisincurt in 1175, derived from a Germanic masculine name Aizo, Aizino and the early Northern French word curt (which meant a farm with",False,True,1.0,0.7771475911140442,0.9988304898142815
chunk_1024,343,Azincourt,On what date was the Battle of Agincourt fought?,25 October 1415,The Battle of Agincourt was fought on 25 October 1415.,Azincourt | American Revolutionary War | August 27,"Azincourt (), historically known in English as Agincourt ( ), is a commune in the Pas-de-Calais department in northern France. It is situated  north-west of Saint-Pol-sur-Ternoise on the D71 road between Hesdin and Fruges.

The Late Medieval Battle of Agincourt between the English and the French took place in the commune in 1415.

Toponym
The name is attested as Aisincurt in 1175, derived from a Germanic masculine name Aizo, Aizino and the early Northern French word curt (which meant a farm with",False,True,1.0,0.9541906714439392,7.510185241699219e-06
chunk_1024,344,Albert Speer,When was Albert Speer appointed as Reich Minister of Armaments and War Production?,February 1942,Albert Speer was appointed as Reich Minister of Armaments and War Production in 1944.,Albert Speer | Albert Speer | Albert Speer,"Berthold Konrad Hermann Albert Speer (; ; 19 March 1905 – 1 September 1981) was a German architect who served as the Minister of Armaments and War Production in Nazi Germany during most of World War II. A close ally of Adolf Hitler, he was convicted at the Nuremberg trial and sentenced to 20 years in prison.

An architect by training, Speer joined the Nazi Party in 1931. His architectural skills made him increasingly prominent within the Party, and he became a member of Hitler's inner circle. Hi",False,True,0.0,0.7357885241508484,1.1205673217773438e-05
chunk_1024,345,Albert Speer,What length of prison sentence was Albert Speer given after the Nuremberg trial?,20 years in prison,Twenty years,Albert Speer | Albert Speer | Albert Speer,"Berthold Konrad Hermann Albert Speer (; ; 19 March 1905 – 1 September 1981) was a German architect who served as the Minister of Armaments and War Production in Nazi Germany during most of World War II. A close ally of Adolf Hitler, he was convicted at the Nuremberg trial and sentenced to 20 years in prison.

An architect by training, Speer joined the Nazi Party in 1931. His architectural skills made him increasingly prominent within the Party, and he became a member of Hitler's inner circle. Hi",False,True,0.3333333333333333,0.6732632517814636,0.8036365211009979
chunk_1024,346,Asteraceae,In what year were the Compositae first described?,1740,The Compositae were first described in the year 1740.,Asteraceae | Amphibian | Alchemy,"The family Asteraceae (), with the original name Compositae, consists of over 32,000 known species of flowering plants in over 1,900 genera within the order Asterales. Commonly referred to as the aster, daisy, composite, or sunflower family, Compositae were first described in the year 1740. The number of species in Asteraceae is rivaled only by the Orchidaceae, and which is the larger family is unclear as the quantity of extant species in each family is unknown. 

Most species of Asteraceae are ",False,True,1.0,0.9551953673362732,5.626678466796875e-05
chunk_1024,347,Asteraceae,How many known species does the family Asteraceae consist of?,"over 32,000 known species","Over 32,000 known species of flowering plants in over 1,900 genera within the order Asterales.",Asteraceae | Asterales | Asterales,"The family Asteraceae (), with the original name Compositae, consists of over 32,000 known species of flowering plants in over 1,900 genera within the order Asterales. Commonly referred to as the aster, daisy, composite, or sunflower family, Compositae were first described in the year 1740. The number of species in Asteraceae is rivaled only by the Orchidaceae, and which is the larger family is unclear as the quantity of extant species in each family is unknown. 

Most species of Asteraceae are ",False,True,1.0,0.9793702960014343,0.16974973678588867
chunk_1024,348,Apiaceae,How many species are estimated to be in the Apiaceae family?,"More than 3,800 species.","More than 3,800 species are estimated to be in the Apiaceae family.",Apiales | Apiaceae | Apiaceae,"The Apiales are an order of flowering plants. The families are those recognized in the APG III system. This is typical of the newer classifications, though there is some slight variation and in particular, the Torriceliaceae may also be divided.

Under this definition, well-known members include carrots, celery, parsley, and Hedera helix (English ivy).

The order Apiales is placed within the asterid group of eudicots as circumscribed by the APG III system. Within the asterids, Apiales belongs to",False,True,1.0,0.9189838767051697,0.00024443864822387695
chunk_1024,349,Apiaceae,What common name is given to the Apiaceae family?,"It is commonly known as the celery, carrot or parsley family, or simply as umbellifers.","The common name given to the Apiaceae family is the celery, carrot or parsley family, or simply as umbellifers.",Apiales | Apiaceae | Apiaceae,"The Apiales are an order of flowering plants. The families are those recognized in the APG III system. This is typical of the newer classifications, though there is some slight variation and in particular, the Torriceliaceae may also be divided.

Under this definition, well-known members include carrots, celery, parsley, and Hedera helix (English ivy).

The order Apiales is placed within the asterid group of eudicots as circumscribed by the APG III system. Within the asterids, Apiales belongs to",False,True,0.75,0.9784573316574097,0.00038373470306396484
chunk_1024,350,Axon,What are the three groups of nerve fibers mentioned in the passage?,"Group A nerve fibers, group B nerve fibers, and group C nerve fibers.","Based on the passage, the three groups of nerve fibers mentioned are:

1. Group A nerve fibers
2. Group B nerve fibers
3. Group C nerve fibers",Axon | Axon | Axon,"An axon (from Greek ἄξων áxōn, axis), or nerve fiber (or nerve fibre: see spelling differences), is a long, slender projection of a nerve cell, or neuron, in vertebrates, that typically conducts electrical impulses known as action potentials away from the nerve cell body. The function of the axon is to transmit information to different neurons, muscles, and glands. In certain sensory neurons (pseudounipolar neurons), such as those for touch and warmth, the axons are called afferent nerve fibers ",False,True,1.0,0.7568022012710571,0.08050185441970825
chunk_1024,351,Axon,Which groups of nerve fibers are myelinated according to the passage?,Groups A and B are myelinated.,"According to the passage, the peripheral nervous system (PNS) uses Schwann cells to myelinate axons, while the central nervous system (CNS) uses oligodendrocytes to myelinate axons.",Axon | Axon | Axon,"In comparison, the cerebellar granule cell axon is characterized by a single T-shaped branch node from which two parallel fibers extend. Elaborate branching allows for the simultaneous transmission of messages to a large number of target neurons within a single region of the brain.

There are two types of axons in the nervous system: myelinated and unmyelinated axons. Myelin is a layer of a fatty insulating substance, which is formed by two types of glial cells: Schwann cells and oligodendrocyte",False,True,0.0,0.3412277400493622,0.37616467475891113
chunk_1024,352,Aramaic alphabet,"Which group adopted the Aramaic alphabet for writing Hebrew, displacing the Paleo‑Hebrew alphabet?",Jews,Jews (but not Samaritans),Aramaic alphabet | Aramaic alphabet | Afroasiatic languages,"The ancient Aramaic alphabet was used to write the Aramaic languages spoken by ancient Aramean pre-Christian tribes throughout the Fertile Crescent. It was also adopted by other peoples as their own alphabet when empires and their subjects underwent linguistic Aramaization during a language shift for governing purposes—a precursor to Arabization centuries later—including among Assyrians who permanently replaced their Akkadian language and its cuneiform script with Aramaic and its script, and amo",False,True,1.0,0.9640281796455383,0.7610948383808136
chunk_1024,353,Aramaic alphabet,What term did Peter T. Daniels use to describe writing systems like Aramaic that indicate consonants but not most vowels?,abjads,"Peter T. Daniels used the term ""abjad"" to describe writing systems like Aramaic that indicate consonants but do not indicate most vowels other than by means of matres lectionis or added diacritical signs.",Aramaic alphabet | Abjad | Abugida,"The ancient Aramaic alphabet was used to write the Aramaic languages spoken by ancient Aramean pre-Christian tribes throughout the Fertile Crescent. It was also adopted by other peoples as their own alphabet when empires and their subjects underwent linguistic Aramaization during a language shift for governing purposes—a precursor to Arabization centuries later—including among Assyrians who permanently replaced their Akkadian language and its cuneiform script with Aramaic and its script, and amo",False,True,0.0,0.9884957075119019,0.0006824731826782227
chunk_1024,354,Acute disseminated encephalomyelitis,What is the reported annual incidence of acute disseminated encephalomyelitis (ADEM) per million people?,"About 8 per 1,000,000 people per year.","About 8 per 1,000,000 people per year.",Acute disseminated encephalomyelitis | Acute disseminated encephalomyelitis | Acute disseminated encephalomyelitis,"Acute disseminated encephalomyelitis (ADEM), or acute demyelinating encephalomyelitis, is a rare autoimmune disease marked by a sudden, widespread attack of inflammation in the brain and spinal cord. As well as causing the brain and spinal cord to become inflamed, ADEM also attacks the nerves of the central nervous system and damages their myelin insulation, which, as a result, destroys the white matter. The cause is often a trigger such as from viral infection or vaccinations.

ADEM's symptoms ",False,True,1.0,0.9511306285858154,0.009859859943389893
chunk_1024,355,Acute disseminated encephalomyelitis,What is the average age range of most reported ADEM cases?,Around 5 to 8 years old.,Most reported ADEM cases affect males and females almost equally. ADEM shows seasonal variation with higher incidence in winter and spring months which may coincide with higher viral infections during these months. The average age of reported ADEM cases ranges from 5 to 8 years old.,Acute disseminated encephalomyelitis | Acute disseminated encephalomyelitis | Acute disseminated encephalomyelitis,"The latter effect may be due to either protective effects of fever, or that diagnosis and treatment is sought more rapidly when fever is present. 

ADEM can progress to MS. It will be considered MS if some lesions appear in different times and brain areas

Motor deficits
Residual motor deficits are estimated to remain in about 8 to 30% of cases, the range in severity from mild clumsiness to ataxia and hemiparesis.

Neurocognitive
Patients with demyelinating illnesses, such as MS, have shown cogn",False,True,0.8,0.9644713401794434,0.5364912748336792
chunk_1024,356,Ataxia,What term is used to describe ataxia that is limited to one side of the body?,hemiataxia,Hemiataxia is used to describe ataxia that is limited to one side of the body.,Ataxia | Ataxia | Ataxia,"Ataxia (from Greek α- [a negative prefix] + -τάξις [order] = ""lack of order"") is a neurological sign consisting of lack of voluntary coordination of muscle movements that can include gait abnormality, speech changes, and abnormalities in eye movements, that indicates dysfunction of parts of the nervous system that coordinate movement, such as the cerebellum.

These nervous system dysfunctions occur in several different patterns, with different results and different possible causes. Ataxia can be",False,True,1.0,0.9931154847145081,0.0009418129920959473
chunk_1024,357,Ataxia,What is the name for a mild degree of ataxia?,Dystaxia,Dystaxia is a mild degree of ataxia.,Ataxia | Ataxia | Ataxia,"Ataxia (from Greek α- [a negative prefix] + -τάξις [order] = ""lack of order"") is a neurological sign consisting of lack of voluntary coordination of muscle movements that can include gait abnormality, speech changes, and abnormalities in eye movements, that indicates dysfunction of parts of the nervous system that coordinate movement, such as the cerebellum.

These nervous system dysfunctions occur in several different patterns, with different results and different possible causes. Ataxia can be",False,True,1.0,0.9805727005004883,0.0023967623710632324
chunk_1024,358,Ada Lovelace,"When was Augusta Ada King, Countess of Lovelace born and when did she die?",She was born on 10 December 1815 and died on 27 November 1852.,"Augusta Ada King, Countess of Lovelace was born on 10 December 1815 and died on 27 November 1852.",Ada Lovelace | Ada Lovelace | Ada Lovelace,"Augusta Ada King, Countess of Lovelace (née Byron; 10 December 1815 – 27 November 1852) was an English mathematician and writer, chiefly known for her work on Charles Babbage's proposed mechanical general-purpose computer, the Analytical Engine. She was the first to recognise that the machine had applications beyond pure calculation.

Ada Byron was the only legitimate child of poet Lord Byron and reformer Lady Byron. All Lovelace's half-siblings, Lord Byron's other children, were born out of wed",False,True,0.8888888888888888,0.5376572608947754,6.9141387939453125e-06
chunk_1024,359,Ada Lovelace,Who did Ada Lovelace marry and in what year did her husband become Earl of Lovelace?,"She married William King in 1835, and he was made Earl of Lovelace in 1838.","Ada Lovelace married William, 8th Baron King, in 1835. In 1838, her husband was made Earl of Lovelace and Viscount Ockham.",Ada Lovelace | Ada Lovelace | Ada Lovelace,"Augusta Ada King, Countess of Lovelace (née Byron; 10 December 1815 – 27 November 1852) was an English mathematician and writer, chiefly known for her work on Charles Babbage's proposed mechanical general-purpose computer, the Analytical Engine. She was the first to recognise that the machine had applications beyond pure calculation.

Ada Byron was the only legitimate child of poet Lord Byron and reformer Lady Byron. All Lovelace's half-siblings, Lord Byron's other children, were born out of wed",False,True,0.8,0.9201392531394958,0.003057420253753662
chunk_1024,360,August Derleth,When was August Derleth born?,"February 24, 1909","August Derleth was born on February 24, 1909.",August Derleth | August Derleth | August Derleth,"August William Derleth (February 24, 1909 – July 4, 1971) was an American writer and anthologist. He was the first book publisher of the writings of H. P. Lovecraft. He made contributions to the Cthulhu Mythos and the cosmic horror genre and helped found the publisher Arkham House (which did much to bring supernatural fiction into print in hardcover in the US that had only been readily available in the UK). Derleth was also a leading American regional writer of his day, as well as prolific in se",False,True,1.0,0.777260422706604,1.2159347534179688e-05
chunk_1024,361,August Derleth,What fictional detective did Derleth create as a pastiche of Sherlock Holmes?,Solar Pons,Solar Pons,August Derleth | Hercule Poirot | August Derleth,"August William Derleth (February 24, 1909 – July 4, 1971) was an American writer and anthologist. He was the first book publisher of the writings of H. P. Lovecraft. He made contributions to the Cthulhu Mythos and the cosmic horror genre and helped found the publisher Arkham House (which did much to bring supernatural fiction into print in hardcover in the US that had only been readily available in the UK). Derleth was also a leading American regional writer of his day, as well as prolific in se",False,True,1.0,0.6949489712715149,0.9980732653057203
chunk_1024,362,Alps,How many Alpine countries does the Alps stretch across?,Eight,The Alps stretch across eight Alpine countries.,Alps | Alps | Alps,"The Alps () are the highest and most extensive mountain range that is entirely in Europe, stretching approximately  across eight Alpine countries (from west to east): Monaco, France, Switzerland, Italy, Liechtenstein, Germany, Austria and Slovenia.

The Alpine arch extends from Nice on the western Mediterranean to Trieste on the Adriatic and Vienna at the beginning of the Pannonian Basin. The mountains were formed over tens of millions of years as the African and Eurasian tectonic plates collide",False,True,1.0,0.9777997732162476,8.153915405273438e-05
chunk_1024,363,Alps,Which mountain spans the French–Italian border and is the highest mountain in the Alps?,Mont Blanc,Mont Blanc spans the French-Italian border and is the highest mountain in the Alps.,Alps | Alps | Alps,"The Alps () are the highest and most extensive mountain range that is entirely in Europe, stretching approximately  across eight Alpine countries (from west to east): Monaco, France, Switzerland, Italy, Liechtenstein, Germany, Austria and Slovenia.

The Alpine arch extends from Nice on the western Mediterranean to Trieste on the Adriatic and Vienna at the beginning of the Pannonian Basin. The mountains were formed over tens of millions of years as the African and Eurasian tectonic plates collide",False,True,1.0,0.9714150428771973,3.7789344787597656e-05
chunk_1024,364,Albert Camus,In what year did Albert Camus receive the Nobel Prize in Literature?,1957,1957,Albert Camus | The Plague (novel) | Albert Camus,"Albert Camus ( ,  ; ; 7 November 1913 – 4 January 1960) was an Algerian-French  philosopher, author, dramatist, journalist, and political activist. He was the recipient of the 1957 Nobel Prize in Literature at the age of 44, the second-youngest recipient in history. His works include The Stranger, The Plague, The Myth of Sisyphus, The Fall, and The Rebel.

Camus was born in French Algeria to Pieds Noirs parents. He spent his childhood in a poor neighbourhood and later studied philosophy at the U",False,True,1.0,0.46986082196235657,0.9982691697077826
chunk_1024,365,Albert Camus,What position did Albert Camus hold at the newspaper Combat during World War II?,Editor-in-chief,Albert Camus held the position of editor-in-chief at the newspaper Combat during World War II.,Albert Camus | Albert Camus | Albert Camus,"Albert Camus ( ,  ; ; 7 November 1913 – 4 January 1960) was an Algerian-French  philosopher, author, dramatist, journalist, and political activist. He was the recipient of the 1957 Nobel Prize in Literature at the age of 44, the second-youngest recipient in history. His works include The Stranger, The Plague, The Myth of Sisyphus, The Fall, and The Rebel.

Camus was born in French Algeria to Pieds Noirs parents. He spent his childhood in a poor neighbourhood and later studied philosophy at the U",False,True,1.0,0.9468610882759094,5.602836608886719e-06
chunk_1024,366,Agatha Christie,How many detective novels did Agatha Christie write?,66,66,Agatha Christie | Agatha Christie | Agatha Christie,"Dame Agatha Mary Clarissa Christie, Lady Mallowan,  (; 15 September 1890 – 12 January 1976) was an English writer known for her 66 detective novels and 14 short story collections, particularly those revolving around fictional detectives Hercule Poirot and Miss Marple. She also wrote the world's longest-running play, the murder mystery The Mousetrap, which has been performed in the West End since 1952. A writer during the ""Golden Age of Detective Fiction"", Christie has been called the ""Queen of C",False,True,1.0,0.7843352556228638,0.9719392582774162
chunk_1024,367,Agatha Christie,In what year was Agatha Christie made a Dame (DBE) by Queen Elizabeth II?,1971,1971,Agatha Christie | Agatha Christie | Agatha Christie,"Dame Agatha Mary Clarissa Christie, Lady Mallowan,  (; 15 September 1890 – 12 January 1976) was an English writer known for her 66 detective novels and 14 short story collections, particularly those revolving around fictional detectives Hercule Poirot and Miss Marple. She also wrote the world's longest-running play, the murder mystery The Mousetrap, which has been performed in the West End since 1952. A writer during the ""Golden Age of Detective Fiction"", Christie has been called the ""Queen of C",False,True,1.0,0.5914679765701294,0.9994786637253128
chunk_1024,368,The Plague (novel),When was the cholera epidemic that Camus used as source material for The Plague?,1849,The cholera epidemic that Camus used as source material for The Plague occurred in 1849.,The Plague (novel) | The Plague (novel) | Albert Camus,"The Plague () is a 1947 absurdist novel by Albert Camus. It tells the story from the point of view of a narrator in the midst of a plague sweeping the French Algerian city of Oran. The narrator remains unknown until the start of the last chapter. The novel presents a snapshot of life in Oran as seen through the author's distinctive absurdist point of view.

Camus used as source material the cholera epidemic that killed a large proportion of Oran's population in 1849, but situated the novel in th",False,True,1.0,0.9008262753486633,8.225440979003906e-06
chunk_1024,369,The Plague (novel),How many cases were reported in the 1944 outbreak in Oran?,95 cases,"According to the provided information, during the 1944 outbreak in Oran, 95 cases of the plague were reported.",August 2 | The Plague (novel) | August 6,"1968 – An earthquake hits Casiguran, Aurora, Philippines killing more than 270 people and wounding 261.
1973 – A flash fire kills 50 people at the Summerland amusement centre at Douglas, Isle of Man.
1980 – A bomb explodes at the railway station in Bologna, Italy, killing 85 people and wounding more than 200.
1982 – The Helsinki Metro, the first rapid transit system of Finland, is opened to the general public.
1985 – Delta Air Lines Flight 191, a Lockheed L-1011 TriStar, crashes at Dallas/Fort W",False,True,1.0,0.1887708157300949,0.004895925521850586
chunk_1024,370,Applied ethics,"In which decade did the field of applied ethics, as it appears today, emerge?",the early 1970s,"The field of applied ethics, as it appears today, emerged in the early 1970s.",Applied ethics | Applied ethics | Anarchism,"Applied ethics is the practical aspect of moral considerations. It is ethics with respect to real-world actions and their moral considerations in private and public life, the professions, health, technology, law, and leadership. For example, bioethics is concerned with identifying the best approach to moral issues in the life sciences, such as euthanasia, the allocation of scarce health resources, or the use of human embryos in research. Environmental ethics is concerned with ecological issues s",False,True,1.0,0.9738918542861938,1.71661376953125e-05
chunk_1024,371,Applied ethics,"According to the passage, what does business ethics include?",the duties of whistleblowers to the public and to their employers,Business ethics includes the duties of whistleblowers to the public and to their employers.,Applied ethics | Applied ethics | Author,"Applied ethics is the practical aspect of moral considerations. It is ethics with respect to real-world actions and their moral considerations in private and public life, the professions, health, technology, law, and leadership. For example, bioethics is concerned with identifying the best approach to moral issues in the life sciences, such as euthanasia, the allocation of scarce health resources, or the use of human embryos in research. Environmental ethics is concerned with ecological issues s",False,True,1.0,0.9846024513244629,0.012123823165893555
chunk_1024,372,Absolute value,"Who introduced the term ""module"" for the complex absolute value and in what year?",Jean-Robert Argand introduced the term module in 1806.,"The term ""module"" for the complex absolute value was introduced by Jean-Robert Argand in 1806.",Absolute value | Absolute value | Absolute value,"In mathematics, the absolute value or modulus of a real number ,  is the non-negative value  without regard to its sign. Namely,  if  is a positive number, and  if  is negative (in which case negating  makes  positive), and  For example, the absolute value of 3  and the absolute value of −3 is  The absolute value of a number may be thought of as its distance from zero.

Generalisations of the absolute value for real numbers occur in a wide variety of mathematical settings. For example, an absolu",False,True,1.0,0.8877916932106018,2.3245811462402344e-05
chunk_1024,373,Absolute value,What notation for absolute value was introduced by Karl Weierstrass and in what year?,Karl Weierstrass introduced the vertical bar notation (|x|) in 1841.,"Karl Weierstrass introduced the notation \( \lvert x \rvert \) for the absolute value of a number, and he did so in 1841.",Absolute value | Absolute value | Absolute value,"In mathematics, the absolute value or modulus of a real number ,  is the non-negative value  without regard to its sign. Namely,  if  is a positive number, and  if  is negative (in which case negating  makes  positive), and  For example, the absolute value of 3  and the absolute value of −3 is  The absolute value of a number may be thought of as its distance from zero.

Generalisations of the absolute value for real numbers occur in a wide variety of mathematical settings. For example, an absolu",False,True,0.75,0.6415059566497803,0.000447690486907959
chunk_1024,374,Analog signal,What type of signal varies continuously with the pressure of sound waves?,An analog audio signal.,An analog signal varies continuously with the pressure of sound waves.,Acoustics | Acoustic theory | Analog signal,"What we experience as ""higher pitched"" or ""lower pitched"" sounds are pressure vibrations having a higher or lower number of cycles per second. In a common technique of acoustic measurement, acoustic signals are sampled in time, and then presented in more meaningful forms such as octave bands or time frequency plots. Both of these popular methods are used to analyze sound and better understand the acoustic phenomenon.

The entire spectrum can be divided into three sections:  audio, ultrasonic, an",False,True,0.6666666666666666,0.9746193289756775,0.0021074414253234863
chunk_1024,375,Analog signal,What property does an aneroid barometer use to convey pressure information?,Rotary position.,The aneroid barometer uses the rotary position of its internal mechanism to convey pressure information.,Analog signal | Argon | Angle,"An analog signal is any continuous-time signal representing some other quantity, i.e., analogous to another quantity. For example, in an analog audio signal, the instantaneous signal voltage varies continuously with the pressure of the sound waves.

In contrast, a digital signal represents the original time-varying quantity as a sampled sequence of quantized values. Digital sampling imposes some bandwidth and dynamic range constraints on the representation and adds quantization error.

The term ",False,True,1.0,0.934880793094635,0.0021074414253234863
chunk_1024,376,Hercule Poirot,How many short stories featuring Hercule Poirot were published between 1920 and 1975?,51 short stories,51,Hercule Poirot | Hercule Poirot | Agatha Christie,"Hercule Poirot (, ) is a fictional Belgian detective created by British writer Agatha Christie. Poirot is one of Christie's most famous and long-running characters, appearing in 33 novels, two plays (Black Coffee and Alibi), and 51 short stories published between 1920 and 1975.

Poirot has been portrayed on radio, in film and on television by various actors, including Austin Trevor, John Moffatt, Albert Finney, Peter Ustinov, Ian Holm, Tony Randall, Alfred Molina, Orson Welles, David Suchet, Ken",False,True,0.3333333333333333,0.5320286750793457,0.9898695880547166
chunk_1024,377,Hercule Poirot,What are the titles of the two plays in which Hercule Poirot appears?,Black Coffee and Alibi,Black Coffee and Alibi,Hercule Poirot | Hercule Poirot | Hercule Poirot,"Hercule Poirot (, ) is a fictional Belgian detective created by British writer Agatha Christie. Poirot is one of Christie's most famous and long-running characters, appearing in 33 novels, two plays (Black Coffee and Alibi), and 51 short stories published between 1920 and 1975.

Poirot has been portrayed on radio, in film and on television by various actors, including Austin Trevor, John Moffatt, Albert Finney, Peter Ustinov, Ian Holm, Tony Randall, Alfred Molina, Orson Welles, David Suchet, Ken",False,True,1.0,0.9052721261978149,0.8288002759218216
chunk_1024,378,Miss Marple,In which village does Miss Marple live?,St. Mary Mead,St. Mary Mead,Miss Marple | Miss Marple | Miss Marple,"Miss Jane Marple is a fictional character in Agatha Christie's crime novels and short stories. Miss Marple lives in the village of St. Mary Mead and acts as an amateur consulting detective. Often characterized as an elderly spinster, she is one of Christie's best-known characters and has been portrayed numerous times on screen. Her first appearance was in a short story published in The Royal Magazine in December 1927, ""The Tuesday Night Club"", which later became the first chapter of The Thirteen",False,True,1.0,0.7141268253326416,0.9687971845269203
chunk_1024,379,Miss Marple,What is the title of the short story in which Miss Marple first appeared?,The Tuesday Night Club,"""The Tuesday Night Club""",Miss Marple | Miss Marple | Miss Marple,"Miss Jane Marple is a fictional character in Agatha Christie's crime novels and short stories. Miss Marple lives in the village of St. Mary Mead and acts as an amateur consulting detective. Often characterized as an elderly spinster, she is one of Christie's best-known characters and has been portrayed numerous times on screen. Her first appearance was in a short story published in The Royal Magazine in December 1927, ""The Tuesday Night Club"", which later became the first chapter of The Thirteen",False,True,1.0,0.7506929039955139,0.885185606777668
chunk_1024,380,April,How many days long is the month of April?,30 days,The month of April is 30 days long.,April | April | April,"April is the fourth month of the year in the Gregorian and Julian calendars. It is the first of four months to have a length of 30 days, and the second of five months to have a length of less than 31 days.

April is commonly associated with the season of spring in the Northern Hemisphere, and autumn in the Southern Hemisphere, where it is the seasonal equivalent to October in the Northern Hemisphere and vice versa.

History 

The Romans gave this month the Latin name Aprilis but the derivation o",False,True,1.0,0.9337852001190186,2.181529998779297e-05
chunk_1024,381,April,To which goddess was April sacred in Roman tradition?,Venus,Venus,April | April | Athena,"April is the fourth month of the year in the Gregorian and Julian calendars. It is the first of four months to have a length of 30 days, and the second of five months to have a length of less than 31 days.

April is commonly associated with the season of spring in the Northern Hemisphere, and autumn in the Southern Hemisphere, where it is the seasonal equivalent to October in the Northern Hemisphere and vice versa.

History 

The Romans gave this month the Latin name Aprilis but the derivation o",False,True,1.0,0.5271721482276917,0.958147868514061
chunk_1024,382,August,How many months have a length of 31 days according to the passage?,Seven months.,"According to the passage, there are seven months that have a length of 31 days. These months are:

1. January
2. March
3. May
4. June
5. September
6. November
7. December

These months are mentioned specifically in the text, along with other information about them.",April | August | International Atomic Time,"April is the fourth month of the year in the Gregorian and Julian calendars. It is the first of four months to have a length of 30 days, and the second of five months to have a length of less than 31 days.

April is commonly associated with the season of spring in the Northern Hemisphere, and autumn in the Southern Hemisphere, where it is the seasonal equivalent to October in the Northern Hemisphere and vice versa.

History 

The Romans gave this month the Latin name Aprilis but the derivation o",False,True,1.0,0.037399545311927795,0.0317685604095459
chunk_1024,383,August,What was the original Latin name for the month of August?,Sextilis.,The original Latin name for the month of August was Sextilis.,August | August 27 | April,"August is the eighth month of the year in the Julian and Gregorian calendars, and the fifth of seven months to have a length of 31 days.

In the Southern Hemisphere, August is the seasonal equivalent of February in the Northern Hemisphere. In the Northern Hemisphere, August falls in the season of summer. In the Southern Hemisphere, the month falls during the season of winter. In many European countries, August is the holiday month for most workers. Numerous religious holidays occurred during Aug",False,True,1.0,0.9137463569641113,2.7894973754882812e-05
chunk_1024,384,Aaron,"According to the Book of Numbers, how old was Aaron when he died?",123 years,"According to the Book of Numbers, Aaron died at 123 years of age.",Aaron | Aaron | Aaron,"According to Abrahamic religions, Aaron (  or  ) was a prophet, a high priest, and the elder brother of Moses. Information about Aaron comes exclusively from religious texts such as the Hebrew Bible, the New Testament (Luke, Acts, and Hebrews), and the Quran.

The Hebrew Bible relates that, unlike Moses, who grew up in the Egyptian royal court, Aaron and his elder sister Miriam remained with their kinsmen in the northeastern region of the Nile Delta. When Moses first confronted the Egyptian king",False,True,1.0,0.9291897416114807,9.179115295410156e-06
chunk_1024,385,Aaron,"According to the passage, where did Aaron die as stated in the Book of Numbers?",on Mount Hor,"According to the passage, Aaron died on the summit of Mount Hor.",Aaron | Aaron | Aaron,"According to Abrahamic religions, Aaron (  or  ) was a prophet, a high priest, and the elder brother of Moses. Information about Aaron comes exclusively from religious texts such as the Hebrew Bible, the New Testament (Luke, Acts, and Hebrews), and the Quran.

The Hebrew Bible relates that, unlike Moses, who grew up in the Egyptian royal court, Aaron and his elder sister Miriam remained with their kinsmen in the northeastern region of the Nile Delta. When Moses first confronted the Egyptian king",False,True,1.0,0.8604087829589844,1.2755393981933594e-05
chunk_1024,386,April 6,In what year did Julius Caesar defeat Caecilius Metellus Scipio and Marcus Porcius Cato at the Battle of Thapsus?,46 BC,"The Battle of Thapsus took place in 46 BC, where Julius Caesar defeated Caecilius Metellus Scipio and Marcus Porcius Cato.",August 9 | April 6 | August 2,"Events

Pre-1600
48 BC – Caesar's Civil War: Battle of Pharsalus: Julius Caesar decisively defeats Pompey at Pharsalus and Pompey flees to Egypt.
 378 – Gothic War: Battle of Adrianople: A large Roman army led by Emperor Valens is defeated by the Visigoths. Valens is killed along with over half of his army.
1173 – Construction of the campanile of the Cathedral of Pisa (now known as the Leaning Tower of Pisa) begins; it will take two centuries to complete.
1329 – Quilon, the first Indian Christia",False,True,1.0,0.93533855676651,0.00018161535263061523
chunk_1024,387,April 6,Which dynasty was established by King Buddha Yodfa Chulaloke (Rama I) of Siam?,the Chakri dynasty,"Based on the provided context, King Buddha Yodfa Chulaloke (Rama I) of Siam established the Rattanakosin Kingdom.",Ashoka | Ancient Egypt | Ashoka,"Ashoka (, ; also Asoka;  – 232 BCE), popularly known as Ashoka the Great, was the third Mauryan Emperor of Magadha in the Indian subcontinent during  to 232 BCE. His empire covered a large part of the Indian subcontinent, stretching from present-day Afghanistan in the west to present-day Bangladesh in the east, with its capital at Pataliputra. A patron of Buddhism, he is credited with playing an important role in the spread of Buddhism across ancient Asia.

Ashoka's edicts state that during his ",False,False,0.0,0.01638844422996044,0.001536726951599121
chunk_1024,388,April 12,What flag was adopted as the flag of English and Scottish ships in 1606?,The Union Flag,The Union Flag was adopted as the flag of English and Scottish ships in 1606.,August 22 | April 12 | August 2,"Events

Pre-1600
 392 – Arbogast has Eugenius elected Western Roman Emperor.
 851 – Battle of Jengland: Erispoe defeats Charles the Bald near the Breton town of Jengland.
1138 – Battle of the Standard between Scotland and England.
1485 – The Battle of Bosworth Field occurs; Richard III dies, marking the end of the House of Plantagenet.
1559 – Spanish archbishop Bartolomé Carranza is arrested for heresy.

1601–1900
1614 – Fettmilch Uprising: Jews are expelled from Frankfurt, Holy Roman Empire, fo",False,True,1.0,0.882163405418396,0.00017130374908447266
chunk_1024,389,April 12,"Which battle marked the beginning of the American Civil War on April 12, 1861?",The Battle of Fort Sumter,"The American Civil War began on April 12, 1861.",American Civil War | American Civil War | American Civil War,"The American Civil War (April 12, 1861 – May 26, 1865; also known by other names) was a civil war in the United States between the Union (""the North"") and the Confederacy (""the South""), formed by states that had seceded from the Union. The cause of the war was the dispute over whether slavery would be permitted to expand into the western territories, leading to more slave states, or be prevented from doing so, which many believed would place slavery on a course of ultimate extinction.

Decades o",False,False,0.0,0.9297253489494324,2.3245811462402344e-05
chunk_1024,390,April 15,"What was published in London on April 15, 1755?",Samuel Johnson's A Dictionary of the English Language is published in London.,Vernalia,A Modest Proposal | April | April 1,"The Third Edition, Dublin, Printed: And Reprinted at London, for Weaver Bickerton, in Devereux-Court near the Middle-Temple, 1730.

Essays by Jonathan Swift
Satirical essays
Pamphlets
1729 essays
Works published anonymously
British satire
1729 in Great Britain
Cannibalism in fiction
1729 books
Works about Ireland",False,False,0.0,0.40790852904319763,0.3478693962097168
chunk_1024,391,April 15,"Which battle on April 15, 1632 involved Swedes under Gustavus Adolphus defeating the Holy Roman Empire?",Battle of Rain,"The Battle of Breitenfeld on April 15, 1632, involved Swedish forces under Gustavus Adolphus defeating the Holy Roman Empire.",August 2 | August 22 | August 6,"Events

Pre-1600
338 BC – A Macedonian army led by Philip II defeated the combined forces of Athens and Thebes in the Battle of Chaeronea, securing Macedonian hegemony in Greece and the Aegean.
216 BC – The Carthaginian army led by Hannibal defeats a numerically superior Roman army at the Battle of Cannae.
49 BC – Caesar, who marched to Spain earlier in the year leaving Marcus Antonius in charge of Italy, defeats Pompey's general Afranius and Petreius in Ilerda (Lerida) north of the Ebro river.
",False,False,0.5,0.03206568583846092,8.547306060791016e-05
chunk_1024,392,April 30,"What significant event involving George Washington occurred on April 30, 1789?","On the balcony of Federal Hall on Wall Street in New York City, George Washington takes the oath of office to become the first President of the United States.","On April 30, 1789, George Washington was inaugurated as the first President of the United States.",American Revolutionary War | April 6 | August 6,"The American Revolutionary War (April 19, 1775 – September 3, 1783), also known as the Revolutionary War or American War of Independence, was the military conflict of the American Revolution in which American Patriot forces under George Washington's command defeated the British, resulting in the Treaty of Paris (1783) recognizing the independence and sovereignty of the United States. Fighting began on April 19, 1775, at the Battles of Lexington and Concord. The war was formalized and intensified",False,False,0.3333333333333333,0.018657108768820763,5.459785461425781e-05
chunk_1024,393,April 30,"What transaction took place on April 30, 1803, that expanded the United States?","The United States purchases the Louisiana Territory from France for $15 million, more than doubling the size of the young nation.","The purchase of the Louisiana Territory from France on April 30, 1803, expanded the United States.",Articles of Confederation | Atlantic Ocean | August 6,"The Articles of Confederation and Perpetual Union was an agreement among the 13 states of the United States, formerly the Thirteen Colonies, that served as the nation's first frame of government. It was debated by the Second Continental Congress at Independence Hall in Philadelphia between July 1776 and November 1777, and finalized by the Congress on November 15, 1777. It came into force on March 1, 1781, after being ratified by all 13 colonial states. A guiding principle of the Articles was the",False,False,0.35714285714285715,0.02790183573961258,0.0005703568458557129
chunk_1024,394,August 22,"Which battle on August 22, 1485 marked the end of the House of Plantagenet?",The Battle of Bosworth Field.,"The Battle of Bosworth Field, which occurred on August 22, 1485, marked the end of the House of Plantagenet.",Azincourt | Attila | American Civil War,"Azincourt (), historically known in English as Agincourt ( ), is a commune in the Pas-de-Calais department in northern France. It is situated  north-west of Saint-Pol-sur-Ternoise on the D71 road between Hesdin and Fruges.

The Late Medieval Battle of Agincourt between the English and the French took place in the commune in 1415.

Toponym
The name is attested as Aisincurt in 1175, derived from a Germanic masculine name Aizo, Aizino and the early Northern French word curt (which meant a farm with",False,False,1.0,0.01430917251855135,0.00010347366333007812
chunk_1024,395,August 22,"In what year did James Cook name and land on Possession Island, claiming the east coast of Australia for Britain as New South Wales?",1770.,"James Cook named and landed on Possession Island, claiming the east coast of Australia for Britain as New South Wales in 1770.",Adelaide | Ashmore and Cartier Islands | Antigua and Barbuda,"Adelaide ( ;  ) is the capital city of South Australia, the state's largest city and the fifth-most populous city in Australia. ""Adelaide"" may refer to either Greater Adelaide (including the Adelaide Hills) or the Adelaide city centre. The demonym Adelaidean is used to denote the city and the residents of Adelaide. The Traditional Owners of the Adelaide region are the Kaurna. The area of the city centre and surrounding Park Lands is called  in the Kaurna language.

Adelaide is situated on the Ad",False,False,1.0,0.007514157798141241,5.412101745605469e-05
chunk_1024,396,August 27,Which battle resulted in Emmanuel Philibert becoming Duke of Savoy?,The Battle of St. Quentin,The Battle of Rocroi resulted in Emmanuel Philibert becoming Duke of Savoy.,Azincourt | American Revolutionary War | Alps,"Azincourt (), historically known in English as Agincourt ( ), is a commune in the Pas-de-Calais department in northern France. It is situated  north-west of Saint-Pol-sur-Ternoise on the D71 road between Hesdin and Fruges.

The Late Medieval Battle of Agincourt between the English and the French took place in the commune in 1415.

Toponym
The name is attested as Aisincurt in 1175, derived from a Germanic masculine name Aizo, Aizino and the early Northern French word curt (which meant a farm with",False,False,0.3333333333333333,0.023150552064180374,1.3828277587890625e-05
chunk_1024,397,August 27,Which two states signed the Treaty of Nerchinsk?,Russia and the Qing Empire,"Based on the information provided in the context, the Treaty of Nerchinsk was signed by China and Russia. Specifically, the text mentions:

""The Treaty of Nerchinsk was signed by China and Russia.""

This treaty was concluded in 1689 between the Qing dynasty of China and the Russian Empire under Peter the Great. It established the northern boundary of the Chinese empire, defining the extent of Russian influence in northeastern Asia.",Alaska | Alaska | August 6,"Alaska ( ) is a non-contiguous U.S. state on the northwest extremity of North America. It borders British Columbia and Yukon in Canada to the east and it shares a western maritime border in the Bering Strait with Russia's Chukotka Autonomous Okrug. The Chukchi and Beaufort Seas of the Arctic Ocean lie to the north and the Pacific Ocean lies to the south. Technically a semi-exclave of the U.S., Alaska is the largest exclave in the world.

Alaska is the largest U.S. state by area, comprising more ",False,False,1.0,0.018788425251841545,0.09739041328430176
chunk_1024,398,Alcohol (chemistry),What functional group must be bound to a saturated carbon atom for a compound to be classified as an alcohol in chemistry?,A hydroxyl (OH) functional group.,A hydroxyl (-OH) functional group must be bound to a saturated carbon atom for a compound to be classified as an alcohol in chemistry.,Alcohol (chemistry) | Alkane | Alkane,"In chemistry, an alcohol is a type of organic compound that carries at least one hydroxyl () functional group  bound to a saturated carbon atom. Alcohols range from the simple, like methanol and ethanol, to complex, like sucrose and cholesterol. The presence of an OH group strongly modifies the properties of hydrocarbons, conferring hydrophilic (water-loving) properties.  The OH group provides a site at which many reactions can occur.

History
The flammable nature of the exhalations of wine was ",False,True,1.0,0.9683970808982849,0.0033243894577026367
chunk_1024,399,Alcohol (chemistry),Which ancient natural philosophers are noted in the passage as knowing the flammable nature of wine exhalations?,"Aristotle, Theophrastus, and Pliny the Elder.","According to the passage, two ancient natural philosophers are noted as knowing the flammable nature of wine exhalations:

1. Aristotle (384–322 BCE)
2. Theophrastus (fl. 300 BCE)

These philosophers are mentioned specifically in relation to their knowledge of the flammable nature of wine exhalations, which led them to investigate further into the composition and properties of alcohol.",Alcohol (chemistry) | Aristotle | Alchemy,"In chemistry, an alcohol is a type of organic compound that carries at least one hydroxyl () functional group  bound to a saturated carbon atom. Alcohols range from the simple, like methanol and ethanol, to complex, like sucrose and cholesterol. The presence of an OH group strongly modifies the properties of hydrocarbons, conferring hydrophilic (water-loving) properties.  The OH group provides a site at which many reactions can occur.

History
The flammable nature of the exhalations of wine was ",False,True,0.5,0.6063570380210876,0.02931225299835205
chunk_1024,400,Achill Island,What is the name of the bridge that connects Achill Island to the mainland?,Michael Davitt Bridge,The Michael Davitt Bridge connects Achill Island to the mainland.,Achill Island | Achill Island | Anguilla,"Achill Island (; ) is the largest of the Irish isles and lies off the west coast of Ireland in County Mayo. It has a population of 2,345. Its area is . Achill is attached to the mainland by Michael Davitt Bridge, between the villages of Achill Sound and Polranny. A bridge was first completed here in 1887. Other centres of population include the villages of Keel, Dooagh, Dooega, Dooniver, and Dugort. The parish's main Gaelic football pitch and secondary school are on the mainland at Polranny. Ear",False,True,1.0,0.9760206937789917,3.790855407714844e-05
chunk_1024,401,Achill Island,In what year was the first bridge completed that links Achill Island to the mainland?,1887,The first bridge completed that links Achill Island to the mainland was in 1887.,Achill Island | Anguilla | Achill Island,"Achill Island (; ) is the largest of the Irish isles and lies off the west coast of Ireland in County Mayo. It has a population of 2,345. Its area is . Achill is attached to the mainland by Michael Davitt Bridge, between the villages of Achill Sound and Polranny. A bridge was first completed here in 1887. Other centres of population include the villages of Keel, Dooagh, Dooega, Dooniver, and Dugort. The parish's main Gaelic football pitch and secondary school are on the mainland at Polranny. Ear",False,True,1.0,0.931914746761322,3.7789344787597656e-05
chunk_1024,402,Allen Ginsberg,What was the name of Allen Ginsberg's lifelong partner?,Peter Orlovsky,Elise Nada Cowen,Allen Ginsberg | Allen Ginsberg | Allen Ginsberg,"Irwin Allen Ginsberg (; June 3, 1926 – April 5, 1997) was an American poet and writer. As a student at Columbia University in the 1940s, he began friendships with Lucien Carr, William S. Burroughs and Jack Kerouac, forming the core of the Beat Generation. He vigorously opposed militarism, economic materialism, and sexual repression, and he embodied various aspects of this counterculture with his views on drugs, sex, multiculturalism, hostility to bureaucracy, and openness to Eastern religions.

",False,True,0.0,0.6273382306098938,0.9469411820173264
chunk_1024,403,Allen Ginsberg,"In what year did San Francisco police and US Customs seize copies of ""Howl""?",1956,"San Francisco police and US Customs seized copies of ""Howl"" in 1956.",Allen Ginsberg | Allen Ginsberg | Allen Ginsberg,"In the mid-1950s, no reputable publishing company would even consider publishing Howl. At the time, such ""sex talk"" employed in Howl was considered by some to be vulgar or even a form of pornography, and could be prosecuted under law. Ginsberg used phrases such as ""cocksucker"", ""fucked in the ass"", and ""cunt"" as part of the poem's depiction of different aspects of American culture. Numerous books that discussed sex were banned at the time, including Lady Chatterley's Lover. The sex that Ginsberg",False,True,1.0,0.9780058860778809,7.68899917602539e-05
chunk_1024,404,Algebraically closed field,Which field is given as an example of a field that is not algebraically closed because the polynomial x^2 + 1 has no solution in it?,The field of real numbers.,The field of real numbers is given as an example of a field that is not algebraically closed because the polynomial x^2 + 1 has no solution in it.,Algebraically closed field | Algebraically closed field | Algebraic number,"In mathematics, a field  is algebraically closed if every non-constant polynomial in  (the univariate polynomial ring with coefficients in ) has a root in .

Examples
As an example, the field of real numbers is not algebraically closed, because the polynomial equation  has no solution in real numbers, even though all its coefficients (1 and 0) are real.  The same argument proves that no subfield of the real field is algebraically closed; in particular, the field of rational numbers is not algebr",False,True,1.0,0.8741645216941833,0.0019418597221374512
chunk_1024,405,Algebraically closed field,"According to the passage, why is no finite field algebraically closed?",Because the polynomial (x − a1)(x − a2) ⋯ (x − an) + 1 has no zero in the field.,"According to the passage, no finite field F is algebraically closed because if a1, a2, ..., an are the elements of F, then the polynomial (x - a1)(x - a2)...(x - an) + 1 has no zero in F.",Algebraically closed field | Algebraically closed field | Algebraic number,"In mathematics, a field  is algebraically closed if every non-constant polynomial in  (the univariate polynomial ring with coefficients in ) has a root in .

Examples
As an example, the field of real numbers is not algebraically closed, because the polynomial equation  has no solution in real numbers, even though all its coefficients (1 and 0) are real.  The same argument proves that no subfield of the real field is algebraically closed; in particular, the field of rational numbers is not algebr",False,True,1.0,0.9165105819702148,0.04150110483169556
chunk_1024,406,August 6,"In what year was the Battle of Meloria, in which the Republic of Pisa was defeated by the Republic of Genoa?",1284,"The Battle of Meloria, in which the Republic of Pisa was defeated by the Republic of Genoa, occurred in 1284.",August 6 | August 2 | Andorra,"Events

Pre-1600
1284 – The Republic of Pisa is defeated in the Battle of Meloria by the Republic of Genoa, thus losing its naval dominance in the Mediterranean.
1538 – Bogotá, Colombia, is founded by Gonzalo Jiménez de Quesada.

1601–1900
1661 – The Treaty of The Hague is signed by Portugal and the Dutch Republic.
1777 – American Revolutionary War: The bloody Battle of Oriskany prevents American relief of the Siege of Fort Stanwix.
1787 – Sixty proof sheets of the Constitution of the United Sta",False,True,1.0,0.9580158591270447,6.556510925292969e-06
chunk_1024,407,August 6,Which treaty was signed by Portugal and the Dutch Republic in 1661?,The Treaty of The Hague,The Treaty of The Hague was signed by Portugal and the Dutch Republic in 1661.,Amsterdam | August 6 | Aruba,"Amsterdam is part of the conglomerate metropolitan area Randstad, with a total population of 6,659,300 inhabitants.

Of these various metropolitan area configurations, only the Stadsregio Amsterdam (City Region of Amsterdam) has a formal governmental status. Its responsibilities include regional spatial planning and the metropolitan public transport concessions.

National capital

Under the Dutch Constitution, Amsterdam is the capital of the Netherlands. Since the 1983 constitutional revision, t",False,True,1.0,0.9501698613166809,9.691715240478516e-05
chunk_1024,408,Anatoly Karpov,During which years did Anatoly Karpov serve as a three-time FIDE World Champion?,"1993, 1996, 1998","According to the provided context, Anatoly Karpov served as a three-time FIDE World Champion between 1993 and 1999. Specifically, the text states:

""FIDE champion again (1993–1999)""",Anatoly Karpov | Anatoly Karpov | Anatoly Karpov,"Anatoly Yevgenyevich Karpov (; born May 23, 1951) is a Russian and former Soviet chess grandmaster, former World Chess Champion, ⁣and politician. He was the 12th World Chess Champion from 1975 to 1985, a three-time FIDE World Champion (1993, 1996, 1998), twice World Chess champion as a member of the USSR team (1985, 1989), and a six-time winner of Chess Olympiads as a member of the USSR team (1972, 1974, 1980, 1982, 1986, 1988). The International Association of Chess Press awarded him nine Chess",False,True,0.3333333333333333,0.921177089214325,0.014475643634796143
chunk_1024,409,Anatoly Karpov,How many Chess Oscars was Karpov awarded by the International Association of Chess Press?,nine,Nine,Anatoly Karpov | Anatoly Karpov | Anatoly Karpov,"Anatoly Yevgenyevich Karpov (; born May 23, 1951) is a Russian and former Soviet chess grandmaster, former World Chess Champion, ⁣and politician. He was the 12th World Chess Champion from 1975 to 1985, a three-time FIDE World Champion (1993, 1996, 1998), twice World Chess champion as a member of the USSR team (1985, 1989), and a six-time winner of Chess Olympiads as a member of the USSR team (1972, 1974, 1980, 1982, 1986, 1988). The International Association of Chess Press awarded him nine Chess",False,True,1.0,0.5389116406440735,0.7461852431297302
chunk_1024,410,Aspect ratio,"According to the passage, how is the aspect ratio of a rectangle defined in terms of its sides?","It is the ratio of its longer side to its shorter side—the ratio of width to height when the rectangle is oriented as a ""landscape"".","According to the passage, the aspect ratio of a rectangle is defined as the ratio of its longer side to its shorter side.",Aspect ratio | Angle | Area,"The aspect ratio of a geometric shape is the ratio of its sizes in different dimensions. For example, the aspect ratio of a rectangle is the ratio of its longer side to its shorter side—the ratio of width to height, when the rectangle is oriented as a ""landscape"".

The aspect ratio is most often expressed as two integer numbers separated by a colon (x:y), less commonly as a simple or decimal fraction. The values x and y do not represent actual widths and heights but, rather, the proportion betwe",False,True,0.5555555555555556,0.9733276963233948,0.0017444491386413574
chunk_1024,411,Aspect ratio,What format is most often used to express an aspect ratio?,As two integer numbers separated by a colon (x:y).,An aspect ratio is most often expressed as two integer numbers separated by a colon (x:y).,Aspect ratio | MessagePad | ASCII,"The aspect ratio of a geometric shape is the ratio of its sizes in different dimensions. For example, the aspect ratio of a rectangle is the ratio of its longer side to its shorter side—the ratio of width to height, when the rectangle is oriented as a ""landscape"".

The aspect ratio is most often expressed as two integer numbers separated by a colon (x:y), less commonly as a simple or decimal fraction. The values x and y do not represent actual widths and heights but, rather, the proportion betwe",False,True,1.0,0.9842932820320129,0.017110824584960938
chunk_1024,412,Auto racing,What time and date did the first prearranged match race between two self‑powered road vehicles occur?,"4:30 A.M. on August 30, 1867","The first prearranged match race between two self-powered road vehicles occurred on August 30, 1867, between Ashton-under-Lyne and Old Trafford, England.",Auto racing | Auto racing | Auto racing,"Auto racing (also known as car racing, motor racing, or automobile racing) is a motorsport involving the racing of automobiles for competition.

Auto racing has existed since the invention of the automobile. Races of various sorts were organised, with the first recorded as early as 1867. Many of the earliest events were effectively reliability trials, aimed at proving these new machines were a practical mode of transport, but soon became an important way for automobile makers to demonstrate thei",False,True,0.6,0.9595974683761597,6.210803985595703e-05
chunk_1024,413,Auto racing,"How many competitors entered the Paris‑to‑Rouen motoring competition organized on July 22, 1894?",One hundred and two competitors,"One hundred and two competitors entered the Paris-to-Rouen motoring competition organized on July 22, 1894.",Auto racing | Auto racing | Adelaide,"Auto racing (also known as car racing, motor racing, or automobile racing) is a motorsport involving the racing of automobiles for competition.

Auto racing has existed since the invention of the automobile. Races of various sorts were organised, with the first recorded as early as 1867. Many of the earliest events were effectively reliability trials, aimed at proving these new machines were a practical mode of transport, but soon became an important way for automobile makers to demonstrate thei",False,True,1.0,0.9329556226730347,5.805492401123047e-05
chunk_1024,414,Anarcho-capitalism,"What is the earliest known publication that used the term ""anarchocapitalism"" and in which magazine did it appear?","Karl Hess's essay ""The Death of Politics"" published by Playboy in March 1969.","The earliest known publication that used the term ""anarchocapitalism"" appeared in the journal ""Social Analysis,"" published in 1976.",Anarchism | Anarchism | Anarchism,"Anarchism is a political philosophy and movement that is skeptical of all justifications for authority and seeks to abolish the institutions it claims maintain unnecessary coercion and hierarchy, typically including nation-states, and capitalism. Anarchism advocates for the replacement of the state with stateless societies and voluntary free associations. As a historically left-wing movement, this reading of anarchism is placed on the farthest left of the political spectrum, usually described as",False,False,0.1,0.011161036789417267,2.3484230041503906e-05
chunk_1024,415,Anarcho-capitalism,"According to the passage, which private entities would enforce private property in a theoretical anarcho-capitalist society?",Private defense agencies and/or insurance companies selected by customers.,"In a theoretical anarcho-capitalist society, private defense agencies and/or insurance companies would enforce private property.",Anarcho-capitalism | Anarcho-capitalism | Anarcho-capitalism,"Anarcho-capitalism (colloquially: ancap or '""an-cap""') is an anti-statist, libertarian political philosophy and economic theory that seeks to abolish centralized states in favor of stateless societies with systems of private property enforced by private agencies, the non-aggression principle, free markets and self-ownership, which extends the concept to include control of private property as part of the self. In the absence of statute, anarcho-capitalists hold that society tends to contractually",False,True,0.7142857142857143,0.989375114440918,0.0006718635559082031
chunk_1024,416,August 9,"Which battle on August 9, 48 BC resulted in Julius Caesar decisively defeating Pompey?",The Battle of Pharsalus.,"The Battle of Pharsalus on August 9, 48 BC resulted in Julius Caesar decisively defeating Pompey.",August 9 | April 6 | August 2,"Events

Pre-1600
48 BC – Caesar's Civil War: Battle of Pharsalus: Julius Caesar decisively defeats Pompey at Pharsalus and Pompey flees to Egypt.
 378 – Gothic War: Battle of Adrianople: A large Roman army led by Emperor Valens is defeated by the Visigoths. Valens is killed along with over half of his army.
1173 – Construction of the campanile of the Cathedral of Pisa (now known as the Leaning Tower of Pisa) begins; it will take two centuries to complete.
1329 – Quilon, the first Indian Christia",False,True,1.0,0.2144739031791687,0.00014710426330566406
chunk_1024,417,August 9,"What treaty was signed on August 9, 1842 that established the United States–Canada border east of the Rocky Mountains?",The Webster–Ashburton Treaty.,"The treaty you're asking about is the Treaty of Washington, which was signed on August 9, 1842. This treaty established the United States–Canada border east of the Rocky Mountains.",American Revolutionary War | Alberta | Alaska,"It announced the achievement of peace with independence, and the conclusive treaty was signed on September 2, 1783, in Paris, effective the following day on September 3, 1783, when Britain signed its treaty with France. John Adams, who helped draft the treaty, claimed it represented ""one of the most important political events that ever happened on the globe"". Ratified respectively by Congress and Parliament, the final versions were exchanged in Paris the following spring. On November 25, the las",False,False,0.3333333333333333,0.02338591031730175,0.0017409920692443848
chunk_1024,418,Aristophanes,What are the approximate years of Aristophanes' lifespan?,c. 446 – c. 386 BC,Approximately 60-65 years,Aristophanes | Aristotle | Aristophanes,"A son of Aristophanes, Araros, was also a comic poet and he could have been heavily involved in the production of his father's play Wealth II in 388. Araros is also thought to have been responsible for the posthumous performances of the now lost plays Aeolosicon II and Cocalus, and it is possible that the last of these won the prize at the City Dionysia in 387. It appears that a second son, Philippus, was twice victorious at the Lenaia and he could have directed some of Eubulus’ comedies. A thir",False,True,0.0,0.028985219076275826,0.790206715464592
chunk_1024,419,Aristophanes,How many of Aristophanes' plays survive virtually complete?,Eleven of his forty plays survive virtually complete.,Eleven of Aristophanes' forty plays survive virtually complete.,Aristophanes | Aristophanes | Aristophanes,"Aristophanes (; , ; c. 446 – c. 386 BC), son of Philippus, of the deme Kydathenaion (), was a comic playwright or comedy-writer of ancient Athens and a poet of Old Attic Comedy. Eleven of his forty plays survive virtually complete. These provide the most valuable examples of a genre of comic drama known as Old Comedy and are used to define it, along with fragments from dozens of lost plays by Aristophanes and his contemporaries.

Also known as ""The Father of Comedy"" and ""the Prince of Ancient Co",False,True,1.0,0.9795073866844177,0.00012052059173583984
chunk_1024,420,Albert Schweitzer,When was Albert Schweitzer born?,14 January 1875,Albert Schweitzer was born on 14 January 1875.,Albert Schweitzer | Albert Schweitzer | Albert Schweitzer,"Ludwig Philipp Albert Schweitzer  (; 14 January 1875 – 4 September 1965) was an Alsatian polymath. He was a theologian, organist, musicologist, writer, humanitarian, philosopher, and physician. A Lutheran minister, Schweitzer challenged both the secular view of Jesus as depicted by the historical-critical method current at this time, as well as the traditional Christian view. His contributions to the interpretation of Pauline Christianity concern the role of Paul's mysticism of ""being in Christ""",False,True,1.0,0.9534955620765686,1.5616416931152344e-05
chunk_1024,421,Albert Schweitzer,For which philosophy did Albert Schweitzer receive the 1952 Nobel Peace Prize?,"""Reverence for Life""","For his philosophy of ""Reverence for Life,"" Albert Schweitzer received the 1952 Nobel Peace Prize.",Albert Schweitzer | Arthur Schopenhauer | Albert Schweitzer,"Ludwig Philipp Albert Schweitzer  (; 14 January 1875 – 4 September 1965) was an Alsatian polymath. He was a theologian, organist, musicologist, writer, humanitarian, philosopher, and physician. A Lutheran minister, Schweitzer challenged both the secular view of Jesus as depicted by the historical-critical method current at this time, as well as the traditional Christian view. His contributions to the interpretation of Pauline Christianity concern the role of Paul's mysticism of ""being in Christ""",False,True,1.0,0.9832116961479187,7.140636444091797e-05
chunk_1024,422,Austrian school of economics,Which economists are credited with originating the Austrian School in Vienna?,"Carl Menger, Eugen von Böhm-Bawerk, Friedrich von Wieser, and others.","Carl Menger, Eugen von Böhm-Bawerk, Friedrich von Wieser, and others are credited with originating the Austrian School in Vienna.",Austrian school of economics | Austrian school of economics | Austrian school of economics,"The Austrian School is a heterodox school of economic thought that advocates strict adherence to methodological individualism, the concept that social phenomena result exclusively from the motivations and actions of individuals. Austrian school theorists hold that economic theory should be exclusively derived from basic principles of human action.

The Austrian School originated in Vienna with the work of Carl Menger, Eugen von Böhm-Bawerk, Friedrich von Wieser, and others. It was methodological",False,True,1.0,0.9510616064071655,0.002083003520965576
chunk_1024,423,Austrian school of economics,"In which year did Friedrich Hayek share the Nobel Memorial Prize in Economic Sciences, and with whom?","1974, with Gunnar Myrdal.",Friedrich Hayek shared the Nobel Memorial Prize in Economic Sciences in 1974.,Albert Einstein | Alfred Nobel | Austrian school of economics,"Albert Einstein ( ; ; 14 March 1879 – 18 April 1955) was a German-born theoretical physicist who is widely held to be one of the greatest and most influential scientists of all time. Best known for developing the theory of relativity, Einstein also made important contributions to quantum mechanics, and was thus a central figure in the revolutionary reshaping of the scientific understanding of nature that modern physics accomplished in the first decades of the twentieth century. His mass–energy e",False,True,0.3333333333333333,0.8510951995849609,2.5033950805664062e-06
chunk_1024,424,Abscess,What are the common signs and symptoms of an abscess?,"Redness, pain, warmth, and swelling.","Common signs and symptoms of an abscess include redness, pain, warmth, swelling, and loss of function.",Abscess | Abscess | Abscess,"An abscess is a collection of pus that has built up within the tissue of the body. Signs and symptoms of abscesses include redness, pain, warmth, and swelling. The swelling may feel fluid-filled when pressed. The area of redness often extends beyond the swelling. Carbuncles and boils are types of abscess that often involve hair follicles, with carbuncles being larger.

They are usually caused by a bacterial infection. Often many different types of bacteria are involved in a single infection. In ",False,True,1.0,0.9017369151115417,0.042127132415771484
chunk_1024,425,Abscess,Which bacteria is most commonly present in many areas of the world as a cause of abscesses?,Methicillin-resistant Staphylococcus aureus.,Methicillin-resistant Staphylococcus aureus (MRSA) is the most commonly present bacteria in many areas of the world as a cause of abscesses.,Abscess | Abscess | Abscess,"An abscess is a collection of pus that has built up within the tissue of the body. Signs and symptoms of abscesses include redness, pain, warmth, and swelling. The swelling may feel fluid-filled when pressed. The area of redness often extends beyond the swelling. Carbuncles and boils are types of abscess that often involve hair follicles, with carbuncles being larger.

They are usually caused by a bacterial infection. Often many different types of bacteria are involved in a single infection. In ",False,True,1.0,0.7600632905960083,0.003721773624420166
chunk_1024,426,Aalborg Municipality,What was the population of Aalborg Municipality on 1 January 2023?,"222,571","The population of Aalborg Municipality on 1 January 2023 was 222,571.",Aalborg Municipality | Aalborg Municipality | Aarhus,"Aalborg Municipality () is a municipality in North Jutland Region on the Jutland peninsula in northern Denmark. The municipality straddles the Limfjord, the waterway which connects the North Sea and the Kattegat east-to-west, and which separates the main body of the Jutland peninsula from the island of Vendsyssel-Thy north-to-south. It has a land area of  and a population of 222,571 (1. January 2023).

It is also the name of the municipality's main city Aalborg and the site of its municipal coun",False,True,1.0,0.9674059152603149,3.814697265625e-06
chunk_1024,427,Aalborg Municipality,Which municipalities joined Aalborg municipality on 1 January 2007 to form the new Aalborg municipality?,"Hals, Nibe, and Sejlflod","Hals, Nibe, and Sejlflod rejoined Aalborg municipality on 1 January 2007 to form the new Aalborg municipality.",Aalborg Municipality | Aalborg Municipality | Athens,"Aalborg Municipality () is a municipality in North Jutland Region on the Jutland peninsula in northern Denmark. The municipality straddles the Limfjord, the waterway which connects the North Sea and the Kattegat east-to-west, and which separates the main body of the Jutland peninsula from the island of Vendsyssel-Thy north-to-south. It has a land area of  and a population of 222,571 (1. January 2023).

It is also the name of the municipality's main city Aalborg and the site of its municipal coun",False,True,1.0,0.9741146564483643,0.00015413761138916016
chunk_1024,428,Aarhus,In what year was Aarhus granted market town privileges?,1441,Aarhus was granted market town privileges in 1851.,Aarhus | Aarhus | Aarhus,"His company became an important local employer, with factory employees increasing from 100 in 1896 to 1,000 in 1931, partaking in the effective transformation of the city from a regional trade hub to an industrial centre. Other new factories of note included the dockyard Aarhus Flydedok and the oil mill Århus Oliefabrik.

Aarhus became the largest provincial city in the country by the turn of the century and the city marketed itself as the ""Capital of Jutland"". The population increased from 15,0",False,True,0.0,0.19696274399757385,3.4928321838378906e-05
chunk_1024,429,Aarhus,When was the first railway line in Jutland built in Aarhus?,1862,The first railway line in Jutland was built in Aarhus in 1862.,Aarhus | Aarhus | Aarhus,"Aarhus (, , ; officially spelled Århus from 1948 until 1 January 2011) is the second-largest city in Denmark and the seat of Aarhus Municipality. It is located on the eastern shore of Jutland in the Kattegat sea and approximately  northwest of Copenhagen.

Dating back to the late 8th century, Aarhus was founded as a harbour settlement at the mouth of the Aarhus River and quickly became a trade hub. The first Christian church was built here around the year 900 and later in the Viking Age the town",False,True,1.0,0.9587186574935913,1.2278556823730469e-05
chunk_1024,430,Amateur,What terms does the passage use to describe amateurs and their pursuits?,"popular, informal, self-taught, user-generated, DIY, and hobbyist.","The passage describes amateurs and their pursuits using terms such as:

- Popular
- Informal
- Self-taught
- User-generated
- DIY
- Hobbyist",Amateur | A Clockwork Orange (novel) | Adventure,"An amateur () is generally considered a person who pursues an avocation independent from their source of income. Amateurs and their pursuits are also described as popular, informal, self-taught, user-generated, DIY, and hobbyist.

History 

Historically, the amateur was considered to be the ideal balance between pure intent, open mind, and the interest or passion for a subject. That ideology spanned many different fields of interest. It may have its roots in the ancient Greek philosophy of amate",False,True,1.0,0.9674534797668457,0.09376096725463867
chunk_1024,431,Amateur,"Which three individuals are cited as examples of ""gentleman amateurs"" in the passage?","Francis Bacon, Isaac Newton, and Sir Robert Cotton, 1st Baronet, of Connington.","Based on the provided text, the three individuals cited as examples of ""gentleman amateurs"" are:

1. Francis Bacon
2. Isaac Newton
3. Sir Robert Cotton, 1st Baronet",Amateur | List of anthropologists | August 27,"An amateur () is generally considered a person who pursues an avocation independent from their source of income. Amateurs and their pursuits are also described as popular, informal, self-taught, user-generated, DIY, and hobbyist.

History 

Historically, the amateur was considered to be the ideal balance between pure intent, open mind, and the interest or passion for a subject. That ideology spanned many different fields of interest. It may have its roots in the ancient Greek philosophy of amate",False,True,0.9,0.7206161618232727,0.0498197078704834
chunk_1024,432,Alexis Carrel,In what year was Alexis Carrel awarded the Nobel Prize in Physiology or Medicine?,1912,1912,Alexis Carrel | Alexis Carrel | Alexis Carrel,"Alexis Carrel (; 28 June 1873 – 5 November 1944) was a French surgeon and biologist who was awarded the Nobel Prize in Physiology or Medicine in 1912 for pioneering vascular suturing techniques. He invented the first perfusion pump with Charles Lindbergh opening the way to organ transplantation. Carrel was also a pioneer in transplantology and thoracic surgery. He is known for his leading role in implementing eugenic policies in Vichy France.

Biography 
Born in Sainte-Foy-lès-Lyon, Rhône, Carre",False,True,1.0,0.8950402140617371,0.9988948192913085
chunk_1024,433,Alexis Carrel,Who collaborated with Alexis Carrel to invent the first perfusion pump?,Charles Lindbergh,Charles Lindbergh collaborated with Alexis Carrel to invent the first perfusion pump.,Alexis Carrel | Alexis Carrel | Alfred Nobel,"Alexis Carrel (; 28 June 1873 – 5 November 1944) was a French surgeon and biologist who was awarded the Nobel Prize in Physiology or Medicine in 1912 for pioneering vascular suturing techniques. He invented the first perfusion pump with Charles Lindbergh opening the way to organ transplantation. Carrel was also a pioneer in transplantology and thoracic surgery. He is known for his leading role in implementing eugenic policies in Vichy France.

Biography 
Born in Sainte-Foy-lès-Lyon, Rhône, Carre",False,True,1.0,0.9266313314437866,5.364418029785156e-06
chunk_1024,434,All Souls' Day,On what date is All Souls' Day observed by certain Christian denominations?,2 November,All Souls' Day is observed by certain Christian denominations on 2 November.,All Souls' Day | All Souls' Day | August 22,"All Souls' Day, also called The Commemoration of All the Faithful Departed, is a day of prayer and remembrance for the faithful departed, observed by certain Christian denominations on 2 November. Through prayer, intercessions, alms and visits to cemeteries, people commemorate the poor souls in purgatory and gain them indulgences.

In Western Christianity, including Roman Catholicism and certain parts of Lutheranism and Anglicanism, All Souls' Day is the third day of Allhallowtide, after All Sai",False,True,1.0,0.9884098768234253,9.059906005859375e-06
chunk_1024,435,All Souls' Day,What is the German term for All Souls' Day?,Allerseelen,Allerseelen,All Souls' Day | All Souls' Day | All Souls' Day,"All Souls' Day, also called The Commemoration of All the Faithful Departed, is a day of prayer and remembrance for the faithful departed, observed by certain Christian denominations on 2 November. Through prayer, intercessions, alms and visits to cemeteries, people commemorate the poor souls in purgatory and gain them indulgences.

In Western Christianity, including Roman Catholicism and certain parts of Lutheranism and Anglicanism, All Souls' Day is the third day of Allhallowtide, after All Sai",False,True,1.0,0.8235079050064087,0.997631125850603
chunk_1024,436,Anatole France,When was Anatole France born?,16 April 1844,Anatole France was born on 16 April 1844.,Anatole France | Anaximander | André Gide,"(; born , ; 16 April 1844 – 12 October 1924) was a French poet, journalist, and novelist with several best-sellers. Ironic and skeptical, he was considered in his day the ideal French man of letters. He was a member of the Académie Française, and won the 1921 Nobel Prize in Literature ""in recognition of his brilliant literary achievements, characterized as they are by a nobility of style, a profound human sympathy, grace, and a true Gallic temperament"".

France is also widely believed to be the ",False,True,1.0,0.8543151617050171,4.0531158447265625e-06
chunk_1024,437,Anatole France,What position was Anatole France appointed to in 1876?,librarian for the French Senate,The position that Anatole France was appointed to in 1876 was that of Professor at the École Normale Supérieure.,April 30 | April 6 | August 9,"1949)
1876 – Orso Mario Corbino, Italian physicist and politician (d. 1937)
1877 – Léon Flameng, French cyclist (d. 1917)
  1877   – Alice B. Toklas, American memoirist (d. 1967)
1878 – Władysław Witwicki, Polish psychologist, philosopher, translator, historian (of philosophy and art) and artist (d. 1948)
1879 – Richárd Weisz, Hungarian Olympic champion wrestler (d. 1945) 
1880 – Charles Exeter Devereux Crombie, Scottish cartoonist (d. 1967)
1883 – Jaroslav Hašek, Czech soldier and author (d. 19",False,False,0.0,0.06346061080694199,2.7418136596679688e-06
chunk_1024,438,André Gide,In which year was André Gide awarded the Nobel Prize in Literature?,1947,1947,André Gide | André Gide | Anatole France,"André Paul Guillaume Gide (; 22 November 1869 – 19 February 1951) was a French author whose writings spanned a wide variety of styles and topics. He was awarded the 1947 Nobel Prize in Literature. Gide's career ranged from his beginnings in the symbolist movement, to criticising imperialism between the two World Wars. The author of more than fifty books, he was described in his obituary in The New York Times as ""France's greatest contemporary man of letters"" and ""judged the greatest French write",False,True,1.0,0.5917442440986633,0.9989936220226809
chunk_1024,439,André Gide,"According to the passage, how many books did André Gide write?",more than fifty books,"According to the passage, André Gide wrote more than fifty books.",André Gide | André Gide | André Gide,"Monnier was a young woman who was kept captive by her own mother for more than 25 years.

In 1939, Gide became the first living author to be published in the prestigious Bibliothèque de la Pléiade.

He left France for Africa in 1942 and lived in Tunis from December 1942 until it was re-taken by French, British and American forces in May 1943 and he was able to travel to Algiers where he stayed until the end of World War II. In 1947, he received the Nobel Prize in Literature ""for his comprehensiv",False,True,1.0,0.9738088846206665,2.110004425048828e-05
chunk_1024,440,Algorithms for calculating variance,What key difficulty is mentioned in the passage regarding the design of good algorithms for calculating variance?,"Formulas for the variance may involve sums of squares, which can lead to numerical instability as well as to arithmetic overflow when dealing with large values.","Key difficulty mentioned in the passage regarding the design of good algorithms for calculating variance is that formulas for the variance may involve sums of squares, which can lead to numerical instability as well as to arithmetic overflow when dealing with large values.",Algorithms for calculating variance | Algorithms for calculating variance | Algorithms for calculating variance,"Algorithms for calculating variance play a major role in computational statistics. A key difficulty in the design of good algorithms for this problem is that formulas for the variance may involve sums of squares, which can lead to numerical instability as well as to arithmetic overflow when dealing with large values.

Naïve algorithm
A formula for calculating the variance of an entire population of size N is:

Using Bessel's correction to calculate an unbiased estimate of the population variance",False,True,1.0,0.9820465445518494,0.09384399652481079
chunk_1024,441,Algorithms for calculating variance,"According to the passage, how can the naïve algorithm be adapted to compute the variance of a finite population?",By simply dividing by n instead of n − 1 on the last line.,"According to the passage, the naïve algorithm can be adapted to compute the variance of a finite population by dividing the denominator from n to n−1 on the last line.",Algorithms for calculating variance | Algorithms for calculating variance | Algorithms for calculating variance,"Algorithms for calculating variance play a major role in computational statistics. A key difficulty in the design of good algorithms for this problem is that formulas for the variance may involve sums of squares, which can lead to numerical instability as well as to arithmetic overflow when dealing with large values.

Naïve algorithm
A formula for calculating the variance of an entire population of size N is:

Using Bessel's correction to calculate an unbiased estimate of the population variance",False,True,0.7142857142857143,0.45504507422447205,0.0019878149032592773
chunk_1024,442,Almond,What type of fruit is the almond according to the passage?,A drupe,"The almond is a drupe, consisting of an outer hull and a hard shell with the seed, which is not a true nut.",Almond | Almond | Almond,"The almond (Prunus amygdalus, syn. Prunus dulcis) is a species of small tree from the genus Prunus, cultivated worldwide for its seed, a culinary nut. Along with the peach, it is classified in the subgenus Amygdalus, distinguished from the other subgenera by corrugations on the shell (endocarp) surrounding the seed.

The fruit of the almond is a drupe, consisting of an outer hull and a hard shell with the seed, which is not a true nut. Shelling almonds refers to removing the shell to reveal the ",False,True,1.0,0.9831783175468445,0.6490226984024048
chunk_1024,443,Almond,Which region produces over half of the world's almond supply?,California,California produces over half of the world's almond supply.,Almond | Almond | Almond,"This business was heavily affected by colony collapse disorder at the turn of the 21st century, causing a nationwide shortage of honey bees and increasing the price of insect pollination. To partially protect almond growers from these costs, researchers at the Agricultural Research Service, part of the United States Department of Agriculture (USDA), developed self-pollinating almond trees that combine this character with quality characters such as a flavor and yield. Self-pollinating almond vari",False,True,1.0,0.968149721622467,8.749961853027344e-05
chunk_1024,444,Demographics of Antigua and Barbuda,"According to the 2011 census, what was the estimated resident population of Antigua and Barbuda?","86,295","According to the 2011 census, the estimated resident population of Antigua and Barbuda was 86,295.",Demographics of Antigua and Barbuda | Antigua and Barbuda | Demographics of Antigua and Barbuda,"This article is a demography of the population of Antigua and Barbuda including population density, ethnicity, religious affiliations and other aspects of the population.

Population

According to the 2011 census the estimated resident population of Antigua and Barbuda was 86,295.
The estimated population of  is  ().

Vital statistics

Structure of the population

Ethnic groups
The population of Antigua and Barbuda, is predominantly black (91.0%) or mixed (4.4%). 1.9% of the population is white ",False,True,1.0,0.9719884395599365,4.3272972106933594e-05
chunk_1024,445,Demographics of Antigua and Barbuda,What percentage of Antigua and Barbuda's population is identified as black?,91.0%,91.0%,Demographics of Antigua and Barbuda | Antigua and Barbuda | Antigua and Barbuda,"This article is a demography of the population of Antigua and Barbuda including population density, ethnicity, religious affiliations and other aspects of the population.

Population

According to the 2011 census the estimated resident population of Antigua and Barbuda was 86,295.
The estimated population of  is  ().

Vital statistics

Structure of the population

Ethnic groups
The population of Antigua and Barbuda, is predominantly black (91.0%) or mixed (4.4%). 1.9% of the population is white ",False,True,1.0,0.6125809550285339,0.9164093285799026
chunk_1024,446,Politics of Antigua and Barbuda,Who appoints the governor-general of Antigua and Barbuda?,The sovereign of Antigua and Barbuda,"The governor-general of Antigua and Barbuda is appointed by the prime minister, currently Gaston Browne.",Antigua and Barbuda | Politics of Antigua and Barbuda | Antigua and Barbuda,"A council of ministers is appointed by the governor-general on the advice of the prime minister, currently Gaston Browne (2014–). The prime minister is the head of government.

Executive power is exercised by the government while legislative power is vested in both the government and the two chambers of Parliament. The bicameral Parliament consists of the Senate (17 members appointed by members of the government and the opposition party, and approved by the governor-general), and the House of Re",False,True,0.6666666666666666,0.9426828026771545,0.00015354156494140625
chunk_1024,447,Politics of Antigua and Barbuda,How many members are in the Senate of Antigua and Barbuda's Parliament?,Seventeen,The Senate of Antigua and Barbuda's Parliament consists of 17 members.,Politics of Antigua and Barbuda | Antigua and Barbuda | Antigua and Barbuda,"The politics of Antigua and Barbuda takes place in a framework of a unitary parliamentary representative democratic monarchy, wherein the sovereign of Antigua and Barbuda is the head of state, appointing a governor-general to act as vice-regal representative in the nation. A prime minister is appointed by the governor-general as the head of government, and of a multi-party system; the prime minister advises the governor-general on the appointment of a Council of Ministers. Executive power is exe",False,True,0.0,0.9336785674095154,3.0040740966796875e-05
chunk_1024,448,Antigua and Barbuda Defence Force,How many personnel are in the Antigua and Barbuda Defence Force?,245 personnel,245 personnel,Antigua and Barbuda Defence Force | Demographics of Antigua and Barbuda | Antigua and Barbuda,"The Antigua and Barbuda Defence Force (ABDF) is the armed forces of Antigua and Barbuda. The ABDF has responsibility for several different roles: internal security, prevention of drug smuggling, the protection and support of fishing rights, prevention of marine pollution, search and rescue, ceremonial duties, assistance to government programs, provision of relief during natural disasters, assistance in the maintenance of essential services, and support of the police in maintaining law and order.",False,True,1.0,0.9731630682945251,0.8774767890572548
chunk_1024,449,Antigua and Barbuda Defence Force,What are the names and classes of the two patrol boats listed in the Coast Guard's flotilla?,"P-01 Liberta, a 19.81-metre Commercial Cruiser-class patrol boat, and P-02 Palmetto, a SeaArk Boats Dauntless-class patrol boat",The two patrol boats listed in the Coast Guard's flotilla are the Swiftships Shipbuilders 19.81-meter Commercial Cruiser-class patrol boat (P-01 Liberta) and the SeaArk Boats Dauntless-class patrol boat (P-02 Palmetto).,Angolan Armed Forces | Antigua and Barbuda Defence Force | Azerbaijani Armed Forces,"However the navy acquired new boats from Spain and France in the 1990s. Germany has delivered several Fast Attack Craft for border protection in 2011.

In September 2014 it was reported that the Angolan Navy would acquire seven Macaé-class patrol vessels from Brazil as part of a Technical Memorandum of Understanding (MoU) covering the production of the vessels as part of Angola's Naval Power Development Programme (Pronaval). The military of Angola aims to modernize its naval capability, presumab",False,True,0.9375,0.9483026266098022,0.00041729211807250977
chunk_1024,450,Antisemitism,What phenomenon describes Jews who perpetrate antisemitism against their own group?,"auto-antisemitism (i.e., self-hating Jews)","Auto-antisemitism, also known as self-hating Jews, describes Jews who perpetrate antisemitism against their own group.",Antisemitism | Antisemitism | Antisemitism,"Antisemitism (also spelled anti-semitism or anti-Semitism) is hostility to, prejudice towards, or discrimination against Jews. This sentiment is a form of racism, and a person who harbours it is called an antisemite. Though antisemitism is overwhelmingly perpetrated by non-Jews, it may occasionally be perpetrated by Jews in a phenomenon known as auto-antisemitism (i.e., self-hating Jews). Primarily, antisemitic tendencies may be motivated by negative sentiment towards Jews as a people or by nega",False,True,0.7142857142857143,0.8802574872970581,0.004323065280914307
chunk_1024,451,Antisemitism,What are the two primary motivations behind antisemitic tendencies as described in the passage?,Negative sentiment towards Jews as a people (racial antisemitism) and negative sentiment towards Jews with regard to Judaism (religious antisemitism),"According to the passage, the two primary motivations behind antisemitic tendencies are:

1. Negative sentiment towards Jews as a people.
2. Negative sentiment towards Jews with regard to Judaism.",Antisemitism | Antisemitism | Antisemitism,"Antisemitism (also spelled anti-semitism or anti-Semitism) is hostility to, prejudice towards, or discrimination against Jews. This sentiment is a form of racism, and a person who harbours it is called an antisemite. Though antisemitism is overwhelmingly perpetrated by non-Jews, it may occasionally be perpetrated by Jews in a phenomenon known as auto-antisemitism (i.e., self-hating Jews). Primarily, antisemitic tendencies may be motivated by negative sentiment towards Jews as a people or by nega",False,True,0.7,0.9513625502586365,0.019215822219848633
chunk_1024,452,Economy of Azerbaijan,What was Azerbaijan's GDP growth rate in 2006?,34.6%,Azerbaijan's GDP growth rate in 2006 was 34.6%.,Economy of Azerbaijan | Economy of Azerbaijan | Economy of Azerbaijan,"The economy of Azerbaijan has completed its post-Soviet transition into a major oil-based economy (with the completion of the Baku-Tbilisi-Ceyhan Pipeline), from one where the state played the major role. The transition to oil production led to remarkable growth figures as projects came online; reaching 26.4% in 2005 (second highest GDP growth in the world in 2005 only to Equatorial Guinea) and 34.6% in 2006 (world highest) before subsiding to 10.8% and 9.3% in 2008 and 2009 respectively. The re",False,True,1.0,0.9189485311508179,3.898143768310547e-05
chunk_1024,453,Economy of Azerbaijan,What was the budget deficit as a percentage of GDP in 2000?,1.3% of GDP,49.3%,Economy of Armenia | Economy of Armenia | Demographics of Armenia,"This is a significant financial load on the state budget. Because of additional borrowings and lower concessionality of new loans, the burden might rise in the future years.

In 2019, the Armenian government planned to obtain about $490 million in fresh loans rising public debt to about $7.5 billion. Just over $6.9 billion of that would be the government's debt.

After reaching nearly 60.0 per cent of GDP, the public debt to GDP ratio decreased by approximately three percentage points in 2018 co",False,False,0.3333333333333333,0.4946219027042389,0.8185192942619324
chunk_1024,454,Geography of Azerbaijan,What is the approximate total land area of Azerbaijan?,"approximately 86,600 square kilometers","Approximately 86,600 square kilometers.",Geography of Azerbaijan | Azerbaijan | Azerbaijan,"Azerbaijan is a country in the Caucasus region, situated at the juncture of Eastern Europe and West Asia. Three physical features dominate Azerbaijan: the Caspian Sea, whose shoreline forms a natural boundary to the east; the Greater Caucasus mountain range to the north; and the extensive flatlands at the country's center. About the size of Portugal or the US state of Maine, Azerbaijan has a total land area of approximately 86,600 square kilometers, less than 1% of the land area of the former So",False,True,1.0,0.968873918056488,0.271348237991333
chunk_1024,455,Geography of Azerbaijan,Which autonomous republic of Azerbaijan is separated from the rest of the country by a strip of Armenian territory?,Nakhchivan Autonomous Republic,Nakhchivan Autonomous Republic,Azerbaijan | Geography of Azerbaijan | Geography of Armenia,"Azerbaijan (, ; , ), officially the Republic of Azerbaijan, is a transcontinental country located at the boundary of Eastern Europe and West Asia. It is a part of the South Caucasus region and is bounded by the Caspian Sea to the east, Russia (Republic of Dagestan) to the north, Georgia to the northwest, Armenia and Turkey to the west, and Iran to the south. Baku is the capital and largest city.

The Azerbaijan Democratic Republic proclaimed its independence from the Transcaucasian Democratic Fe",False,True,1.0,0.8482047915458679,0.9908566847443581
chunk_1024,456,Foreign relations of Azerbaijan,How many United Nations member states does Azerbaijan maintain diplomatic relations with?,185 United Nations member states,Azerbaijan maintains diplomatic relations with 185 United Nations member states.,Foreign relations of Azerbaijan | Azerbaijan | Foreign relations of Armenia,"The Republic of Azerbaijan is a member of the United Nations, the Non-Aligned Movement, the Organization for Security and Cooperation in Europe, NATO's Partnership for Peace, the Euro-Atlantic Partnership Council, the World Health Organization, the European Bank for Reconstruction and Development; the Council of Europe, CFE Treaty, the Community of Democracies; the International Monetary Fund; and the World Bank.

The major trends in the foreign relations of the Republic of Azerbaijan toward bot",False,True,1.0,0.9714285731315613,3.898143768310547e-05
chunk_1024,457,Foreign relations of Azerbaijan,Which former U.S. government officials serve on the Honorary Council of Advisors of the U.S.-Azerbaijan Chamber of Commerce?,James Baker and Henry Kissinger,James Baker and Henry Kissinger serve on the Honorary Council of Advisors of the U.S.-Azerbaijan Chamber of Commerce.,Foreign relations of Azerbaijan | Azerbaijan | Azerbaijan,"The Republic of Azerbaijan is a member of the United Nations, the Non-Aligned Movement, the Organization for Security and Cooperation in Europe, NATO's Partnership for Peace, the Euro-Atlantic Partnership Council, the World Health Organization, the European Bank for Reconstruction and Development; the Council of Europe, CFE Treaty, the Community of Democracies; the International Monetary Fund; and the World Bank.

The major trends in the foreign relations of the Republic of Azerbaijan toward bot",False,True,1.0,0.9718462824821472,0.00013399124145507812
chunk_1024,458,Azerbaijani Armed Forces,On what date was the Azerbaijani Armed Forces re-established according to the country's Law of the Armed Forces?,9 October 1991,The Azerbaijani Armed Forces were re-established according to the country's Law of the Armed Forces on 9 October 1991.,Azerbaijani Armed Forces | Azerbaijan | Armed Forces of Armenia,"The Azerbaijani Armed Forces () is the military of the Republic of Azerbaijan. It was re-established according to the country’s Law of the Armed Forces on 9 October 1991. The original Azerbaijan Democratic Republic's armed forces were dissolved after Azerbaijan was absorbed into the Soviet Union as the Azerbaijan Soviet Socialist Republic from 28 April 1920. After the Soviet Union dissolved in 1991–92, Azerbaijan's armed forces were reformed based on Soviet bases and equipment left on Azerbaijan",False,True,1.0,0.9755371809005737,9.34600830078125e-05
chunk_1024,459,Azerbaijani Armed Forces,What are the three branches of the Azerbaijani Armed Forces?,"the Azerbaijani Land Forces, the Azerbaijani Air and Air Defence Force, and the Azerbaijani Navy","The three branches of the Azerbaijani Armed Forces are:

1. The Azerbaijani Land Forces
2. The Azerbaijani Air and Air Defence Force
3. The Azerbaijani Navy",Azerbaijani Armed Forces | Azerbaijani Armed Forces | Azerbaijan,"The Azerbaijani Armed Forces () is the military of the Republic of Azerbaijan. It was re-established according to the country’s Law of the Armed Forces on 9 October 1991. The original Azerbaijan Democratic Republic's armed forces were dissolved after Azerbaijan was absorbed into the Soviet Union as the Azerbaijan Soviet Socialist Republic from 28 April 1920. After the Soviet Union dissolved in 1991–92, Azerbaijan's armed forces were reformed based on Soviet bases and equipment left on Azerbaijan",False,True,1.0,0.8489853143692017,0.01809006929397583
chunk_1024,460,Geography of Armenia,How many million years ago did a geological upheaval push up the Earth's crust to form the Armenian Plateau?,Twenty-five million years ago.,Twenty-five million years ago,Geography of Armenia | Atlantic Ocean | Anatolia,"Armenia is a landlocked country in the South Caucasus region of the Caucasus. The country spans Eastern Europe and West Asia, with cultural ties to both regions. Armenia is bordered on the north and east by Georgia and Azerbaijan and on the south and west by Iran, Azerbaijan's exclave Nakhchivan, and Turkey.

The terrain is mostly mountainous and flat, with fast flowing rivers and few forests but with many trees. The climate is highland continental: hot summers and cold winters. The land rises t",False,True,1.0,0.809223473072052,0.6210813820362091
chunk_1024,461,Geography of Armenia,Which mountain range extends through northern Armenia?,The Lesser Caucasus range.,The Lesser Caucasus range extends through northern Armenia.,Geography of Armenia | Geography of Armenia | Geography of Azerbaijan,"Armenia is a landlocked country in the South Caucasus region of the Caucasus. The country spans Eastern Europe and West Asia, with cultural ties to both regions. Armenia is bordered on the north and east by Georgia and Azerbaijan and on the south and west by Iran, Azerbaijan's exclave Nakhchivan, and Turkey.

The terrain is mostly mountainous and flat, with fast flowing rivers and few forests but with many trees. The climate is highland continental: hot summers and cold winters. The land rises t",False,True,1.0,0.9890030026435852,0.0004627704620361328
chunk_1024,462,Demographics of Armenia,What was Armenia's population at its peak in 1992?,3.633 million,"At its peak in 1992, Armenia's population was 3.633 million.",Demographics of Armenia | Geography of Armenia | Demographics of Armenia,"After registering steady increases during the Soviet period, the population of Armenia declined from its peak value of 3.633 million in 1992 to 2.986 million in 2017.

Whilst the country's population increased steadily during the Soviet Union as a result of periods of repatriation and low emigration rates, it has declined in recent times due to the exodus of peoples following the Soviet break-up. The rates of emigration and population decline, however, have decreased in recent years, and there h",False,True,1.0,0.94817054271698,2.86102294921875e-05
chunk_1024,463,Demographics of Armenia,How many Armenians from Persia relocated following the Russian annexation?,"45,000","45,000 Armenians from Persia relocated following the Russian annexation.",Demographics of Armenia | Demographics of Armenia | Demographics of Armenia,"After registering steady increases during the Soviet period, the population of Armenia declined from its peak value of 3.633 million in 1992 to 2.986 million in 2017.

Whilst the country's population increased steadily during the Soviet Union as a result of periods of repatriation and low emigration rates, it has declined in recent times due to the exodus of peoples following the Soviet break-up. The rates of emigration and population decline, however, have decreased in recent years, and there h",False,True,1.0,0.9542866349220276,5.9723854064941406e-05
chunk_1024,464,Politics of Armenia,On what date did Armenia become independent from the Russian Empire?,28 May 1918,1918,Politics of Armenia | Demographics of Armenia | Azerbaijan,"The politics of Armenia take place in the framework of the parliamentary representative democratic republic of Armenia, whereby the president of Armenia is the head of state and the prime minister of Armenia the head of government, and of a multi-party system. Executive power is exercised by the president and the Government. Legislative power is vested in both the Government and Parliament.

History
Armenia became independent from the Russian Empire on 28 May 1918 as the Republic of Armenia, lat",False,True,0.3333333333333333,0.6413215398788452,0.9977481525857002
chunk_1024,465,Politics of Armenia,Who received 83% of the votes in the October 1991 presidential election?,Levon Ter-Petrosyan,"Based on the information provided in the given text, there is no mention of anyone receiving exactly 83% of the votes in the October 1991 presidential election. The text does not include details about any specific election results from that date. Therefore, the correct response would be:

There is insufficient information in the provided context to determine who received 83% of the votes in the October 1991 presidential election.",Alaska | Abraham Lincoln | Alabama,"Federal politics

Alaska regularly supports Republicans in presidential elections and has done so since statehood. Republicans have won the state's electoral college votes in all but one election that it has participated in (1964). No state has voted for a Democratic presidential candidate fewer times. Alaska was carried by Democratic nominee Lyndon B. Johnson during his landslide election in 1964, while the 1960 and 1968 elections were close. Since 1972, however, Republicans have carried the st",False,False,0.0,0.3909362256526947,0.15380316972732544
chunk_1024,466,Economy of Armenia,What was the percentage growth of Armenia's economy in 2022?,12.6%,The percentage growth of Armenia's economy in 2022 was 12.6%.,Economy of Armenia | Economy of Armenia | Economy of Armenia,"The economy of Armenia grew by 12.6% in 2022, according to the country's Statistical Committee and the International Monetary Fund. Total output amounted to 8.5 trillion Armenian drams, or $19.5 billion. At the same time, Armenia's foreign trade turnover significantly accelerated in growth from 17.7% in 2021 to 68.6% in 2022.
GDP contracted sharply in 2020 by 7.2%, mainly due to the COVID-19 recession and the war against Azerbaijan. In contrast it grew by 7.6 per cent in 2019, the largest record",False,True,1.0,0.9693261981010437,0.0002835392951965332
chunk_1024,467,Economy of Armenia,What was the foreign trade turnover growth percentage in 2022?,68.6%,The foreign trade turnover growth percentage in 2022 was 11.6%.,Economy of Armenia | Economy of Armenia | Economy of Armenia,"In terms of services, the country exported US$2 billion in 2018 and imported US$2.1 billion.

The global economic crisis has had less impact on imports because the sector is more diversified than exports. In the first nine months of 2010, imports grew about 19 percent, just about equal to the decline of the same sector in 2009.

Deficit
According to the National Statistical Service foreign trade deficit amounted to US$1.94 billion in 2017.
The current account deficit represented 2.4 percent of G",False,True,0.5,0.3911745846271515,0.0008525848388671875
chunk_1024,468,Transport in Armenia,What is the total length of Armenia's broad gauge railway network as reported in 1995?,825 km,The total length of Armenia's broad gauge railway network as reported in 1995 was 825 km.,Transport in Armenia | Geography of Armenia | Economy of Armenia,"This article considers transport in Armenia.

Railways

Total
 in common carrier service; does not include industrial lines

Broad gauge
825 km of  gauge (825 km electrified) (1995)
There is no service south of Yerevan.

City with metro system: Yerevan

International links
 Azerbaijan - closed - same gauge
 Georgia - yes - same gauge
 Iran - via Azerbaijan - closed - break of gauge - /
 Turkey - closed - break of gauge -/

Most of the cross-border lines are currently closed due to political prob",False,True,1.0,0.7715298533439636,4.112720489501953e-05
chunk_1024,469,Transport in Armenia,How many times a day do the new electric trains run between Yerevan and Gyumri?,Four times a day,Four times a day.,Transport in Armenia | Economy of Armenia | Transport in Armenia,"This article considers transport in Armenia.

Railways

Total
 in common carrier service; does not include industrial lines

Broad gauge
825 km of  gauge (825 km electrified) (1995)
There is no service south of Yerevan.

City with metro system: Yerevan

International links
 Azerbaijan - closed - same gauge
 Georgia - yes - same gauge
 Iran - via Azerbaijan - closed - break of gauge - /
 Turkey - closed - break of gauge -/

Most of the cross-border lines are currently closed due to political prob",False,True,1.0,0.9322599172592163,0.00014317035675048828
chunk_1024,470,Armed Forces of Armenia,Who is the Commander-in-Chief of the Armenian military?,President Vahagn Khachaturyan,"The Commander-in-Chief of the Armenian military is the President of Armenia, Vahagn Khachaturyan.",Armed Forces of Armenia | Armed Forces of Armenia | Armed Forces of Armenia,"The Armed Forces of Armenia (), sometimes referred to as the Armenian Army (), is the national military of Armenia. It consists of personnel branches under the General Staff of the Armenian Armed Forces, which can be divided into two general branches: the Ground Forces, and the Air Force. Although it was partially formed out of the former Soviet Army forces stationed in the Armenian SSR (mostly units of the 7th Guards Army of the Transcaucasian Military District), the military of Armenia can be ",False,True,1.0,0.9550765156745911,6.783008575439453e-05
chunk_1024,471,Armed Forces of Armenia,What are the two general branches of the Armed Forces of Armenia?,The Ground Forces and the Air Force,The two general branches of the Armed Forces of Armenia are the Ground Forces and the Air Force.,Armed Forces of Armenia | Armed Forces of Armenia | Armed Forces of Armenia,"The Armed Forces of Armenia (), sometimes referred to as the Armenian Army (), is the national military of Armenia. It consists of personnel branches under the General Staff of the Armenian Armed Forces, which can be divided into two general branches: the Ground Forces, and the Air Force. Although it was partially formed out of the former Soviet Army forces stationed in the Armenian SSR (mostly units of the 7th Guards Army of the Transcaucasian Military District), the military of Armenia can be ",False,True,1.0,0.930410623550415,0.00011372566223144531
chunk_1024,472,Foreign relations of Armenia,Who has served as the Minister of Foreign Affairs of Armenia since August 2021?,Ararat Mirzoyan,Ararat Mirzoyan has served as the Minister of Foreign Affairs of Armenia since August 2021.,Foreign relations of Armenia | Politics of Armenia | Foreign relations of Armenia,"Since its independence, Armenia has maintained a policy of trying to have positive and friendly relations with Iran, Russia, and the West, including the United States and the European Union. It has full membership status in a number of international organizations, such as the Council of Europe and the Eurasian Economic Union, and observer status, etc. in some others. However, the dispute over the Armenian genocide of 1915 and the ongoing Nagorno-Karabakh conflict have created tense relations wit",False,True,1.0,0.9772167205810547,3.898143768310547e-05
chunk_1024,473,Foreign relations of Armenia,Which two immediate neighboring countries have tense relations with Armenia due to the Armenian genocide dispute and the Nagorno-Karabakh conflict?,Azerbaijan and Turkey,Russia and Turkey,Geography of Armenia | Foreign relations of Armenia | Azerbaijan,"Armenia is a landlocked country in the South Caucasus region of the Caucasus. The country spans Eastern Europe and West Asia, with cultural ties to both regions. Armenia is bordered on the north and east by Georgia and Azerbaijan and on the south and west by Iran, Azerbaijan's exclave Nakhchivan, and Turkey.

The terrain is mostly mountainous and flat, with fast flowing rivers and few forests but with many trees. The climate is highland continental: hot summers and cold winters. The land rises t",False,True,0.5,0.7180827260017395,0.3835258483886719
chunk_1024,474,Demographics of American Samoa,What is the total median age of the population of American Samoa according to the 2020 estimate?,27.2 years,"According to the information provided, the total median age of the population of American Samoa is estimated to be 27.2 years in 2020.",Demographics of American Samoa | Politics of American Samoa | Economy of American Samoa,"Demographics of American Samoa include population density, ethnicity, education level, health of the populace, economic status, religious affiliations and other aspects. American Samoa is an unincorporated territory of the United States located in the South Pacific Ocean.

Vital statistics
Births and deaths

Structure of the population

Population statistics 

The statistics from 1900 to 1950 and every decennial census are from the U.S. Census Bureau. There was no census taken in 1910, but a spe",False,True,1.0,0.8675550222396851,0.001466512680053711
chunk_1024,475,Demographics of American Samoa,What is the population growth rate of American Samoa as estimated for 2021?,-2.1%,−2.1% (2021 est.),Demographics of American Samoa | Economy of American Samoa | Politics of American Samoa,"Demographics of American Samoa include population density, ethnicity, education level, health of the populace, economic status, religious affiliations and other aspects. American Samoa is an unincorporated territory of the United States located in the South Pacific Ocean.

Vital statistics
Births and deaths

Structure of the population

Population statistics 

The statistics from 1900 to 1950 and every decennial census are from the U.S. Census Bureau. There was no census taken in 1910, but a spe",False,True,1.0,0.9084347486495972,0.37396156787872314
chunk_1024,476,Politics of American Samoa,What year was the constitution of American Samoa ratified?,1966,The constitution of American Samoa was ratified in 1966.,Politics of American Samoa | Demographics of American Samoa | Articles of Confederation,"Politics of American Samoa takes place in a framework of a presidential representative democratic dependency, whereby the governor is the head of government, and of a pluriform multi-party system. American Samoa is an unincorporated and unorganized territory of the United States, administered by the Office of Insular Affairs, U.S. Department of the Interior. Its constitution was ratified in 1966 and came into effect in 1967. Executive power is discharged by the governor and the lieutenant govern",False,True,1.0,0.9740294814109802,1.811981201171875e-05
chunk_1024,477,Politics of American Samoa,Who discharges executive power in American Samoa?,the governor and the lieutenant governor,Executive power is discharged by the governor and the lieutenant governor.,Politics of American Samoa | Economy of American Samoa | Demographics of American Samoa,"Politics of American Samoa takes place in a framework of a presidential representative democratic dependency, whereby the governor is the head of government, and of a pluriform multi-party system. American Samoa is an unincorporated and unorganized territory of the United States, administered by the Office of Insular Affairs, U.S. Department of the Interior. Its constitution was ratified in 1966 and came into effect in 1967. Executive power is discharged by the governor and the lieutenant govern",False,True,1.0,0.990203857421875,0.0018208026885986328
chunk_1024,478,Economy of American Samoa,What is the primary export of American Samoa?,canned tuna,The primary export of American Samoa is canned tuna.,Economy of American Samoa | Demographics of American Samoa | Politics of American Samoa,"The economy of American Samoa is a traditional Polynesian economy in which more than 90% of the land is communally owned. Economic activity is strongly linked to the United States, with which American Samoa conducts the great bulk of its foreign trade. Tuna fishing and processing plants are the backbone of the private sector, with canned tuna being the primary export. Transfers from the U.S. federal government add substantially to American Samoa's economic well-being. Attempts by the government ",False,True,1.0,0.9510349035263062,1.0013580322265625e-05
chunk_1024,479,Economy of American Samoa,What was the unemployment rate in 2010?,23.8%,The unemployment rate in 2010 was 5.8%.,Economy of Armenia | Alabama | Agriculture,"The mismatch was highlighted by former PM Hrant Bagratyan. For the whole year of 2018 Statistical Committee of Armenia survey counted 915.5 thousand employed persons, an increase of 1.4% against previous year. In the same period unemployment rate of economically active population dropped from 20.8% to 20.4%.

The unemployment rate increased to 19% in 2018 before dropping to 18.3% in 2019 and 18.2% in 2020, having remained basically unchanged since 2009. At the same time, an estimated 60% of work",False,False,0.5,0.7521589994430542,0.00012934207916259766
chunk_1024,480,Architect,What three main tasks does an architect perform according to the passage?,"An architect plans, designs and oversees the construction of buildings.","An architect performs the following three main tasks:

1. Planning and designing buildings and the spaces within the site surrounding the buildings that have human occupancy or use as their principal purpose.
2. Providing services in connection with the design of buildings and the space within the site surrounding the buildings that have human occupancy or use as their principal purpose.
3. Practicing architecture independently without supervision, requiring specialized training, advanced education, and practical experience to earn a license to practice architecture.",Architect | Architect | Architect,"An architect is a person who plans, designs and oversees the construction of buildings. To practice architecture means to provide services in connection with the design of buildings and the space within the site surrounding the buildings that have human occupancy or use as their principal purpose. Etymologically, the term architect derives from the Latin , which derives from the Greek (-, chief + , builder), i.e., chief builder.

The professional requirements for architects vary from location to",False,True,0.3333333333333333,0.9780087471008301,0.030996859073638916
chunk_1024,481,Architect,"What type of specialized training is required for an architect to earn a license, as stated in the passage?",The architect must undergo advanced education and a practicum (or internship) for practical experience.,Advanced education and a practicum (or internship) for practical experience are required for an architect to earn a license.,Architect | Architect | Architect,"An architect is a person who plans, designs and oversees the construction of buildings. To practice architecture means to provide services in connection with the design of buildings and the space within the site surrounding the buildings that have human occupancy or use as their principal purpose. Etymologically, the term architect derives from the Latin , which derives from the Greek (-, chief + , builder), i.e., chief builder.

The professional requirements for architects vary from location to",False,True,0.7777777777777778,0.9753958582878113,0.01885122060775757
