config,qid,title,question,gold_answer,answer,retrieved_titles,top_chunk,abstained,gold_retrieved,answer_recall,faith_hhem,faith_deberta
topk_10,0,Anarchism,"According to the passage, where on the political spectrum is anarchism placed?","On the farthest left of the political spectrum, usually described as the libertarian wing of the socialist movement (libertarian socialism).","According to the passage, anarchism is placed on the far-left of the political spectrum.",Anarchism | Anarchism | Anarchism | Anarchism | Anarchism | Anarchism | Anarchism | Anarchism | Anarcho-capitalism | Anarcho-capitalism,"Key issues 

As anarchism is a philosophy that embodies many diverse attitudes, tendencies, and schools of thought; disagreement over questions of values, ideology, and tactics is common. Its diversity has led to widely different uses of identical terms among different anarchist traditions which has created a number of definitional concerns in anarchist theory. The compatibility of capitalism, nationalism, and religion with anarchism is widely disputed, and anarchism enjoys complex relationships",False,True,0.2727272727272727,0.9871635437011719,0.0008199810981750488
topk_10,1,Anarchism,Which revolutions does the passage say anarchists have taken part in?,"The Paris Commune, the Russian Civil War and the Spanish Civil War.","According to the passage, anarchists have taken part in the Paris Commune, the Russian Civil War, and the Spanish Civil War.",Anarchism | Anarchism | Anarchism | Anarchism | Anarchism | Anarchism | Anarchism | Anarchism | Anarchism | Anarchism,"A long tradition of Spanish anarchism led to anarchists playing a pivotal role in the war, and particularly in the Spanish Revolution of 1936. In response to the army rebellion, an anarchist-inspired movement of peasants and workers, supported by armed militias, took control of Barcelona and of large areas of rural Spain, where they collectivised the land. The Soviet Union provided some limited assistance at the beginning of the war, but the result was a bitter fight between communists and other",False,True,1.0,0.9760554432868958,0.0030455589294433594
topk_10,2,Albedo,What is the numerical range of albedo and what do the values 0 and 1 represent?,"Albedo is measured on a scale from 0 to 1; 0 corresponds to a black body that absorbs all incident radiation, and 1 corresponds to a body that reflects all incident radiation.","The numerical range of albedo is approximately 0.9 for fresh snow to about 0.04 for charcoal, representing the extreme ends of the spectrum. Values of 0 and 1 represent the theoretical limits: 0 corresponds to a black body that absorbs all incident radiation, while 1 represents a body that reflects all incident radiation.",Albedo | Albedo | Albedo | Albedo | Albedo | Albedo | Albedo | Asteroid | Albedo | Albedo,"Terrestrial albedo

Any albedo in visible light falls within a range of about 0.9 for fresh snow to about 0.04 for charcoal, one of the darkest substances. Deeply shadowed cavities can achieve an effective albedo approaching the zero of a black body. When seen from a distance, the ocean surface has a low albedo, as do most forests, whereas desert areas have some of the highest albedos among landforms. Most land areas are in an albedo range of 0.1 to 0.4. The average albedo of Earth is about 0.3.",False,True,0.8461538461538461,0.9537872076034546,0.20094943046569824
topk_10,3,Albedo,For which wavelength range is albedo most often given due to measurement constraints?,"Albedo is often given for the spectrum between 0.3 and 3 μm, which includes visible light (0.4–0.7 μm).","Albedo is most often given for the spectrum in which most solar energy reaches the surface, which is typically between 0.3 and 3 μm. This range includes the visible light spectrum, explaining why surfaces with a low albedo appear dark while surfaces with a high albedo appear bright.",Albedo | Albedo | Albedo | Albedo | Albedo | Albedo | Albedo | Albedo | Albedo | Albedo,"Terrestrial albedo

Any albedo in visible light falls within a range of about 0.9 for fresh snow to about 0.04 for charcoal, one of the darkest substances. Deeply shadowed cavities can achieve an effective albedo approaching the zero of a black body. When seen from a distance, the ocean surface has a low albedo, as do most forests, whereas desert areas have some of the highest albedos among landforms. Most land areas are in an albedo range of 0.1 to 0.4. The average albedo of Earth is about 0.3.",False,True,0.8461538461538461,0.9655930399894714,0.8761053532361984
topk_10,4,A,"What are the two forms of the lowercase version of the letter ""A""?",the double-storey a and single-storey ɑ,"The lowercase version of the letter ""A"" can be written in two forms: the double-storey a and single-storey ɑ.",A | A | A | A | ASCII | Afroasiatic languages | Abbreviation | A | ASCII | Abbreviation,"A, or a, is the first letter and the first vowel of the Latin alphabet, used in the modern English alphabet, the alphabets of other western European languages and others worldwide. Its name in English is a (pronounced ), plural aes. It is similar in shape to the Ancient Greek letter Alpha, from which it derives. The uppercase version consists of the two slanting sides of a triangle, crossed in the middle by a horizontal bar. The lowercase version can be written in two forms: the double-storey a ",False,True,1.0,0.9762869477272034,0.09351229667663574
topk_10,5,A,"What is the earliest known certain ancestor of the letter ""A""?","aleph (also written 'aleph), the first letter of the Phoenician alphabet","The earliest known certain ancestor of the letter ""A"" is aleph, which is the first letter of the Phoenician alphabet.",A | Alpha | A | A | Alphabet | Alpha | Alphabet | Arabic | A | Athena,"A, or a, is the first letter and the first vowel of the Latin alphabet, used in the modern English alphabet, the alphabets of other western European languages and others worldwide. Its name in English is a (pronounced ), plural aes. It is similar in shape to the Ancient Greek letter Alpha, from which it derives. The uppercase version consists of the two slanting sides of a triangle, crossed in the middle by a horizontal bar. The lowercase version can be written in two forms: the double-storey a ",False,True,0.7142857142857143,0.9708428978919983,5.352497100830078e-05
topk_10,6,Alabama,What is the capital of Alabama?,Montgomery,Huntsville,Alabama | Alabama | Alabama | Alabama | Alabama | Alabama | Alabama | Alabama | Alabama | Alabama,"The United States Congress created the Alabama Territory on March 3, 1817. St. Stephens, now abandoned, served as the territorial capital from 1817 to 1819.

Alabama was admitted as the 22nd state on December 14, 1819, with Congress selecting Huntsville as the site for the first Constitutional Convention. From July5 to August 2, 1819, delegates met to prepare the new state constitution. Huntsville served as temporary capital from 1819 to 1820, when the seat of government moved to Cahaba in Dalla",False,True,0.0,0.8538539409637451,0.9874236518517137
topk_10,7,Alabama,Which city is the largest in Alabama by population and area?,Huntsville,Huntsville is the largest city in Alabama by population and area.,Alabama | Alabama | Alabama | Alabama | Alabama | Alabama | Alabama | Alabama | Alabama | Alabama,"Alabama () is a state in the Southeastern region of the United States, bordered by Tennessee to the north; Georgia to the east; Florida and the Gulf of Mexico to the south; and Mississippi to the west. Alabama is the 30th largest by area and the 24th-most populous of the U.S. states.

Alabama is nicknamed the Yellowhammer State, after the state bird. Alabama is also known as the ""Heart of Dixie"" and the ""Cotton State"". The state tree is the longleaf pine, and the state flower is the camellia. Al",False,True,1.0,0.9625926613807678,4.363059997558594e-05
topk_10,8,Achilles,Who were Achilles' parents according to the passage?,"The Nereid Thetis and Peleus, king of Phthia.","According to the passage, Achilles' parents were Thetis and Peleus.",Achilles | Achilles | Achilles | Achilles | Achilles | Achilles | Achilles | Achilles | Achilles | Athena,"Though mild in manner, he was very fierce in battle. His face showed the joy of a man richly endowed."" Homer described Achilles, along with numerous other characters, as being blond.

Other names 
Among the appellations under which Achilles is generally known are the following:
 Pyrisous, ""saved from the fire"", his first name, which seems to favour the tradition in which his mortal parts were burned by his mother Thetis
 Aeacides, from his grandfather Aeacus
 Aemonius, from Aemonia, a country wh",False,True,0.4,0.8953579664230347,0.00011014938354492188
topk_10,9,Achilles,Who is said to have killed Achilles near the end of the Trojan War?,"Paris, who shot him with an arrow.","Paris, who shot him with an arrow.",Achilles | Achilles | Achilles | Achilles | Achilles | Achilles | Achilles | Achilles | Achilles | Achilles,"In Greek mythology, Achilles ( ) or Achilleus () was a hero of the Trojan War who was known as being the greatest of all the Greek warriors. A central character in Homer's Iliad, he was the son of the Nereid Thetis and Peleus, king of Phthia and famous Argonaut. Achilles was raised in Phthia along his childhood companion Patroclus and received his education by the centaur Chiron. In the Iliad, he is presented as the commander of the mythical tribe of the Myrmidons. 

Achilles' most notable feat ",False,True,1.0,0.9651060104370117,0.0003770589828491211
topk_10,10,Abraham Lincoln,What are the birth and death dates of Abraham Lincoln?,"February 12, 1809 – April 15, 1865","Abraham Lincoln was born on February 12, 1809, and died on April 15, 1865.",Abraham Lincoln | Abraham Lincoln | Abraham Lincoln | Abraham Lincoln | Abraham Lincoln | Abraham Lincoln | Abraham Lincoln | Abraham Lincoln | Abraham Lincoln | Abraham Lincoln,"Abraham Lincoln ( ; February 12, 1809 – April 15, 1865) was an American lawyer, politician, and statesman who served as the 16th president of the United States from 1861 until his assassination in 1865. Lincoln led the Union through the American Civil War to defend the nation as a constitutional union and succeeded in defeating the insurgent Confederacy, abolishing slavery, expanding the power of the federal government, and modernizing the U.S. economy.

Lincoln was born into poverty in a log ca",False,True,1.0,0.936547577381134,0.00032889842987060547
topk_10,11,Abraham Lincoln,Which act angered Lincoln in 1854 and prompted him to re-enter politics?,The Kansas–Nebraska Act,The Kansas–Nebraska Act angered Abraham Lincoln in 1854 and prompted him to re-enter politics.,Abraham Lincoln | Abraham Lincoln | Abraham Lincoln | Abraham Lincoln | Abraham Lincoln | Abraham Lincoln | Abraham Lincoln | Abraham Lincoln | Abraham Lincoln | Abraham Lincoln,"Instead of holding Lincoln in contempt of court as expected, the judge, a Democrat, reversed his ruling and admitted the testimony into evidence, resulting in Harrison's acquittal.

Republican politics (1854–1860)

Emergence as Republican leader

The debate over the status of slavery in the territories failed to alleviate tensions between the slave-holding South and the free North, with the failure of the Compromise of 1850, a legislative package designed to address the issue. In his 1852 eulogy",False,True,1.0,0.9849276542663574,0.0023413896560668945
topk_10,12,Aristotle,In which city was Aristotle born?,Stagira,"Stagira, Chalcidice, roughly 55 km (34 miles) east of modern-day Thessaloniki.",Aristotle | Aristotle | Aristotle | Aristotle | Aristotle | Athens | Aristotle | Aristotle | Aristotle | Aristotle,"Aristotle was revered among medieval Muslim scholars as ""The First Teacher"", and among medieval Christians like Thomas Aquinas as simply ""The Philosopher"", while the poet Dante called him ""the master of those who know"". His works contain the earliest known formal study of logic, and were studied by medieval scholars such as Peter Abelard and Jean Buridan. Aristotle's influence on logic continued well into the 19th century. In addition, his ethics, though always influential, gained renewed intere",False,True,1.0,0.8733734488487244,0.5125782191753387
topk_10,13,Aristotle,Who requested Aristotle to tutor Alexander the Great?,Philip II of Macedon,Philip II of Macedon requested Aristotle to tutor Alexander the Great.,Aristotle | Aristotle | Aristotle | Alexander the Great | Aristotle | Aristotle | Aristotle | Alexander the Great | Alexander the Great | Aristotle,"After the death of Hermias, Aristotle travelled with his pupil Theophrastus to the island of Lesbos, where together they researched the botany and zoology of the island and its sheltered lagoon. While in Lesbos, Aristotle married Pythias, either Hermias's adoptive daughter or niece. They had a daughter, whom they also named Pythias. In 343 BC, Aristotle was invited by Philip II of Macedon to become the tutor to his son Alexander.

Aristotle was appointed as the head of the royal Academy of Maced",False,True,1.0,0.9503434896469116,0.00023692846298217773
topk_10,14,An American in Paris,"When and where was the New York premiere of ""An American in Paris"" held?","December 13, 1928, in Carnegie Hall.","The New York premiere of ""An American in Paris"" was held on December 13, 1928, in Carnegie Hall, with Walter Damrosch conducting the New York Philharmonic.",An American in Paris | An American in Paris | Academy Awards | An American in Paris | American Film Institute | Academy Awards | America the Beautiful | April 30 | Academy Awards | Academy Awards,"An American in Paris is a jazz-influenced symphonic poem (or tone poem) for orchestra by American composer George Gershwin first performed in 1928. It was inspired by the time that Gershwin had spent in Paris and evokes the sights and energy of the French capital during the .

Gershwin scored the piece for the standard instruments of the symphony orchestra plus celesta, saxophones, and automobile horns. He brought back four Parisian taxi horns for the New York premiere of the composition, which ",False,True,1.0,0.9634442329406738,0.0006461739540100098
topk_10,15,An American in Paris,"Who conducted the New York Philharmonic at the premiere of ""An American in Paris""?",Walter Damrosch.,"Walter Damrosch conducted the New York Philharmonic at the premiere of ""An American in Paris.""",An American in Paris | An American in Paris | An American in Paris | An American in Paris | An American in Paris | An American in Paris | America the Beautiful | American Film Institute | Academy Awards | America the Beautiful,"An American in Paris is a jazz-influenced symphonic poem (or tone poem) for orchestra by American composer George Gershwin first performed in 1928. It was inspired by the time that Gershwin had spent in Paris and evokes the sights and energy of the French capital during the .

Gershwin scored the piece for the standard instruments of the symphony orchestra plus celesta, saxophones, and automobile horns. He brought back four Parisian taxi horns for the New York premiere of the composition, which ",False,True,1.0,0.9680879712104797,0.0003314018249511719
topk_10,16,Academy Award for Best Production Design,In which year was the award category renamed to Best Production Design?,2012,The award category was renamed to Best Production Design in 2012 for the 85th Academy Awards.,Academy Award for Best Production Design | Academy Award for Best Production Design | Academy Awards | Academy Awards | Academy Awards | Animation | Academy Awards | Academy Awards | Aarhus | Animation,"The Academy Award for Best Production Design recognizes achievement for art direction in film. The category's original name was Best Art Direction, but was changed to its current name in 2012 for the 85th Academy Awards. This change resulted from the Art Directors' branch of the Academy of Motion Picture Arts and Sciences (AMPAS) being renamed the Designers' branch. Since 1947, the award is shared with the set decorators. It is awarded to the best interior design in a film.

The films below are ",False,True,1.0,0.9637541770935059,0.0001647472381591797
topk_10,17,Academy Award for Best Production Design,Since what year has the Academy Award for Best Production Design been shared with set decorators?,1947,"Since 1947, the award is shared with the set decorators.",Academy Award for Best Production Design | Academy Award for Best Production Design | Academy Awards | Academy Awards | Academy Awards | Alfred Hitchcock | Academy Awards | Academy Awards | Academy Awards | Andy Warhol,"The Academy Award for Best Production Design recognizes achievement for art direction in film. The category's original name was Best Art Direction, but was changed to its current name in 2012 for the 85th Academy Awards. This change resulted from the Art Directors' branch of the Academy of Motion Picture Arts and Sciences (AMPAS) being renamed the Designers' branch. Since 1947, the award is shared with the set decorators. It is awarded to the best interior design in a film.

The films below are ",False,True,1.0,0.9697064757347107,6.532669067382812e-05
topk_10,18,Academy Awards,On what date was the first Academy Awards presentation held?,"May 16, 1929","The first Academy Awards presentation was held on May 16, 1929.",Academy Awards | Academy Awards | Academy Awards | Academy Awards | Academy Awards | Academy Awards | Academy Awards | Academy Awards | Academy Awards | Academy Awards,"The Academy Awards, mainly known as the Oscars, are awards for artistic and technical merit for the film industry. They are presented annually by the Academy of Motion Picture Arts and Sciences located in Beverly Hills, California, United States, in recognition of excellence in cinematic achievements as assessed by the Academy's voting membership. The Academy Awards are regarded by many as the most prestigious, significant awards in the entertainment industry in the United States and worldwide. ",False,True,1.0,0.9373109936714172,3.7670135498046875e-05
topk_10,19,Academy Awards,At which hotel was the post-awards party held after the first Academy Awards?,Mayfair Hotel,The post-awards party was held at the Mayfair Hotel.,Academy Awards | Academy Awards | Academy Awards | Academy Awards | Academy Awards | Academy Awards | Academy Awards | August 9 | Albert Einstein | Academy Awards,"Live
 The annual ""Night Before"", traditionally held at the Beverly Hills Hotel, begun in 2002 and generally known as the party of the season, benefits the Motion Picture & Television Fund, which operates a retirement home for SAG actors in the San Fernando Valley
 Elton John AIDS Foundation Academy Award Party airs the awards live at the nearby Pacific Design Center
 The Governors Ball is the Academy's official after-party, including dinner (until 2011), and is adjacent to the awards-presentatio",False,True,1.0,0.9588214159011841,9.655952453613281e-06
topk_10,20,Actrius,"In what year was the film ""Actrius"" produced?",1996,"The film ""Actrius"" was produced in 1996.",Actrius | Actaeon | Actaeon | Aquarius (constellation) | Actaeon | Alfred Hitchcock | Astronaut | Alfred Hitchcock | Andrei Tarkovsky | Actinium,"Actresses (Catalan: Actrius) is a 1997 Catalan language Spanish drama film produced and directed by Ventura Pons and based on the award-winning stage play E.R. by Josep Maria Benet i Jornet. The film has no male actors, with all roles played by females. The film was produced in 1996.

Synopsis 
In order to prepare herself to play a role commemorating the life of legendary actress Empar Ribera, young actress (Mercè Pons) interviews three established actresses who had been the Ribera's pupils: the",False,True,1.0,0.9825837016105652,3.063678741455078e-05
topk_10,21,Actrius,Which actress portrayed the character Glòria Marc in the film?,Núria Espert,Glòria Marc in the film was portrayed by Núria Espert.,Alfred Hitchcock | Actrius | List of Atlas Shrugged characters | Alfred Hitchcock | Alfred Hitchcock | Miss Marple | Miss Marple | Allan Dwan | Actrius | Hercule Poirot,"In Rear Window, Lisa (Grace Kelly) risks her life by breaking into Lars Thorwald's apartment. In To Catch a Thief, Francie (also Kelly) offers to help a man she believes is a burglar. In Vertigo and North by Northwest respectively, Kim Novak and Eva Marie Saint play the blonde heroines. In Psycho, Janet Leigh's character steals $40,000 and is murdered by Norman Bates, a reclusive psychopath. Tippi Hedren, a blonde, appears to be the focus of the attacks in The Birds. In Marnie, the title charact",False,True,1.0,0.9431977272033691,4.0531158447265625e-06
topk_10,22,Animalia (book),In what year was the original edition of Animalia first published?,1986,The original edition of Animalia was first published in 1986.,Animalia (book) | Animal Farm | Animal Farm | Animal Farm | Animal Farm | Animal Farm | Aristophanes | Albert Camus | Albert Camus | Animal Farm,"Animalia is an illustrated children's book by Graeme Base. It was originally published in 1986, followed by a tenth anniversary edition in 1996, and a 25th anniversary edition in 2012. Over four million copies have been sold worldwide. A special numbered and signed anniversary edition was also published in 1996, with an embossed gold jacket.

Synopsis
Animalia is an alliterative alphabet book and contains twenty-six illustrations, one for each letter of the alphabet. Each illustration features a",False,True,1.0,0.9757876992225647,1.1682510375976562e-05
topk_10,23,Animalia (book),How many copies of Animalia have been sold worldwide?,Over four million copies,Over four million copies have been sold worldwide.,Animalia (book) | Anime | ABBA | A. A. Milne | ABBA | Animal Farm | ABBA | Anime | Andy Warhol | Asteroids (video game),"Animalia is an illustrated children's book by Graeme Base. It was originally published in 1986, followed by a tenth anniversary edition in 1996, and a 25th anniversary edition in 2012. Over four million copies have been sold worldwide. A special numbered and signed anniversary edition was also published in 1996, with an embossed gold jacket.

Synopsis
Animalia is an alliterative alphabet book and contains twenty-six illustrations, one for each letter of the alphabet. Each illustration features a",False,True,1.0,0.990877091884613,0.001775205135345459
topk_10,24,International Atomic Time,How many atomic clocks are used in the weighted average that defines International Atomic Time (TAI)?,over 450 atomic clocks,Over 450 atomic clocks are used in the weighted average that defines International Atomic Time (TAI).,International Atomic Time | International Atomic Time | International Atomic Time | International Atomic Time | Atom | Atom | Atomic number | Atom | Atomic number | Astronomical unit,"International Atomic Time (abbreviated TAI, from its French name ) is a high-precision atomic coordinate time standard based on the notional passage of proper time on Earth's geoid. TAI is a weighted average of the time kept by over 450 atomic clocks in over 80 national laboratories worldwide. It is a continuous scale of time, without leap seconds, and it is the principal realisation of Terrestrial Time (with a fixed offset of epoch). It is the basis for Coordinated Universal Time (UTC), which i",False,True,1.0,0.9742259979248047,0.001415848731994629
topk_10,25,International Atomic Time,By how many seconds does Coordinated Universal Time (UTC) currently lag behind TAI?,exactly 37 seconds behind TAI,37 seconds,International Atomic Time | International Atomic Time | International Atomic Time | International Atomic Time | Astronomical unit | Algorithms for calculating variance | Algorithms for calculating variance | Algorithms for calculating variance | Algorithms for calculating variance | Astronomical unit,"International Atomic Time (abbreviated TAI, from its French name ) is a high-precision atomic coordinate time standard based on the notional passage of proper time on Earth's geoid. TAI is a weighted average of the time kept by over 450 atomic clocks in over 80 national laboratories worldwide. It is a continuous scale of time, without leap seconds, and it is the principal realisation of Terrestrial Time (with a fixed offset of epoch). It is the basis for Coordinated Universal Time (UTC), which i",False,True,0.4,0.8203404545783997,0.9781354423612356
topk_10,26,Altruism,"Who popularized the word ""altruism"" and possibly coined it?",The French philosopher Auguste Comte.,"Auguste Comte popularized the word ""altruism"" and possibly coined it.",Altruism | Altruism | Altruism | Altruism | Altruism | Altruism | Altruism | Altruism | Arthur Schopenhauer | Altruism,"Altruism is the principle and practice of concern for the well-being and/or happiness of other humans or animals. While objects of altruistic concern vary, it is an important moral value in many cultures and religions. It may be considered a synonym of selflessness, the opposite of selfishness.

The word altruism was popularized (and possibly coined) by the French philosopher Auguste Comte in French, as , for an antonym of egoism. He derived it from the Italian , which in turn was derived from L",False,True,0.5,0.9745029211044312,0.00020104646682739258
topk_10,27,Altruism,"What does the Latin word ""alteri,"" from which ""altruism"" is derived, mean?","""Other people"" or ""somebody else"".","The Latin word ""alteri"" means ""other.""",Altruism | Altruism | Altruism | Altruism | Arthur Schopenhauer | Altruism | Altruism | Altruism | Altruism | Apollo,"Altruism is the principle and practice of concern for the well-being and/or happiness of other humans or animals. While objects of altruistic concern vary, it is an important moral value in many cultures and religions. It may be considered a synonym of selflessness, the opposite of selfishness.

The word altruism was popularized (and possibly coined) by the French philosopher Auguste Comte in French, as , for an antonym of egoism. He derived it from the Italian , which in turn was derived from L",False,True,0.25,0.7032139897346497,0.0001634359359741211
topk_10,28,Ayn Rand,In what year did Ayn Rand move to the United States?,1926,1926,Ayn Rand | Ayn Rand | Ayn Rand | Ayn Rand | Ayn Rand | Ayn Rand | Albert Einstein | Ayn Rand | Ayn Rand | Ayn Rand,"She was 12 when the October Revolution and the rule of the Bolsheviks under Vladimir Lenin disrupted her family's lives. Her father's pharmacy was nationalized, and the family fled to the city of Yevpatoria in Crimea, which was initially under the control of the White Army during the Russian Civil War. After graduating high school there in June 1921, she returned with her family to Petrograd (as Saint Petersburg was then named), where they faced desperate conditions, occasionally nearly starving",False,True,1.0,0.6409434080123901,0.9961829502135515
topk_10,29,Ayn Rand,What novel did Ayn Rand publish in 1957?,Atlas Shrugged,"Ayn Rand published her best-selling work, the novel Atlas Shrugged, in 1957.",Ayn Rand | Ayn Rand | Ayn Rand | Ayn Rand | Ayn Rand | Ayn Rand | List of Atlas Shrugged characters | Ayn Rand | Ayn Rand | Ayn Rand,"Alice O'Connor (born Alisa Zinovyevna Rosenbaum; , 1905 – March 6, 1982), better known by her pen name Ayn Rand (), was a Russian-born American writer and public philosopher. She is known for her fiction and for developing a philosophical system she named Objectivism. Born and educated in Russia, she moved to the United States in 1926. After two early novels that were initially unsuccessful and two Broadway plays, she achieved fame with her 1943 novel, The Fountainhead. In 1957, Rand published h",False,True,1.0,0.977897047996521,6.258487701416016e-05
topk_10,30,Alain Connes,When was Alain Connes born?,1 April 1947,"Alain Connes was born on April 1, 1947.",Alain Connes | Alain Connes | Alain Connes | Anatole France | André Gide | April 6 | Andorra | August 2 | Andorra | Andre Agassi,"Alain Connes (; born 1 April 1947 in Draguignan) is a French mathematician, known for his contributions to the study of operator algebras and noncommutative geometry. He is a professor at the , , Ohio State University and Vanderbilt University. He was awarded the Fields Medal in 1982.

Career
Alain Connes attended high school at  in Marseille, and was then a student of the classes préparatoires in . Between 1966 and 1970 he studed at École normale supérieure in Paris, and in 1973 he obtained a P",False,True,1.0,0.9605048894882202,1.0013580322265625e-05
topk_10,31,Alain Connes,What award did Alain Connes receive in 1982?,Fields Medal,Alain Connes received the Fields Medal in 1982.,Alain Connes | Alain Connes | Alain Connes | Anatole France | A. E. van Vogt | André Gide | Academy Awards | April 12 | April 12 | Alan Garner,"He also introduced cyclic cohomology in the early 1980s as a first step in the study of noncommutative differential geometry.

He was a member of Nicolas Bourbaki.

Awards and honours

Connes was awarded the Peccot-Vimont Prize in 1976, the Ampère Prize in 1980, the Fields Medal in 1982, the Clay Research Award in 2000 and the Crafoord Prize in 2001. The French National Centre for Scientific Research granted him the silver medal in 1977 and the gold medal in 2004.

He was an invited speaker at t",False,True,1.0,0.9913840293884277,3.552436828613281e-05
topk_10,32,Allan Dwan,What was Allan Dwan's birth name?,Joseph Aloysius Dwan,Joseph Aloysius Dwan,Allan Dwan | Allan Dwan | Allan Dwan | Allan Dwan | August 13 | Aberdeenshire | April 6 | August 2 | August 9 | August 27,"Allan Dwan (born Joseph Aloysius Dwan; April 3, 1885 – December 28, 1981) was a pioneering Canadian-born American motion picture director, producer, and screenwriter.

Early life
Born Joseph Aloysius Dwan in Toronto, Ontario, Canada, Dwan was the younger son of commercial traveler of woolen clothing Joseph Michael Dwan (1857–1917) and his wife Mary Jane Dwan (née Hunt). The family moved to the United States when he was seven years old on December 4, 1892, by ferry from Windsor to Detroit, accord",False,True,1.0,0.8274781703948975,0.9878762448206544
topk_10,33,Allan Dwan,In what year did Allan Dwan become the founding president of the East Coast chapter of the Motion Picture Directors Association?,1917,"According to the provided context, Allan Dwan became the founding president of the East Coast chapter of the Motion Picture Directors Association in 1917.",Allan Dwan | Allan Dwan | Allan Dwan | American Film Institute | Allan Dwan | American Film Institute | Academy Awards | Academy Awards | American Film Institute | American Film Institute,"Allan Dwan (born Joseph Aloysius Dwan; April 3, 1885 – December 28, 1981) was a pioneering Canadian-born American motion picture director, producer, and screenwriter.

Early life
Born Joseph Aloysius Dwan in Toronto, Ontario, Canada, Dwan was the younger son of commercial traveler of woolen clothing Joseph Michael Dwan (1857–1917) and his wife Mary Jane Dwan (née Hunt). The family moved to the United States when he was seven years old on December 4, 1892, by ferry from Windsor to Detroit, accord",False,True,1.0,0.9702326059341431,0.00029140710830688477
topk_10,34,Algeria,What is the capital and largest city of Algeria?,Algiers,The capital and largest city of Algeria is Algiers.,Algeria | Algeria | Algeria | Algeria | Algeria | Algeria | Algeria | Algeria | Algeria | Algeria,"Algeria, officially the People's Democratic Republic of Algeria, is a country in North Africa. Algeria is bordered to the northeast by Tunisia; to the east by Libya; to the southeast by Niger; to the southwest by Mali, Mauritania, and Western Sahara; to the west by Morocco; and to the north by the Mediterranean Sea. It is considered part of the Maghreb region of North Africa. It has a semi-arid geography, with most of the population living in the fertile north and the Sahara dominating the geogr",False,True,1.0,0.9775975346565247,0.00010156631469726562
topk_10,35,Algeria,What is the population of Algeria as stated in the passage?,44 million,"The population of Algeria, as stated in the passage, is 44 million.",Algeria | Algeria | Algeria | Algeria | Algeria | Algeria | Algeria | Algeria | Algeria | Algeria,"Algeria, officially the People's Democratic Republic of Algeria, is a country in North Africa. Algeria is bordered to the northeast by Tunisia; to the east by Libya; to the southeast by Niger; to the southwest by Mali, Mauritania, and Western Sahara; to the west by Morocco; and to the north by the Mediterranean Sea. It is considered part of the Maghreb region of North Africa. It has a semi-arid geography, with most of the population living in the fertile north and the Sahara dominating the geogr",False,True,1.0,0.983034610748291,9.763240814208984e-05
topk_10,36,List of Atlas Shrugged characters,What position does Dagny Taggart hold at Taggart Transcontinental?,She is vice-president in Charge of Operations for Taggart Transcontinental.,Dagny Taggart holds the position of Vice-President of Operation at Taggart Transcontinental.,List of Atlas Shrugged characters | List of Atlas Shrugged characters | List of Atlas Shrugged characters | Adelaide | List of Atlas Shrugged characters | List of Atlas Shrugged characters | Andorra | Adelaide | Anguilla | List of Atlas Shrugged characters,"Laura Bradford is an actress and Kip Chalmers' mistress. She is one of the passengers on his train, and dies in the Taggart Tunnel disaster.
Bill Brent is the chief dispatcher for the Colorado Division of Taggart Transcontinental, who tries to prevent the Taggart Tunnel disaster.
Cherryl Brooks is a dime store shopgirl who marries James Taggart after a chance encounter in her store the night the John Galt Line was falsely deemed his greatest success. She marries him thinking he is the heroic per",False,True,0.5714285714285714,0.24543002247810364,1.0013580322265625e-05
topk_10,37,List of Atlas Shrugged characters,What is the full name of Francisco d'Anconia as given in the passage?,Francisco Domingo Carlos Andres Sebastián d'Anconia,Francisco de Zurbarán,Ankara | Ankara | April 15 | August 22 | April 12 | Aruba | August 27 | August 6 | Ankara | April 30,"In 303, Ancyra was one of the towns where the co-emperors Diocletian and his deputy Galerius launched their anti-Christian persecution. In Ancyra, their first target was the 38-year-old Bishop of the town, whose name was Clement. Clement's life describes how he was taken to Rome, then sent back, and forced to undergo many interrogations and hardship before he, and his brother, and various companions were put to death. The remains of the church of St. Clement can be found today in a building just",False,False,0.25,0.9459523558616638,0.9977437602356076
topk_10,38,Anthropology,Which subfield of anthropology studies how language influences social life?,Linguistic anthropology,Linguistic anthropology,Anthropology | Anthropology | Anthropology | Anthropology | Anthropology | Anthropology | Anthropology | Anthropology | Anthropology | Anthropology,"Comparison across cultures is a key element of method in sociocultural anthropology, including the industrialized (and de-industrialized) West. The Standard Cross-Cultural Sample (SCCS) includes 186 such cultures.

Biological

Biological anthropology and physical anthropology are synonymous terms to describe anthropological research focused on the study of humans and non-human primates in their biological, evolutionary, and demographic dimensions. It examines the biological and social factors th",False,True,1.0,0.9613831043243408,0.9810037724673748
topk_10,39,Anthropology,"In which regions is archaeological anthropology considered a branch of anthropology, and how is it viewed in Europe?","It is considered a branch of anthropology in North America and Asia, while in Europe it is viewed as a discipline in its own right or grouped under other related disciplines such as history and palaeontology.","Archaeological anthropology is considered a branch of anthropology in North America and Asia. In Europe, archaeology is viewed as a discipline in its own right or grouped under other related disciplines, such as history and palaeontology.",Anthropology | Anthropology | Anthropology | Anthropology | Anthropology | Anthropology | Anthropology | Anthropology | Anthropology | Anthropology,"Anthropology is the scientific study of humanity, concerned with human behavior, human biology, cultures, societies, and linguistics, in both the present and past, including past human species. Social anthropology studies patterns of behavior, while cultural anthropology studies cultural meaning, including norms and values. A portmanteau term sociocultural anthropology is commonly used today. Linguistic anthropology studies how language influences social life. Biological or physical anthropology",False,True,0.95,0.9834718704223633,0.6203916668891907
topk_10,40,Agricultural science,Who conducted experiments on the use of gypsum as a fertilizer in the 18th century?,Johann Friedrich Mayer,Johann Friedrich Mayer conducted experiments on the use of gypsum (hydrated calcium sulphate) as a fertilizer in the 18th century.,Agricultural science | Agriculture | Alchemy | Agriculture | Atom | Agriculture | Aluminium | Alfred Nobel | Antimony | Agriculture,"Agricultural science (or agriscience for short) is a broad multidisciplinary field of biology that encompasses the parts of exact, natural, economic and social sciences that are used in the practice and understanding of agriculture. Professionals of the agricultural science are called agricultural scientists or agriculturists.

History

In the 18th century, Johann Friedrich Mayer conducted experiments on the use of gypsum (hydrated calcium sulphate) as a fertilizer.

In 1843, John Bennet Lawes a",False,True,1.0,0.9854251742362976,0.0002942681312561035
topk_10,41,Agricultural science,"Which 1887 act used the term ""agricultural science"" and began a scientific revolution in United States agriculture?",The Hatch Act of 1887,"The 1887 Hatch Act used the term ""agricultural science"" and began a scientific revolution in United States agriculture.",Agricultural science | Agriculture | Agriculture | Agriculture | Agriculture | Agriculture | Abraham Lincoln | American Revolutionary War | Agriculture | Articles of Confederation,"Agricultural science (or agriscience for short) is a broad multidisciplinary field of biology that encompasses the parts of exact, natural, economic and social sciences that are used in the practice and understanding of agriculture. Professionals of the agricultural science are called agricultural scientists or agriculturists.

History

In the 18th century, Johann Friedrich Mayer conducted experiments on the use of gypsum (hydrated calcium sulphate) as a fertilizer.

In 1843, John Bennet Lawes a",False,True,1.0,0.981186032295227,9.72747802734375e-05
topk_10,42,Alchemy,Which regions historically practiced alchemy according to the passage?,"China, India, the Muslim world, and Europe.","Based on the information provided in the context, the regions historically practiced alchemy include:

1. China
2. India
3. The Muslim world
4. Europe

Specifically, the passage mentions that alchemy spread from China to Japan, the Mongols, the Muslim world, and Europe. It also notes that alchemy was practiced in China, India, and the Muslim world, indicating that these areas were centers of alchemical activity throughout history.",Alchemy | Alchemy | Alchemy | Alchemy | Alchemy | Alchemy | Alchemy | Alchemy | Alchemy | Alchemy,"From China, the use of gunpowder spread to Japan, the Mongols, the Muslim world, and Europe. Gunpowder was used by the Mongols against the Hungarians in 1241, and in Europe by the 14th century.

Chinese alchemy was closely connected to Taoist forms of traditional Chinese medicine, such as Acupuncture and Moxibustion. In the early Song dynasty, followers of this Taoist idea (chiefly the elite and upper class) would ingest mercuric sulfide, which, though tolerable in low levels, led many to suicid",False,True,1.0,0.6875643134117126,0.14891141653060913
topk_10,43,Alchemy,What were common aims of alchemists mentioned in the passage?,"Chrysopoeia (transmuting base metals like lead into noble metals such as gold), creating an elixir of immortality, and creating panaceas able to cure any disease.","Common aims of alchemists mentioned in the passage include chrysopoeia, the transmutation of ""base metals"" (e.g., lead) into ""noble metals"" (particularly gold); the creation of an elixir of immortality; and the creation of panaceas able to cure any disease.",Alchemy | Alchemy | Alchemy | Alchemy | Alchemy | Alchemy | Alchemy | Alchemy | Alchemy | Alchemy,"After AD 400, Greek alchemical writers occupied themselves solely in commenting on the works of these predecessors. By the middle of the 7th century alchemy was almost an entirely mystical discipline. It was at that time that Khalid Ibn Yazid sparked its migration from Alexandria to the Islamic world, facilitating the translation and preservation of Greek alchemical texts in the 8th and 9th centuries.

Byzantium 
Greek alchemy was preserved in medieval Byzantine manuscripts after the fall of Egy",False,True,0.7777777777777778,0.9869750738143921,0.036288321018218994
topk_10,44,Alien,Which 1979 film in the Alien franchise was directed by Ridley Scott?,Alien (film),The 1979 film in the Alien franchise directed by Ridley Scott was Alien.,Alien | Alien | Alien | Asteroids (video game) | Asteroids (video game) | Alternate history | Asteroids (video game) | Alternate history | Andrei Tarkovsky | Akira Kurosawa,"(anthology) a 1980 anthology of science fiction edited by Gardner Dozois and Jack Dann
 The Alien (novel), the eighth book in the Animorphs series by Katherine Applegate
 The Aliens (play), a 2010 play by Annie Baker

Music

Performers 
 Alien (band), a 1980s Swedish rock group
 The Aliens (Australian band), a 1970s new wave group
 The Aliens (Scottish band), a 2005–2008 rock group
 The Aliens, the backing band for the American musician Jared Louche on his 1999 solo debut album Covergirl

Albums",False,True,1.0,0.9920979738235474,1.7881393432617188e-06
topk_10,45,Alien,What is AliEn (ALICE Environment) described as in the passage?,a grid framework,AliEn (ALICE Environment) is described as a grid framework.,Alien | Alternate history | Aristophanes | Anaximander | Anaximander | Anaximander | Alternate history | Alternate history | Avicenna | Anthropology,"Alien primarily refers to:
 Alien (law), a person in a country who is not a national of that country
 Enemy alien, the above in times of war
 Extraterrestrial life, life which does not originate from Earth
 Specifically, a lifeform with extraterrestrial intelligence
 For fictional extraterrestrial life, see Extraterrestrials in fiction
 Introduced species, a species not native to its environment

Alien(s), or The Alien(s) may also refer to:

Science and technology 
 AliEn (ALICE Environment), a ",False,True,1.0,0.9957653284072876,1.704692840576172e-05
topk_10,46,Astronomer,What are the two main types of astronomers described in the passage?,Observational and theoretical.,Observational and theoretical.,Astronomer | Aquarius (constellation) | Astrometry | Aries (constellation) | Avicenna | Amateur astronomy | Amateur astronomy | Amateur astronomy | Aries (constellation) | Astronomer,"An astronomer is a scientist in the field of astronomy who focuses their studies on a specific question or field outside the scope of Earth. They observe astronomical objects such as stars, planets, moons, comets and galaxies – in either observational (by analyzing the data) or theoretical astronomy. Examples of topics or fields astronomers study include planetary science, solar astronomy, the origin or evolution of stars, or the formation of galaxies. A related but distinct subject is physical ",False,True,1.0,0.9816993474960327,0.045099616050720215
topk_10,47,Astronomer,"Which subject studies the Universe as a whole, according to the passage?",Physical cosmology.,Physical cosmology,Arthur Schopenhauer | Astronomer | Anaximander | Avicenna | Anaximander | Avicenna | Arthur Schopenhauer | Anaximander | Aristotle | Albert Schweitzer,"The very being in-itself of all things, Schopenhauer argues, is will (Wille). The empirical world that appears to us as representation has plurality and is ordered in a spatio-temporal framework. The world as thing in-itself must exist outside the subjective forms of space and time. Although the world manifests itself to our experience as a multiplicity of objects (the ""objectivation"" of the will), each element of this multiplicity has the same blind essence striving towards existence and life. ",False,True,1.0,0.9752623438835144,0.9397476762533188
topk_10,48,ASCII,In what year was the first edition of the ASCII standard published?,1963,The first edition of the ASCII standard was published in 1963.,ASCII | ASCII | ASCII | ASCII | ASCII | ASCII | American National Standards Institute | ASCII | ASCII | ASCII,"ASCII ( ), abbreviated from American Standard Code for Information Interchange, is a character encoding standard for electronic communication. ASCII codes represent text in computers, telecommunications equipment, and other devices. Because of technical limitations of computer systems at the time it was invented, ASCII has just 128 code points, of which only 95 are , which severely limited its scope. Modern computer systems have evolved to use Unicode, which has millions of code points, but the ",False,True,1.0,0.960527777671814,1.0132789611816406e-05
topk_10,49,ASCII,Which organization prefers the name US-ASCII for this character encoding?,The Internet Assigned Numbers Authority (IANA),The Internet Assigned Numbers Authority (IANA) prefers the name US-ASCII for this character encoding.,ASCII | ASCII | ASCII | ASCII | ASCII | ASCII | ASCII | ASCII | ASCII | ASCII,"ASCII ( ), abbreviated from American Standard Code for Information Interchange, is a character encoding standard for electronic communication. ASCII codes represent text in computers, telecommunications equipment, and other devices. Because of technical limitations of computer systems at the time it was invented, ASCII has just 128 code points, of which only 95 are , which severely limited its scope. Modern computer systems have evolved to use Unicode, which has millions of code points, but the ",False,True,1.0,0.9630897641181946,0.000736534595489502
topk_10,50,Animation,"In traditional animation, on what type of sheets are images drawn or painted by hand?",transparent celluloid sheets (cels),Images are drawn or painted by hand on transparent celluloid sheets called cels in traditional animation.,Animation | Animation | Animation | Animation | Animation | Animation | Animation | Animation | Animation | Animation,"Animators, like all artists, necessarily have individual styles, but must subordinate their individuality in a consistent way to whatever style is employed on a particular film. Since the early 1980s, teams of about 500 to 600 people, of whom 50 to 70 are animators, typically have created feature-length animated films. It is relatively easy for two or three artists to match their styles; synchronizing those of dozens of artists is more difficult.

This problem is usually solved by having a separ",False,True,1.0,0.9938858151435852,0.010228753089904785
topk_10,51,Animation,What does the abbreviation CGI stand for according to the passage?,computer-generated imagery,"The passage does not explicitly mention what the abbreviation CGI stands for. It provides information about different types of abbreviations and their meanings, but does not give a definition for CGI specifically. Therefore, based solely on the provided context, we cannot determine the exact meaning of the CGI abbreviation.",ASCII | Abbreviation | Ambiguity | American National Standards Institute | ASCII | Abbreviation | Abbreviation | Abbreviation | ASCII | ASCII,"The File Transfer Protocol adopted the Telnet protocol, including use of the Network Virtual Terminal, for use when transmitting commands and transferring data in the default ASCII mode. This adds complexity to implementations of those protocols, and to other network protocols, such as those used for E-mail and the World Wide Web, on systems not using the NVT's CR-LF line-ending convention.

End of file/stream
The PDP-6 monitor, and its PDP-10 successor TOPS-10, used control-Z (SUB) as an end-of",False,False,0.0,0.6071027517318726,0.35605472326278687
topk_10,52,Apollo,Who are Apollo's parents according to the passage?,Zeus and Leto,Apollo's parents are Zeus and Leto.,Apollo | Apollo | Apollo | Apollo | Apollo | Apollo | Apollo | Apollo | Apollo | Apollo,"Chiron would later become a great teacher himself.

Asclepius in his childhood gained much knowledge pertaining to medicinal arts from his father. However, he was later entrusted to Chiron for further education.

Anius, Apollo's son by Rhoeo, was abandoned by his mother soon after his birth. Apollo brought him up and educated him in mantic arts. Anius later became the priest of Apollo and the king of Delos.

Iamus was the son of Apollo and Evadne. When Evadne went into labour, Apollo sent the Mo",False,True,1.0,0.922253429889679,1.633167266845703e-05
topk_10,53,Apollo,What name is Apollo known by in Greek-influenced Etruscan mythology?,Apulu,Apollo is known in Greek-influenced Etruscan mythology as Apulu.,Apollo | Apollo | Apollo | Apollo | Apollo | Apollo | Apollo | Apollo | Apollo | Apollo,"Apollo or Apollon is one of the  Olympian deities in classical Greek and Roman religion and Greek and Roman mythology. Apollo has been recognized as a god of archery, music and dance, truth and prophecy, healing and diseases, the Sun and light, poetry, and more. One of the most important and complex of the Greek gods, he is the son of Zeus and Leto, and the twin brother of Artemis, goddess of the hunt. He is considered to be the most beautiful god and is represented as the ideal of the kouros (e",False,True,1.0,0.9837837815284729,2.2172927856445312e-05
topk_10,54,Andre Agassi,In what year did Andre Agassi first reach the world No. 1 ranking?,1995,"According to the provided information, Andre Agassi first reached the world No. 1 ranking in 1995.",Andre Agassi | Andre Agassi | Andre Agassi | Andre Agassi | Andre Agassi | Andre Agassi | Andre Agassi | Andre Agassi | Andre Agassi | Andre Agassi,"Andre Kirk Agassi ( ; born April 29, 1970) is an American former world No. 1 tennis player. He is an eight-time major champion and an Olympic gold medalist, as well as a runner-up in seven other majors. Agassi is widely considered one of the greatest tennis players of all time.

Agassi is the second of five men to achieve the career Grand Slam in the Open Era and the fifth of eight overall to make the achievement. He is also the first of two men to achieve the career Golden Slam (career Grand Sl",False,True,1.0,0.9714155197143555,0.0001277923583984375
topk_10,55,Andre Agassi,How many Masters titles did Andre Agassi win?,17,"According to the provided information, Andre Agassi won 17 Masters titles during his career.",Andre Agassi | Andre Agassi | Andre Agassi | Andre Agassi | Andre Agassi | Andre Agassi | Andre Agassi | Andre Agassi | Andre Agassi | Andre Agassi,"At this time Agassi was also in a failing marriage with actress, model, and socialite Brooke Shields and had lost interest in the game. He won no top-level titles, and his ranking sank to No. 141 on November 10, 1997, prompting many to believe that his run as one of the sport's premier competitors was over and he would never again win any significant tournaments.

1998–2003: Return to glory and Career Super Slam

In 1998, Agassi began a rigorous conditioning program and worked his way back up th",False,True,1.0,0.953224241733551,0.00021153688430786133
topk_10,56,Austroasiatic languages,How many Austroasiatic languages does Ethnologue identify?,168,Ethnologue identifies 168 Austroasiatic languages.,Austroasiatic languages | Austroasiatic languages | Austroasiatic languages | Austroasiatic languages | Austroasiatic languages | Austroasiatic languages | Austroasiatic languages | Austroasiatic languages | Austroasiatic languages | Austroasiatic languages,"The Austroasiatic languages   are a large language family spoken throughout mainland Southeast Asia, South Asia and East Asia. These languages are natively spoken by the majority of the population in Vietnam and Cambodia, and by minority populations scattered throughout parts of Thailand, Laos, India, Myanmar, Malaysia, Bangladesh, Nepal, and southern China. Approximately 117 million people speak an Austroasiatic language, of which more than two-thirds are Vietnamese speakers. Of the Austroasiat",False,True,1.0,0.9819676876068115,4.1604042053222656e-05
topk_10,57,Austroasiatic languages,"Which Austroasiatic languages are presently considered national languages of sovereign states, and in which countries are they official?",Vietnamese in Vietnam and Khmer in Cambodia,"Only two Austroasiatic languages are presently considered to be the national languages of sovereign states: Vietnamese in Vietnam, and Khmer in Cambodia.",Austroasiatic languages | Austroasiatic languages | Austroasiatic languages | Austroasiatic languages | Austroasiatic languages | Austrian German | Austroasiatic languages | Austroasiatic languages | Austroasiatic languages | Abugida,"The Austroasiatic languages   are a large language family spoken throughout mainland Southeast Asia, South Asia and East Asia. These languages are natively spoken by the majority of the population in Vietnam and Cambodia, and by minority populations scattered throughout parts of Thailand, Laos, India, Myanmar, Malaysia, Bangladesh, Nepal, and southern China. Approximately 117 million people speak an Austroasiatic language, of which more than two-thirds are Vietnamese speakers. Of the Austroasiat",False,True,1.0,0.9893022179603577,0.0005153417587280273
topk_10,58,Afroasiatic languages,Approximately how many languages are included in the Afroasiatic language family?,about 400 languages,About 400 languages are included in the Afroasiatic language family.,Afroasiatic languages | Afroasiatic languages | Afroasiatic languages | Afroasiatic languages | Austroasiatic languages | Afroasiatic languages | Afroasiatic languages | Afroasiatic languages | Afroasiatic languages | Afroasiatic languages,"The Afroasiatic languages (or Afro-Asiatic, sometimes Afrasian), also known as Hamito-Semitic or Semito-Hamitic, are a language family (or ""phylum"") of about 400 languages spoken predominantly in West Asia, North Africa, the Horn of Africa, and parts of the Sahara and Sahel. Over 500 million people are native speakers of an Afroasiatic language, constituting the fourth-largest language family after Indo-European, Sino-Tibetan, and Niger–Congo. Most linguists divide the family into six branches: ",False,True,1.0,0.9926846027374268,0.00028187036514282227
topk_10,59,Afroasiatic languages,"Which Afroasiatic language has the greatest number of native speakers, and roughly how many does it have?","Arabic, with around 300 million native speakers","Based on the provided context, Arabic is the Afroasiatic language with the greatest number of native speakers. According to the text, Arabic has around 300 million native speakers.",Afroasiatic languages | Afroasiatic languages | Afroasiatic languages | Afroasiatic languages | Austroasiatic languages | Alaska | Angola | Afroasiatic languages | American Sign Language | Alberta,"The Afroasiatic languages (or Afro-Asiatic, sometimes Afrasian), also known as Hamito-Semitic or Semito-Hamitic, are a language family (or ""phylum"") of about 400 languages spoken predominantly in West Asia, North Africa, the Horn of Africa, and parts of the Sahara and Sahel. Over 500 million people are native speakers of an Afroasiatic language, constituting the fourth-largest language family after Indo-European, Sino-Tibetan, and Niger–Congo. Most linguists divide the family into six branches: ",False,True,1.0,0.9591642618179321,0.08740794658660889
topk_10,60,Andorra,Who are the two co‑princes that currently head Andorra?,"the bishop of Urgell in Catalonia, Spain and the president of France",The current co-princes of Andorra are the Bishop of Urgell and the President of France.,Andorra | Andorra | Andorra | Andorra | Andorra | Andorra | Andorra | Andorra | Andorra | Andorra,"In 1989 the Principality signed an agreement with the European Economic Community to regularize trade relations.

Its political system was modernized in 1993 after the Andorran constitutional referendum, when the constitution was drafted by the co-princes and the General Council and approved on 14 March by 74.2% of voters, with a 76% turnout. The first elections under the new constitution were held later in the year. The same year, Andorra became a member of the United Nations and the Council of",False,True,0.6666666666666666,0.9597455263137817,5.5789947509765625e-05
topk_10,61,Andorra,What is the official language of Andorra?,Catalan,The official language of Andorra is Catalan.,Andorra | Andorra | Andorra | Andorra | Andorra | Andorra | Andorra | Andorra | Andorra | Andorra,"Languages

According to mother tongue percentage statistics by the Andorran Government released in 2018:

The historic and official language is Catalan, a Romance language. The Andorran government encourages the use of Catalan. It funds a Commission for Catalan Toponymy in Andorra (Catalan: ), and provides free Catalan classes to assist immigrants. Andorran television and radio stations use Catalan.

Because of immigration, historical links, and close geographic proximity, Spanish, Portuguese an",False,True,1.0,0.9802013039588928,9.918212890625e-05
topk_10,62,Arithmetic mean,What is the arithmetic mean defined as in mathematics and statistics?,It is the sum of a collection of numbers divided by the count of numbers in the collection.,The arithmetic mean is defined as the sum of a collection of numbers divided by the count of numbers in the collection.,Arithmetic mean | Arithmetic mean | Arithmetic mean | Area | Area | Arithmetic mean | Analysis | Angle | Algorithm | Arithmetic mean,"In mathematics and statistics, the arithmetic mean ( ), arithmetic average, or just the mean or average (when the context is clear) is the sum of a collection of numbers divided by the count of numbers in the collection. The collection is often a set of results from an experiment, an observational study, or a survey. The term ""arithmetic mean"" is preferred in some mathematics and statistics contexts because it helps distinguish it from other types of means, such as geometric and harmonic.

In ad",False,True,1.0,0.9829164147377014,0.021802067756652832
topk_10,63,Arithmetic mean,"Why is the term ""arithmetic mean"" preferred in some mathematics and statistics contexts?","Because it helps distinguish it from other types of means, such as geometric and harmonic.","The term ""arithmetic mean"" is preferred in some mathematics and statistics contexts because it helps distinguish it from other types of means, such as geometric and harmonic, making the distinction clearer and more understandable.",Arithmetic mean | Arithmetic mean | Arithmetic mean | Arithmetic mean | Arithmetic mean | Algorithm | Algorithm | Ambiguity | Ambiguity | Ambiguity,"In mathematics and statistics, the arithmetic mean ( ), arithmetic average, or just the mean or average (when the context is clear) is the sum of a collection of numbers divided by the count of numbers in the collection. The collection is often a set of results from an experiment, an observational study, or a survey. The term ""arithmetic mean"" is preferred in some mathematics and statistics contexts because it helps distinguish it from other types of means, such as geometric and harmonic.

In ad",False,True,1.0,0.9374508261680603,0.08850467205047607
topk_10,64,American Football Conference,How many teams are in each conference of the NFL?,Each conference contains 16 teams.,Each conference of the NFL contains 16 teams.,American Football Conference | American Football Conference | American Football Conference | American Football Conference | American Football Conference | Alabama | Alabama | Alabama | Alabama | Alabama,"The American Football Conference (AFC) is one of the two conferences of the National Football League (NFL), the highest professional level of American football in the United States. The AFC and its counterpart, the National Football Conference (NFC), each contain 16 teams with 4 divisions. Both conferences were created as part of the 1970 merger between the National Football League, and the American Football League (AFL). All ten of the AFL teams, and three NFL teams, became members of the new A",False,True,1.0,0.9735159873962402,0.0002066493034362793
topk_10,65,American Football Conference,Which team is the current AFC champion and which team did they defeat in the 2022 AFC Championship Game?,"The Kansas City Chiefs are the current AFC champions, and they defeated the Cincinnati Bengals.","The current AFC champion is the Kansas City Chiefs, who defeated the Cincinnati Bengals in the 2022 season's AFC Championship Game for their third conference championship.",American Football Conference | American Football Conference | American Football Conference | American Football Conference | Afghanistan | Anguilla | American Football Conference | Alabama | Afghanistan | Afghanistan,"The American Football Conference (AFC) is one of the two conferences of the National Football League (NFL), the highest professional level of American football in the United States. The AFC and its counterpart, the National Football Conference (NFC), each contain 16 teams with 4 divisions. Both conferences were created as part of the 1970 merger between the National Football League, and the American Football League (AFL). All ten of the AFL teams, and three NFL teams, became members of the new A",False,True,0.8,0.9819632768630981,3.0994415283203125e-05
topk_10,66,Animal Farm,On what date was Animal Farm first published in England?,17 August 1945,"August 17, 1945",Animal Farm | Animal Farm | Animal Farm | Animal Farm | Animal Farm | Animal Farm | Animal Farm | Animal Farm | Animal Farm | Animal Farm,"Animal Farm is a beast fable, in the form of a satirical allegorical novella, by George Orwell, first published in England on 17 August 1945. It tells the story of a group of anthropomorphic farm animals who rebel against their human farmer, hoping to create a society where the animals can be equal, free, and happy. Ultimately, the rebellion is betrayed and, under the dictatorship of a pig named Napoleon, the farm ends up in a state as bad as it was before.

According to Orwell, Animal Farm refl",False,True,1.0,0.9519075155258179,0.9972850147169083
topk_10,67,Animal Farm,What is the name of the pig who becomes the dictator after the rebellion?,Napoleon,The name of the pig who becomes the dictator after the rebellion is Napoleon.,Animal Farm | Animal Farm | Animal Farm | Animal Farm | Animal Farm | Animal Farm | Animal Farm | Animal Farm | Animal Farm | Ashoka,"His skull being put on revered public display recalls Lenin, whose embalmed body was left in indefinite repose. By the end of the book, the skull is reburied.
 Napoleon – ""A large, rather fierce-looking Berkshire boar, the only Berkshire on the farm, not much of a talker, but with a reputation for getting his own way"". An allegory of Joseph Stalin, Napoleon is the leader of Animal Farm.
 Snowball – Napoleon's rival and original head of the farm after Jones's overthrow. His life parallels that of",False,True,1.0,0.7291565537452698,3.063678741455078e-05
topk_10,68,Amphibian,How many living orders are in the subclass Lissamphibia?,"Three (Anura, Urodela, and Gymnophiona).","There are three living orders in the subclass Lissamphibia: Anura (frogs), Caudata (salamanders), and Gymnophiona (caecilians).",Alismatales | Amphibian | Amphibian | Actinopterygii | Actinopterygii | Actinopterygii | Actinopterygii | Actinopterygii | Amphibian | Actinopterygii,"The Dahlgren system places the Alismatales in the superorder Alismatanae in the subclass Liliidae [= monocotyledons] in the class Magnoliopsida [= angiosperms] with the following families included:
  Alismataceae
  Aponogetonaceae
  Butomaceae
  Hydrocharitaceae
  Limnocharitaceae

In Tahktajan's classification (1997), the order Alismatales contains only the Alismataceae and Limnocharitaceae, making it equivalent to the Alismataceae as revised in APG-III. Other families included in the Alismatat",False,True,0.75,0.9182742834091187,0.0026061534881591797
topk_10,69,Amphibian,What secondary respiratory surface do some small terrestrial salamanders and frogs rely on entirely?,Their skin.,Some small terrestrial salamanders and frogs rely on cutaneous gas exchange entirely.,Amphibian | Anatomy | Amphibian | Amphibian | Amphibian | Amphibian | Amphibian | Amphibian | Amphibian | Amphibian,"Most amphibians swallow their prey whole without much chewing so they possess voluminous stomachs. The short oesophagus is lined with cilia that help to move the food to the stomach and mucus produced by glands in the mouth and pharynx eases its passage. The enzyme chitinase produced in the stomach helps digest the chitinous cuticle of arthropod prey.

Amphibians possess a pancreas, liver and gall bladder. The liver is usually large with two lobes. Its size is determined by its function as a gly",False,True,0.0,0.8183594346046448,6.604194641113281e-05
topk_10,70,Alaska,What was Alaska's population as of 2020?,"736,081","Alaska's population as of 2020 was 733,391.",Alaska | Alaska | Alaska | Alaska | Alaska | Alaska | Alaska | Alaska | Alaska | Demographics of American Samoa,"Owing to the low population density, most of the land is located in the Unorganized Borough. As the name implies, it has no intermediate borough government but is administered directly by the state government. In 2000, 57.71% of Alaska's area has this status, with 13.05% of the population.

Anchorage merged the city government with the Greater Anchorage Area Borough in 1975 to form the Municipality of Anchorage, containing the city proper and the communities of Eagle River, Chugiak, Peters Creek",False,True,0.0,0.795437216758728,6.711483001708984e-05
topk_10,71,Alaska,What is the state capital of Alaska?,Juneau,The state capital of Alaska is Juneau.,Alaska | Alaska | Alaska | Alaska | Alaska | Alaska | Alaska | Alaska | Alaska | Alaska,"Alaska ( ) is a non-contiguous U.S. state on the northwest extremity of North America. It borders British Columbia and Yukon in Canada to the east and it shares a western maritime border in the Bering Strait with Russia's Chukotka Autonomous Okrug. The Chukchi and Beaufort Seas of the Arctic Ocean lie to the north and the Pacific Ocean lies to the south. Technically a semi-exclave of the U.S., Alaska is the largest exclave in the world.

Alaska is the largest U.S. state by area, comprising more ",False,True,1.0,0.972657322883606,7.808208465576172e-05
topk_10,72,Agriculture,What proportion of the world's farmland is operated by the largest one percent of farms?,more than 70 percent,Over 70 percent of the world's farmland is operated by the largest one percent of farms.,Agriculture | Agriculture | Agriculture | Agriculture | Agriculture | Agriculture | Agriculture | Agriculture | Agriculture | Agriculture,"Agriculture encompasses crop and livestock production, aquaculture, fisheries and forestry for food and non-food products. Agriculture was the key development in the rise of sedentary human civilization, whereby farming of domesticated species created food surpluses that enabled people to live in cities. While humans started gathering grains at least 105,000 years ago, nascent farmers only began planting them around 11,500 years ago. Sheep, goats, pigs and cattle were domesticated around 10,000 ",False,True,0.5,0.9797847270965576,0.0018137097358703613
topk_10,73,Agriculture,Approximately how many years ago did nascent farmers begin planting grains?,"around 11,500 years ago","Approximately 11,500 years ago.",Agriculture | Agriculture | Agriculture | Agriculture | Agricultural science | Agriculture | Agriculture | Agriculture | Agriculture | Ancient Egypt,"Environmental issues include contributions to climate change, depletion of aquifers, deforestation, antibiotic resistance, and other agricultural pollution. Agriculture is both a cause of and sensitive to environmental degradation, such as biodiversity loss, desertification, soil degradation, and climate change, all of which can cause decreases in crop yield. Genetically modified organisms are widely used, although some countries ban them.

Etymology and scope 

The word agriculture is a late Mi",False,True,0.8,0.9575039744377136,0.0018675923347473145
topk_10,74,Aldous Huxley,In which city did Aldous Huxley live from 1937 until his death?,Los Angeles,Los Angeles,Aldous Huxley | Aldous Huxley | Aldous Huxley | Aldous Huxley | Aldous Huxley | Aldous Huxley | Aldous Huxley | Adelaide | Amsterdam | Aldous Huxley,"Aldous Leonard Huxley ( ; 26 July 1894 – 22 November 1963) was an English writer and philosopher. His bibliography spans nearly 50 books, including novels and non-fiction works, as well as essays, narratives, and poems.

Born into the prominent Huxley family, he graduated from Balliol College, Oxford, with an undergraduate degree in English literature. Early in his career, he published short stories and poetry and edited the literary magazine Oxford Poetry, before going on to publish travel writ",False,True,1.0,0.7844002842903137,0.9920773720368743
topk_10,75,Aldous Huxley,How many times was Aldous Huxley nominated for the Nobel Prize in Literature?,nine times,Nine times,Aldous Huxley | Aldous Huxley | Aldous Huxley | Aldous Huxley | Aldous Huxley | Aldous Huxley | Aldous Huxley | Aldous Huxley | Aldous Huxley | Aldous Huxley,"Aldous Leonard Huxley ( ; 26 July 1894 – 22 November 1963) was an English writer and philosopher. His bibliography spans nearly 50 books, including novels and non-fiction works, as well as essays, narratives, and poems.

Born into the prominent Huxley family, he graduated from Balliol College, Oxford, with an undergraduate degree in English literature. Early in his career, he published short stories and poetry and edited the literary magazine Oxford Poetry, before going on to publish travel writ",False,True,1.0,0.7058577537536621,0.4098554253578186
topk_10,76,Ada,Which Ada is a town and municipality in Serbia?,"Ada, Serbia","Ada, Serbia, a town and municipality",Ada | Aalborg Municipality | Aalborg Municipality | Ada (programming language) | Albania | Aalborg Municipality | Albania | Athens | Aarhus | Azerbaijan,"Ada may refer to:

Places

Africa
 Ada Foah, a town in Ghana
 Ada (Ghana parliament constituency)
 Ada, Osun, a town in Nigeria

Asia
 Ada, Urmia, a village in West Azerbaijan Province, Iran
 Ada, Karaman, a village in Karaman Province, Turkey

Europe
 Ada, Bosnia and Herzegovina, a village
 Ada, Croatia, a village
 Ada, Serbia, a town and municipality
 Ada Ciganlija or Ada, a river island artificially turned into a peninsula in Belgrade, Serbia

United States 
 Ada, Alabama, an unincorporated c",False,True,1.0,0.9948185086250305,0.31837916374206543
topk_10,77,Ada,Ada County is located in which U.S. state?,Idaho,Alabama,Ada | Alabama | Alabama | Ada (programming language) | Alaska | Alabama | Alaska | Ada | Azerbaijan | Alabama,"Ada may refer to:

Places

Africa
 Ada Foah, a town in Ghana
 Ada (Ghana parliament constituency)
 Ada, Osun, a town in Nigeria

Asia
 Ada, Urmia, a village in West Azerbaijan Province, Iran
 Ada, Karaman, a village in Karaman Province, Turkey

Europe
 Ada, Bosnia and Herzegovina, a village
 Ada, Croatia, a village
 Ada, Serbia, a town and municipality
 Ada Ciganlija or Ada, a river island artificially turned into a peninsula in Belgrade, Serbia

United States 
 Ada, Alabama, an unincorporated c",False,True,0.0,0.9713858962059021,0.9953272696584463
topk_10,78,Aberdeen (disambiguation),"In which African country is Aberdeen, Eastern Cape located?",South Africa,"Aberdeen, Eastern Cape is located in South Africa.",Aberdeen (disambiguation) | Aberdeen (disambiguation) | Aberdeen (disambiguation) | Angola | Aberdeenshire | Aruba | Adelaide | Algeria | Albania | Aberdeenshire,Aberdeen is a city in Scotland.,False,True,1.0,0.9807246923446655,5.650520324707031e-05
topk_10,79,Aberdeen (disambiguation),What is the estimated number of people living in the junks of Aberdeen floating village?,"approximately 6,000 people","Approximately 6,000 people reside in the Aberdeen Floating Village, which contains about 600 junks.",Aberdeen (disambiguation) | Aberdeenshire | Aberdeenshire | Aberdeen (disambiguation) | Aberdeenshire | Aarhus | Achill Island | Aberdeenshire | Aalborg Municipality | Aberdeenshire,Aberdeen is a city in Scotland.,False,True,1.0,0.9965590834617615,0.001972377300262451
topk_10,80,Algae,What term is used for algae that are carried by water?,Phytoplankton,"Plankton, specifically phytoplankton.",Algae | Algae | Algae | Algae | Algae | Algae | Algae | Algae | Algae | Algae,"Algae (, ; : alga ) is an informal term for a large and diverse group of photosynthetic, eukaryotic organisms. It is a polyphyletic grouping that includes species from multiple distinct clades. Included organisms range from unicellular microalgae, such as Chlorella, Prototheca and the diatoms, to multicellular forms, such as the giant kelp, a large brown alga which may grow up to  in length. Most are aquatic and lack many of the distinct cell and tissue types, such as stomata, xylem and phloem t",False,True,1.0,0.9847966432571411,0.02310919761657715
topk_10,81,Algae,Which algae have secondary chloroplasts derived from an endosymbiotic red alga?,Diatoms and brown algae,Diatoms and brown algae are examples of algae with secondary chloroplasts derived from an endosymbiotic red alga.,Algae | Algae | Algae | Algae | Algae | Algae | Algae | Algae | Algae | Algae,"Algae (, ; : alga ) is an informal term for a large and diverse group of photosynthetic, eukaryotic organisms. It is a polyphyletic grouping that includes species from multiple distinct clades. Included organisms range from unicellular microalgae, such as Chlorella, Prototheca and the diatoms, to multicellular forms, such as the giant kelp, a large brown alga which may grow up to  in length. Most are aquatic and lack many of the distinct cell and tissue types, such as stomata, xylem and phloem t",False,True,1.0,0.9869469404220581,0.018582165241241455
topk_10,82,Analysis of variance,Who developed analysis of variance (ANOVA)?,Ronald Fisher,analysis of variance (ANOVA) was developed by the statistician Ronald Fisher.,Analysis of variance | Analysis | Analysis of variance | Analysis of variance | Analysis of variance | Analysis of variance | Analysis of variance | Algorithms for calculating variance | Analysis of variance | Analysis of variance,"Analysis of variance (ANOVA) is a collection of statistical models and their associated estimation procedures (such as the ""variation"" among and between groups) used to analyze the differences among means. ANOVA was developed by the statistician Ronald Fisher. ANOVA is based on the law of total variance, where the observed variance in a particular variable is partitioned into components attributable to different sources of variation. In its simplest form, ANOVA provides a statistical test of whe",False,True,1.0,0.9839878678321838,0.008015215396881104
topk_10,83,Analysis of variance,On what law is ANOVA based?,the law of total variance,ANOVA is based on the law of total variance.,Analysis of variance | Analysis of variance | Analysis of variance | Analysis of variance | Analysis of variance | Analysis of variance | Analysis of variance | Analysis of variance | Analysis | Analysis of variance,"Analysis of variance (ANOVA) is a collection of statistical models and their associated estimation procedures (such as the ""variation"" among and between groups) used to analyze the differences among means. ANOVA was developed by the statistician Ronald Fisher. ANOVA is based on the law of total variance, where the observed variance in a particular variable is partitioned into components attributable to different sources of variation. In its simplest form, ANOVA provides a statistical test of whe",False,True,1.0,0.9801178574562073,0.003907263278961182
topk_10,84,Alkane,What type of carbon–carbon bonds are found in alkanes according to the passage?,All carbon–carbon bonds in alkanes are single bonds.,"According to the passage, alkanes consist of carbon-carbon single bonds. Specifically, it states that ""In an alkane, each carbon atom is sp3-hybridized with 4 sigma bonds (either C–C or C–H), and each hydrogen atom is joined to one of the carbon atoms (in a C–H bond).""",Alkane | Alkane | Alkane | Alkane | Alkane | Alkane | Alkane | Alkane | Alkane | Alkane,"Molecular geometry

The molecular structure of the alkanes directly affects their physical and chemical characteristics. It is derived from the electron configuration of carbon, which has four valence electrons. The carbon atoms in alkanes are described as sp3 hybrids; that is to say that, to a good approximation, the valence electrons are in orbitals directed towards the corners of a tetrahedron which are derived from the combination of the 2s orbital and the three 2p orbitals. Geometrically, t",False,True,0.8,0.9837871193885803,0.3382410407066345
topk_10,85,Alkane,"According to the passage, what hybridization do carbon atoms have in an alkane?",Each carbon atom in an alkane is sp3‑hybridized.,Carbon atoms in alkanes are sp3-hybridized.,Alkane | Alkane | Alkane | Alkane | Alkane | Alkane | Alkane | Alkane | Alkane | Alkane,"In organic chemistry, an alkane, or paraffin (a historical trivial name that also has other meanings), is an acyclic saturated hydrocarbon. In other words, an alkane consists of hydrogen and carbon atoms arranged in a tree structure in which all the carbon–carbon bonds are single. Alkanes have the general chemical formula . The alkanes range in complexity from the simplest case of methane (), where n = 1 (sometimes called the parent molecule), to arbitrarily large and complex molecules, like pen",False,True,0.5,0.9861590266227722,0.00011408329010009766
topk_10,86,Appellate procedure in the United States,"According to the passage, what is the purpose of filing a petition for review in most appeals?",To overturn the lower court's decision.,The purpose of filing a petition for review in most appeals is to have the higher court overturn the lower court's decision.,Appellate procedure in the United States | Appellate procedure in the United States | Appellate procedure in the United States | Appellate procedure in the United States | Appellate procedure in the United States | Appellate procedure in the United States | Appellate procedure in the United States | Appellate procedure in the United States | Appellate court | Appellate court,"United States appellate procedure involves the rules and regulations for filing appeals in state courts and federal courts. The nature of an appeal can vary greatly depending on the type of case and the rules of the court in the jurisdiction where the case was prosecuted. There are many types of standard of review for appeals, such as de novo and abuse of discretion. However, most appeals begin when a party files a petition for review to a higher court for the purpose of overturning the lower co",False,True,1.0,0.9852253794670105,0.0007672309875488281
topk_10,87,Appellate procedure in the United States,What alternative names for appellate courts are mentioned in the passage?,"Appeals courts, courts of appeals, superior courts, or supreme courts.","The passage mentions several alternative names for appellate courts:

1. Court of Appeal(s)
2. Court of Appeals
3. Court of Second Instance
4. Second Instance Court
5. Supreme Court
6. Court of Criminal Appeals
7. Court of Civil Appeals
8. Court of Criminal Appeals (England and Wales)
9. Court of Criminal Appeal (Ireland)
10. Court of Criminal Appeal (U.S.)
11. Court of Criminal Appeal (Texas)
12. Court of Criminal Appeal (Oklahoma)
13. Court of Criminal Appeal (Tennessee)
14. Court of Criminal Appeal (Alabama)
15. Court of Criminal Appeal (Mississippi)
16. Court of Criminal Appeal (Kentucky)
17. Court of Criminal Appeal (",Appellate court | Appellate court | Appellate procedure in the United States | Appellate court | Appellate procedure in the United States | Appellate procedure in the United States | Appellate procedure in the United States | Appellate court | Appellate court | Appellate procedure in the United States,"However, appeals may be costly, and the appellate court must find an error on the part of the court below that justifies upsetting the verdict. Therefore, only a small proportion of trial court decisions result in appeals. Some appellate courts, particularly supreme courts, have the power of discretionary review, meaning that they can decide whether they will hear an appeal brought in a particular case.

Institutional titles 
Many U.S. jurisdictions title their appellate court a court of appeal ",False,True,0.75,0.3634161055088043,0.013848602771759033
topk_10,88,Appellate court,What alternative names for an appellate court are given in the passage?,"court of appeal(s), appeal court, court of second instance or second instance court","The passage mentions several alternative names for an appellate court:

1. Court of appeal(s)
2. Court of appeals
3. Court of second instance
4. Second instance court
5. Supreme court (or court of last resort)
6. Intermediate appellate court
7. Appellate division
8. Court of criminal appeals
9. Court of civil appeals
10. Court of cassation",Appellate court | Appellate court | Appellate procedure in the United States | Appellate procedure in the United States | Appellate court | Appellate procedure in the United States | Appellate procedure in the United States | Appellate court | Appellate procedure in the United States | Appellate procedure in the United States,"However, appeals may be costly, and the appellate court must find an error on the part of the court below that justifies upsetting the verdict. Therefore, only a small proportion of trial court decisions result in appeals. Some appellate courts, particularly supreme courts, have the power of discretionary review, meaning that they can decide whether they will hear an appeal brought in a particular case.

Institutional titles 
Many U.S. jurisdictions title their appellate court a court of appeal ",False,True,1.0,0.7837658524513245,0.05759924650192261
topk_10,89,Appellate court,"According to the passage, how does an appellate court review an issue of fact?",It generally looks for clear error and gives deference to the trial court's findings.,"According to the passage, an appellate court reviews an issue of fact by giving deference to the trial court's findings, unless they are clearly erroneous.",Appellate procedure in the United States | Appellate procedure in the United States | Appellate court | Appellate procedure in the United States | Appellate procedure in the United States | Appellate procedure in the United States | Appellate procedure in the United States | Appellate procedure in the United States | Appellate procedure in the United States | Appellate procedure in the United States,"In some cases, an appellate court may review a lower court decision ""de novo"" (or completely), challenging even the lower court's findings of fact.  This might be the proper standard of review, for example, if the lower court resolved the case by granting a pre-trial motion to dismiss or motion for summary judgment which is usually based only upon written submissions to the trial court and not on any trial testimony.

Another situation is where appeal is by way of ""re-hearing"". Certain jurisdict",False,True,0.5,0.985541045665741,0.030908942222595215
topk_10,90,Arraignment,Who reads out the indictment during arraignment in Australia?,The clerk of the court reads out the indictment.,"During arraignment in Australia, the clerk of the court reads out the indictment.",Arraignment | Affidavit | Arraignment | Arraignment | Affidavit | Affidavit | Arraignment | Appellate procedure in the United States | Appellate procedure in the United States | Affidavit,"Arraignment is a formal reading of a criminal charging document in the presence of the defendant, to inform them of the charges against them. In response to arraignment, in some jurisdictions, the accused is expected to enter a plea; in other jurisdictions, no plea is required. Acceptable pleas vary among jurisdictions, but they generally include guilty, not guilty, and the peremptory pleas, or pleas in bar, setting out reasons why a trial cannot proceed. Pleas of nolo contendere ('no contest') ",False,True,1.0,0.9775993824005127,0.005301952362060547
topk_10,91,Arraignment,"In British Columbia, what pleas are the defendant asked to enter for each charge during arraignment?",The defendant is asked whether they plead guilty or not guilty.,"During arraignment in British Columbia, the defendant is asked whether they plead guilty or not guilty to each charge.",Arraignment | Arraignment | Arraignment | Appellate procedure in the United States | Arraignment | Appellate procedure in the United States | Allocution | Affidavit | Appellate procedure in the United States | Affidavit,"Arraignment is a formal reading of a criminal charging document in the presence of the defendant, to inform them of the charges against them. In response to arraignment, in some jurisdictions, the accused is expected to enter a plea; in other jurisdictions, no plea is required. Acceptable pleas vary among jurisdictions, but they generally include guilty, not guilty, and the peremptory pleas, or pleas in bar, setting out reasons why a trial cannot proceed. Pleas of nolo contendere ('no contest') ",False,True,1.0,0.9687111973762512,0.06153672933578491
topk_10,92,America the Beautiful,"Who wrote the lyrics for ""America the Beautiful""?",Katharine Lee Bates,"Katharine Lee Bates wrote the lyrics for ""America the Beautiful"".",America the Beautiful | America the Beautiful | America the Beautiful | America the Beautiful | America the Beautiful | America the Beautiful | An American in Paris | An American in Paris | Allen Ginsberg | An American in Paris,"""America the Beautiful"" is a patriotic American song. Its lyrics were written by Katharine Lee Bates and its music was composed by church organist and choirmaster Samuel A. Ward at Grace Episcopal Church in Newark, New Jersey. The two never met.

Bates wrote the words as a poem, originally entitled ""Pikes Peak"". It was first published in the Fourth of July 1895 edition of the church periodical, The Congregationalist. At that time, the poem was entitled ""America"".

Ward had initially composed the",False,True,1.0,0.9371683597564697,3.2782554626464844e-05
topk_10,93,America the Beautiful,"In what year was the combination of Ward's melody and Bates's poem first entitled ""America the Beautiful""?",1910,"The combination of Ward's melody and Bates's poem was first entitled ""America the Beautiful"" in 1910.",America the Beautiful | America the Beautiful | America the Beautiful | Allen Ginsberg | Anatole France | America the Beautiful | An American in Paris | Aldous Huxley | Alps | Alan Garner,"""America the Beautiful"" is a patriotic American song. Its lyrics were written by Katharine Lee Bates and its music was composed by church organist and choirmaster Samuel A. Ward at Grace Episcopal Church in Newark, New Jersey. The two never met.

Bates wrote the words as a poem, originally entitled ""Pikes Peak"". It was first published in the Fourth of July 1895 edition of the church periodical, The Congregationalist. At that time, the poem was entitled ""America"".

Ward had initially composed the",False,True,1.0,0.9459449648857117,0.00011372566223144531
topk_10,94,Assistive technology,What activities are listed as examples of activities of daily living (ADLs) in the passage?,"toileting, mobility (ambulation), eating, bathing, dressing, grooming, and personal device care.","According to the passage, activities of daily living (ADLs) include toileting, mobility (ambulation), eating, bathing, dressing, grooming, and personal device care.",Anglicanism | Aardvark | Assistive technology | Ancient Egypt | Assistive technology | Aarhus | Adventure | Ancient Egypt | Alps | Anglicanism,"Until the mid-20th century the main Sunday service was typically morning prayer, but the Eucharist has once again become the standard form of Sunday worship in many Anglican churches; this again is similar to Roman Catholic practice. Other common Sunday services include an early morning Eucharist without music, an abbreviated Eucharist following a service of morning prayer, and a service of evening prayer, sometimes in the form of sung Evensong, usually celebrated between 3 and 6 pm. The late-ev",False,True,1.0,0.9833753705024719,0.17462128400802612
topk_10,95,Assistive technology,What assistive technology does the passage say students who have challenges writing or keyboarding can use?,voice recognition software.,Students who have challenges writing or keyboarding can use voice recognition software instead.,Assistive technology | Assistive technology | Assistive technology | Assistive technology | Assistive technology | Assistive technology | Assistive technology | Assistive technology | Assistive technology | Assistive technology,"In 2004, during the reauthorization period for IDEA, the National Instructional Material Access Center (NIMAC) was created which provided a repository of accessible text including publisher's textbooks to students with a qualifying disability.  Files provided are in XML format and used as a starting platform for braille readers, screen readers, and other digital text software.  IDEA defines assistive technology as follows: ""any item, piece of equipment, or product system, whether acquired commer",False,True,1.0,0.9851373434066772,0.00011551380157470703
topk_10,96,Abacus,What is another name for the abacus mentioned in the passage?,a counting frame,"Another name for the abacus mentioned in the passage is ""abaci or abacuses.""",Abacus | Abacus | Apollo | Aristophanes | Allah | Afterlife | Actaeon | Aaron | Abel | Afterlife,"The abacus (: abaci or abacuses), also called a counting frame, is a hand-operated calculating tool of unknown origin used since ancient times in the ancient Near East, Europe, China, and Russia, millennia before the adoption of the Hindu-Arabic numeral system.

The abacus consists of a two-dimensional array of slidable beads (or similar objects). In their earliest designs, the beads could be loose on a flat surface or sliding in grooves. Later the beads were made to slide on rods and built into",False,True,0.0,0.90348881483078,0.0033897757530212402
topk_10,97,Abacus,"In Roman and East Asian abacuses, what does the top deck represent?",fives,"In Roman and East Asian abacuses, the top deck represents fives.",Abacus | Abacus | Abacus | Abacus | Abacus | Abacus | Anatolia | Anatolia | Abacus | Anatolia,"There are two beads on each rod in the upper deck and five beads each in the bottom one, to represent numbers in a bi-quinary coded decimal-like system. The beads are usually rounded and made of hardwood. The beads are counted by moving them up or down towards the beam; beads moved toward the beam are counted, while those moved away from it are not. One of the top beads is 5, while one of the bottom beads is 1. Each rod has a number under it, showing the place value. The suanpan can be reset to ",False,True,1.0,0.9649962186813354,0.00013184547424316406
topk_10,98,Acid,What are the two categories of acids described in the passage?,Brønsted–Lowry acids (proton donors) and Lewis acids (which form a covalent bond with an electron pair).,"The two categories of acids described in the passage are:

1. Proton donors (Brønsted-Lowry acids): These are substances that can donate a proton (H+) to form a conjugate base. Common examples include hydrochloric acid (HCl), acetic acid (CH3COOH), and sulfuric acid (H2SO4).

2. Electron pair acceptors (Lewis acids): These are species that can accept an electron pair from another species. Boron trifluoride (BF3) is an example of a Lewis acid.",Acid | Acid | Acid | Acid | Acid | Acid | Acid | Acid | Acid | Acid,"An acid is a molecule or ion capable of either donating a proton (i.e. hydrogen ion, H+), known as a Brønsted–Lowry acid, or forming a covalent bond with an electron pair, known as a Lewis acid.

The first category of acids are the proton donors, or Brønsted–Lowry acids. In the special case of aqueous solutions, proton donors form the hydronium ion H3O+ and are known as Arrhenius acids. Brønsted and Lowry generalized the Arrhenius theory to include non-aqueous solvents. A Brønsted or Arrhenius a",False,True,0.8333333333333334,0.5899327397346497,0.007403016090393066
topk_10,99,Acid,"According to the passage, what pH value characterizes an aqueous solution of an acid?",A pH less than 7.,"According to the passage, an aqueous solution of an acid has a pH less than 7.",Acid | Acid | Acid | Acid | Acid | Acid | Acid | Acid | Acid | Arsenic,"An acid is a molecule or ion capable of either donating a proton (i.e. hydrogen ion, H+), known as a Brønsted–Lowry acid, or forming a covalent bond with an electron pair, known as a Lewis acid.

The first category of acids are the proton donors, or Brønsted–Lowry acids. In the special case of aqueous solutions, proton donors form the hydronium ion H3O+ and are known as Arrhenius acids. Brønsted and Lowry generalized the Arrhenius theory to include non-aqueous solvents. A Brønsted or Arrhenius a",False,True,1.0,0.9671911001205444,0.0017140507698059082
topk_10,100,Bitumen,What is the largest natural deposit of bitumen in the world and how much is it estimated to contain?,"The Pitch Lake of southwest Trinidad, estimated to contain 10 million tons.","The largest natural deposit of bitumen in the world is the Pitch Lake in southwest Trinidad, which is estimated to contain 10 million tons of bitumen.",Bitumen | Bitumen | Bitumen | Bitumen | Bitumen | Bitumen | Bitumen | Bitumen | Bitumen | Bitumen,"These bituminous sands contain  of commercially established oil reserves, giving Canada the third largest oil reserves in the world. Although historically it was used without refining to pave roads, nearly all of the output is now used as raw material for oil refineries in Canada and the United States.

The world's largest deposit of natural bitumen, known as the Athabasca oil sands, is located in the McMurray Formation of Northern Alberta. This formation is from the early Cretaceous, and is com",False,True,1.0,0.9801648855209351,0.003123641014099121
topk_10,101,Bitumen,What percentage of annual bitumen production is destined for road construction?,70%,Approximately 85% of all the bitumen produced is used as the binder in asphalt concrete for roads.,Bitumen | Bitumen | Bitumen | Bitumen | Bitumen | Bitumen | Bitumen | Bitumen | Bitumen | Bitumen,"The remaining 5% of bitumen is used mainly for sealing and insulating purposes in a variety of building materials, such as pipe coatings, carpet tile backing and paint. Bitumen is applied in the construction and maintenance of many structures, systems, and components, such as the following:

 Highways
 Airport runways
 Footways and pedestrian ways
 Car parks
 Racetracks
 Tennis courts
 Roofing
 Damp proofing
 Dams
 Reservoir and pool linings
 Soundproofing
 Pipe coatings
 Cable coatings
 Paints
",False,True,0.0,0.9818456172943115,0.5457774996757507
topk_10,102,American National Standards Institute,Where are the headquarters of the American National Standards Institute (ANSI) located?,"Washington, D.C.","The headquarters of the American National Standards Institute (ANSI) are in Washington, D.C.",American National Standards Institute | American National Standards Institute | American National Standards Institute | American National Standards Institute | American National Standards Institute | American Film Institute | ASCII | Agricultural science | Apple Inc. | Adelaide,"The American National Standards Institute (ANSI  ) is a private nonprofit organization that oversees the development of voluntary consensus standards for products, services, processes, systems, and personnel in the United States. The organization also coordinates U.S. standards with international standards so that American products can be used worldwide.

ANSI accredits standards that are developed by representatives of other standards organizations, government agencies, consumer groups, compani",False,True,1.0,0.9599428176879883,0.00028246641159057617
topk_10,103,American National Standards Institute,What sources fund the ANSI annual operating budget?,"The sale of publications, membership dues and fees, accreditation services, fee-based programs, and international standards programs.","The ANSI annual operating budget is funded by the sale of publications, membership dues and fees, accreditation services, fee-based programs, and international standards programs.",American National Standards Institute | American National Standards Institute | American National Standards Institute | American National Standards Institute | Economy of Armenia | American National Standards Institute | Economy of Armenia | Agriculture | Angola | Alaska,"The American National Standards Institute (ANSI  ) is a private nonprofit organization that oversees the development of voluntary consensus standards for products, services, processes, systems, and personnel in the United States. The organization also coordinates U.S. standards with international standards so that American products can be used worldwide.

ANSI accredits standards that are developed by representatives of other standards organizations, government agencies, consumer groups, compani",False,True,1.0,0.9703934788703918,0.3979969620704651
topk_10,104,Apollo 11,When did the Apollo 11 Lunar Module Eagle land on the Moon?,"July 20, 1969, at 20:17 UTC.","The Apollo 11 Lunar Module Eagle landed on the Moon on July 20, 1969, at 20:17 UTC.",Apollo 11 | Apollo 11 | Apollo 11 | Apollo 11 | Apollo 11 | Apollo 11 | Apollo 11 | Apollo 8 | Apollo 11 | Apollo 11,"Apollo 11 (July 16–24, 1969) was the American spaceflight that first landed humans on the Moon. Commander Neil Armstrong and Lunar Module Pilot Buzz Aldrin landed the Apollo Lunar Module Eagle on July 20, 1969, at 20:17 UTC, and Armstrong became the first person to step onto the Moon's surface six hours and 39 minutes later, on July 21 at 02:56 UTC. Aldrin joined him 19 minutes later, and they spent about two and a quarter hours together exploring the site they had named Tranquility Base upon la",False,True,1.0,0.951044499874115,0.00128936767578125
topk_10,105,Apollo 11,How long were Armstrong and Aldrin on the Moon's surface before lifting off to rejoin Columbia?,"21 hours, 36 minutes.",About two and a quarter hours,Apollo 11 | Apollo 11 | Apollo 11 | Apollo 11 | Apollo 11 | Apollo 11 | Apollo 11 | Apollo 11 | Apollo 11 | Apollo 11,"Apollo 11 (July 16–24, 1969) was the American spaceflight that first landed humans on the Moon. Commander Neil Armstrong and Lunar Module Pilot Buzz Aldrin landed the Apollo Lunar Module Eagle on July 20, 1969, at 20:17 UTC, and Armstrong became the first person to step onto the Moon's surface six hours and 39 minutes later, on July 21 at 02:56 UTC. Aldrin joined him 19 minutes later, and they spent about two and a quarter hours together exploring the site they had named Tranquility Base upon la",False,True,0.25,0.9706531763076782,0.7370635271072388
topk_10,106,Apollo 8,On what dates did Apollo 8 take place?,"December 21–27, 1968","Apollo 8 took place on December 21–27, 1968.",Apollo 8 | Apollo 8 | Apollo 8 | Apollo 8 | Apollo 11 | Apollo 8 | Apollo 8 | Apollo 8 | Apollo 8 | Apollo 11,"Apollo 8 (December 21–27, 1968) was the first crewed spacecraft to leave low Earth orbit and the first human spaceflight to reach the Moon. The crew orbited the Moon ten times without landing, and then departed safely back to Earth. These three astronauts—Frank Borman, James Lovell, and William Anders—were the first humans to witness and photograph the far side of the Moon and an Earthrise.

Apollo 8 launched on December 21, 1968, and was the second crewed spaceflight mission flown in the United",False,True,1.0,0.9851816296577454,0.00011777877807617188
topk_10,107,Apollo 8,How many times did the Apollo 8 crew orbit the Moon?,ten times,The Apollo 8 crew orbited the Moon ten times.,Apollo 8 | Apollo 8 | Apollo 11 | Apollo 8 | Apollo 8 | Apollo 8 | Apollo 8 | Apollo 8 | Apollo 11 | Apollo 8,"Apollo 8 (December 21–27, 1968) was the first crewed spacecraft to leave low Earth orbit and the first human spaceflight to reach the Moon. The crew orbited the Moon ten times without landing, and then departed safely back to Earth. These three astronauts—Frank Borman, James Lovell, and William Anders—were the first humans to witness and photograph the far side of the Moon and an Earthrise.

Apollo 8 launched on December 21, 1968, and was the second crewed spaceflight mission flown in the United",False,True,1.0,0.9813631772994995,2.2411346435546875e-05
topk_10,108,Astronaut,What term is typically used for astronauts fielded by Russia or the Soviet Union?,cosmonauts,The term typically used for astronauts fielded by Russia or the Soviet Union is cosmonaut.,Astronaut | Apollo 8 | Astronaut | Astronaut | Astronaut | Astronaut | Astronaut | Astronaut | Apollo 11 | Apollo 11,"Rosny aîné, the word astronautique (astronautics) was used. The word may have been inspired by ""aeronaut"", an older term for an air traveler first applied in 1784 to balloonists. An early use of ""astronaut"" in a non-fiction publication is Eric Frank Russell's poem ""The Astronaut"", appearing in the November 1934 Bulletin of the British Interplanetary Society.

The first known formal use of the term astronautics in the scientific community was the establishment of the annual International Astronau",False,True,0.0,0.9881325364112854,4.553794860839844e-05
topk_10,109,Astronaut,How many astronauts have flown in space since 1961?,600 astronauts,600 astronauts have flown in space since 1961.,Astronaut | Astronaut | Astronaut | Astronaut | Astronaut | Astronaut | Astronaut | Apollo 8 | Apollo 11 | Astronaut,"An astronaut (from the Ancient Greek  (), meaning 'star', and  (), meaning 'sailor') is a person trained, equipped, and deployed by a human spaceflight program to serve as a commander or crew member aboard a spacecraft. Although generally reserved for professional space travelers, the term is sometimes applied to anyone who travels into space, including scientists, politicians, journalists, and tourists.

""Astronaut"" technically applies to all human space travelers regardless of nationality. How",False,True,1.0,0.9779605269432068,2.4318695068359375e-05
topk_10,110,A Modest Proposal,"In what year was ""A Modest Proposal"" written and published anonymously by Jonathan Swift?",1729.,"""A Modest Proposal"" was written and published anonymously by Jonathan Swift in 1729.",A Modest Proposal | A Modest Proposal | A Modest Proposal | A Modest Proposal | A Modest Proposal | A Modest Proposal | Aldous Huxley | A Modest Proposal | Agnosticism | Aleister Crowley,"A Modest Proposal For preventing the Children of Poor People From being a Burthen to Their Parents or Country, and For making them Beneficial to the Publick, commonly referred to as A Modest Proposal, is a Juvenalian satirical essay written and published anonymously by Jonathan Swift in 1729.

The essay suggests that the impoverished Irish might ease their economic troubles by selling their children as food to rich gentlemen and ladies. This satirical hyperbole mocked heartless attitudes towards",False,True,1.0,0.9783570170402527,6.67572021484375e-06
topk_10,111,A Modest Proposal,"According to the passage, what does the phrase ""a modest proposal"" allude to in English writing?",It is now conventionally an allusion to this style of straight-faced satire.,"According to the passage, the phrase ""a modest proposal"" alludes to the style of straight-faced satire in English writing.",A Modest Proposal | A Modest Proposal | A Modest Proposal | A Modest Proposal | A Modest Proposal | A Modest Proposal | Ambiguity | Ambiguity | Affidavit | A Modest Proposal,"The words ""a modest proposal"" are used in Wallace's summing up at the end of the programme, and Swift is credited.

Notes

References
 
  (subscription needed)

External links

 A Modest Proposal (CELT)
 A Modest Proposal (Gutenberg)
 A Modest Proposal – Annotated text aligned to Common Core Standards
 
 A Modest Proposal BBC Radio 4 In Our Time with Melvyn Bragg
 'A modest proposal For preventing the children of poor people From being a Burthen to their Parents or the Country, And for making th",False,True,0.5714285714285714,0.9917924404144287,0.0015578866004943848
topk_10,112,Alkali metal,Which chemical elements are listed as the alkali metals in the passage?,"Lithium (Li), sodium (Na), potassium (K), rubidium (Rb), caesium (Cs), and francium (Fr).","Lithium (Li), Sodium (Na), Potassium (K), Rubidium (Rb), Cesium (Cs), Francium (Fr)",Alkali metal | Alkali metal | Alkali metal | Alkali metal | Alkali metal | Alkali metal | Alkali metal | Alkali metal | Alkali metal | Alkali metal,"The alkali metals consist of the chemical elements lithium (Li), sodium (Na), potassium (K), rubidium (Rb), caesium (Cs), and francium (Fr). Together with hydrogen they constitute group 1, which lies in the s-block of the periodic table. All alkali metals have their outermost electron in an s-orbital: this shared electron configuration results in their having very similar characteristic properties. Indeed, the alkali metals provide the best example of group trends in properties in the periodic t",False,True,0.9166666666666666,0.9585257172584534,0.6966810822486877
topk_10,113,Alkali metal,What is the charge on the cations formed when alkali metals lose their outermost electron?,+1,The charge on the cations formed when alkali metals lose their outermost electron is +1.,Alkali metal | Alkali metal | Alkali metal | Alkali metal | Alkali metal | Alkali metal | Alkali metal | Alkali metal | Alkali metal | Alkali metal,"Because of the shielding effect, when an atom has more than one electron shell, each electron feels electric repulsion from the other electrons as well as electric attraction from the nucleus. In the alkali metals, the outermost electron only feels a net charge of +1, as some of the nuclear charge (which is equal to the atomic number) is cancelled by the inner electrons; the number of inner electrons of an alkali metal is always one less than the nuclear charge. Therefore, the only factor which ",False,True,1.0,0.9687734246253967,0.0033308863639831543
topk_10,114,Alphabet,Which script is identified in the passage as the first fully phonemic alphabet and the ancestor of most modern alphabets?,the Proto-Sinaitic script,The Proto-Sinaitic script is identified in the passage as the first fully phonemic alphabet and the ancestor of most modern alphabets.,Alphabet | Alphabet | Alphabet | Aramaic alphabet | Alphabet | Alphabet | Alphabet | Abjad | Abugida | Abjad,"An alphabet is a standardized set of basic written graphemes (called letters) representing phonemes, units of sounds that distinguish words, of certain spoken languages. Not all writing systems represent language in this way; in a syllabary, each character represents a syllable, and logographic systems use characters to represent words, morphemes, or other semantic units.

The Egyptians have created the first alphabet in a technical sense. The short uniliteral signs are used to write pronunciati",False,True,1.0,0.9755181074142456,0.0005274415016174316
topk_10,115,Alphabet,Name three modern alphabets that the passage says descended from the Phoenician alphabet.,"Arabic, Greek, Latin","Based on the provided context, here are three modern alphabets that descend from the Phoenician alphabet:

1. Arabic script
2. Hebrew script
3. Syriac script",Abjad | Aramaic alphabet | Aramaic alphabet | Alphabet | Alphabet | Alphabet | Afroasiatic languages | Alphabet | Alphabet | Afroasiatic languages,"Also, it may be taken as suggesting that consonantal alphabets, in contrast to e.g. the Greek alphabet, were not yet true alphabets. Florian Coulmas, a critic of Daniels and of the abjad terminology, argues that this terminology can confuse alphabets with ""transcription systems"", and that there is no reason to relegate the Hebrew, Aramaic or Phoenician alphabets to second-class status as an ""incomplete alphabet"".
However, Daniels's terminology has found acceptance in the linguistic community.

O",False,True,0.3333333333333333,0.3328106701374054,0.07963871955871582
topk_10,116,Atomic number,What does the atomic number (symbol Z) equal for ordinary nuclei composed of protons and neutrons?,"It equals the proton number (np), the number of protons found in the nucleus of every atom of that element.",The atomic number (symbol Z) of an ordinary nucleus composed of protons and neutrons is equal to the number of protons found in the nucleus of every atom of that element.,Atomic number | Atom | Atom | Atomic number | Atom | Atomic number | Atom | Atom | Atom | Atom,"The atomic number or nuclear charge number (symbol Z) of a chemical element is the charge number of an atomic nucleus. For ordinary nuclei composed of protons and neutrons, this is equal to the proton number (np) or the number of protons found in the nucleus of every atom of that element. The atomic number can be used to uniquely identify ordinary chemical elements. In an ordinary uncharged atom, the atomic number is also equal to the number of electrons.

For an ordinary atom which contains pro",False,True,0.7,0.9820615649223328,0.00818789005279541
topk_10,117,Atomic number,"In an ordinary uncharged atom, what is the atomic number equal to?",It is also equal to the number of electrons.,"In an ordinary uncharged atom, the atomic number is equal to the number of protons found in the nucleus of every atom of that element.",Atomic number | Atom | Atom | Atomic number | Atom | Atom | Atom | Atom | Atom | Atom,"The atomic number or nuclear charge number (symbol Z) of a chemical element is the charge number of an atomic nucleus. For ordinary nuclei composed of protons and neutrons, this is equal to the proton number (np) or the number of protons found in the nucleus of every atom of that element. The atomic number can be used to uniquely identify ordinary chemical elements. In an ordinary uncharged atom, the atomic number is also equal to the number of electrons.

For an ordinary atom which contains pro",False,True,0.5,0.9757469892501831,0.01802074909210205
topk_10,118,Anatomy,Into what two parts is the discipline of anatomy divided?,macroscopic and microscopic parts.,The discipline of anatomy is divided into macroscopic and microscopic parts.,Anatomy | Anatomy | Anatomy | Anatomy | Anatomy | Anatomy | Anatomy | Anatomy | Anthropology | Afroasiatic languages,"Anatomy () is the branch of biology concerned with the study of the structure of organisms and their parts. Anatomy is a branch of natural science that deals with the structural organization of living things. It is an old science, having its beginnings in prehistoric times. Anatomy is inherently tied to developmental biology, embryology, comparative anatomy, evolutionary biology, and phylogeny, as these are the processes by which anatomy is generated, both over immediate and long-term timescales",False,True,1.0,0.986753523349762,0.0003420114517211914
topk_10,119,Anatomy,Which advanced imaging techniques have recently increased in use for visualizing the body's structures?,MRI and CT scans.,"Recent advancements in imaging techniques that have increased in use for visualizing the body's structures include:

1. MRI (Magnetic Resonance Imaging)
2. CT Scans (Computed Tomography)
3. Ultrasound Imaging

These technologies offer higher resolution and more detailed views compared to older methods like X-rays, providing insights into the intricate details of internal body structures.",Anatomy | Anatomy | Anatomy | Amateur astronomy | Anatomy | Anatomy | Anatomy | Animation | Anatomy | Ataxia,"It was the advent of microscopy that opened up an understanding of the building blocks that constituted living tissues. Technical advances in the development of achromatic lenses increased the resolving power of the microscope and around 1839, Matthias Jakob Schleiden and Theodor Schwann identified that cells were the fundamental unit of organization of all living things. Study of small structures involved passing light through them and the microtome was invented to provide sufficiently thin sli",False,True,1.0,0.6245418787002563,0.056132733821868896
topk_10,120,Andrei Tarkovsky,When did Andrei Tarkovsky die?,29 December 1986,Andrei Tarkovsky died on 29 December 1986.,Andrei Tarkovsky | Andrei Tarkovsky | Andrei Tarkovsky | Andrei Tarkovsky | Andrei Tarkovsky | Andrei Tarkovsky | Andrei Tarkovsky | Andrei Tarkovsky | Andrei Tarkovsky | Andrei Tarkovsky,"Andrei Arsenyevich Tarkovsky (; 4 April 1932 – 29 December 1986) was a Russian film director and screenwriter. Widely considered one of the greatest and most influential directors in cinema history, Tarkovsky's films explore spiritual and metaphysical themes, and are noted for their slow pacing and long takes, dreamlike visual imagery, and preoccupation with nature and memory.

Tarkovsky studied film at Moscow's VGIK under filmmaker Mikhail Romm, and subsequently directed his first five features",False,True,1.0,0.9764546751976013,0.00014483928680419922
topk_10,121,Andrei Tarkovsky,Which of Tarkovsky's films earned him the Golden Lion at the Venice Film Festival?,Ivan's Childhood,Ivan's Childhood earned Andrei Tarkovsky the Golden Lion at the Venice Film Festival.,Andrei Tarkovsky | Andrei Tarkovsky | Andrei Tarkovsky | Andrei Tarkovsky | Andrei Tarkovsky | Andrei Tarkovsky | Andrei Tarkovsky | Andrei Tarkovsky | Andrei Tarkovsky | Andrei Tarkovsky,"Andrei Arsenyevich Tarkovsky (; 4 April 1932 – 29 December 1986) was a Russian film director and screenwriter. Widely considered one of the greatest and most influential directors in cinema history, Tarkovsky's films explore spiritual and metaphysical themes, and are noted for their slow pacing and long takes, dreamlike visual imagery, and preoccupation with nature and memory.

Tarkovsky studied film at Moscow's VGIK under filmmaker Mikhail Romm, and subsequently directed his first five features",False,True,1.0,0.9606264233589172,6.651878356933594e-05
topk_10,122,Abel,Who killed Abel according to the passage?,Cain,Cain killed Abel out of jealousy.,Abel | Abel | Aaron | Abel | Apollo | Alexander the Great | Athena | Alexander the Great | Alexander the Great | Aaron,"Abel is a Biblical figure in the Book of Genesis within Abrahamic religions. He was the younger brother of Cain, and the younger son of Adam and Eve, the first couple in Biblical history. He was a shepherd who offered his firstborn flock up to God as an offering. God accepted his offering but not his brother's. Cain then killed Abel out of jealousy. 

According to Genesis, this was the first murder in the history of mankind.

Life and death

Interpretations

Jewish and Christian interpretations
",False,True,1.0,0.9903196096420288,0.001026153564453125
topk_10,123,Abel,What was Abel's occupation?,He was a shepherd,Abel was a shepherd who offered his firstborn flock up to God as an offering.,Abel | Abel | Abel | Artist | Apollo | Alpha | Amateur | Aaron | Alexander the Great | Actaeon,"Abel is a Biblical figure in the Book of Genesis within Abrahamic religions. He was the younger brother of Cain, and the younger son of Adam and Eve, the first couple in Biblical history. He was a shepherd who offered his firstborn flock up to God as an offering. God accepted his offering but not his brother's. Cain then killed Abel out of jealousy. 

According to Genesis, this was the first murder in the history of mankind.

Life and death

Interpretations

Jewish and Christian interpretations
",False,True,0.5,0.994134247303009,0.013299524784088135
topk_10,124,Animal (disambiguation),What is the full title of the book listed under 'Books and publications'?,Animal: The Definitive Visual Guide to The World's WildLife,"The full title of the book listed under 'Books and publications' is ""Essays and Aphorisms, being excerpts from Volume 2 of Parerga und Paralipomena, selected and translated by R. J. Hollingdale, with Introduction by R J Hollingdale, Penguin Classics, 1970, Paperback 1973:"".",Arthur Schopenhauer | A. E. van Vogt | Augustin-Jean Fresnel | Arthur Schopenhauer | Author | Augustin-Jean Fresnel | Augustin-Jean Fresnel | Aristotle | Amber Diceless Roleplaying Game | Alchemy,"1, ISBN
 Vol. 2, ,
 1974–1980 Paperback, Vol. 1, , Vol. 2, ,
 2001 Paperback, Vol. 1, , Vol. 2, 
 Essays and Aphorisms, being excerpts from Volume 2 of Parerga und Paralipomena, selected and translated by R. J. Hollingdale, with Introduction by R J Hollingdale, Penguin Classics, 1970, Paperback 1973: 
 An Enquiry concerning Ghost-seeing, and what is connected therewith (Versuch über das Geistersehn und was damit zusammenhangt), 1851
 Arthur Schopenhauer, Manuscript Remains, Volume II, Berg Publi",False,False,0.0,0.9296872615814209,0.0024060606956481934
topk_10,125,Animal (disambiguation),Which American professional wrestler used the ring name 'Road Warrior Animal'?,Joseph Michael Laurinaitis,"Joseph Michael Laurinaitis, better known by his ring name 'Road Warrior Animal', used the ring name 'Road Warrior Animal'.",Animal (disambiguation) | Achilles | August 22 | Animal (disambiguation) | Auto racing | Andre Agassi | Achilles | August 22 | April 12 | Alberta,"An animal is a multicellular, eukaryotic organism of the kingdom Animalia or Metazoa.

Animal, Animals, or The Animal may also refer to:

People
 The Animal (nickname), a list of people nicknamed ""The Animal"" or ""Animal""
 Animal Hamaguchi, a ring name of Japanese retired professional wrestler Heigo Hamaguchi (born 1947)
 Road Warrior Animal or Animal, ring names of American professional wrestler Joseph Michael Laurinaitis (1960–2020)

Books and publications
 Animal (book), full title Animal: The",False,True,1.0,0.6810782551765442,0.002752244472503662
topk_10,126,Aardwolf,What is the scientific name of the aardwolf?,Proteles cristatus,The scientific name of the aardwolf is Proteles cristatus.,Aardwolf | Aardwolf | Aardvark | Aardvark | Aardvark | Aardwolf | Aardvark | Aardwolf | Aardwolf | Aardwolf,"The aardwolf (Proteles cristatus) is an insectivorous species of hyena, native to East and Southern Africa. Its name means ""earth-wolf"" in Afrikaans and Dutch. It is also called the maanhaar-jackal (Afrikaans for ""mane-jackal""), termite-eating hyena and civet hyena, based on its habit of secreting substances from its anal gland, a characteristic shared with the African civet.

Unlike many of its relatives in the order Carnivora, the aardwolf does not hunt large animals. It eats insects and their",False,True,1.0,0.9673646688461304,1.4901161193847656e-05
topk_10,127,Aardwolf,How many termites can an aardwolf lap up during a single night?,"as many as 300,000 termites","An aardwolf can lap up as many as 300,000 termites during a single night using its long, sticky tongue.",Aardvark | Aardwolf | Aardwolf | Aardvark | Aardwolf | Aardvark | Aardwolf | Aardvark | Aardwolf | Aardwolf,"After an aardvark visit at a termite mound, other animals will visit to pick up all the leftovers. Termite mounds alone do not provide enough food for the aardvark, so they look for termites that are on the move. When these insects move, they can form columns  long and these tend to provide easy pickings with little effort exerted by the aardvark. These columns are more common in areas of livestock or other hoofed animals. The trampled grass and dung attract termites from the Odontotermes, Micro",False,True,1.0,0.9816469550132751,0.02819424867630005
topk_10,128,Adobe,What two main components compose adobe as a building material?,Earth and organic materials.,Adobe as a building material is composed of earth and organic materials.,Adobe | Adobe | Adobe | Adobe | Adobe | Adobe | Adobe | Adobe | Architect | Architect,"Adobe ( ; ) is a building material made from earth and organic materials.  is Spanish for mudbrick. In some English-speaking regions of Spanish heritage, such as the Southwestern United States, the term is used to refer to any kind of earthen construction, or various architectural styles like Pueblo Revival or Territorial Revival. Most adobe buildings are similar in appearance to cob and rammed earth buildings. Adobe is among the earliest building materials, and is used throughout the world.

Ad",False,True,1.0,0.9914460182189941,0.0025360584259033203
topk_10,129,Adobe,To what time period has adobe architecture been dated?,"Before 5,100 B.C.","Adobe architecture has been dated to before 5,100 B.C.",Adobe | Adobe | Adobe | Adobe | Adobe | Adobe | Adobe | Animation | Architect | Architect,"Adobe ( ; ) is a building material made from earth and organic materials.  is Spanish for mudbrick. In some English-speaking regions of Spanish heritage, such as the Southwestern United States, the term is used to refer to any kind of earthen construction, or various architectural styles like Pueblo Revival or Territorial Revival. Most adobe buildings are similar in appearance to cob and rammed earth buildings. Adobe is among the earliest building materials, and is used throughout the world.

Ad",False,True,1.0,0.9801694750785828,0.008985459804534912
topk_10,130,Adventure,Which British adventurer is cited as using adventures to draw global sustainability lessons for schoolchildren?,Jason Lewis,Jason Lewis is cited as using adventures to draw global sustainability lessons for schoolchildren.,Adventure | Alan Garner | Aldous Huxley | Alan Garner | Aldous Huxley | A. A. Milne | Agnosticism | Alan Garner | Aldous Huxley | Aldous Huxley,"An adventure is an exciting experience or undertaking that is typically bold, sometimes risky. Adventures may be activities with danger such as traveling, exploring, skydiving, mountain climbing, scuba diving, river rafting, or other extreme sports. Adventures are often undertaken to create psychological arousal or in order to achieve a greater goal, such as the pursuit of knowledge that can only be obtained by such activities.

Motivation
Adventurous experiences create psychological arousal, wh",False,True,1.0,0.9889580011367798,4.6253204345703125e-05
topk_10,131,Adventure,"According to the passage, what does adventure education intentionally use challenging experiences for?",learning,"According to the passage, adventure education intentionally uses challenging experiences for learning.",Adventure | Adventure | Anxiety | Amber Diceless Roleplaying Game | Aikido | Altruism | Art | Anxiety | Art | Antisemitism,"An adventure is an exciting experience or undertaking that is typically bold, sometimes risky. Adventures may be activities with danger such as traveling, exploring, skydiving, mountain climbing, scuba diving, river rafting, or other extreme sports. Adventures are often undertaken to create psychological arousal or in order to achieve a greater goal, such as the pursuit of knowledge that can only be obtained by such activities.

Motivation
Adventurous experiences create psychological arousal, wh",False,True,1.0,0.9902344942092896,0.00017875432968139648
topk_10,132,Asia,What is the land area of Asia in square kilometers?,more than 44 million square kilometers,The land area of Asia is more than 44 million square kilometers.,Asia | Asia | Area | Asia | Asia | Geography of Azerbaijan | Area | Afghanistan | Asia | Afghanistan,"With the end of World War II in 1945 and the wartime ruination of Europe and imperial Japan, many countries in Asia were able to rapidly free themselves of colonial rule. The independence of India came along with the carving out of a separate nation for the majority of Indian Muslims, which today has become the countries Pakistan and Bangladesh.

Some Arab countries took economic advantage of massive oil deposits that were discovered in their territory, becoming globally influential. East Asian ",False,True,1.0,0.9901755452156067,0.0022127628326416016
topk_10,133,Asia,What proportion of the world's population lives in Asia?,roughly 60%,60%,Asia | Asia | Asia | Asia | Asia | Asia | Asia | Afghanistan | Asia | Asia,"Asia ( ,  ) is the largest continent in the world by both land area and population. It covers an area of more than 44 million square kilometers, about 30% of Earth's total land area and 8% of Earth's total surface area. The continent, which has long been home to the majority of the human population, was the site of many of the first civilizations. Its 4.7 billion people constitute roughly 60% of the world's population, having more people than all other continents combined.

Asia shares the landm",False,True,0.5,0.878109872341156,0.873808279633522
topk_10,134,Aruba,What is the capital of Aruba?,Oranjestad,The capital of Aruba is Oranjestad.,Aruba | Aruba | Aruba | Aruba | Aruba | Aruba | Aruba | Aruba | Aruba | Aruba,"Aruba ( ,  or , ), officially the Country of Aruba (; ), is a constituent country of the Kingdom of the Netherlands physically located in the mid-south of the Caribbean Sea, about  north of the Venezuelan peninsula of Paraguaná  and  northwest of Curaçao. It measures  long from its northwestern to its southeastern end and  across at its widest point. Together with Bonaire and Curaçao, Aruba forms a group referred to as the ABC islands. Collectively, these and the other three Dutch substantial is",False,True,1.0,0.9690830707550049,5.996227264404297e-05
topk_10,135,Aruba,In what year did Aruba become a constituent country within the Kingdom of the Netherlands?,1986,1986,Aruba | Aruba | Aruba | Aruba | Aruba | Aruba | Aruba | Amsterdam | Angola | Aruba,"Aruba ( ,  or , ), officially the Country of Aruba (; ), is a constituent country of the Kingdom of the Netherlands physically located in the mid-south of the Caribbean Sea, about  north of the Venezuelan peninsula of Paraguaná  and  northwest of Curaçao. It measures  long from its northwestern to its southeastern end and  across at its widest point. Together with Bonaire and Curaçao, Aruba forms a group referred to as the ABC islands. Collectively, these and the other three Dutch substantial is",False,True,1.0,0.9627771377563477,0.9991373922093771
topk_10,136,Articles of Confederation,On what date did the Articles of Confederation come into force?,"March 1, 1781","The Articles of Confederation came into force on March 1, 1781.",Articles of Confederation | Articles of Confederation | Articles of Confederation | Articles of Confederation | Articles of Confederation | Articles of Confederation | Articles of Confederation | April 30 | April 1 | Articles of Confederation,"The Articles of Confederation and Perpetual Union was an agreement among the 13 states of the United States, formerly the Thirteen Colonies, that served as the nation's first frame of government. It was debated by the Second Continental Congress at Independence Hall in Philadelphia between July 1776 and November 1777, and finalized by the Congress on November 15, 1777. It came into force on March 1, 1781, after being ratified by all 13 colonial states. A guiding principle of the Articles was the",False,True,1.0,0.9710148572921753,0.0001404285430908203
topk_10,137,Articles of Confederation,Which body debated the Articles of Confederation at Independence Hall in Philadelphia?,the Second Continental Congress,The Second Continental Congress debated the Articles of Confederation at Independence Hall in Philadelphia.,Articles of Confederation | Articles of Confederation | Articles of Confederation | Articles of Confederation | Articles of Confederation | Articles of Confederation | Articles of Confederation | Articles of Confederation | American Revolutionary War | American Revolutionary War,"The Articles of Confederation and Perpetual Union was an agreement among the 13 states of the United States, formerly the Thirteen Colonies, that served as the nation's first frame of government. It was debated by the Second Continental Congress at Independence Hall in Philadelphia between July 1776 and November 1777, and finalized by the Congress on November 15, 1777. It came into force on March 1, 1781, after being ratified by all 13 colonial states. A guiding principle of the Articles was the",False,True,1.0,0.9753247499465942,4.398822784423828e-05
topk_10,138,Atlantic Ocean,What percentage of Earth's surface does the Atlantic Ocean cover?,Approximately 17%.,Approximately 24% of Earth's surface is covered by the Atlantic Ocean.,Atlantic Ocean | Atlantic Ocean | Atlantic Ocean | Atlantic Ocean | Atlantic Ocean | Atlantic Ocean | Albedo | Atlantic Ocean | Atlantic Ocean | Atlantic Ocean,"The Atlantic Ocean is the second-largest of the world's five oceans, with an area of about . It covers approximately 17% of Earth's surface and about 24% of its water surface area. It is known to separate the ""Old World"" of Africa, Europe, and Asia from the ""New World"" of the Americas in the European perception of the World.

Through its separation of Europe, Africa, and Asia from the Americas, the Atlantic Ocean has played a central role in the development of human society, globalization, and t",False,True,0.5,0.9669530987739563,0.00414198637008667
topk_10,139,Atlantic Ocean,Which European powers are mentioned as colonizing the Americas after Columbus's expedition?,"Portugal, Spain, France, and the United Kingdom.",Spain and Portugal are mentioned as colonizing the Americas after Columbus's expedition.,Atlantic Ocean | Atlantic Ocean | Aruba | Aruba | Atlantic Ocean | Atlantic Ocean | American Revolutionary War | Aruba | Atlantic Ocean | American Revolutionary War,"The Atlantic Ocean is the second-largest of the world's five oceans, with an area of about . It covers approximately 17% of Earth's surface and about 24% of its water surface area. It is known to separate the ""Old World"" of Africa, Europe, and Asia from the ""New World"" of the Americas in the European perception of the World.

Through its separation of Europe, Africa, and Asia from the Americas, the Atlantic Ocean has played a central role in the development of human society, globalization, and t",False,True,0.4,0.9263932704925537,2.086162567138672e-05
topk_10,140,Arthur Schopenhauer,When was Arthur Schopenhauer born?,22 February 1788,Arthur Schopenhauer was born on 22 February 1788.,Arthur Schopenhauer | Arthur Schopenhauer | Arthur Schopenhauer | Arthur Schopenhauer | Arthur Schopenhauer | Arthur Schopenhauer | Arthur Schopenhauer | Arthur Schopenhauer | Arthur Schopenhauer | Albert Schweitzer,"Arthur Schopenhauer ( , ; 22 February 1788 – 21 September 1860) was a German philosopher. He is best known for his 1818 work The World as Will and Representation (expanded in 1844), which characterizes the phenomenal world as the manifestation of a blind and irrational noumenal will. Building on the transcendental idealism of Immanuel Kant (1724–1804), Schopenhauer developed an atheistic metaphysical and ethical system that rejected the contemporaneous ideas of German idealism. He was among the ",False,True,1.0,0.9678226709365845,2.4199485778808594e-05
topk_10,141,Arthur Schopenhauer,What is the title of Schopenhauer's 1818 work?,The World as Will and Representation,"The title of Schopenhauer's 1818 work is ""The World as Will and Representation.""",Arthur Schopenhauer | Arthur Schopenhauer | Arthur Schopenhauer | Arthur Schopenhauer | Arthur Schopenhauer | Arthur Schopenhauer | Arthur Schopenhauer | Arthur Schopenhauer | Arthur Schopenhauer | Arthur Schopenhauer,"Arthur Schopenhauer ( , ; 22 February 1788 – 21 September 1860) was a German philosopher. He is best known for his 1818 work The World as Will and Representation (expanded in 1844), which characterizes the phenomenal world as the manifestation of a blind and irrational noumenal will. Building on the transcendental idealism of Immanuel Kant (1724–1804), Schopenhauer developed an atheistic metaphysical and ethical system that rejected the contemporaneous ideas of German idealism. He was among the ",False,True,1.0,0.9872112274169922,0.0001329183578491211
topk_10,142,Angola,What is the capital and most populous city of Angola?,Luanda,Luanda,Angola | Angola | Angola | Angola | Angola | Demographics of Angola | Angola | Angola | Angolan Armed Forces | Politics of Angola,"Angola ( ; ; , ), officially the Republic of Angola (), is a country on the west-central coast of Southern Africa. It is the second-largest Lusophone (Portuguese-speaking) country in both total area and population (behind Brazil in both cases), and is the seventh-largest country in Africa. It is bordered by Namibia to the south, the Democratic Republic of the Congo to the north, Zambia to the east, and the Atlantic Ocean to the west. Angola has an exclave province, the province of Cabinda, that ",False,True,1.0,0.8310626745223999,0.9809308424592018
topk_10,143,Angola,In what year did Angola achieve independence?,1975,1975,Angola | Angola | Angola | Economy of Angola | Angola | Angola | Angola | Economy of Angola | Angola | Angola,"Angola ( ; ; , ), officially the Republic of Angola (), is a country on the west-central coast of Southern Africa. It is the second-largest Lusophone (Portuguese-speaking) country in both total area and population (behind Brazil in both cases), and is the seventh-largest country in Africa. It is bordered by Namibia to the south, the Democratic Republic of the Congo to the north, Zambia to the east, and the Atlantic Ocean to the west. Angola has an exclave province, the province of Cabinda, that ",False,True,1.0,0.6642898917198181,0.9947493588551879
topk_10,144,Demographics of Angola,"According to the 2014 census, what was Angola's total population?","25,789,024 inhabitants","According to the 2014 census, Angola's total population was 25,789,024 inhabitants.",Angola | Demographics of Angola | Angola | Angola | Demographics of Angola | Demographics of Angola | Demographics of Angola | Angola | Demographics of Angola | Angola,"Demographics

Angola has a population of 24,383,301 inhabitants according to the preliminary results of its 2014 census, the first one conducted or carried out since 15 December 1970. It is composed of Ovimbundu (language Umbundu) 37%, Ambundu (language Kimbundu) 23%, Bakongo 13%, and 32% other ethnic groups (including the Chokwe, the Ovambo, the Ganguela and the Xindonga) as well as about 2% mulattos (mixed European and African), 1.6% Chinese and 1% European. The Ambundu and Ovimbundu ethnic gr",False,True,1.0,0.9570196270942688,8.45193862915039e-05
topk_10,145,Demographics of Angola,"Which ethnic group represents the largest percentage of Angola's population, and what is that percentage?","The Ovimbundu, representing 37% of the population","The Ovimbundu ethnic group represents the largest percentage of Angola's population, at 37%.",Angola | Demographics of Angola | Angola | Angola | Demographics of Angola | Demographics of Angola | Angola | Demographics of Angola | Demographics of Angola | Albania,"Demographics

Angola has a population of 24,383,301 inhabitants according to the preliminary results of its 2014 census, the first one conducted or carried out since 15 December 1970. It is composed of Ovimbundu (language Umbundu) 37%, Ambundu (language Kimbundu) 23%, Bakongo 13%, and 32% other ethnic groups (including the Chokwe, the Ovambo, the Ganguela and the Xindonga) as well as about 2% mulattos (mixed European and African), 1.6% Chinese and 1% European. The Ambundu and Ovimbundu ethnic gr",False,True,0.75,0.6555593013763428,0.00011599063873291016
topk_10,146,Politics of Angola,How many parliamentarians are elected to Angola's National Assembly?,220,220,Politics of Angola | Politics of Angola | Politics of Angola | Angola | Angola | Politics of Angola | Angola | Angola | Demographics of Angola | Politics of Angola,"José Eduardo dos Santos stepped down as President of Angola after 38 years in 2017, being peacefully succeeded by João Lourenço, Santos' chosen successor.

Legislative branch
The National Assembly (Assembleia Nacional) has 223 members, elected for a four-year term, 130 members by proportional representation, 90 members in provincial districts, and 3 members to represent Angolans abroad. The general elections in 1997 were rescheduled for 5 September 2008. The ruling party MPLA won 82% (191 seats ",False,True,1.0,0.7267591953277588,0.9883352806791663
topk_10,147,Politics of Angola,Which two highest bodies of the judiciary have the majority of their members appointed by the President together with the parliament?,the Constitutional Court and the Supreme Court,"Based on the provided information, the two highest bodies of the judiciary in Angola are:

1. The Constitutional Court, consisting of 11 justices.
   - Four are appointed by the President.
   - Four are appointed by the National Assembly.
   - Two are appointed by the Superior Council of the Judiciary.
   - One is elected by the public.

2. The Supreme Court, which contains 11 justices.
   - Three are appointed by the President.
   - Seven are appointed by the National Assembly.
   - One is elected by the public.

So, the Constitutional Court and the Supreme Court are the two highest bodies of the judiciary where the majority of their members are appointed by the President together with the parliament.",Azerbaijan | Politics of Angola | Politics of Angola | Politics of Antigua and Barbuda | Politics of American Samoa | Politics of Angola | Andorra | Afghanistan | Politics of Armenia | Politics of Antigua and Barbuda,"The Parliament of Azerbaijan, called Milli Majlis, consists of 125 deputies elected based on majority vote, with a term of five years for each elected member. The elections are held every five years, on the first Sunday of November. The Parliament is not responsible for the formation of the government, but the Constitution requires the approval of the Cabinet of Ministers by Milli Majlis. The New Azerbaijan Party, and independents loyal to the ruling government, currently hold almost all of the ",False,True,1.0,0.8453754186630249,0.0833665132522583
topk_10,148,Economy of Angola,What was Angola's reported annual average GDP growth from 2001 to 2010?,11.1 percent,Angola's reported annual average GDP growth from 2001 to 2010 was 11.1%.,Angola | Economy of Angola | Angola | Economy of Angola | Economy of Angola | Angola | Economy of Angola | Angola | Angola | Angola,"Since independence, oil and diamonds have been the most important economic resource. Smallholder and plantation agriculture dramatically dropped in the Angolan Civil War, but began to recover after 2002.

Angola's economy has in recent years moved on from the disarray caused by a quarter-century of Angolan civil war to become the fastest-growing economy in Africa and one of the fastest-growing in the world, with an average GDP growth of 20% between 2005 and 2007. In the period 2001–10, Angola ha",False,True,0.6666666666666666,0.7658575177192688,0.00010514259338378906
topk_10,149,Economy of Angola,"In 2017, what percentage of Angola's government revenue was accounted for by the oil sector?",64 percent,"In 2017, the oil sector accounted for 64 percent of government revenue in Angola.",Economy of Angola | Economy of Angola | Economy of Angola | Angola | Angola | Economy of Angola | Angola | Angola | Angola | Angola,"In January 2007 Angola became a member of OPEC. Under the Lourenço since 2017, the country has made efforts to incentive investments and reverse declining production, resulting in fresh investments made by international oil companies.

Chevron Corporation, TotalEnergies., ExxonMobil, Eni, and BP all operate in the country and represent a vast majority of daily production.

Block 17, operated by TotalEnergies, is Angola's biggest producing asset and is known as the Golden Block. The French major ",False,True,1.0,0.936424732208252,6.186962127685547e-05
topk_10,150,Angolan Armed Forces,Who has been the Chief of the General Staff of the Angolan Armed Forces since 2018?,António Egídio de Sousa Santos,António Egídio de Sousa Santos,Angolan Armed Forces | Politics of Angola | Angola | Angolan Armed Forces | Angola | Angola | Angola | Angola | Angolan Armed Forces | Economy of Angola,"The Angolan Armed Forces () or FAA is the military of Angola. The FAA consist of the Angolan Army (), the Angolan Navy () and the National Air Force of Angola (). Reported total manpower in 2021 was about 107,000.  The FAA is headed by the Chief of the General Staff António Egídio de Sousa Santos since 2018, who reports to the minister of National Defense, currently João Ernesto dos Santos.

History

Roots 
The FAA succeeded to the previous People's Armed Forces for the Liberation of Angola (FAP",False,True,1.0,0.8224146962165833,0.9977569121401757
topk_10,151,Angolan Armed Forces,On what date were the Angolan Armed Forces created?,9 October 1991,The Angolan Armed Forces were created on 9 October 1991.,Angolan Armed Forces | Angolan Armed Forces | Angola | Angola | Angolan Armed Forces | Angola | Angola | Angola | Angolan Armed Forces | Angola,"The Angolan Armed Forces () or FAA is the military of Angola. The FAA consist of the Angolan Army (), the Angolan Navy () and the National Air Force of Angola (). Reported total manpower in 2021 was about 107,000.  The FAA is headed by the Chief of the General Staff António Egídio de Sousa Santos since 2018, who reports to the minister of National Defense, currently João Ernesto dos Santos.

History

Roots 
The FAA succeeded to the previous People's Armed Forces for the Liberation of Angola (FAP",False,True,1.0,0.9745817184448242,2.7060508728027344e-05
topk_10,152,Albert Sidney Johnston,In which three armies did Albert Sidney Johnston serve as a general?,"the Texian Army, the United States Army, and the Confederate States Army.","Albert Sidney Johnston served as a general in three different armies: the Texian Army, the United States Army, and the Confederate States Army.",Albert Sidney Johnston | Albert Sidney Johnston | Albert Sidney Johnston | Albert Sidney Johnston | Albert Sidney Johnston | Albert Sidney Johnston | Albert Sidney Johnston | Albert Sidney Johnston | Albert Sidney Johnston | Albert Sidney Johnston,"Albert Sidney Johnston (February 2, 1803 – April 6, 1862) served as a general in three different armies: the Texian Army, the United States Army, and the Confederate States Army. He saw extensive combat during his 34-year military career, fighting actions in the Black Hawk War, the Texas-Indian Wars, the Mexican–American War, the Utah War, and the American Civil War.

Considered by Confederate States President Jefferson Davis to be the finest general officer in the Confederacy before the later e",False,True,1.0,0.9788433313369751,8.094310760498047e-05
topk_10,153,Albert Sidney Johnston,On what date was Albert Sidney Johnston killed at the Battle of Shiloh?,"April 6, 1862.","Albert Sidney Johnston was killed at the Battle of Shiloh on April 6, 1862.",Albert Sidney Johnston | Albert Sidney Johnston | Albert Sidney Johnston | Albert Sidney Johnston | Albert Sidney Johnston | Albert Sidney Johnston | Albert Sidney Johnston | Albert Sidney Johnston | Albert Sidney Johnston | Albert Sidney Johnston,"Albert Sidney Johnston (February 2, 1803 – April 6, 1862) served as a general in three different armies: the Texian Army, the United States Army, and the Confederate States Army. He saw extensive combat during his 34-year military career, fighting actions in the Black Hawk War, the Texas-Indian Wars, the Mexican–American War, the Utah War, and the American Civil War.

Considered by Confederate States President Jefferson Davis to be the finest general officer in the Confederacy before the later e",False,True,1.0,0.9553720355033875,1.621246337890625e-05
topk_10,154,Android (robot),"In which publication does the Oxford English Dictionary trace the earliest use of the term ""androides""?",Ephraim Chambers' 1728 Cyclopaedia,"According to the provided text, the Oxford English Dictionary traces the earliest use of the term ""androides"" to Ephraim Chambers' 1728 Cyclopaedia.",Android (robot) | Android (robot) | A | Alphabet | Arabic | Abacus | Alpha | Android (robot) | Abacus | Athena,"An android is a humanoid robot or other artificial being often made from a flesh-like material. Historically, androids were completely within the domain of science fiction and frequently seen in film and television, but advances in robot technology now allow the design of functional and realistic humanoid robots.

Terminology

The Oxford English Dictionary traces the earliest use (as ""Androides"") to Ephraim Chambers' 1728 Cyclopaedia, in reference to an automaton that St. Albertus Magnus alleged",False,True,1.0,0.9641200304031372,0.001635730266571045
topk_10,155,Android (robot),"In what year did the term ""android"" appear in US patents referring to miniature human-like toy automatons?",1863,"The term ""android"" appeared in US patents as early as 1863 in reference to miniature human-like toy automatons.",Android (robot) | Android (robot) | Android (robot) | Android (robot) | Android (robot) | Artificial intelligence | Android (robot) | Artificial intelligence | Algorithm | Artificial intelligence,"An android is a humanoid robot or other artificial being often made from a flesh-like material. Historically, androids were completely within the domain of science fiction and frequently seen in film and television, but advances in robot technology now allow the design of functional and realistic humanoid robots.

Terminology

The Oxford English Dictionary traces the earliest use (as ""Androides"") to Ephraim Chambers' 1728 Cyclopaedia, in reference to an automaton that St. Albertus Magnus alleged",False,True,1.0,0.9737900495529175,0.0004037022590637207
topk_10,156,Alberta,What is the capital of Alberta?,Edmonton,The capital of Alberta is Edmonton.,Alberta | Alberta | Alberta | Alberta | Alberta | Alberta | Alberta | Alberta | Alberta | Alberta,"Alberta ( ) is one of the thirteen provinces and territories of Canada. It is a part of Western Canada and is one of the three prairie provinces. Alberta is bordered by British Columbia to the west, Saskatchewan to the east, the Northwest Territories to the north, and the U.S. state of Montana to the south. It is one of the only two landlocked provinces in Canada, with Saskatchewan being the other. The eastern part of the province is occupied by the Great Plains, while the western part borders t",False,True,1.0,0.9847583770751953,0.00017946958541870117
topk_10,157,Alberta,Which U.S. state borders Alberta to the south?,Montana,Montana,Alberta | Alberta | Alberta | Alaska | Alberta | Alberta | Alaska | Alaska | Alberta | Alaska,"Alberta's southern border is the 49th parallel north, which separates it from the U.S. state of Montana. The 60th parallel north divides Alberta from the Northwest Territories. The 110th meridian west separates it from the province of Saskatchewan; while on the west its boundary with British Columbia follows the 120th meridian west south from the Northwest Territories at 60°N until it reaches the Continental Divide at the Rocky Mountains, and from that point follows the line of peaks marking the",False,True,1.0,0.5237841010093689,0.9921080153435469
topk_10,158,List of anthropologists,Which anthropologist is listed under the letter B and has the name Franz Boas?,Franz Boas,"Based on the information provided, Franz Boas is listed under the letter B and is mentioned as a significant figure in the history of anthropology. Specifically, it states:

Franz Boas was in the process of breaking away from the Société de biologie to form the first of the explicitly anthropological societies, the Société d'Anthropologie de Paris, meeting for the first time in Paris in 1859. When he read Darwin, he became an immediate convert to Transformisme, as the French called evolutionism. His definition now became ""the study of the human group, considered as a whole, in its details, and in relation to the rest of nature.""",Anthropology | Anthropology | Anthropology | Anthropology | Anthropology | Anthropology | Anthropology | Anthropology | Alfred Nobel | Anthropology,"Anthropology is the scientific study of humanity, concerned with human behavior, human biology, cultures, societies, and linguistics, in both the present and past, including past human species. Social anthropology studies patterns of behavior, while cultural anthropology studies cultural meaning, including norms and values. A portmanteau term sociocultural anthropology is commonly used today. Linguistic anthropology studies how language influences social life. Biological or physical anthropology",False,False,1.0,0.9281406998634338,0.07088041305541992
topk_10,159,List of anthropologists,Who is the anthropologist listed under the letter D with the first name Wade?,Wade Davis,"Based on the information provided, Wade Davis is the anthropologist listed under the letter D with the first name Wade.",Anthropology | Allen Ginsberg | List of anthropologists | Aleister Crowley | Anthropology | Ardipithecus | Allan Dwan | Anthropology | Abbot | Anthropology,"Anthropology is the scientific study of humanity, concerned with human behavior, human biology, cultures, societies, and linguistics, in both the present and past, including past human species. Social anthropology studies patterns of behavior, while cultural anthropology studies cultural meaning, including norms and values. A portmanteau term sociocultural anthropology is commonly used today. Linguistic anthropology studies how language influences social life. Biological or physical anthropology",False,True,1.0,0.09441978484392166,0.0011095404624938965
topk_10,160,Actinopterygii,What class is the sister class to Actinopterygii?,Sarcopterygii (lobe-finned fish),Neopterygii,Actinopterygii | Actinopterygii | Amphibian | Actinopterygii | Asparagales | Amphibian | Amphibian | Actinopterygii | Alismatales | Asparagales,"The latter include mostly terrestrial species but also groups that became secondarily aquatic (e.g. Whales and Dolphins). Tetrapods evolved from a group of bony fish during the Devonian period. Approximate divergence dates for the different actinopterygian clades (in millions of years, mya) are from Near et al., 2012.

The polypterids (bichirs and reedfish) are the sister lineage of all other actinopterygians, the Acipenseriformes (sturgeons and paddlefishes) are the sister lineage of Neopterygi",False,True,0.0,0.8462291955947876,0.9982003456680104
topk_10,161,Actinopterygii,Approximately what percentage of actinopterygian species are teleosts?,~99%,Approximately 96% of living fish species are teleosts.,Actinopterygii | Actinopterygii | Actinopterygii | Actinopterygii | Actinopterygii | Amphibian | Actinopterygii | Amphibian | Anatomy | Aegean Sea,"The latter include mostly terrestrial species but also groups that became secondarily aquatic (e.g. Whales and Dolphins). Tetrapods evolved from a group of bony fish during the Devonian period. Approximate divergence dates for the different actinopterygian clades (in millions of years, mya) are from Near et al., 2012.

The polypterids (bichirs and reedfish) are the sister lineage of all other actinopterygians, the Acipenseriformes (sturgeons and paddlefishes) are the sister lineage of Neopterygi",False,True,0.0,0.9722248911857605,0.00016677379608154297
topk_10,162,Albert Einstein,When was Albert Einstein born?,14 March 1879,Albert Einstein was born on 14 March 1879.,Albert Einstein | Albert Einstein | Albert Einstein | Albert Einstein | Albert Einstein | Albert Einstein | Albert Einstein | Albert Einstein | Albert Einstein | Albert Einstein,"Secondly, he attempted to devise a unified field theory by generalizing his geometric theory of gravitation to include electromagnetism too. As a result, he became increasingly isolated from the mainstream of modern physics.

Born in the German Empire, Einstein moved to Switzerland in 1895, forsaking his German citizenship (as a subject of the Kingdom of Württemberg) the following year. In 1897, at the age of seventeen, he enrolled in the mathematics and physics teaching diploma program at the S",False,True,1.0,0.9804154634475708,6.210803985595703e-05
topk_10,163,Albert Einstein,For what discovery did Einstein receive the 1921 Nobel Prize in Physics?,for his discovery of the law of the photoelectric effect,"For his services to theoretical physics, and especially for his discovery of the law of the photoelectric effect, Einstein received the 1921 Nobel Prize in Physics.",Albert Einstein | Albert Einstein | Albert Einstein | Albert Einstein | Albert Einstein | Albert Einstein | Albert Einstein | Albert Einstein | Albert Einstein | Albert Einstein,"Albert Einstein ( ; ; 14 March 1879 – 18 April 1955) was a German-born theoretical physicist who is widely held to be one of the greatest and most influential scientists of all time. Best known for developing the theory of relativity, Einstein also made important contributions to quantum mechanics, and was thus a central figure in the revolutionary reshaping of the scientific understanding of nature that modern physics accomplished in the first decades of the twentieth century. His mass–energy e",False,True,1.0,0.9885231852531433,0.030646800994873047
topk_10,164,Afghanistan,What is the capital and largest city of Afghanistan?,Kabul,The capital and largest city of Afghanistan is Kabul.,Afghanistan | Afghanistan | Afghanistan | Afghanistan | Afghanistan | Afghanistan | Afghanistan | Afghanistan | Afghanistan | Afghanistan,"Afghanistan, officially the Islamic Emirate of Afghanistan, is a landlocked country located at the crossroads of Central Asia and South Asia. Referred to as the Heart of Asia, it is bordered by Pakistan to the east and south, Iran to the west, Turkmenistan to the northwest, Uzbekistan to the north, Tajikistan to the northeast, and China to the northeast and east. Occupying  of land, the country is predominantly mountainous with plains in the north and the southwest, which are separated by the Hi",False,True,1.0,0.9860710501670837,0.00014483928680419922
topk_10,165,Afghanistan,"According to the World Population review, what is Afghanistan's population?",40.2 million,"According to the World Population review, Afghanistan's population is 40.2 million.",Afghanistan | Afghanistan | Afghanistan | Afghanistan | Afghanistan | Afghanistan | Afghanistan | Demographics of Angola | Afghanistan | Afghanistan,"Afghanistan, officially the Islamic Emirate of Afghanistan, is a landlocked country located at the crossroads of Central Asia and South Asia. Referred to as the Heart of Asia, it is bordered by Pakistan to the east and south, Iran to the west, Turkmenistan to the northwest, Uzbekistan to the north, Tajikistan to the northeast, and China to the northeast and east. Occupying  of land, the country is predominantly mountainous with plains in the north and the southwest, which are separated by the Hi",False,True,1.0,0.9680168032646179,7.808208465576172e-05
topk_10,166,Albania,Which countries share land borders with Albania?,"Montenegro, Kosovo, North Macedonia, and Greece.","Montenegro, Kosovo, North Macedonia, Greece, and Turkey.",Albania | Albania | Albania | Albania | Albania | Albania | Albania | Albania | Albania | Albania,"Albania ( ;  or ), officially the Republic of Albania (), is a country in Southeast Europe. The country is located in the Balkans on the Adriatic and Ionian Seas within the Mediterranean Sea and shares land borders with Montenegro to the northwest, Kosovo to the northeast, North Macedonia to the east and Greece to the south. Spanning an area of , it displays a varied range of climatic, geological, hydrological and morphological conditions. The country's landscapes range from rugged snow-capped m",False,True,1.0,0.7078768014907837,0.10814183950424194
topk_10,167,Albania,What is the capital and largest city of Albania?,Tirana.,The capital and largest city of Albania is Tirana.,Albania | Albania | Albania | Albania | Albania | Albania | Albania | Albania | Athens | Albania,"Albania ( ;  or ), officially the Republic of Albania (), is a country in Southeast Europe. The country is located in the Balkans on the Adriatic and Ionian Seas within the Mediterranean Sea and shares land borders with Montenegro to the northwest, Kosovo to the northeast, North Macedonia to the east and Greece to the south. Spanning an area of , it displays a varied range of climatic, geological, hydrological and morphological conditions. The country's landscapes range from rugged snow-capped m",False,True,1.0,0.9844081997871399,4.112720489501953e-05
topk_10,168,Allah,"According to the passage, from which Arabic phrase is the word “Allah” thought to be derived, and what does that phrase mean?","It is thought to be derived by contraction from al‑ilāh, which means “the god.”","The word ""Allah"" is thought to be derived from the Arabic phrase ""al-ilāh,"" which means ""the god.""",Allah | Allah | Allah | Allah | Allah | Allah | Allah | Allah | Allah | Allah,"Allah (; , , ) is the common Arabic word for God. In the English language, the word generally refers to God in Islam. The word is thought to be derived by contraction from al-ilāh, which means ""the god"", and is linguistically related to the Aramaic words Elah and Syriac  (ʼAlāhā) and the Hebrew word El (Elohim) for God.

The word Allah has been used by Arabic people of different religions since pre-Islamic times. The pre-Islamic Arabs worshipped a supreme deity whom they called Allah, alongside ",False,True,0.875,0.9738890528678894,0.0020506978034973145
topk_10,169,Allah,Name three non‑Muslim religious communities mentioned in the passage that use the term “Allah” to refer to God.,"Judaeo‑Arabic‑speaking Jews, Arab Christians, and Bábists.","Based on the information provided in the context, here are three non-Muslim religious communities that use the term ""Allah"" to refer to God:

1. Bábists
2. Baháʼís
3. Mandaeans",Allah | Allah | Allah | Allah | Allah | Allah | Allah | Allah | Allah | Allah,"Allah (; , , ) is the common Arabic word for God. In the English language, the word generally refers to God in Islam. The word is thought to be derived by contraction from al-ilāh, which means ""the god"", and is linguistically related to the Aramaic words Elah and Syriac  (ʼAlāhā) and the Hebrew word El (Elohim) for God.

The word Allah has been used by Arabic people of different religions since pre-Islamic times. The pre-Islamic Arabs worshipped a supreme deity whom they called Allah, alongside ",False,True,0.25,0.21288704872131348,0.09113907814025879
topk_10,170,Azerbaijan,What is the capital and largest city of Azerbaijan?,Baku,The capital and largest city of Azerbaijan is Baku.,Azerbaijan | Geography of Azerbaijan | Azerbaijan | Azerbaijan | Azerbaijan | Geography of Azerbaijan | Azerbaijan | Ankara | Economy of Azerbaijan | Economy of Azerbaijan,"Azerbaijan (, ; , ), officially the Republic of Azerbaijan, is a transcontinental country located at the boundary of Eastern Europe and West Asia. It is a part of the South Caucasus region and is bounded by the Caspian Sea to the east, Russia (Republic of Dagestan) to the north, Georgia to the northwest, Armenia and Turkey to the west, and Iran to the south. Baku is the capital and largest city.

The Azerbaijan Democratic Republic proclaimed its independence from the Transcaucasian Democratic Fe",False,True,1.0,0.9846637845039368,7.140636444091797e-05
topk_10,171,Azerbaijan,On what date did the modern Republic of Azerbaijan proclaim its independence?,30 August 1991,The modern Republic of Azerbaijan proclaimed its independence on 18 October 1991.,Azerbaijan | Azerbaijan | Azerbaijan | Azerbaijan | Azerbaijan | Azerbaijan | Azerbaijan | Azerbaijan | Azerbaijan | Azerbaijani Armed Forces,"Approximately 681,000 people with over 100,000 of them women, went to the front, while the total population of Azerbaijan was 3.4 million at the time. Some 250,000 people from Azerbaijan were killed on the front. More than 130 Azerbaijanis were named Heroes of the Soviet Union. Azerbaijani Major-General Azi Aslanov was twice awarded the Hero of the Soviet Union.

Independence

Following the politics of glasnost, initiated by Mikhail Gorbachev, civil unrest and ethnic strife grew in various regio",False,True,0.3333333333333333,0.8013849258422852,0.0002173781394958496
topk_10,172,Amateur astronomy,What types of celestial objects or events do amateur astronomers monitor as part of citizen science?,"Variable stars, double stars, sunspots, and occultations of stars by the Moon or asteroids.","Amateur astronomers monitor various celestial objects and events as part of citizen science, including:

- Monitoring variable stars
- Observing double stars
- Tracking sunspots
- Measuring the light spectrum emitted from astronomical objects
- Discovering transient astronomical events such as comets, galactic novae, or supernovae in other galaxies
- Participating in asteroid tracking efforts
- Studying occultations to determine the shape of asteroids and the terrain on the apparent edge of the Moon as seen from Earth
- Searching for overlooked phenomena like Kreutz Sungrazers in digital images and other data captured by Earth and space-based observatories.",Amateur astronomy | Amateur astronomy | Amateur astronomy | Amateur astronomy | Amateur astronomy | Astronomer | Astronomer | Astrometry | Amateur astronomy | Amateur astronomy,"Amateur astronomy is a hobby where participants enjoy observing or imaging celestial objects in the sky using the unaided eye, binoculars, or telescopes. Even though scientific research may not be their primary goal, some amateur astronomers make contributions in doing citizen science, such as by monitoring variable stars, double stars, sunspots, or occultations of stars by the Moon or asteroids, or by discovering transient astronomical events, such as comets, galactic novae or supernovae in oth",False,True,1.0,0.841906726360321,0.0488123893737793
topk_10,173,Amateur astronomy,Do amateur astronomers use astronomy as their primary source of income or support?,"No, they do not use the field of astronomy as their primary source of income or support.","No, amateur astronomers do not use astronomy as their primary source of income or support.",Amateur astronomy | Amateur astronomy | Amateur astronomy | Astronomer | Amateur astronomy | Amateur astronomy | Astronomer | Amateur astronomy | Astrometry | Astrometry,"Amateur astronomy is a hobby where participants enjoy observing or imaging celestial objects in the sky using the unaided eye, binoculars, or telescopes. Even though scientific research may not be their primary goal, some amateur astronomers make contributions in doing citizen science, such as by monitoring variable stars, double stars, sunspots, or occultations of stars by the Moon or asteroids, or by discovering transient astronomical events, such as comets, galactic novae or supernovae in oth",False,True,0.8,0.9884458780288696,0.000644981861114502
topk_10,174,Aikido,In approximately how many countries is Aikido practiced?,around 140 countries,Around 140 countries,Aikido | Aikido | Aikido | Aikido | Aikido | Aikido | Aikido | Aikido | Aikido | Aikido,"Aikido ( ,  , , ) is a modern Japanese martial art that is split into many different styles, including Iwama Ryu, Iwama Shin Shin Aiki Shuren Kai, Shodokan Aikido, Yoshinkan, Renshinkai, Aikikai and Ki Aikido. Aikido is now practiced in around 140 countries. It was originally developed by Morihei Ueshiba, as a synthesis of his martial studies, philosophy and religious beliefs. Ueshiba's goal was to create an art that practitioners could use to defend themselves while also protecting their attack",False,True,1.0,0.957832396030426,0.9836912341415882
topk_10,175,Aikido,Who originally developed Aikido?,Morihei Ueshiba,Morihei Ueshiba originally developed Aikido.,Aikido | Aikido | Aikido | Aikido | Aikido | Aikido | Anime | Aikido | Aikido | Anime,"During Ueshiba's lifetime and continuing today, aikido has evolved from the  that Ueshiba studied into a variety of expressions by martial artists throughout the world.

Initial development

Ueshiba developed aikido primarily during the late 1920s through the 1930s through the synthesis of the older martial arts that he had studied. The core martial art from which aikido derives is Daitō-ryū Aiki-jūjutsu, which Ueshiba studied directly with Takeda Sōkaku, the reviver of that art. Additionally, U",False,True,1.0,0.983627438545227,5.5789947509765625e-05
topk_10,176,Art,What are the three classical branches of visual art in the Western tradition?,"painting, sculpture, and architecture","Painting, sculpture, and architecture are the three classical branches of visual art in the Western tradition.",Art | Art | Art | Art | Art | Artistic revolution | Alchemy | Art | Anatolia | Art,"Art is a diverse range of human activity, and its resulting product, that involves creative or imaginative talent expressive of technical proficiency, beauty, emotional power, or conceptual ideas.

There is no generally agreed definition of what constitutes art, and its interpretation has varied greatly throughout history and across cultures. In the Western tradition, the three classical branches of visual art are painting, sculpture, and architecture. Theatre, dance, and other performing arts, ",False,True,1.0,0.9767584800720215,0.002355039119720459
topk_10,177,Art,Until which century was art referred to as any skill or mastery and not differentiated from crafts or sciences?,the 17th century,"Until the 17th century, art was referred to as any skill or mastery and was not differentiated from crafts or sciences.",Art | Artist | Art | Art | Art | Art | Art | Art | Art | Artist,"Art is a diverse range of human activity, and its resulting product, that involves creative or imaginative talent expressive of technical proficiency, beauty, emotional power, or conceptual ideas.

There is no generally agreed definition of what constitutes art, and its interpretation has varied greatly throughout history and across cultures. In the Western tradition, the three classical branches of visual art are painting, sculpture, and architecture. Theatre, dance, and other performing arts, ",False,True,1.0,0.9827600717544556,0.00029546022415161133
topk_10,178,Agnostida,Into which two suborders is the order Agnostida divided?,Agnostina and Eodiscina,The order Agnostida is divided into two suborders - Agnostina and Eodiscina.,Agnostida | Asparagales | Alismatales | Asparagales | Asparagales | Actinopterygii | Asparagales | Actinopterygii | Asparagales | Asparagales,"Agnostida are an order of extinct arthropods which have classically been seen as a group of highly modified trilobites, though some recent research has doubted this placement. Regardless, they appear to be close relatives as part of the Artiopoda. They are present in the Lower Cambrian fossil record along with trilobites from the Redlichiida, Corynexochida, and Ptychopariida orders, and were highly diverse throughout the Cambrian. Agnostidan diversity severely declined during the Cambrian-Ordovi",False,True,1.0,0.9286338686943054,0.00010228157043457031
topk_10,179,Agnostida,In which geological period did the last agnostidans go extinct?,Late Ordovician,The last agnostidans went extinct in the Late Ordovician.,Agnostida | Agnostida | Atlantic Ocean | Atlantic Ocean | Aegean Sea | Atlantic Ocean | Alps | Aegean Sea | Aegean Sea | Amphibian,"Agnostida are an order of extinct arthropods which have classically been seen as a group of highly modified trilobites, though some recent research has doubted this placement. Regardless, they appear to be close relatives as part of the Artiopoda. They are present in the Lower Cambrian fossil record along with trilobites from the Redlichiida, Corynexochida, and Ptychopariida orders, and were highly diverse throughout the Cambrian. Agnostidan diversity severely declined during the Cambrian-Ordovi",False,True,1.0,0.9563963413238525,6.794929504394531e-06
topk_10,180,Abortion,What percentage of all pregnancies end in a miscarriage or spontaneous abortion according to the passage?,Approximately 30% to 40% of all pregnancies.,"According to the passage, between 15% and 30% of known pregnancies end in clinically apparent miscarriage, depending upon the age and health of the pregnant woman.",Abortion | Abortion | Abortion | Abortion | Abortion | Abortion | Abortion | Abortion | Abortion | Abortion,"Specific procedures may also be selected due to legality, regional availability, and doctor or a woman's personal preference. Reasons for procuring induced abortions are typically characterized as either therapeutic or elective. An abortion is medically referred to as a therapeutic abortion when it is performed to save the life of the pregnant woman; to prevent harm to the woman's physical or mental health; to terminate a pregnancy where indications are that the child will have a significantly i",False,True,0.4,0.9663115739822388,0.06307721138000488
topk_10,181,Abortion,"According to the passage, how does the risk of maternal mortality in the United States after an induced abortion compare to the risk after childbirth?",The risk of maternal mortality is 14 times lower after an induced abortion than after childbirth.,"According to the passage, the risk of maternal mortality is 14 times lower after an induced abortion than after childbirth in the United States.",Abortion | Abortion | Abortion | Abortion | Abortion | Abortion | Abortion | Abortion | Abortion | Abortion,"Abortion is the termination of a pregnancy by removal or expulsion of an embryo or fetus. An abortion that occurs without intervention is known as a miscarriage or ""spontaneous abortion""; these occur in approximately 30% to 40% of all pregnancies. When deliberate steps are taken to end a pregnancy, it is called an induced abortion, or less frequently ""induced miscarriage"". The unmodified word abortion generally refers to an induced abortion. The reasons why women have abortions are diverse and v",False,True,1.0,0.9432588219642639,0.022629261016845703
topk_10,182,American Revolutionary War,On what date did the American Revolutionary War end?,"September 3, 1783","The American Revolutionary War ended on September 3, 1783.",American Revolutionary War | American Revolutionary War | American Revolutionary War | American Revolutionary War | American Revolutionary War | American Revolutionary War | American Revolutionary War | American Civil War | American Revolutionary War | American Revolutionary War,"The American Revolutionary War (April 19, 1775 – September 3, 1783), also known as the Revolutionary War or American War of Independence, was the military conflict of the American Revolution in which American Patriot forces under George Washington's command defeated the British, resulting in the Treaty of Paris (1783) recognizing the independence and sovereignty of the United States. Fighting began on April 19, 1775, at the Battles of Lexington and Concord. The war was formalized and intensified",False,True,1.0,0.9220355153083801,9.202957153320312e-05
topk_10,183,American Revolutionary War,Which two European kingdoms eventually supported the American patriot forces?,The Kingdom of France and the Kingdom of Spain,"Based on the given context, the two European kingdoms that eventually supported the American patriot forces were:

1. France
2. Spain

Specifically, the text mentions that:

- France provided the Continental Army with informal economic and military support from the beginning of the war.
- France provided the Continental Army with formal military support through the Treaty of Amity and Commerce and the Treaty of Alliance in February 1778.
- Spain was invited to join the war in America but declined, mainly due to concerns over the impact of the Revolution on Spanish colonies in the Americas.",American Revolutionary War | American Revolutionary War | American Revolutionary War | American Revolutionary War | American Revolutionary War | American Revolutionary War | American Revolutionary War | American Revolutionary War | American Revolutionary War | American Revolutionary War,"Patriots generally supported independence from Britain and a new national union in Congress, while Loyalists remained faithful to British rule. Estimates of numbers vary, one suggestion being the population as a whole was split evenly between committed Patriots, committed Loyalists, and those who were indifferent. Others calculate the split as 40% Patriot, 40% neutral, 20% Loyalist, but with considerable regional variations.

At the onset of the war, the Second Continental Congress realized defe",False,True,0.6666666666666666,0.3518146574497223,0.1321781873703003
topk_10,184,Ampere,What is the symbol used for the unit ampere?,A,The symbol used for the unit ampere is A.,Ampere | Ampere | Ampere | Ampere | Astronomical unit | Abbreviation | Ambiguity | A | ASCII | A,"The ampere ( ,  ; symbol: A), often shortened to amp, is the unit of electric current in the International System of Units (SI).  One ampere is equal to 1 coulomb moving past a point in 1 second, or  electrons' worth of charge moving past a point in 1 second. It is named after French mathematician and physicist André-Marie Ampère (1775–1836), considered the father of electromagnetism along with Danish physicist Hans Christian Ørsted.

As of the 2019 redefinition of the SI base units, the ampere ",False,True,,0.9841282963752747,0.00014150142669677734
topk_10,185,Ampere,"According to the passage, how much charge moving past a point in one second defines one ampere?",1 coulomb,"According to the passage, one ampere is equal to 1 coulomb moving past a point in 1 second.",Ampere | Ampere | Ampere | Ampere | Atomic orbital | Acoustic theory | Astronomical unit | Atomic physics | Alkali metal | Atom,"The ampere ( ,  ; symbol: A), often shortened to amp, is the unit of electric current in the International System of Units (SI).  One ampere is equal to 1 coulomb moving past a point in 1 second, or  electrons' worth of charge moving past a point in 1 second. It is named after French mathematician and physicist André-Marie Ampère (1775–1836), considered the father of electromagnetism along with Danish physicist Hans Christian Ørsted.

As of the 2019 redefinition of the SI base units, the ampere ",False,True,1.0,0.9820649027824402,0.0010163187980651855
topk_10,186,Algorithm,What term is used for algorithms that incorporate random input?,randomized algorithms,Randomized algorithms are used for algorithms that incorporate random input.,Algorithm | Algorithm | Algorithm | Artificial intelligence | Algorithm | Algorithm | Artificial intelligence | Algorithm | Algorithm | Algorithm,"In mathematics and computer science, an algorithm () is a finite sequence of rigorous instructions, typically used to solve a class of specific problems or to perform a computation. Algorithms are used as specifications for performing calculations and data processing. More advanced algorithms can use conditionals to divert the code execution through various routes (referred to as automated decision-making) and deduce valid inferences (referred to as automated reasoning), achieving automation eve",False,True,1.0,0.985629141330719,0.0004214644432067871
topk_10,187,Algorithm,"Which computer scientist used human characteristic terms such as ""memory"", ""search"", and ""stimulus"" as metaphors for machines?",Alan Turing,"Alan Turing used human characteristic terms such as ""memory"", ""search"", and ""stimulus"" as metaphors for machines.",Artificial intelligence | Artificial intelligence | Alan Turing | Artificial intelligence | Algorithm | Artificial intelligence | Artificial intelligence | Artificial intelligence | Artificial intelligence | Artificial intelligence,"Artificial intelligence (AI) is the intelligence of machines or software, as opposed to the intelligence of humans or animals. It is also the field of study in computer science that develops and studies intelligent machines. ""AI"" may also refer to the machines themselves.

AI technology is widely used throughout industry, government and science. Some high-profile applications are: advanced web search engines (e.g., Google Search), recommendation systems (used by YouTube, Amazon, and Netflix), un",False,True,1.0,0.9870598316192627,0.00045031309127807617
topk_10,188,Annual plant,What is an annual plant defined as in the passage?,"A plant that completes its life cycle, from germination to the production of seeds, within one growing season, and then dies.","An annual plant is defined as a plant that completes its life cycle, from germination to the production of seeds, within one growing season, and then dies.",Annual plant | Annual plant | Apiaceae | Asteraceae | Agriculture | Asteraceae | Asparagales | Asteraceae | Agriculture | Apiaceae,"An annual plant is a plant that completes its life cycle, from germination to the production of seeds, within one growing season, and then dies. The length of growing seasons and period in which they take place vary according to geographical location, and may not correspond to the four traditional seasonal divisions of the year.

Description
With respect to the traditional seasons, annual plants are generally categorized into summer annuals and winter annuals. Summer annuals germinate during spr",False,True,1.0,0.9910923838615417,0.2217717170715332
topk_10,189,Annual plant,How long does it take oilseed rapa to complete a seed‑to‑seed life cycle under a bank of fluorescent lamps?,About five weeks.,"Under a bank of fluorescent lamps, oilseed rapa can go from seed-to-seed in about five weeks.",Annual plant | Aardvark | Amphibian | Asparagales | Algae | Annual plant | Apiales | Agriculture | Aardwolf | Aardvark,"An annual plant is a plant that completes its life cycle, from germination to the production of seeds, within one growing season, and then dies. The length of growing seasons and period in which they take place vary according to geographical location, and may not correspond to the four traditional seasonal divisions of the year.

Description
With respect to the traditional seasons, annual plants are generally categorized into summer annuals and winter annuals. Summer annuals germinate during spr",False,True,1.0,0.9837002158164978,0.04146230220794678
topk_10,190,Atlas (disambiguation),What is the Atlas that is described as an Ancient Greek Titanic deity?,Atlas (mythology),The Atlas that is described as an Ancient Greek Titanic deity is Atlas of Mauretania.,Athena | Atlas (disambiguation) | Aquarius (constellation) | Apollo | Aphrodite | Atlantic Ocean | Aegean Sea | Apollo | Athena | Achilles,"Athena or Athene, often given the epithet Pallas, is an ancient Greek goddess associated with wisdom, warfare, and handicraft who was later syncretized with the Roman goddess Minerva. Athena was regarded as the patron and protectress of various cities across Greece, particularly the city of Athens, from which she most likely received her name. The Parthenon on the Acropolis of Athens is dedicated to her. Her major symbols include owls, olive trees, snakes, and the Gorgoneion. In art, she is gene",False,True,0.5,0.9961413741111755,5.0067901611328125e-06
topk_10,191,Atlas (disambiguation),"Which Atlas is a historic movie theatre located in Istanbul, Turkey?",Atlas Cinema,"Atlas, California",Ankara | Ankara | Ankara | Aarhus | Ankara | Ankara | Ankara | Athens | Atlas (disambiguation) | Ankara,"Theater 

The Turkish State Theatres also has its head office in Ankara and runs the following stages in the city:

125. Yıl Çayyolu Sahnesi
Büyük Tiyatro,
Küçük Tiyatro,
Şinasi Sahnesi,
Akün Sahnesi,
Altındağ Tiyatrosu,
İrfan Şahinbaş Atölye Sahnesi,
Oda Tiyatrosu,
Mahir Canova Sahnesi,
Muhsin Ertuğrul Sahnesi.

In addition, the city is served by several private theater companies, among which Ankara Sanat Tiyatrosu, who have their own stage in the city center, is a notable example.

Museums 

T",False,True,0.5,0.9286070466041565,0.3361130952835083
topk_10,192,Mouthwash,What is the primary intended function of most mouthwashes?,They are antiseptic solutions intended to reduce the microbial load in the mouth.,"The primary intended function of most mouthwashes is to reduce the microbial load in the mouth, particularly targeting cavity-causing bacteria such as Streptococcus mutans.",Mouthwash | Mouthwash | Mouthwash | Mouthwash | Mouthwash | Mouthwash | Mouthwash | Mouthwash | Mouthwash | Mouthwash,"Mouthwash, mouth rinse, oral rinse, or mouth bath is a liquid which is held in the mouth passively or swirled around the mouth by contraction of the perioral muscles and/or movement of the head, and may be gargled, where the head is tilted back and the liquid bubbled at the back of the mouth.

Usually mouthwashes are antiseptic solutions intended to reduce the microbial load in the mouth, although other mouthwashes might be given for other reasons such as for their analgesic, anti-inflammatory o",False,True,0.625,0.6043717265129089,0.0008426904678344727
topk_10,193,Mouthwash,What effect can rinsing with water or mouthwash after brushing with a fluoride toothpaste have on salivary fluoride?,"It can reduce the availability of salivary fluoride, which can lower the anti‑cavity re‑mineralization and antibacterial effects of fluoride.",Rinsing with water or mouthwash after brushing with a fluoride toothpaste can reduce the availability of salivary fluoride.,Mouthwash | Mouthwash | Mouthwash | Mouthwash | Mouthwash | Mouthwash | Mouthwash | Mouthwash | Mouthwash | Mouthwash,"Mouthwash, mouth rinse, oral rinse, or mouth bath is a liquid which is held in the mouth passively or swirled around the mouth by contraction of the perioral muscles and/or movement of the head, and may be gargled, where the head is tilted back and the liquid bubbled at the back of the mouth.

Usually mouthwashes are antiseptic solutions intended to reduce the microbial load in the mouth, although other mouthwashes might be given for other reasons such as for their analgesic, anti-inflammatory o",False,True,0.4166666666666667,0.9819122552871704,0.12315452098846436
topk_10,194,Alexander the Great,At what age did Alexander III of Macedon succeed his father Philip II to the throne?,20,Alexander III of Macedon succeeded his father Philip II to the throne at the age of 20.,Alexander the Great | Alexander the Great | Alexander the Great | Alexander the Great | Alexander the Great | Alexander the Great | Alexander the Great | Alexander the Great | Alexander the Great | Alexander the Great,"Alexander III of Macedon (; 20/21 July 356 BC – 10/11 June 323 BC), commonly known as Alexander the Great, was a king of the ancient Greek kingdom of Macedon. He succeeded his father Philip II to the throne in 336 BC at the age of 20, and spent most of his ruling years conducting a lengthy military campaign throughout Western Asia and Egypt. By the age of 30, he had created one of the largest empires in history, stretching from Greece to northwestern India. He was undefeated in battle and is wid",False,True,1.0,0.9861976504325867,8.96453857421875e-05
topk_10,195,Alexander the Great,In which year did Alexander invade the Achaemenid Persian Empire?,334 BC,334 BC,Alexander the Great | Alexander the Great | Alexander the Great | Alexander the Great | Alexander the Great | Alexander the Great | Alexander the Great | Anatolia | Alexander the Great | Alexander the Great,"The end of Thebes cowed Athens, leaving all of Greece temporarily at peace. Alexander then set out on his Asian campaign, leaving Antipater as regent.

Conquest of the Achaemenid Persian Empire

Asia Minor

After his victory at the Battle of Chaeronea (338 BC), Philip II began the work of establishing himself as hēgemṓn () of a league which according to Diodorus was to wage a campaign against the Persians for the sundry grievances Greece suffered in 480 and free the Greek cities of the western c",False,True,1.0,0.8282420039176941,0.9826076552271843
topk_10,196,Alfred Korzybski,What is Alfred Korzybski's best known dictum?,The map is not the territory,"His best known dictum is ""The map is not the territory.""",Alfred Korzybski | Alfred Korzybski | Alfred Korzybski | Alfred Korzybski | Alfred Korzybski | Axiom | Anaximander | Arthur Schopenhauer | Axiom | Agnosticism,"Alfred Habdank Skarbek Korzybski (, ; July 3, 1879 – March 1, 1950) was a Polish-American independent scholar who developed a field called general semantics, which he viewed as both distinct from, and more encompassing than, the field of semantics. He argued that human knowledge of the world is limited both by the human nervous system and the languages humans have developed, and thus no one can have direct access to reality, given that the most we can know is that which is filtered through the b",False,True,1.0,0.9729189276695251,0.00038373470306396484
topk_10,197,Alfred Korzybski,In what year did Alfred Korzybski move to North America?,1916,1916,Alfred Korzybski | Alfred Korzybski | Alfred Korzybski | Atlantic Ocean | Amsterdam | Aruba | Antigua and Barbuda | Atlantic Ocean | A. E. van Vogt | Alexander Graham Bell,"Alfred Habdank Skarbek Korzybski (, ; July 3, 1879 – March 1, 1950) was a Polish-American independent scholar who developed a field called general semantics, which he viewed as both distinct from, and more encompassing than, the field of semantics. He argued that human knowledge of the world is limited both by the human nervous system and the languages humans have developed, and thus no one can have direct access to reality, given that the most we can know is that which is filtered through the b",False,True,1.0,0.4848572909832001,0.9907856341451406
topk_10,198,Asteroids (video game),Who designed the arcade game Asteroids?,Lyle Rains and Ed Logg,Lyle Rains and Ed Logg designed the arcade game Asteroids.,Asteroids (video game) | Asteroids (video game) | Asteroids (video game) | Asteroids (video game) | Asteroids (video game) | Asteroids (video game) | Asteroids (video game) | Asteroids (video game) | Asteroids (video game) | Asteroids (video game),"Asteroids is a space-themed multidirectional shooter arcade video game designed by Lyle Rains and Ed Logg released in November 1979 by Atari, Inc. The player controls a single spaceship in an asteroid field which is periodically traversed by flying saucers. The object of the game is to shoot and destroy the asteroids and saucers, while not colliding with either, or being hit by the saucers' counter-fire. The game becomes harder as the number of asteroids increases.

Asteroids was conceived durin",False,True,1.0,0.986409068107605,6.210803985595703e-05
topk_10,199,Asteroids (video game),How many upright and cocktail cabinets of Asteroids were sold?,"47,840 upright cabinets and 8,725 cocktail cabinets","47,840 upright cabinets and 8,725 cocktail cabinets.",Asteroids (video game) | Asteroid | Asteroid | Asteroids (video game) | Asteroids (video game) | Asteroid | Asteroid | Asteroids (video game) | Asteroid | Asteroids (video game),"Ports
Asteroids was released for the Atari VCS (later renamed the Atari 2600) and Atari 8-bit family in 1981, then the Atari 7800 in 1986. A port for the Atari 5200, identical to the Atari 8-bit computer version, was in development in 1982, but was not published. The Atari 7800 version was a launch title and includes cooperative play; the asteroids have colorful textures and the ""heartbeat"" sound effect remains intact. 

Programmers Brad Stewart and Bob Smith were unable to fit the Atari VCS por",False,True,1.0,0.9180563688278198,0.0032857656478881836
topk_10,200,Asparagales,"In which year was the order Asparagales first put forward, and who proposed it?",It was first put forward by Huber in 1977.,"According to the provided text, the order Asparagales was first put forward by Huber in 1977.",Asparagales | Asparagales | Asparagales | Asparagales | Asparagales | Asparagales | Asparagales | Augustin-Jean Fresnel | Albania | Andorra,"The typical 'Arabidopsis-type' sequence of bases has been fully or partially replaced by other sequences, with the 'human-type' predominating.
 Other apomorphic characters of the order according to Stevens are: the presence of chelidonic acid, anthers longer than wide, tapetal cells bi- to tetra-nuclear, tegmen not persistent, endosperm helobial, and loss of mitochondrial gene sdh3.

Taxonomy

As circumscribed within the Angiosperm Phylogeny Group system Asparagales is the largest order within t",False,True,1.0,0.9450701475143433,0.00013554096221923828
topk_10,201,Asparagales,"According to the APG circumscription, how many families, genera, and species are included in Asparagales?","Asparagales includes 14 families, 1,122 genera, and about 36,000 species.","According to the APG circumscription, Asparagales is the largest order of monocots with 14 families, 1,122 genera, and about 36,000 species.",Asparagales | Asparagales | Asparagales | Asparagales | Asparagales | Asparagales | Asparagales | Asparagales | Asparagales | Asparagales,"Asparagales (asparagoid lilies) is an order of plants in modern classification systems such as the Angiosperm Phylogeny Group (APG) and the Angiosperm Phylogeny Web. The order takes its name from the type family Asparagaceae and is placed in the monocots amongst the lilioid monocots. The order has only recently been recognized in classification systems. It was first put forward by Huber in 1977 and later taken up in the Dahlgren system of 1985 and then the APG in 1998, 2003 and 2009. Before this",False,True,0.9090909090909091,0.9510824680328369,0.0022475123405456543
topk_10,202,Alismatales,How many species are included in the Alismatales order?,"about 4,500 species","About 4,500 species are included in the Alismatales order.",Alismatales | Alismatales | Alismatales | Actinopterygii | Asparagales | Actinopterygii | Asparagales | Asparagales | Actinopterygii | Actinopterygii,"The Alismatales (alismatids) are an order of flowering plants including about 4,500 species. Plants assigned to this order are mostly tropical or aquatic. Some grow in fresh water, some in marine habitats. Perhaps the most important food crop in the order is the corm of the taro plant, Colocasia esculenta.

Description
The Alismatales comprise herbaceous flowering plants of often aquatic and marshy habitats, and the only monocots known to have green embryos other than the Amaryllidaceae. They al",False,True,1.0,0.9789157509803772,0.00020736455917358398
topk_10,203,Alismatales,What is the most important food crop in the Alismatales order?,"the corm of the taro plant, Colocasia esculenta","The most important food crop in the Alismatales order is the corm of the taro plant, Colocasia esculenta.",Alismatales | Alismatales | Asparagales | Ancient Egypt | Almond | Alismatales | Asparagales | Albania | Agriculture | Agriculture,"The Alismatales (alismatids) are an order of flowering plants including about 4,500 species. Plants assigned to this order are mostly tropical or aquatic. Some grow in fresh water, some in marine habitats. Perhaps the most important food crop in the order is the corm of the taro plant, Colocasia esculenta.

Description
The Alismatales comprise herbaceous flowering plants of often aquatic and marshy habitats, and the only monocots known to have green embryos other than the Amaryllidaceae. They al",False,True,1.0,0.9731971621513367,0.00018519163131713867
topk_10,204,Apiales,Which well‑known members are included in the order Apiales?,"carrots, celery, parsley, and Hedera helix (English ivy).","Well-known members included in the order Apiales are carrots, celery, parsley, and Hedera helix (English ivy).",Apiales | Apiaceae | Asparagales | Apiaceae | Apiaceae | Asparagales | Alismatales | Apiaceae | Asparagales | Alismatales,"The Apiales are an order of flowering plants. The families are those recognized in the APG III system. This is typical of the newer classifications, though there is some slight variation and in particular, the Torriceliaceae may also be divided.

Under this definition, well-known members include carrots, celery, parsley, and Hedera helix (English ivy).

The order Apiales is placed within the asterid group of eudicots as circumscribed by the APG III system. Within the asterids, Apiales belongs to",False,True,1.0,0.9692806005477905,0.0032857656478881836
topk_10,205,Apiales,"Within the asterids, to which unranked group does the order Apiales belong?",the campanulids.,"To determine within the asterids to which unranked group the order Apiales belongs, let's follow the provided context step-by-step:

1. **Identify the relevant section**: We need to find where it mentions the unranked group to which Apiales belongs within the asterids.

2. **Locate the specific information**:
   - Under the heading ""Taxonomy"", it states: ""Within the asterids, Apiales belongs to an unranked group called the campanulids.""

3. **Extract the answer**: From the text, we see that Apiales is part of the unranked group called the campanulids.

Therefore, within the asterids, the order Apiales belongs to the unranked group called the campanulids.",Apiales | Asparagales | Asparagales | Alismatales | Asparagales | Asparagales | Apiaceae | Asparagales | Asparagales | Asparagales,"The Apiales are an order of flowering plants. The families are those recognized in the APG III system. This is typical of the newer classifications, though there is some slight variation and in particular, the Torriceliaceae may also be divided.

Under this definition, well-known members include carrots, celery, parsley, and Hedera helix (English ivy).

The order Apiales is placed within the asterid group of eudicots as circumscribed by the APG III system. Within the asterids, Apiales belongs to",False,True,1.0,0.9104162454605103,0.1248517632484436
topk_10,206,Asterales,What nutrient storage molecule do Asterales use instead of starch?,oligosaccharide inulin,Asterales use inulin as a nutrient storage molecule instead of starch.,Asterales | Asteraceae | Asterales | Asteraceae | Algae | Asteraceae | Algae | Astatine | Asteraceae | Amino acid,"Asterales () is an order of dicotyledonous flowering plants that includes the large family Asteraceae (or Compositae) known for composite flowers made of florets, and ten families related to the Asteraceae. While asterids in general are characterized by fused petals, composite flowers consisting of many florets create the false appearance of separate petals (as found in the rosids).

The order is cosmopolitan (plants found throughout most of the world including desert and frigid zones), and incl",False,True,0.5,0.9702270030975342,2.0384788513183594e-05
topk_10,207,Asterales,"What are the two growth forms, besides herbaceous species, that are present in the order Asterales?",trees and shrubs,"The two growth forms, besides herbaceous species, that are present in the order Asterales are trees and shrubs.",Asterales | Asteraceae | Asteraceae | Asterales | Asterales | Asteraceae | Asparagales | Asparagales | Asparagales | Asparagales,"Asterales () is an order of dicotyledonous flowering plants that includes the large family Asteraceae (or Compositae) known for composite flowers made of florets, and ten families related to the Asteraceae. While asterids in general are characterized by fused petals, composite flowers consisting of many florets create the false appearance of separate petals (as found in the rosids).

The order is cosmopolitan (plants found throughout most of the world including desert and frigid zones), and incl",False,True,1.0,0.7396915555000305,0.0005378127098083496
topk_10,208,Asteroid,What are the three classification types of asteroids mentioned in the passage?,"C-type, M-type, and S-type.","The three classification types of asteroids mentioned in the passage are:

1. C-type - Carbonaceous (carbon-rich)
2. S-type - Silicaceous (stony)
3. M-type - Metallic",Asteroid | Asteroid | Asteroid | Asteroid | Asteroid | Asteroid | Asteroid | Asteroid | Asteroid | Asteroid,"Sometimes these horseshoe objects temporarily become quasi-satellites for a few decades or a few hundred years, before returning to their earlier status. Both Earth and Venus are known to have quasi-satellites.

Such objects, if associated with Earth or Venus or even hypothetically Mercury, are a special class of Aten asteroids. However, such objects could be associated with the outer planets as well.

Spectral classification 

In 1975, an asteroid taxonomic system based on color, albedo, and sp",False,True,1.0,0.6345965266227722,0.0283014178276062
topk_10,209,Asteroid,What percentage of Earth's Moon's mass does the total mass of all asteroids represent?,3%,3%,Asteroid | Asteroid | Asteroid | Asteroid | Asteroid | Asteroid | Asteroid | Asteroid | Asteroid | Asteroid,"On some rare occasions, a near-Earth asteroid may briefly become visible without technical aid; see 99942 Apophis.

The mass of all the objects of the asteroid belt, lying between the orbits of Mars and Jupiter, is estimated to be , ≈ 3.25% of the mass of the Moon. Of this, Ceres comprises , about 40% of the total. Adding in the next three most massive objects, Vesta (11%), Pallas (8.5%), and Hygiea (3–4%), brings this figure up to a bit over 60%, whereas the next seven most-massive asteroids br",False,True,1.0,0.5702855587005615,0.8568122833967209
topk_10,210,Allocution,What is an allocution according to the passage?,A formal statement made to the court by the defendant who has been found guilty prior to being sentenced.,An allocution is a formal statement made to the court by the defendant who has been found guilty prior to being sentenced. It is part of the criminal procedure in some jurisdictions using common law.,Allocution | Arraignment | Arraignment | Anaximander | Affirming the consequent | Affidavit | Anaximander | Anaximander | Articles of Confederation | Arsenic,"An allocution, or allocutus, is a formal statement made to the court by the defendant who has been found guilty prior to being sentenced. It is part of the criminal procedure in some jurisdictions using common law.

Concept 
An allocution allows the defendant to explain why the sentence should be lenient. In plea bargains, an allocution may be required of the defendant. The defendant explicitly admits specifically and in detail the actions and their reasons in exchange for a reduced sentence.

I",False,True,1.0,0.9858438968658447,0.82949198782444
topk_10,211,Allocution,"In Australia, who uses the term allocutus and how is it phrased?","It is used by the Clerk of Arraigns or another formal associate of the court, phrased as, ""Prisoner at the Bar, you have been found Guilty by a jury of your peers of the offense of XYZ. Do you have anything to say as to why the sentence of this Court should not now be passed upon you?""","In Australia, the term ""allocutus"" is used by the Clerk of Arraigns or another formal associate of the court. It is generally phrased as, ""Prisoner at the Bar, you have been found Guilty by a jury of your peers of the offense of XYZ. Do you have anything to say as to why the sentence of this Court should not now be passed upon you?""",Allocution | Adelaide | Adelaide | Alps | Adelaide | Asia | Adelaide | Agnosticism | A | Adelaide,"An allocution, or allocutus, is a formal statement made to the court by the defendant who has been found guilty prior to being sentenced. It is part of the criminal procedure in some jurisdictions using common law.

Concept 
An allocution allows the defendant to explain why the sentence should be lenient. In plea bargains, an allocution may be required of the defendant. The defendant explicitly admits specifically and in detail the actions and their reasons in exchange for a reduced sentence.

I",False,True,1.0,0.9592100977897644,0.6451757848262787
topk_10,212,Affidavit,What is an affidavit as defined in the passage?,A written statement voluntarily made by an affiant or deponent under an oath or affirmation which is administered by a person authorized by law.,"An affidavit is a written statement voluntarily made by an affiant or deponent under an oath or affirmation which is administered by a person who is authorized to do so by law. Such a statement is witnessed as to the authenticity of the affiant's signature by a taker of oaths, such as a notary public or commissioner of oaths.",Affidavit | Affidavit | Affidavit | Affidavit | Arraignment | Arraignment | Appellate procedure in the United States | Appellate procedure in the United States | Appellate procedure in the United States | Appellate procedure in the United States,"An  ( ; Medieval Latin for ""he has declared under oath"") is a written statement voluntarily made by an affiant or deponent under an oath or affirmation which is administered by a person who is authorized to do so by law. Such a statement is witnessed as to the authenticity of the affiant's signature by a taker of oaths, such as a notary public or commissioner of oaths. An affidavit is a type of verified statement or showing, or in other words, it contains a verification, which means that it is m",False,True,1.0,0.9886221289634705,0.8590145260095596
topk_10,213,Affidavit,Who may witness the authenticity of the affiant's signature according to the passage?,"A taker of oaths, such as a notary public or commissioner of oaths.","According to the passage, a taker of oaths, such as a notary public or commissioner of oaths, may witness the authenticity of the affiant's signature.",Affidavit | Affirming the consequent | Affidavit | Allah | Affidavit | Agnosticism | Affirming the consequent | Avicenna | Affidavit | Anglicanism,"An  ( ; Medieval Latin for ""he has declared under oath"") is a written statement voluntarily made by an affiant or deponent under an oath or affirmation which is administered by a person who is authorized to do so by law. Such a statement is witnessed as to the authenticity of the affiant's signature by a taker of oaths, such as a notary public or commissioner of oaths. An affidavit is a type of verified statement or showing, or in other words, it contains a verification, which means that it is m",False,True,1.0,0.9906314611434937,0.024214565753936768
topk_10,214,Aries (constellation),What is the area of the Aries constellation in square degrees?,441 square degrees,The area of the Aries constellation is 441 square degrees.,Aries (constellation) | Aries (constellation) | Aries (constellation) | Aries (constellation) | Aries (constellation) | Aries (constellation) | Aries (constellation) | Aries (constellation) | Aquarius (constellation) | Aries (constellation),"Aries  is one of the constellations of the zodiac. It is located in the Northern celestial hemisphere between Pisces to the west and Taurus to the east. The name Aries is Latin for ram. Its old astronomical symbol is  (♈︎). It is one of the 48 constellations described by the 2nd century astronomer Ptolemy, and remains one of the 88 modern constellations.  It is a mid-sized constellation ranking 39th in overall size, with an area of 441 square degrees (1.1% of the celestial sphere).

Aries has re",False,True,1.0,0.9703385829925537,5.7220458984375e-05
topk_10,215,Aries (constellation),What rank does Aries hold in overall size among constellations?,39th,Aries ranks 39th in overall size among the 88 modern constellations.,Aries (constellation) | Aries (constellation) | Aries (constellation) | Aries (constellation) | Aries (constellation) | Aries (constellation) | Aries (constellation) | Aries (constellation) | Aries (constellation) | Aries (constellation),"Aries  is one of the constellations of the zodiac. It is located in the Northern celestial hemisphere between Pisces to the west and Taurus to the east. The name Aries is Latin for ram. Its old astronomical symbol is  (♈︎). It is one of the 48 constellations described by the 2nd century astronomer Ptolemy, and remains one of the 88 modern constellations.  It is a mid-sized constellation ranking 39th in overall size, with an area of 441 square degrees (1.1% of the celestial sphere).

Aries has re",False,True,1.0,0.9546570777893066,7.081031799316406e-05
topk_10,216,Aquarius (constellation),"What is the apparent magnitude of Beta Aquarii, the brightest star in Aquarius?",2.9,"The apparent magnitude of Beta Aquarii, the brightest star in Aquarius, is 2.64.",Aquarius (constellation) | Aquarius (constellation) | Aquarius (constellation) | Aquarius (constellation) | Aries (constellation) | Aquarius (constellation) | Aries (constellation) | Aquarius (constellation) | Aquarius (constellation) | Aries (constellation),"The two brightest stars, α Aquarii and β Aquarii, are luminous yellow supergiants, of spectral types G0Ib and G2Ib respectively, that were once hot blue-white B-class main sequence stars 5 to 9 times as massive as the Sun. The two are also moving through space perpendicular to the plane of the Milky Way. Just shading α, β Aquarii is the brightest star in Aquarius with apparent  It also has the proper name of Sadalsuud. Having cooled and swollen to around 50 times the Sun's diameter, it is around",False,True,0.5,0.24314410984516144,6.532669067382812e-05
topk_10,217,Aquarius (constellation),What title is given to Aquarius in the Babylonian star catalogues?,The Great One,"The title given to Aquarius in the Babylonian star catalogues is ""The Great One.""",Aquarius (constellation) | Aquarius (constellation) | Aquarius (constellation) | Aquarius (constellation) | Aquarius (constellation) | Aquarius (constellation) | Aries (constellation) | Aries (constellation) | Aries (constellation) | Astrometry,"Aquarius is an equatorial constellation of the zodiac, between Capricornus and Pisces. Its name is Latin for ""water-carrier"" or ""cup-carrier"", and its old astronomical symbol is  (♒︎), a representation of water. Aquarius is one of the oldest of the recognized constellations along the zodiac (the Sun's apparent path). It was one of the 48 constellations listed by the 2nd century astronomer Ptolemy, and it remains one of the 88 modern constellations. It is found in a region often called the Sea du",False,True,1.0,0.987449049949646,0.0007193684577941895
topk_10,218,Anime,When did the earliest commercial Japanese animations date to?,1917,The earliest commercial Japanese animations date to 1917.,Anime | Anime | Anime | Animation | Animation | Animation | Animation | Anime | Anime | Anime,"Puppets of the bunraku theater and ukiyo-e prints are considered ancestors of characters of most Japanese animations. Finally, mangas were a heavy inspiration for anime. Cartoonists Kitzawa Rakuten and Okamoto Ippei used film elements in their strips.

Pioneers 

Animation in Japan began in the early 20th century, when filmmakers started to experiment with techniques pioneered in France, Germany, the United States, and Russia. A claim for the earliest Japanese animation is Katsudō Shashin (), a ",False,True,1.0,0.9568324089050293,0.00015473365783691406
topk_10,219,Anime,Which cartoonist's works contributed to the emergence of a characteristic anime art style in the 1960s?,Osamu Tezuka,Osamu Tezuka's works contributed to the emergence of a characteristic anime art style in the 1960s.,Anime | Anime | Anime | Anime | Anime | Anime | Anime | Anime | Anime | Anime,"is hand-drawn and computer-generated animation originating from Japan. Outside Japan and in English, anime refers specifically to animation produced in Japan. However, in Japan and in Japanese,  (a term derived from a shortening of the English word animation) describes all animated works, regardless of style or origin. Many works of animation with a similar style to Japanese animation are also produced outside Japan. Video games sometimes also feature themes and artstyles that can be considered ",False,True,1.0,0.9762826561927795,4.398822784423828e-05
topk_10,220,Ankara,What are the historical names of Ankara?,Ancyra and Angora,"Historically, Ankara has been known by the following names:

1. Ancyra
2. Angora
3. Ánkyra (Greek)
4. Ancyra (Latin)",Ankara | Ankara | Ankara | Ankara | Ankara | Ankara | Ankara | Ankara | Anatolia | Ankara,"The area is also known for its pears, honey and Muscat grapes. Although situated in one of the driest regions of Turkey and surrounded mostly by steppe vegetation (except for the forested areas on the southern periphery), Ankara can be considered a green city in terms of green areas per inhabitant, at  per head.

Etymology 

The orthography of the name Ankara has varied over the ages. It has been identified with the Hittite cult center Ankuwaš,  although this remains a matter of debate. In class",False,True,1.0,0.44276726245880127,0.15456730127334595
topk_10,221,Ankara,On what date was the Grand National Assembly of Turkey established in Ankara?,23 April 1920,The Grand National Assembly of Turkey was established in Ankara on 23 April 1920.,Ankara | Ankara | Ankara | Ankara | Ankara | Ankara | Ankara | Anatolia | Ankara | Ankara,"Ankara ( ,  ; ), historically known as Ancyra and Angora, is the capital of Turkey. Located in the central part of Anatolia, the city has a population of 5.1 million in its urban center and 5.7 million in Ankara Province, making it Turkey's second-largest city after Istanbul, but first by the urban area (2,767 km2).

Serving as the capital of the ancient Celtic state of Galatia (280–64 BC), and later of the Roman province with the same name (25 BC–7th century), the city is very old, with various",False,True,1.0,0.9577906131744385,3.3736228942871094e-05
topk_10,222,Arabic,In which century did Arabic emerge?,It emerged in the 1st century AD.,Arabic emerged in the 1st century AD.,Arabic | Arabic | Arabic | Arabic | Arabic | Arabic | Arabic | Arabic | Arabic | Arabic,"This variety and both its classicizing and ""lay"" iterations have been termed Middle Arabic in the past, but they are thought to continue an Old Higazi register. It is clear that the orthography of the Qur'an was not developed for the standardized form of Classical Arabic; rather, it shows the attempt on the part of writers to record an archaic form of Old Higazi.

In the late 6th century AD, a relatively uniform intertribal ""poetic koine"" distinct from the spoken vernaculars developed based on t",False,True,1.0,0.9892761707305908,0.002070784568786621
topk_10,223,Arabic,Arabic is an official language of how many states?,It is an official language of 26 states and 1 disputed territory.,"According to the information provided, Arabic is an official language of 26 states and 1 disputed territory, the third most after English and French.",Arabic | Arabic | Algeria | Arabic | Arabic | Arabic | Arabic | Afroasiatic languages | Arabic | Arabic,"Arabic (,  ; ,   or ) is a Semitic language spoken primarily across the Arab world. Having emerged in the 1st century AD, it is named after the Arab people; the term ""Arab"" was initially used to describe those living in the Arabian Peninsula, as perceived by geographers from ancient Greece.

Since the 7th century, Arabic has been characterized by diglossia, with an opposition between a standard prestige language—i.e., Literary Arabic: Modern Standard Arabic (MSA) or Classical Arabic—and diverse ",False,True,1.0,0.9152296781539917,0.1721022129058838
topk_10,224,Alfred Hitchcock,How many Academy Award nominations did Alfred Hitchcock's films receive?,46,"Based on the provided context, Alfred Hitchcock's films received 46 Academy Award nominations.",Alfred Hitchcock | Alfred Hitchcock | Alfred Hitchcock | Alfred Hitchcock | Alfred Hitchcock | Alfred Hitchcock | Alfred Hitchcock | Alfred Hitchcock | Alfred Hitchcock | Alfred Hitchcock,"Sir Alfred Joseph Hitchcock  (13 August 1899 – 29 April 1980) was an English film director, screenwriter, producer and editor. He is widely regarded as one of the most influential figures in the history of cinema. In a career spanning six decades, he directed over 50 feature films, many of which are still widely watched and studied today. Known as the ""Master of Suspense"", he became as well known as any of his actors thanks to his many interviews, his cameo roles in most of his films, and his ho",False,True,1.0,0.9852024912834167,0.00016033649444580078
topk_10,225,Alfred Hitchcock,What was the title of Alfred Hitchcock's directorial debut?,The Pleasure Garden,The title of Alfred Hitchcock's directorial debut was The Pleasure Garden (1925).,Alfred Hitchcock | Alfred Hitchcock | Alfred Hitchcock | Alfred Hitchcock | Alfred Hitchcock | Alfred Hitchcock | Alfred Hitchcock | Alfred Hitchcock | Alfred Hitchcock | Alfred Hitchcock,"Sir Alfred Joseph Hitchcock  (13 August 1899 – 29 April 1980) was an English film director, screenwriter, producer and editor. He is widely regarded as one of the most influential figures in the history of cinema. In a career spanning six decades, he directed over 50 feature films, many of which are still widely watched and studied today. Known as the ""Master of Suspense"", he became as well known as any of his actors thanks to his many interviews, his cameo roles in most of his films, and his ho",False,True,1.0,0.9636824727058411,3.5762786865234375e-06
topk_10,226,Anaconda,How many species of anacondas are currently recognized?,Four species,Four species are currently recognized.,Anaconda | Anaconda | Amphibian | Apiaceae | Amphibian | Actinopterygii | Algae | Apiaceae | Actinopterygii | Asparagales,"Anacondas or water boas are a group of large snakes of the genus Eunectes. They are found in tropical South America. Four species are currently recognized.

Description
Although the name applies to a group of snakes, it is often used to refer only to one species, in particular, the common or green anaconda (Eunectes murinus), which is the largest snake in the world by weight, and the second longest after the reticulated python.

Etymology
The South American names anacauchoa and anacaona were sug",False,True,1.0,0.9899212121963501,5.2928924560546875e-05
topk_10,227,Anaconda,Which anaconda species is the largest snake in the world by weight?,the common or green anaconda (Eunectes murinus),The common or green anaconda (Eunectes murinus) is the largest snake in the world by weight.,Anaconda | Anaconda | Amphibian | Amphibian | Amphibian | Actinopterygii | Aardvark | Amphibian | Aardvark | Anatomy,"Anacondas or water boas are a group of large snakes of the genus Eunectes. They are found in tropical South America. Four species are currently recognized.

Description
Although the name applies to a group of snakes, it is often used to refer only to one species, in particular, the common or green anaconda (Eunectes murinus), which is the largest snake in the world by weight, and the second longest after the reticulated python.

Etymology
The South American names anacauchoa and anacaona were sug",False,True,1.0,0.9730667471885681,0.0003777742385864258
topk_10,228,Altaic languages,Which language families are included in the proposed Altaic language family according to the passage?,"The Turkic, Mongolic, and Tungusic language families, and possibly also the Japonic and Koreanic languages.","Based on the information provided in the passage, the proposed Altaic language family includes the following language families:

1. Turkic
2. Mongolic
3. Tungusic
4. Possibly also Japonic and Korean

Specifically, the passage mentions that the hypothetical language family would include ""the Turkic, Mongolic and Tungusic language families and possibly also the Japonic and Koreanic languages.""",Altaic languages | Altaic languages | Altaic languages | Altaic languages | Altaic languages | Altaic languages | Altaic languages | Altaic languages | Altaic languages | Altaic languages,"Altaic () is a controversial proposed language family that would include the Turkic, Mongolic and Tungusic language families and possibly also the Japonic and Koreanic languages. The hypothetical language family has long been rejected by most comparative linguists, although it continues to be supported by a small but stable scholarly minority. Speakers of the constituent languages are currently scattered over most of Asia north of 35° N and in some eastern parts of Europe, extending in longitude",False,True,1.0,0.923493504524231,0.11230766773223877
topk_10,229,Altaic languages,In which century was the Altaic family first proposed?,In the 18th century.,The Altaic family was first proposed in the 18th century.,Altaic languages | Altaic languages | Altaic languages | Altaic languages | Altaic languages | Altaic languages | Altaic languages | Altaic languages | Altaic languages | Altaic languages,"Altaic () is a controversial proposed language family that would include the Turkic, Mongolic and Tungusic language families and possibly also the Japonic and Koreanic languages. The hypothetical language family has long been rejected by most comparative linguists, although it continues to be supported by a small but stable scholarly minority. Speakers of the constituent languages are currently scattered over most of Asia north of 35° N and in some eastern parts of Europe, extending in longitude",False,True,1.0,0.9800598621368408,9.417533874511719e-06
topk_10,230,Austrian German,"In which year was the Österreichisches Wörterbuch, which formalized Austrian German, published?",1951,"The Österreichisches Wörterbuch, which formalized Austrian German, was published in 1951.",Austrian German | Austrian German | Austrian school of economics | Austrian German | Austrian German | Antisemitism | Austrian German | Austrian German | Altaic languages | Austrian school of economics,"Austrian German (), Austrian Standard German (ASG), Standard Austrian German (), Austrian High German (), or simply just Austrian (), is an official and standard variety of Standard High German written and spoken in Austria and Italian South Tyrol. It has the highest sociolinguistic prestige locally, as it is the variation used in the media and for other formal situations. In less formal situations, Austrians use Bavarian and Alemannic dialects, which are traditionally spoken but rarely written ",False,True,1.0,0.9691368341445923,5.7220458984375e-06
topk_10,231,Austrian German,Which language was adopted as the standard for Austrian German for pragmatic reasons?,The already-standardized chancellery language of Saxony (Sächsische Kanzleisprache or Meißner Kanzleideutsch).,"The language that was adopted as the standard for Austrian German for pragmatic reasons was the chancellery language of Saxony, which was based on the administrative language of the non-Austrian area of Meißen and Dresden.",Austrian German | Austrian German | Austrian German | Austrian German | Austrian German | Austrian German | Austrian German | Austrian school of economics | Austrian school of economics | Afroasiatic languages,"Austrian German (), Austrian Standard German (ASG), Standard Austrian German (), Austrian High German (), or simply just Austrian (), is an official and standard variety of Standard High German written and spoken in Austria and Italian South Tyrol. It has the highest sociolinguistic prestige locally, as it is the variation used in the media and for other formal situations. In less formal situations, Austrians use Bavarian and Alemannic dialects, which are traditionally spoken but rarely written ",False,True,0.36363636363636365,0.9590403437614441,0.12656909227371216
topk_10,232,Axiom of choice,Who formulated the axiom of choice and in what year?,Ernst Zermelo formulated the axiom of choice in 1904.,Ernst Zermelo formulated the axiom of choice in 1904.,Axiom of choice | Axiom of choice | Axiom of choice | Axiom of choice | Axiom of choice | Axiom of choice | Axiom of choice | Axiom of choice | Axiom of choice | Axiom,"In mathematics, the axiom of choice, abbreviated AC or AoC, is an axiom of set theory equivalent to the statement that a Cartesian product of a collection of non-empty sets is non-empty. Informally put, the axiom of choice says that given any collection of sets, each containing at least one element, it is possible to construct a new set by arbitrarily choosing one element from each set, even if the collection is infinite. Formally, it states that for every indexed family  of nonempty sets, there",False,True,1.0,0.9539130330085754,0.00015783309936523438
topk_10,233,Axiom of choice,What does the axiom of choice formally state for every indexed family of nonempty sets?,"It states that for every indexed family of nonempty sets, there exists an indexed set such that for every index i, the ith element of the indexed set is an element of the ith set.","The axiom of choice formally states that for every indexed family of nonempty sets, there exists an indexed set \( \{f_\alpha\}_{\alpha \in I} \) such that \( f_\alpha \) is an element of each set \( A_\alpha \) in the family.",Axiom of choice | Axiom of choice | Axiom of choice | Axiom of choice | Axiom of choice | Axiom of choice | Axiom of choice | Axiom of choice | Axiom of choice | Axiom of choice,"However, that particular case is a theorem of the Zermelo–Fraenkel set theory without the axiom of choice (ZF); it is easily proved by the principle of finite induction. In the even simpler case of a collection of one set, a choice function just corresponds to an element, so this instance of the axiom of choice says that every nonempty set has an element; this holds trivially. The axiom of choice can be seen as asserting the generalization of this property, already evident for finite collections",False,True,0.8571428571428571,0.044645845890045166,0.03387594223022461
topk_10,234,Attila,When did Attila die?,March 453,"According to the passage, Attila died in the early months of 453.",Attila | Attila | Attila | Attila | Attila | Attila | Attila | Attila | Attila | Attila,"Attila (  or  ; ), frequently called Attila the Hun, was the ruler of the Huns from 434 until his death, in March 453. He was also the leader of an empire consisting of Huns, Ostrogoths, Alans, and Bulgars, among others, in Central and Eastern Europe.

During his reign, he was one of the most feared enemies of the Western and Eastern Roman Empires. He crossed the Danube twice and plundered the Balkans but was unable to take Constantinople. In 441, he led an invasion of the Eastern Roman (Byzanti",False,True,0.5,0.9048385620117188,0.012217700481414795
topk_10,235,Attila,Which groups were part of the empire Attila led?,"Huns, Ostrogoths, Alans, and Bulgars","Based on the context provided, Attila led an empire consisting of Huns, Ostrogoths, Alans, and Bulgars, among others, in Central and Eastern Europe.",Attila | Attila | Attila | Attila | Attila | Attila | Attila | Attila | Attila | Attila,"Attila (  or  ; ), frequently called Attila the Hun, was the ruler of the Huns from 434 until his death, in March 453. He was also the leader of an empire consisting of Huns, Ostrogoths, Alans, and Bulgars, among others, in Central and Eastern Europe.

During his reign, he was one of the most feared enemies of the Western and Eastern Roman Empires. He crossed the Danube twice and plundered the Balkans but was unable to take Constantinople. In 441, he led an invasion of the Eastern Roman (Byzanti",False,True,1.0,0.96791011095047,0.06566470861434937
topk_10,236,Aegean Sea,Which straits connect the Aegean Sea to the Marmara Sea and the Black Sea?,The Dardanelles and the Bosphorus,The Dardanelles and the Bosphoros straits connect the Aegean Sea to the Marmara Sea and the Black Sea.,Aegean Sea | Aegean Sea | Aegean Sea | Anatolia | Aegean Sea | Aegean Sea | Aegean Sea | Aegean Sea | Anatolia | Aegean Sea,"It ultimately connects with the Black Sea through the Bosphoros strait, upon which lies the city of Istanbul. The Dardanelles and the Bosphoros are known as the Turkish Straits.

Extent
According to the International Hydrographic Organization, the limits of the Aegean Sea as follows:

 On the south: A line running from Cape Aspro (28°16′E) in Asia Minor, to Cum Burnù (Capo della Sabbia) the Northeast extreme of the Island of Rhodes, through the island to Cape Prasonisi, the Southwest point there",False,True,0.5,0.9367720484733582,0.00923222303390503
topk_10,237,Aegean Sea,Which islands are included in the Dodecanese group?,"Rhodes, Kos, and Patmos","The Dodecanese group includes the following islands:

1. Rhodes
2. Kos
3. Patmos
4. Delos
5. Naxos",Archipelago | Aegean Sea | Asia | Aegean Sea | Alismatales | Atlantic Ocean | Aegean Sea | Archipelago | Anguilla | Apiaceae,"An archipelago ( ), sometimes called an island group or island chain, is a chain, cluster, or collection of islands, or sometimes a sea containing a small number of scattered islands.

Examples of archipelagos include: the Indonesian Archipelago, the Andaman and Nicobar Islands, the Lakshadweep Islands, the Galápagos Islands, the Japanese archipelago, the Philippine Archipelago, the Maldives, the Balearic Islands, the Åland Islands, The Bahamas, the Aegean Islands, the Hawaiian Islands, the Cana",False,True,1.0,0.8472668528556824,0.05910158157348633
topk_10,238,A Clockwork Orange (novel),Who is the author of A Clockwork Orange?,English writer Anthony Burgess,The author of A Clockwork Orange is Anthony Burgess.,A Clockwork Orange (novel) | A Clockwork Orange (novel) | A Clockwork Orange (novel) | A Clockwork Orange (novel) | A Clockwork Orange (novel) | A Clockwork Orange (novel) | A Clockwork Orange (novel) | A Clockwork Orange (novel) | Ayn Rand | A. E. van Vogt,"A Clockwork Orange is a dystopian satirical black comedy novel by English writer Anthony Burgess, published in 1962. It is set in a near-future society that has a youth subculture of extreme violence. The teenage protagonist, Alex, narrates his violent exploits and his experiences with state authorities intent on reforming him. The book is partially written in a Russian-influenced argot called ""Nadsat"", which takes its name from the Russian suffix that is equivalent to '-teen' in English. Accord",False,True,0.5,0.9829246401786804,5.4836273193359375e-06
topk_10,239,A Clockwork Orange (novel),In what year was A Clockwork Orange included on Time magazine's list of the 100 best English-language novels written since 1923?,2005,1983,A Clockwork Orange (novel) | A Clockwork Orange (novel) | A Clockwork Orange (novel) | A Clockwork Orange (novel) | A Clockwork Orange (novel) | Agatha Christie | A Clockwork Orange (novel) | Agatha Christie | A Clockwork Orange (novel) | Anatole France,"A Clockwork Orange is a dystopian satirical black comedy novel by English writer Anthony Burgess, published in 1962. It is set in a near-future society that has a youth subculture of extreme violence. The teenage protagonist, Alex, narrates his violent exploits and his experiences with state authorities intent on reforming him. The book is partially written in a Russian-influenced argot called ""Nadsat"", which takes its name from the Russian suffix that is equivalent to '-teen' in English. Accord",False,True,0.0,0.74644935131073,0.9961977750062943
topk_10,240,Amsterdam,What is the population of Amsterdam within the city proper?,"921,402","The population of Amsterdam within the city proper is 921,402.",Amsterdam | Amsterdam | Amsterdam | Amsterdam | Amsterdam | Amsterdam | Amsterdam | Amsterdam | Amsterdam | Amsterdam,"Cloudy and damp days are common during the cooler months of October through March.

Demographics

Historical population

In 1300, Amsterdam's population was around 1,000 people. While many towns in Holland experienced population decline during the 15th and 16th centuries, Amsterdam's population grew, mainly due to the rise of the profitable Baltic maritime trade especially in grain after the Burgundian victory in the Dutch–Hanseatic War in 1441. The population of Amsterdam was only modest compar",False,True,1.0,0.9716423153877258,2.4318695068359375e-05
topk_10,241,Amsterdam,"Which area, annexed in 1921, is the oldest part of Amsterdam dating to the 9th century?",Sloten,"Sloten, annexed in 1921 by the municipality of Amsterdam, is the oldest part of the city, dating to the 9th century.",Amsterdam | Amsterdam | Amsterdam | Amsterdam | Amsterdam | Amsterdam | Amsterdam | Amsterdam | Amsterdam | Amsterdam,"Amsterdam ( ,  , ; literally, ""The Dam on the River Amstel"") is the capital and most populated city of the Netherlands, with The Hague being the seat of government. It has a population of 921,402 within the city proper, 1,457,018 in the urban area and 2,480,394 in the metropolitan area. Located in the Dutch province of North Holland, Amsterdam is colloquially referred to as the ""Venice of the North"", for its large number of canals, now designated a UNESCO World Heritage Site.

Amsterdam was foun",False,True,1.0,0.9695172905921936,0.00023871660232543945
topk_10,242,Museum of Work,In which city is the Museum of Work located?,"Norrköping, Sweden.","The Museum of Work is located in Norrköping, Sweden.",Museum of Work | Athens | Amsterdam | Amsterdam | Aarhus | Amsterdam | Amsterdam | Athens | Amsterdam | Aarhus,"The Museum of Work (Arbetets museum) is a museum located in Norrköping, Sweden. The museum is located in the Strykjärn (Clothes iron), a former weaving mill in the old industrial area on the Motala ström river in the city centre of Norrköping. The former textile factory Holmens Bruk (sv) operated in the building from 1917 to 1962.

The museum documents work and everyday life by collecting personal stories about people's professional lives from both the past and the present. The museum's archive ",False,True,1.0,0.9830210208892822,0.00011146068572998047
topk_10,243,Museum of Work,Since what year has the museum housed the EWK – Center for Political Illustration Art?,2009.,"Since 2009, the museum has housed the EWK – Center for Political Illustration Art.",Museum of Work | Amsterdam | Museum of Work | Ankara | Andy Warhol | Aarhus | Andy Warhol | Andy Warhol | Aarhus | Abraham Lincoln,"The exhibition also consisted of presentations of the working life museums in Sweden and a number of rooms with themes such as: leisure, world, living and consumption.

Framtidsland (Future country) 
In 2014, the exhibition was inaugurated that takes by where Industriland ends: Future country. It is an exhibition that investigates what a sustainable society is will be part of the museum's exhibitions until 2019. The exhibition consists of materials that are designed based on conversations betwee",False,True,1.0,0.9782664179801941,0.00010514259338378906
topk_10,244,Audi,Where is Audi AG headquartered?,"Ingolstadt, Bavaria, Germany.","Audi AG is headquartered in Ingolstadt, Bavaria, Germany.",Audi | Audi | Audi | Audi | Audi | Audi | Audi | Audi | Audi | Audi,"Audi AG () is a German automotive manufacturer of luxury vehicles headquartered in Ingolstadt, Bavaria, Germany. A subsidiary of the Volkswagen Group, Audi produces vehicles in nine production facilities worldwide.

The origins of the company are complex, dating back to the early 20th century and the initial enterprises (Horch and the Audiwerke) founded by engineer August Horch (1868–1951). Two other manufacturers (DKW and Wanderer) also contributed to the foundation of Auto Union in 1932. The m",False,True,1.0,0.9829749464988708,0.00024825334548950195
topk_10,245,Audi,In how many production facilities worldwide does Audi produce vehicles?,Nine.,Nine,Audi | Audi | Audi | Audi | Audi | Audi | Audi | Audi | Audi | Audi,"One factor for its popularity in China is that Audis have become the car of choice for purchase by the Chinese government for officials, and purchases by the government are responsible for 20% of its sales in China. As of late 2009, Audi's operating profit of €1.17 billion ($1.85 billion) made it the biggest contributor to parent Volkswagen Group's nine-month operating profit of €1.5 billion, while the other marques in Group such as Bentley and SEAT had suffered considerable losses. May 2011 saw",False,True,1.0,0.6353250741958618,0.9323917701840401
topk_10,246,Aircraft,"What is the science of aviation, including designing and building aircraft, called?",Aeronautics.,"The science of aviation, including designing and building aircraft, is called aeronautics.",Aircraft | Aircraft | Aircraft | Aircraft | Aircraft | Aircraft | Aircraft | Aircraft | Aircraft | Architect,"An aircraft (: aircraft) is a vehicle that is able to fly by gaining support from the air. It counters the force of gravity by using either static lift or the dynamic lift of an airfoil, or, in a few cases, direct downward thrust from its engines. Common examples of aircraft include airplanes, helicopters, airships (including blimps), gliders, paramotors, and hot air balloons.

The human activity that surrounds aircraft is called aviation. The science of aviation, including designing and buildin",False,True,1.0,0.9779480695724487,0.00010347366333007812
topk_10,247,Aircraft,Into how many eras is the history of aircraft divided?,Five.,The history of aircraft is divided into five eras.,Aircraft | Aircraft | April 6 | Alexander Graham Bell | Aircraft | Angolan Armed Forces | Aircraft | Aircraft | Aircraft | April 1,"An aircraft (: aircraft) is a vehicle that is able to fly by gaining support from the air. It counters the force of gravity by using either static lift or the dynamic lift of an airfoil, or, in a few cases, direct downward thrust from its engines. Common examples of aircraft include airplanes, helicopters, airships (including blimps), gliders, paramotors, and hot air balloons.

The human activity that surrounds aircraft is called aviation. The science of aviation, including designing and buildin",False,True,1.0,0.9603291749954224,0.00020819902420043945
topk_10,248,Alfred Nobel,In what year was Alfred Nobel's invention dynamite patented?,1867,Dynamite was patented in 1867.,Alfred Nobel | Alfred Nobel | Alfred Nobel | Alfred Nobel | Alfred Nobel | Alfred Nobel | Alexander Graham Bell | Aluminium | Albert Einstein | Alexander Graham Bell,"Alfred Bernhard Nobel ( , ; 21 October 1833 – 10 December 1896) was a Swedish chemist, engineer, inventor, businessman, and philanthropist. He is known for creating dynamite as well as having bequeathed his fortune to establish the Nobel Prize. He also made several important contributions to science, holding 355 patents in his lifetime. Nobel's most famous invention was dynamite, an explosive using  nitroglycerin; it was patented in 1867.

Nobel displayed an early aptitude for science and learni",False,True,1.0,0.9658083915710449,0.0004858970642089844
topk_10,249,Alfred Nobel,How many patents did Alfred Nobel hold during his lifetime?,355,"During his lifetime, Alfred Nobel held 355 patents internationally.",Alfred Nobel | Alfred Nobel | Alfred Nobel | Alfred Nobel | Alfred Nobel | Alfred Nobel | Albert Einstein | Alfred Nobel | August 22 | Atom,"Alfred Bernhard Nobel ( , ; 21 October 1833 – 10 December 1896) was a Swedish chemist, engineer, inventor, businessman, and philanthropist. He is known for creating dynamite as well as having bequeathed his fortune to establish the Nobel Prize. He also made several important contributions to science, holding 355 patents in his lifetime. Nobel's most famous invention was dynamite, an explosive using  nitroglycerin; it was patented in 1867.

Nobel displayed an early aptitude for science and learni",False,True,1.0,0.9772776365280151,9.465217590332031e-05
topk_10,250,Alexander Graham Bell,On what date was Alexander Graham Bell awarded the first U.S. patent for the telephone?,"March 7, 1876.","March 7, 1876",Alexander Graham Bell | Alexander Graham Bell | Alexander Graham Bell | Alexander Graham Bell | Alexander Graham Bell | Alexander Graham Bell | Alexander Graham Bell | Alexander Graham Bell | Alexander Graham Bell | Alexander Graham Bell,"Alexander Graham Bell (, born Alexander Bell; March 3, 1847 – August 2, 1922) was a  Scottish-born inventor, scientist and engineer who is credited with patenting the first practical telephone. He also co-founded the American Telephone and Telegraph Company (AT&T) in 1885.

Bell's father, grandfather, and brother had all been associated with work on elocution and speech, and both his mother and wife were deaf; profoundly influencing Bell's life's work. His research on hearing and speech further ",False,True,1.0,0.8296164870262146,0.9991289344034158
topk_10,251,Alexander Graham Bell,"What position did Bell hold in the National Geographic Society, and during which years did he serve?","He was the second president, serving from January 7, 1898, until 1903.","Bell was elected as the second president of the National Geographic Society, serving until 1903.",Alexander Graham Bell | Alexander Graham Bell | Alexander Graham Bell | Alexander Graham Bell | Alexander Graham Bell | Alexander Graham Bell | Alexander Graham Bell | Alexander Graham Bell | Augustin-Jean Fresnel | Alexander Graham Bell,"The laboratory was also the site where he and his associate invented his ""proudest achievement"", ""the photophone"", the ""optical telephone"" which presaged fibre optical telecommunications while the Volta Bureau would later evolve into the Alexander Graham Bell Association for the Deaf and Hard of Hearing (the AG Bell), a leading center for the research and pedagogy of deafness.

In partnership with Gardiner Greene Hubbard, Bell helped establish the publication Science during the early 1880s. In 1",False,True,0.5555555555555556,0.9706507921218872,5.900859832763672e-05
topk_10,252,Anatolia,"Which seas bound Anatolia to the north, south, and west?","The Black Sea to the north, the Mediterranean Sea to the south, and the Aegean Sea to the west.","Anatolia is bordered by the Black Sea to the north, the Aegean Sea to the south, and the Mediterranean Sea to the west.",Anatolia | Aegean Sea | Aegean Sea | Aegean Sea | Anatolia | Anatolia | Aegean Sea | Aegean Sea | Anatolia | Ankara,"Anatolia, also known as Asia Minor, is a large peninsula in West Asia and is the western-most extension of continental Asia. The land mass of Anatolia constitutes most of the territory of contemporary Turkey. Geographically, the Anatolian region is bounded by the Turkish Straits to the north-west, the Black Sea to the north, the Armenian Highlands to the east, the Mediterranean Sea to the south, and the Aegean Sea to the west. Topographically, the Sea of Marmara connects the Black Sea with the A",False,True,1.0,0.9743961691856384,0.024869143962860107
topk_10,253,Anatolia,What were the major Anatolian languages mentioned in the passage?,"Hittite, Luwian, and Lydian.","The major Anatolian languages mentioned in the passage were Hittite, Luwian, and Lydian.",Anatolia | Anatolia | Anatolia | Anatolia | Anatolia | Anatolia | Ankara | Ankara | Anatolia | Anatolia,"Anatolia, also known as Asia Minor, is a large peninsula in West Asia and is the western-most extension of continental Asia. The land mass of Anatolia constitutes most of the territory of contemporary Turkey. Geographically, the Anatolian region is bounded by the Turkish Straits to the north-west, the Black Sea to the north, the Armenian Highlands to the east, the Mediterranean Sea to the south, and the Aegean Sea to the west. Topographically, the Sea of Marmara connects the Black Sea with the A",False,True,1.0,0.9838470816612244,6.020069122314453e-05
topk_10,254,Apple Inc.,In which city is Apple Inc. headquartered?,"Cupertino, California","Cupertino, California",Apple Inc. | Apple Inc. | Apple Inc. | Apple Inc. | Apple Inc. | Apple Inc. | Apple Inc. | Apple Inc. | Apple Inc. | Apple Inc.,"Apple Inc. is an American multinational technology company headquartered in Cupertino, California. , Apple is the world's biggest company by market capitalization, and with  the largest technology company by 2022 revenue. , Apple is the fourth-largest personal computer vendor by unit sales; the largest manufacturing company by revenue; and the second-largest mobile phone manufacturer in the world. It is considered one of the Big Five American information technology companies, alongside Alphabet ",False,True,1.0,0.9022812247276306,0.9915380012243986
topk_10,255,Apple Inc.,Who were the three founders of Apple Computer Company?,"Steve Wozniak, Steve Jobs and Ronald Wayne","Steve Jobs, Steve Wozniak, and Ronald Wayne were the three founders of Apple Computer Company.",Apple Inc. | Apple Inc. | Apple Inc. | Apple Inc. | Apple Inc. | Apple Inc. | Apple Inc. | Apple Inc. | Apple Inc. | Apple Inc.,"When Jobs resigned in 2011 for health reasons, and died two months later, he was succeeded as CEO by Tim Cook.

Apple became the first publicly traded U.S. company to be valued at over $1 trillion in August 2018, then at $2 trillion in August 2020, and at $3 trillion in January 2022. In June 2023, it was valued at just over $3 trillion. The company receives criticism regarding the labor practices of its contractors, its environmental practices, and its business ethics, including anti-competitive",False,True,1.0,0.7780416011810303,0.00018662214279174805
topk_10,256,Aberdeenshire,Where is Aberdeenshire Council headquartered?,"Woodhill House, in Aberdeen.","Woodhill House, in Aberdeen, makes Aberdeenshire Council the only Scottish council whose headquarters are located outside its jurisdiction.",Aberdeenshire | Aberdeenshire | Aberdeenshire | Aberdeenshire | Aberdeen (disambiguation) | Aberdeenshire | Aberdeenshire | Aberdeen (disambiguation) | Aberdeenshire | Aberdeen (disambiguation),"Aberdeenshire (; ) is one of the 32 council areas of Scotland.

It takes its name from the County of Aberdeen, which has substantially different boundaries. The Aberdeenshire Council area includes all of the area of the historic counties of Aberdeenshire and Kincardineshire (except the area making up Aberdeen City council area), as well as part of Banffshire. The county boundaries are officially used for a few purposes, namely land registration and lieutenancy.

Aberdeenshire Council is headquar",False,True,1.0,0.9844585657119751,0.5333184599876404
topk_10,257,Aberdeenshire,Which historic counties' areas are included in the Aberdeenshire Council area?,"All of the area of the historic counties of Aberdeenshire and Kincardineshire (except the area making up Aberdeen City council area), as well as part of Banffshire.","The historic counties of Aberdeenshire and Kincardineshire (except the area making up Aberdeen City council area) are included in the Aberdeenshire Council area. Additionally, part of Banffshire is also included.",Aberdeenshire | Aberdeenshire | Aberdeenshire | Aberdeen (disambiguation) | Aberdeenshire | Aberdeenshire | Aberdeenshire | Aberdeenshire | Aberdeen (disambiguation) | Achill Island,"Aberdeenshire (; ) is one of the 32 council areas of Scotland.

It takes its name from the County of Aberdeen, which has substantially different boundaries. The Aberdeenshire Council area includes all of the area of the historic counties of Aberdeenshire and Kincardineshire (except the area making up Aberdeen City council area), as well as part of Banffshire. The county boundaries are officially used for a few purposes, namely land registration and lieutenancy.

Aberdeenshire Council is headquar",False,True,0.8666666666666667,0.9809163212776184,0.11037522554397583
topk_10,258,Aztlan Underground,Which musical genres does Aztlan Underground combine in their music?,"Hip‑Hop, Punk Rock, Jazz, and electronic music with Chicano and Native American themes, and indigenous instrumentation.","Aztlan Underground combines Hip-Hop, Punk Rock, Jazz, and electronic music with Chicano and Native American themes, and indigenous instrumentation in their music.",Aztlan Underground | Accordion | Accordion | Algeria | Afghanistan | Aztlan Underground | Antigua and Barbuda | Afro Celt Sound System | Aarhus | Accordion,"Aztlan Underground is a band from Los Angeles, California that combines Hip-Hop, Punk Rock, Jazz, and electronic music with Chicano and Native American themes, and indigenous instrumentation. They are often cited as progenitors of Chicano rap.

Background 
The band traces its roots to the late-1980s hardcore scene in the Eastside of Los Angeles. They have played rapcore, with elements of punk, hip hop, rock, funk, jazz, indigenous music, and spoken word. Indigenous drums, flutes, and rattles are",False,True,1.0,0.991483747959137,0.0016810297966003418
topk_10,259,Aztlan Underground,In what year did Aztlan Underground appear on Culture Clash on Fox?,1993,1993,Aztlan Underground | Aztlan Underground | Andorra | ABBA | Aristophanes | ABBA | Azincourt | Advanced Chemistry | List of Atlas Shrugged characters | Azincourt,"Aztlan Underground is a band from Los Angeles, California that combines Hip-Hop, Punk Rock, Jazz, and electronic music with Chicano and Native American themes, and indigenous instrumentation. They are often cited as progenitors of Chicano rap.

Background 
The band traces its roots to the late-1980s hardcore scene in the Eastside of Los Angeles. They have played rapcore, with elements of punk, hip hop, rock, funk, jazz, indigenous music, and spoken word. Indigenous drums, flutes, and rattles are",False,True,1.0,0.6702516078948975,0.9988213279284537
topk_10,260,American Civil War,On what date did the American Civil War end?,"May 26, 1865","The American Civil War officially ended on June 2, 1865, when Confederate Lt. Gen. Simon B. Buckner, acting for General Edmund Kirby Smith, signed a military convention surrendering the Confederate trans-Mississippi Department forces. However, the conclusion of the war lacked a clear end date, and the last significant battle, the Siege of Petersburg, took place until April 9, 1865, when Lee surrendered to Grant at Appomattox Court House. The last Confederate general to surrender his forces was Stand Watie on June 23, 1865, in Liverpool, England.",American Civil War | American Civil War | American Civil War | April 6 | American Civil War | American Civil War | American Civil War | American Revolutionary War | American Revolutionary War | Abraham Lincoln,"It proved to be the largest surrender of Confederate forces. On May 4, all remaining Confederate forces in Alabama, Louisiana east of the Mississippi River, and Mississippi under Lieutenant General Richard Taylor surrendered.

The Confederate president, Jefferson Davis, was captured at Irwinville, Georgia on May 10, 1865.

On May 13, 1865, the last land battle of the war was fought at the Battle of Palmito Ranch in Texas.

On May 26, 1865, Confederate Lt. Gen. Simon B. Buckner, acting for Genera",False,True,0.3333333333333333,0.06881340593099594,0.5297176837921143
topk_10,261,American Civil War,Who was the President of the Confederacy?,Jefferson Davis,Jefferson Davis was the President of the Confederacy.,Abraham Lincoln | American Civil War | Abraham Lincoln | Abraham Lincoln | American Civil War | American Civil War | American Civil War | American Civil War | Abraham Lincoln | American Civil War,"President Buchanan and President-elect Lincoln refused to recognize the Confederacy, declaring secession illegal. The Confederacy selected Jefferson Davis as its provisional president on February 9, 1861.

Attempts at compromise followed but Lincoln and the Republicans rejected the proposed Crittenden Compromise as contrary to the Party's platform of free-soil in the territories. Lincoln said, ""I will suffer death before I consent ... to any concession or compromise which looks like buying the p",False,True,1.0,0.9728225469589233,7.963180541992188e-05
topk_10,262,Andy Warhol,What are two of Andy Warhol's best‑known silkscreen paintings mentioned in the passage?,Campbell's Soup Cans (1962) and Marilyn Diptych (1962).,"Two of Andy Warhol's best-known silkscreen paintings mentioned in the passage are:

1. Campbell's Soup Cans (1962)
2. Marilyn Diptych (1962)",Andy Warhol | Andy Warhol | Andy Warhol | Andy Warhol | Andy Warhol | Andy Warhol | Andy Warhol | Andy Warhol | Andy Warhol | Andy Warhol,"Andy Warhol (; born Andrew Warhola Jr.; August 6, 1928 – February 22, 1987) was an American visual artist, film director, producer, and leading figure in the pop art movement. His works explore the relationship between artistic expression, advertising, and celebrity culture that flourished by the 1960s, and span a variety of media, including painting, silkscreening, photography, film, and sculpture. Some of his best-known works include the silkscreen paintings Campbell's Soup Cans (1962) and Mar",False,True,1.0,0.951788604259491,0.0006524920463562012
topk_10,263,Andy Warhol,Which experimental rock band did Andy Warhol manage and produce in the late 1960s?,The Velvet Underground.,The Velvet Underground,Andy Warhol | Andy Warhol | Andy Warhol | Andy Warhol | Andy Warhol | Andy Warhol | Andy Warhol | Andy Warhol | Andy Warhol | Andy Warhol,"Andy Warhol (; born Andrew Warhola Jr.; August 6, 1928 – February 22, 1987) was an American visual artist, film director, producer, and leading figure in the pop art movement. His works explore the relationship between artistic expression, advertising, and celebrity culture that flourished by the 1960s, and span a variety of media, including painting, silkscreening, photography, film, and sculpture. Some of his best-known works include the silkscreen paintings Campbell's Soup Cans (1962) and Mar",False,True,1.0,0.9134188890457153,0.9925393564626575
topk_10,264,Alp Arslan,"What does the nickname ""Alp Arslan"" mean in Turkish?",Heroic Lion,"The nickname ""Alp Arslan"" means ""Heroic Lion"" in Turkish.",Alp Arslan | Alp Arslan | Alp Arslan | Anatolia | Anatolia | Alp Arslan | Alps | Anatolia | Azerbaijan | Attila,"Alp Arslan, born Muhammad bin Dawud Chaghri, was the second sultan of the Seljuk Empire and great-grandson of Seljuk, the eponymous founder of the dynasty. He greatly expanded the Seljuk territory and consolidated his power, defeating rivals to the south and northwest, and his victory over the Byzantines at the Battle of Manzikert, in 1071, ushered in the Turkmen settlement of Anatolia. 

Muhammad bin Dawud Chaghri's military prowess and fighting skills earned him the nickname Alp Arslan, which ",False,True,1.0,0.9777333736419678,4.851818084716797e-05
topk_10,265,Alp Arslan,In what year did Alp Arslan win the Battle of Manzikert against the Byzantines?,1071,1071,Alp Arslan | Alp Arslan | Alp Arslan | Alp Arslan | Alp Arslan | Alp Arslan | Alexander the Great | Anatolia | Azincourt | Attila,"Alp Arslan, born Muhammad bin Dawud Chaghri, was the second sultan of the Seljuk Empire and great-grandson of Seljuk, the eponymous founder of the dynasty. He greatly expanded the Seljuk territory and consolidated his power, defeating rivals to the south and northwest, and his victory over the Byzantines at the Battle of Manzikert, in 1071, ushered in the Turkmen settlement of Anatolia. 

Muhammad bin Dawud Chaghri's military prowess and fighting skills earned him the nickname Alp Arslan, which ",False,True,1.0,0.8987537622451782,0.9998313472460723
topk_10,266,American Film Institute,Who chairs the board of trustees of the American Film Institute?,Kathleen Kennedy,"According to the context provided, Kathleen Kennedy chairs the board of trustees of the American Film Institute.",American Film Institute | Academy Awards | American Film Institute | American Film Institute | Academy Awards | Apple Inc. | Academy Awards | Academy Awards | American Film Institute | Academy Awards,"The American Film Institute (AFI) is an American nonprofit film organization that educates filmmakers and honors the heritage of the motion picture arts in the United States. AFI is supported by private funding and public membership fees.

Leadership

The institute is composed of leaders from the film, entertainment, business, and academic communities. The board of trustees is chaired by Kathleen Kennedy and the board of directors chaired by Robert A. Daly guide the organization, which is led by",False,True,1.0,0.9269588589668274,0.0023140907287597656
topk_10,267,American Film Institute,In what year was the American Film Institute established?,1967,The American Film Institute was established in 1967.,American Film Institute | American Film Institute | American National Standards Institute | American Film Institute | American Film Institute | American National Standards Institute | Academy Awards | American Film Institute | Academy Awards | Academy Awards,"The American Film Institute (AFI) is an American nonprofit film organization that educates filmmakers and honors the heritage of the motion picture arts in the United States. AFI is supported by private funding and public membership fees.

Leadership

The institute is composed of leaders from the film, entertainment, business, and academic communities. The board of trustees is chaired by Kathleen Kennedy and the board of directors chaired by Robert A. Daly guide the organization, which is led by",False,True,1.0,0.9245933294296265,1.0013580322265625e-05
topk_10,268,Akira Kurosawa,"What was the title of Akira Kurosawa's directorial debut film released during World War II, and in what year was it released?","Sanshiro Sugata, 1943",Akira Kurosawa's directorial debut film released during World War II was Sanshiro Sugata (1943).,Akira Kurosawa | Akira Kurosawa | Akira Kurosawa | Akira Kurosawa | Akira Kurosawa | Akira Kurosawa | Akira Kurosawa | Akira Kurosawa | Akira Kurosawa | Akira Kurosawa,"The film premiered in Tokyo in April 1948 to rave reviews and was chosen by the prestigious Kinema Junpo critics poll as the best film of its year, the first of three Kurosawa movies to be so honored.

Kurosawa, with producer Sōjirō Motoki and fellow directors and friends Kajiro Yamamoto, Mikio Naruse and Senkichi Taniguchi, formed a new independent production unit called Film Art Association (Eiga Geijutsu Kyōkai). For this organization's debut work, and first film for Daiei studios, Kurosawa t",False,True,1.0,0.967919647693634,3.337860107421875e-06
topk_10,269,Akira Kurosawa,Which Akira Kurosawa film won the Golden Lion at the 1951 Venice Film Festival?,Rashomon,Rashomon,Akira Kurosawa | Akira Kurosawa | Akira Kurosawa | Akira Kurosawa | Akira Kurosawa | Akira Kurosawa | Akira Kurosawa | Akira Kurosawa | Akira Kurosawa | Akira Kurosawa,"was a Japanese filmmaker and painter who directed 30 films in a career spanning over five decades. He is widely regarded as one of the greatest and most influential filmmakers in the history of cinema. Kurosawa displayed a bold, dynamic style, strongly influenced by Western cinema yet distinct from it; he was involved with all aspects of film production.

Kurosawa entered the Japanese film industry in 1936, following a brief stint as a painter. After years of working on numerous films as an assi",False,True,1.0,0.8167948126792908,0.9976903782226145
topk_10,270,Ancient Egypt,Who is credited with the political unification of Upper and Lower Egypt around 3100 BC?,Menes (often identified with Narmer),Menes (often identified with Narmer) is credited with the political unification of Upper and Lower Egypt around 3100 BC.,Ancient Egypt | Ancient Egypt | Ancient Egypt | Ancient Egypt | Ancient Egypt | Ancient Egypt | Ancient Egypt | Alexander the Great | Ancient Egypt | Ancient Egypt,"Ancient Egypt was a civilization in Northeast Africa situated in the Nile Valley. Ancient Egyptian civilization followed prehistoric Egypt and coalesced around 3100BC (according to conventional Egyptian chronology) with the political unification of Upper and Lower Egypt under Menes (often identified with Narmer). The history of ancient Egypt occurred as a series of stable kingdoms, separated by periods of relative instability known as Intermediate Periods: the Old Kingdom of the Early Bronze Age",False,True,1.0,0.9782774448394775,0.0003612041473388672
topk_10,271,Ancient Egypt,"Which kingdom ruled Egypt after Alexander the Great's death until 30 BC, when it fell to the Roman Empire?",the Greek Ptolemaic Kingdom,"The Ptolemaic Kingdom ruled Egypt after Alexander the Great's death until 30 BC, when it fell to the Roman Empire.",Alexander the Great | Ancient Egypt | Alexander the Great | Alexander the Great | Ancient Egypt | Alexander the Great | Ancient Egypt | Ancient Egypt | Alexander the Great | Ancient Egypt,"Alexander III of Macedon (; 20/21 July 356 BC – 10/11 June 323 BC), commonly known as Alexander the Great, was a king of the ancient Greek kingdom of Macedon. He succeeded his father Philip II to the throne in 336 BC at the age of 20, and spent most of his ruling years conducting a lengthy military campaign throughout Western Asia and Egypt. By the age of 30, he had created one of the largest empires in history, stretching from Greece to northwestern India. He was undefeated in battle and is wid",False,True,0.6666666666666666,0.958341658115387,0.000971674919128418
topk_10,272,Analog Brothers,What is the title of the Analog Brothers' only album?,Pimp to Eat,The title of the Analog Brothers' only album is Pimp to Eat.,Analog Brothers | Aztlan Underground | ABBA | ABBA | Aztlan Underground | ABBA | Afro Celt Sound System | Analog signal | ABBA | Afro Celt Sound System,"Analog Brothers were an experimental hip hop band featuring Tracy ""Ice-T"" Marrow (Ice Oscillator) on keyboards, drums and vocals, Keith ""Kool Keith"" Thornton (Keith Korg) on bass, strings and vocals, Marc Live (Marc Moog) on drums, violins and vocals, Christopher ""Black Silver"" Rodgers (Silver Synth) on synthesizer, lazar bell and vocals, and Rex Colonel ""Pimpin' Rex"" Doby Jr. (Rex Roland JX3P) on keyboards, vocals and production. Its album Pimp to Eat featured guest appearances by various membe",False,True,1.0,0.38747233152389526,4.5299530029296875e-06
topk_10,273,Analog Brothers,Which two members toured together as Black Ice in 2008?,Ice-T and Black Silver,"According to the information provided, Ice-T and Black Silver toured together as Black Ice in 2008.",Analog Brothers | Afro Celt Sound System | ABBA | Afro Celt Sound System | Afro Celt Sound System | ABBA | ABBA | ABBA | ABBA | ABBA,"Analog Brothers were an experimental hip hop band featuring Tracy ""Ice-T"" Marrow (Ice Oscillator) on keyboards, drums and vocals, Keith ""Kool Keith"" Thornton (Keith Korg) on bass, strings and vocals, Marc Live (Marc Moog) on drums, violins and vocals, Christopher ""Black Silver"" Rodgers (Silver Synth) on synthesizer, lazar bell and vocals, and Rex Colonel ""Pimpin' Rex"" Doby Jr. (Rex Roland JX3P) on keyboards, vocals and production. Its album Pimp to Eat featured guest appearances by various membe",False,True,1.0,0.9542257189750671,0.0015761852264404297
topk_10,274,Motor neuron diseases,Which specific motor neuron diseases are mentioned in the passage?,"Amyotrophic lateral sclerosis (ALS), progressive bulbar palsy (PBP), pseudobulbar palsy, progressive muscular atrophy (PMA), primary lateral sclerosis (PLS), spinal muscular atrophy (SMA) and monomelic amyotrophy (MMA), as well as some rarer variants resembling ALS.","Amyotrophic lateral sclerosis (ALS), progressive bulbar palsy (PBP), pseudobulgar palsy, progressive muscular atrophy (PMA), primary lateral sclerosis (PLS), spinal muscular atrophy (SMA), and monomelic amyotrophy (MMA).",Motor neuron diseases | Motor neuron diseases | Motor neuron diseases | Motor neuron diseases | Motor neuron diseases | Ataxia | Ataxia | Ataxia | Ataxia | Axon,"Motor neuron diseases or motor neurone diseases (MNDs) are a group of rare neurodegenerative disorders that selectively affect motor neurons, the cells which control voluntary muscles of the body. They include amyotrophic lateral sclerosis (ALS), progressive bulbar palsy (PBP), pseudobulbar palsy, progressive muscular atrophy (PMA), primary lateral sclerosis (PLS), spinal muscular atrophy (SMA) and monomelic amyotrophy (MMA), as well as some rarer variants resembling ALS.

Motor neuron diseases ",False,True,0.75,0.9727762937545776,0.6270667016506195
topk_10,275,Motor neuron diseases,Does the passage state that there are approved treatments for most motor neuron disorders?,"No, the passage states that there are no approved treatments for the majority of motor neuron disorders, and care is mostly symptomatic.","No, the passage does not state that there are approved treatments for most motor neuron disorders.",Motor neuron diseases | Motor neuron diseases | Ataxia | Motor neuron diseases | Motor neuron diseases | Motor neuron diseases | Acute disseminated encephalomyelitis | Ataxia | Ataxia | Axon,"Motor neuron diseases or motor neurone diseases (MNDs) are a group of rare neurodegenerative disorders that selectively affect motor neurons, the cells which control voluntary muscles of the body. They include amyotrophic lateral sclerosis (ALS), progressive bulbar palsy (PBP), pseudobulbar palsy, progressive muscular atrophy (PMA), primary lateral sclerosis (PLS), spinal muscular atrophy (SMA) and monomelic amyotrophy (MMA), as well as some rarer variants resembling ALS.

Motor neuron diseases ",True,True,0.5833333333333334,,
topk_10,276,Abjad,"Who introduced the term ""abjad"" and in what year?",Peter T. Daniels introduced the term in 1990.,"Peter T. Daniels introduced the term ""abjad"" in 1990.",Abjad | Abjad | Abjad | Abjad | Antisemitism | Abugida | Antisemitism | Alphabet | Abacus | Antisemitism,"An abjad (, ; also abgad) is a writing system in which only consonants are represented, leaving vowel sounds to be inferred by the reader. This contrasts with alphabets, which provide graphemes for both consonants and vowels. The term was introduced in 1990 by Peter T. Daniels. Other terms for the same concept include: partial phonemic script, segmentally linear defective phonographic script, consonantary, consonant writing, and consonantal alphabet.

Impure abjads represent vowels with either o",False,True,1.0,0.9677619338035583,0.0007393956184387207
topk_10,277,Abjad,What are two vowel marking systems mentioned for abjads?,nikkud for Hebrew and ḥarakāt for Arabic.,"Two vowel marking systems mentioned for abjads are:

1. Optional vowel diacritics
2. Limited number of distinct vowel glyphs",Abjad | Abjad | Abjad | Alphabet | Abjad | Alphabet | Abugida | Abugida | Afroasiatic languages | Abugida,"An abjad (, ; also abgad) is a writing system in which only consonants are represented, leaving vowel sounds to be inferred by the reader. This contrasts with alphabets, which provide graphemes for both consonants and vowels. The term was introduced in 1990 by Peter T. Daniels. Other terms for the same concept include: partial phonemic script, segmentally linear defective phonographic script, consonantary, consonant writing, and consonantal alphabet.

Impure abjads represent vowels with either o",False,True,0.0,0.8713544011116028,0.04581993818283081
topk_10,278,Abugida,What is an abugida and how does it differ from a full alphabet and an abjad?,"An abugida is a segmental writing system in which consonant–vowel sequences are written as units; each unit is based on a consonant letter and vowel notation is secondary, like a diacritical mark. This contrasts with a full alphabet, in which vowels have status equal to consonants, and with an abjad, in which vowel marking is absent, partial, or optional.","An abugida is a writing system in which consonant-vowel sequences are written as units, with each unit based on a consonant letter and vowel notation being secondary. It differs from a full alphabet, which treats vowels equally with consonants, and from an abjad, which lacks vowel markings altogether or uses them sparingly.",Abugida | Abugida | Abjad | Abjad | Abugida | Alphabet | Alphabet | Abugida | Abugida | Abugida,"An abugida (, from Ge'ez: ), sometimes known as alphasyllabary, neosyllabary or pseudo-alphabet, is a segmental writing system in which consonant–vowel sequences are written as units; each unit is based on a consonant letter, and vowel notation is secondary, like a diacritical mark. This contrasts with a full alphabet, in which vowels have status equal to consonants, and with an abjad, in which vowel marking is absent, partial, or optional – in less formal contexts, all three types of script may",False,True,0.6129032258064516,0.920330286026001,0.6331267654895782
topk_10,279,Abugida,Which scholars introduced related concepts to the abugida and what terms did they use?,"James Germain Février (1948) introduced the term , David Diringer (1948) used the term semisyllabary, Fred Householder (1959) introduced the term pseudo-alphabet, Peter T. Daniels (1990) chose the Ethiopic term ""abugida"", Faber (1992) suggested ""segmentally coded syllabically linear phonographic script"", Bright (1992) used the term alphasyllabary, and Gnanadesikan and Rimzhim, Katz, & Fowler have suggested aksara or āksharik.","James Germain Février introduced the term ""abugida"" in 1948, and David Diringer used the term ""semisyllabary.""",Abugida | Abugida | Ancient philosophy | Abugida | Afroasiatic languages | Anaximander | Aristotle | Alchemy | Ancient philosophy | Alchemy,"An abugida (, from Ge'ez: ), sometimes known as alphasyllabary, neosyllabary or pseudo-alphabet, is a segmental writing system in which consonant–vowel sequences are written as units; each unit is based on a consonant letter, and vowel notation is secondary, like a diacritical mark. This contrasts with a full alphabet, in which vowels have status equal to consonants, and with an abjad, in which vowel marking is absent, partial, or optional – in less formal contexts, all three types of script may",False,True,0.2926829268292683,0.911639928817749,0.04599106311798096
topk_10,280,ABBA,In what year was ABBA formed in Stockholm?,1972,ABBA was formed in Stockholm in 1972.,ABBA | ABBA | ABBA | ABBA | ABBA | ABBA | ABBA | ABBA | ABBA | ABBA,"ABBA ( , ; formerly named Björn & Benny, Agnetha & Anni-Frid or Björn & Benny, Agnetha & Frida) are  a Swedish pop supergroup formed in Stockholm in 1972 by Agnetha Fältskog, Björn Ulvaeus, Benny Andersson, and Anni-Frid Lyngstad. The group's name is an acronym of the first letters of their first names arranged as a palindrome. They are one of the most popular and successful musical groups of all time, and are one of the best-selling music acts in the history of popular music, topping the charts",False,True,1.0,0.9921030402183533,1.1444091796875e-05
topk_10,281,ABBA,Which song did ABBA win the Eurovision Song Contest with?,Waterloo,"ABBA won the Eurovision Song Contest with the song ""Waterloo.""",ABBA | ABBA | ABBA | ABBA | ABBA | ABBA | ABBA | ABBA | ABBA | ABBA,"ABBA ( , ; formerly named Björn & Benny, Agnetha & Anni-Frid or Björn & Benny, Agnetha & Frida) are  a Swedish pop supergroup formed in Stockholm in 1972 by Agnetha Fältskog, Björn Ulvaeus, Benny Andersson, and Anni-Frid Lyngstad. The group's name is an acronym of the first letters of their first names arranged as a palindrome. They are one of the most popular and successful musical groups of all time, and are one of the best-selling music acts in the history of popular music, topping the charts",False,True,1.0,0.9845287203788757,2.300739288330078e-05
topk_10,282,Allegiance,What is the definition of allegiance as given in the passage?,"An allegiance is a duty of fidelity said to be owed, or freely committed, by the people, subjects or citizens to their state or sovereign.","According to the passage, allegiance is described as:

""A duty of fidelity said to be owed, or freely committed, by the people, subjects or citizens to their state or sovereign.""

Additionally, the passage provides several examples of types of allegiance including natural allegiance, acquired allegiance, local allegiance, and legal allegiance.",Allegiance | Allegiance | Allegiance | Allegiance | Allegiance | Allegiance | Articles of Confederation | Allegiance | Allegiance | Affidavit,"An allegiance is a duty of fidelity said to be owed, or freely committed, by the people, subjects or citizens to their state or sovereign.

Etymology
The word allegiance comes from Middle English  (see Medieval Latin , ""a liegance""). The al- prefix was probably added through confusion with another legal term, allegeance, an ""allegation"" (the French  comes from the English). Allegiance is formed from ""liege,"" from Old French , ""liege, free"", of Germanic origin. The connection with Latin , ""to bin",False,True,1.0,0.9550591111183167,0.35527145862579346
topk_10,283,Allegiance,"According to the English doctrine described, how could a person lose their allegiance to the British crown?","They could never resign or lose it, except by act of parliament or by the recognition of the independence or the cession of the portion of British territory in which they resided.","According to the English doctrine described, a person could lose their allegiance to the British crown if they were removed in infancy to another country where their family resided.",Allegiance | Allegiance | Allegiance | Allegiance | Allegiance | Allegiance | Anglicanism | American Revolutionary War | Allegiance | American Revolutionary War,"A resident alien owed allegiance even when the protection of the crown was withdrawn owing to the occupation of an enemy, because the absence of the crown's protection was temporary and involuntary (de Jager v Attorney-General of Natal [1907] AC 326).

Legal allegiance was due when an alien took an oath of allegiance required for a particular office under the crown.

By the Naturalisation Act 1870, it was made possible for British subjects to renounce their nationality and allegiance, and the wa",False,True,0.3333333333333333,0.9259359240531921,0.004556059837341309
topk_10,284,MessagePad,In what year was the MessagePad series developed by Apple for the Newton platform?,1993,The MessagePad series was developed by Apple for the Newton platform in 1993.,MessagePad | MessagePad | MessagePad | MessagePad | MessagePad | MessagePad | MessagePad | Apple Inc. | MessagePad | Apple Inc.,"The MessagePad is a discontinued series of personal digital assistant devices developed by Apple Computer for the Newton platform in 1993.  Some electronic engineering and the manufacture of Apple's MessagePad devices was undertaken in Japan by Sharp. The devices are based on the ARM 610 RISC processor and all featured handwriting recognition software and were developed and marketed by Apple. The devices run Newton OS.

History
The development of the Newton MessagePad first began with Apple's fo",False,True,1.0,0.9660278558731079,3.2067298889160156e-05
topk_10,285,MessagePad,Which company performed some electronic engineering and manufacture of Apple's MessagePad devices in Japan?,Sharp,Sharp,MessagePad | Apple Inc. | MessagePad | MessagePad | Apple Inc. | MessagePad | Apple Inc. | MessagePad | Apple Inc. | Apple Inc.,"The MessagePad is a discontinued series of personal digital assistant devices developed by Apple Computer for the Newton platform in 1993.  Some electronic engineering and the manufacture of Apple's MessagePad devices was undertaken in Japan by Sharp. The devices are based on the ARM 610 RISC processor and all featured handwriting recognition software and were developed and marketed by Apple. The devices run Newton OS.

History
The development of the Newton MessagePad first began with Apple's fo",False,True,1.0,0.6297767758369446,0.9519079513847828
topk_10,286,A. E. van Vogt,What date did the Science Fiction Writers of America name A. E. van Vogt their 14th Grand Master?,1995 (presented 1996),"January 26, 1996",A. E. van Vogt | A. E. van Vogt | A. E. van Vogt | A. E. van Vogt | A. E. van Vogt | A. E. van Vogt | A. E. van Vogt | A. E. van Vogt | A. E. van Vogt | A. E. van Vogt,"Alfred Elton van Vogt  ( ; April 26, 1912 – January 26, 2000) was a Canadian-born American science fiction author. His fragmented, bizarre narrative style influenced later science fiction writers, notably Philip K. Dick. He was one of the most popular and influential practitioners of science fiction in the mid-twentieth century, the genre's so-called Golden Age, and one of the most complex. The Science Fiction Writers of America named him their 14th Grand Master in 1995 (presented 1996).

Early ",False,True,0.3333333333333333,0.31237009167671204,0.9954350194893777
topk_10,287,A. E. van Vogt,What language did van Vogt speak exclusively at home until he was four years old?,Plautdietsch,Plautdietsch,A. E. van Vogt | A. E. van Vogt | A. E. van Vogt | A. E. van Vogt | A. E. van Vogt | Austrian German | A. E. van Vogt | A. E. van Vogt | Alexander Graham Bell | A. E. van Vogt,"Alfred Elton van Vogt  ( ; April 26, 1912 – January 26, 2000) was a Canadian-born American science fiction author. His fragmented, bizarre narrative style influenced later science fiction writers, notably Philip K. Dick. He was one of the most popular and influential practitioners of science fiction in the mid-twentieth century, the genre's so-called Golden Age, and one of the most complex. The Science Fiction Writers of America named him their 14th Grand Master in 1995 (presented 1996).

Early ",False,True,1.0,0.6229603290557861,0.9929198818281293
topk_10,288,Anna Kournikova,What was Anna Kournikova's highest singles ranking and in what year did she achieve it?,She reached No. 8 in the world in 2000.,"Anna Kournikova's highest singles ranking was No. 8, and she achieved this ranking in 2000.",Anna Kournikova | Anna Kournikova | Anna Kournikova | Anna Kournikova | Anna Kournikova | Anna Kournikova | Anna Kournikova | Anna Kournikova | Anna Kournikova | Anna Kournikova,"Anna Sergeyevna Kournikova (; born 7 June 1981) is a Russian former professional tennis player and American television personality. Her appearance  and celebrity status made her one of the best known tennis stars worldwide. At the peak of her fame, fans looking for images of Kournikova made her name one of the most common search strings on Google Search.

Despite never winning a singles title, she reached No. 8 in the world in 2000. She achieved greater success playing doubles, where she was at ",False,True,0.6666666666666666,0.9283397793769836,5.698204040527344e-05
topk_10,289,Anna Kournikova,"Which television show did Anna Kournikova join as a new trainer for season 12, replacing Jillian Michaels?",The Biggest Loser.,The television show Anna Kournikova joined as a new trainer for season 12 was The Biggest Loser.,Anna Kournikova | Anna Kournikova | Anna Kournikova | Anna Kournikova | Anna Kournikova | Anna Kournikova | Anna Kournikova | Anna Kournikova | Anna Kournikova | Anna Kournikova,"Anna Sergeyevna Kournikova (; born 7 June 1981) is a Russian former professional tennis player and American television personality. Her appearance  and celebrity status made her one of the best known tennis stars worldwide. At the peak of her fame, fans looking for images of Kournikova made her name one of the most common search strings on Google Search.

Despite never winning a singles title, she reached No. 8 in the world in 2000. She achieved greater success playing doubles, where she was at ",False,True,1.0,0.9435927867889404,5.4836273193359375e-06
topk_10,290,Alfons Maria Jakob,When was Alfons Maria Jakob born?,2 July 1884,Alfons Maria Jakob was born on 2 July 1884.,Alfons Maria Jakob | Alfred Nobel | Ada Lovelace | Aleister Crowley | April 30 | Alexander the Great | Agatha Christie | August 2 | Ada Lovelace | Alfred Nobel,"Alfons Maria Jakob (2 July 1884 – 17 October 1931) was a German neurologist who worked in the field of neuropathology.

He was born in Aschaffenburg, Bavaria and educated in medicine at the universities of Munich, Berlin, and Strasbourg, where he received his doctorate in 1908. During the following year, he began clinical work under the psychiatrist Emil Kraepelin and did laboratory work with Franz Nissl and Alois Alzheimer in Munich.

In 1911, by way of an invitation from Wilhelm Weygandt, he r",False,True,1.0,0.9577031135559082,3.552436828613281e-05
topk_10,291,Alfons Maria Jakob,Which disease is named after Jakob and Creutzfeldt?,Creutzfeldt–Jakob disease,Creutzfeldt–Jakob disease,Alfons Maria Jakob | Alfons Maria Jakob | Motor neuron diseases | Acute disseminated encephalomyelitis | Axon | Acute disseminated encephalomyelitis | Motor neuron diseases | Motor neuron diseases | Ataxia | August 22,"Alfons Maria Jakob (2 July 1884 – 17 October 1931) was a German neurologist who worked in the field of neuropathology.

He was born in Aschaffenburg, Bavaria and educated in medicine at the universities of Munich, Berlin, and Strasbourg, where he received his doctorate in 1908. During the following year, he began clinical work under the psychiatrist Emil Kraepelin and did laboratory work with Franz Nissl and Alois Alzheimer in Munich.

In 1911, by way of an invitation from Wilhelm Weygandt, he r",False,True,1.0,0.7588986158370972,0.982921926304698
topk_10,292,Agnosticism,"Who coined the word ""agnostic"" and in what year?",The English biologist Thomas Henry Huxley coined the word agnostic in 1869.,"Thomas Henry Huxley coined the word ""agnostic"" in 1869.",Agnosticism | Agnosticism | Agnosticism | Agnosticism | Agnosticism | Agnosticism | Agnosticism | Agnosticism | Agnosticism | Algorithm,"Smith rejects agnosticism as a third alternative to theism and atheism and promotes terms such as agnostic atheism (the view of those who do not hold a belief in the existence of any deity, but claim that the existence of a deity is unknown or inherently unknowable) and agnostic theism (the view of those who believe in the existence of a deity(s), but claim that the existence of a deity is unknown or inherently unknowable).

Etymology
Agnostic () was used by Thomas Henry Huxley in a speech at a ",False,True,0.7777777777777778,0.971591591835022,0.0002759099006652832
topk_10,293,Agnosticism,Which two ancient philosophers are mentioned as having expressed agnostic points of view?,Sanjaya Belatthaputta and Protagoras are the two ancient philosophers noted for expressing agnostic points of view.,Sanjaya Belatthaputta and Protagoras are mentioned as having expressed agnostic points of view.,Ancient philosophy | Agnosticism | Agnosticism | Ancient philosophy | Agnosticism | Agnosticism | Aristotle | Agnosticism | Ancient philosophy | Avicenna,"This page lists some links to ancient philosophy, namely philosophical thought extending as far as early post-classical history ().

Overview
Genuine philosophical thought, depending upon original individual insights, arose in many cultures roughly contemporaneously. Karl Jaspers termed the intense period of philosophical development beginning around the 7th century BCE and concluding around the 3rd century BCE an Axial Age in human thought.

In Western philosophy, the spread of Christianity in ",False,True,0.5454545454545454,0.9779947400093079,0.0005388855934143066
topk_10,294,Argon,What is the atomic number of argon?,18,The atomic number of argon is 18.,Argon | Argon | Argon | Argon | Argon | Atomic number | Atom | Alkali metal | Atom | Atom,"Argon is a chemical element with the symbol Ar and atomic number 18. It is in group 18 of the periodic table and is a noble gas. Argon is the third-most abundant gas in Earth's atmosphere, at 0.934% (9340 ppmv). It is more than twice as abundant as water vapor (which averages about 4000 ppmv, but varies greatly), 23 times as abundant as carbon dioxide (400 ppmv), and more than 500 times as abundant as neon (18 ppmv). Argon is the most abundant noble gas in Earth's crust, comprising 0.00015% of t",False,True,1.0,0.982451856136322,0.000253140926361084
topk_10,295,Argon,What percentage of Earth's atmosphere is argon?,0.934% (9340 ppmv),0.934%,Argon | Argon | Argon | Argon | Argon | Argon | Argon | Atom | Argon | Aluminium,"Argon is a chemical element with the symbol Ar and atomic number 18. It is in group 18 of the periodic table and is a noble gas. Argon is the third-most abundant gas in Earth's atmosphere, at 0.934% (9340 ppmv). It is more than twice as abundant as water vapor (which averages about 4000 ppmv, but varies greatly), 23 times as abundant as carbon dioxide (400 ppmv), and more than 500 times as abundant as neon (18 ppmv). Argon is the most abundant noble gas in Earth's crust, comprising 0.00015% of t",False,True,0.5,0.955798864364624,0.9178933724761009
topk_10,296,Arsenic,What is the chemical symbol for arsenic?,As,The chemical symbol for arsenic is As.,Arsenic | Arsenic | Arsenic | Arsenic | Arsenic | Arsenic | Arsenic | Arsenic | Arsenic | Arsenic,"Arsenic is a chemical element with the symbol As and atomic number 33. Arsenic occurs in many minerals, usually in combination with sulfur and metals, but also as a pure elemental crystal. Arsenic is a metalloid. It has various allotropes, but only the grey form, which has a metallic appearance, is important to industry.

The primary use of arsenic is in alloys of lead (for example, in car batteries and ammunition). Arsenic is a common n-type dopant in semiconductor electronic devices. It is als",False,True,,0.9805759787559509,0.00029772520065307617
topk_10,297,Arsenic,What is the primary use of arsenic?,"in alloys of lead (for example, in car batteries and ammunition)","The primary use of arsenic is in alloys of lead (for example, in car batteries and ammunition).",Arsenic | Arsenic | Arsenic | Arsenic | Arsenic | Arsenic | Arsenic | Arsenic | Arsenic | Arsenic,"Arsenic is a chemical element with the symbol As and atomic number 33. Arsenic occurs in many minerals, usually in combination with sulfur and metals, but also as a pure elemental crystal. Arsenic is a metalloid. It has various allotropes, but only the grey form, which has a metallic appearance, is important to industry.

The primary use of arsenic is in alloys of lead (for example, in car batteries and ammunition). Arsenic is a common n-type dopant in semiconductor electronic devices. It is als",False,True,1.0,0.9833866953849792,0.01619952917098999
topk_10,298,Antimony,What is the chemical symbol and atomic number of antimony?,The chemical symbol is Sb and the atomic number is 51.,"The chemical symbol for antimony is Sb, and its atomic number is 51.",Antimony | Antimony | Antimony | Antimony | Antimony | Antimony | Antimony | Atomic number | Alkali metal | Antimony,"Antimony is a chemical element with the symbol Sb () and atomic number 51. A lustrous gray metalloid, it is found in nature mainly as the sulfide mineral stibnite (Sb2S3). Antimony compounds have been known since ancient times and were powdered for use as medicine and cosmetics, often known by the Arabic name kohl. The earliest known description of the metalloid in the West was written in 1540 by Vannoccio Biringuccio.

China is the largest producer of antimony and its compounds, with most produ",False,True,1.0,0.9825441241264343,0.0016292929649353027
topk_10,299,Antimony,Which country is the largest producer of antimony and from which mine does most production come?,"China is the largest producer, with most production coming from the Xikuangshan Mine in Hunan.",China is the largest producer of antimony. Most production comes from the Xikuangshan Mine in Hunan.,Antimony | Antimony | Antimony | Antimony | Arsenic | Antimony | Alkali metal | Antimony | Afghanistan | Afghanistan,"The Greek word, στίμμι (stimmi) is used by Attic tragic poets of the 5th century BC, and is possibly a loan word from Arabic or from Egyptian stm.

Production

Process
The extraction of antimony from ores depends on the quality and composition of the ore. Most antimony is mined as the sulfide; lower-grade ores are concentrated by froth flotation, while higher-grade ores are heated to 500–600 °C, the temperature at which stibnite melts and separates from the gangue minerals. Antimony can be isola",False,True,0.8888888888888888,0.9844496846199036,0.0010566115379333496
topk_10,300,Actinium,What oxidation state does actinium assume in nearly all its chemical compounds?,+3,"In nearly all its chemical compounds, actinium assumes the oxidation state +3.",Actinium | Actinium | Actinium | Actinium | Actinium | Actinium | Americium | Actinium | Astatine | Actinium,"Properties
Actinium is a soft, silvery-white, radioactive, metallic element. Its estimated shear modulus is similar to that of lead. Owing to its strong radioactivity, actinium glows in the dark with a pale blue light, which originates from the surrounding air ionized by the emitted energetic particles. Actinium has similar chemical properties to lanthanum and other lanthanides, and therefore these elements are difficult to separate when extracting from uranium ores. Solvent extraction and ion c",False,True,1.0,0.9802922606468201,0.001789093017578125
topk_10,301,Actinium,How much actinium-227 is found in one tonne of natural uranium ore?,about 0.2 milligrams,About 0.2 milligrams of actinium-227 is found in one tonne of natural uranium ore.,Actinium | Actinium | Actinium | Actinium | Actinium | Actinium | Alkali metal | Alkali metal | Americium | Actinium,"The isotopes of actinium range in atomic weight from 204 u () to 236 u ().

Occurrence and synthesis

Actinium is found only in traces in uranium ores – one tonne of uranium in ore contains about 0.2 milligrams of 227Ac – and in thorium ores, which contain about 5 nanograms of 228Ac per one tonne of thorium. The actinium isotope 227Ac is a transient member of the uranium-actinium series decay chain, which begins with the parent isotope 235U (or 239Pu) and ends with the stable lead isotope 207Pb.",False,True,1.0,0.9832438826560974,0.00021070241928100586
topk_10,302,Americium,What is the atomic number of americium?,95,The atomic number of americium is 95.,Americium | Americium | Americium | Americium | Americium | Americium | Americium | Americium | Atomic number | Americium,"Americium is a synthetic radioactive chemical element with the symbol Am and atomic number 95. It is a transuranic member of the actinide series, in the periodic table located under the lanthanide element europium and was thus named after the United States by analogy.

Americium was first produced in 1944 by the group of Glenn T. Seaborg from Berkeley, California, at the Metallurgical Laboratory of the University of Chicago, as part of the Manhattan Project. Although it is the third element in t",False,True,1.0,0.962552547454834,6.42538070678711e-05
topk_10,303,Americium,In what year was americium first produced?,1944,"Based on the information provided in the context, americium was first produced in 1944.",Americium | Americium | Americium | Americium | Americium | Americium | Aluminium | Americium | Alkali metal | Americium,"Americium is a synthetic radioactive chemical element with the symbol Am and atomic number 95. It is a transuranic member of the actinide series, in the periodic table located under the lanthanide element europium and was thus named after the United States by analogy.

Americium was first produced in 1944 by the group of Glenn T. Seaborg from Berkeley, California, at the Metallurgical Laboratory of the University of Chicago, as part of the Manhattan Project. Although it is the third element in t",False,True,1.0,0.9729236364364624,0.0002512335777282715
topk_10,304,Astatine,"What is the half-life of astatine-210, the most stable isotope of astatine?",8.1 hours,"The half-life of astatine-210, the most stable isotope of astatine, is 8.1 hours.",Astatine | Astatine | Astatine | Astatine | Astatine | Astatine | Astatine | Astatine | Astatine | Astatine,"A beta decay mode has been found for all other astatine isotopes except for astatine-213, astatine-214, and astatine-216m. Astatine-210 and lighter isotopes exhibit beta plus decay (positron emission), astatine-216 and heavier isotopes exhibit beta minus decay, and astatine-212 decays via both modes, while astatine-211 undergoes electron capture.

The most stable isotope is astatine-210, which has a half-life of 8.1 hours. The primary decay mode is beta plus, to the relatively long-lived (in com",False,True,1.0,0.9822176098823547,0.00023323297500610352
topk_10,305,Astatine,Which three scientists first synthesized astatine in 1940?,"Dale R. Corson, Kenneth Ross MacKenzie, and Emilio G. Segrè","Dale R. Corson, Kenneth Ross MacKenzie, and Emilio Segrè",Astatine | Astatine | Astatine | Astatine | Astatine | Astatine | Astatine | Astatine | Astatine | Astatine,"In 1942, Minder, in collaboration with the English scientist Alice Leigh-Smith, announced the discovery of another isotope of element 85, presumed to be the product of thorium A (polonium-216) beta decay. They named this substance ""anglo-helvetium"", but Karlik and Bernert were again unable to reproduce these results.

Later in 1940, Dale R. Corson, Kenneth Ross MacKenzie, and Emilio Segrè isolated the element at the University of California, Berkeley. Instead of searching for the element in natu",False,True,0.8888888888888888,0.8725650310516357,0.8415654003620148
topk_10,306,Atom,What percentage of an atom's mass is located in the nucleus?,More than 99.94% of an atom's mass is in the nucleus.,About 99.94% of an atom's mass is located in the nucleus.,Atom | Atom | Atomic number | Atom | Atom | Atomic orbital | Atom | Atom | Atom | Atom,"The total number of these particles (called ""nucleons"") in a given atom is called the mass number. It is a positive integer and dimensionless (instead of having dimension of mass), because it expresses a count. An example of use of a mass number is ""carbon-12,"" which has 12 nucleons (six protons and six neutrons).

The actual mass of an atom at rest is often expressed in daltons (Da), also called the unified atomic mass unit (u). This unit is defined as a twelfth of the mass of a free neutral at",False,True,0.75,0.9808328151702881,0.0008072257041931152
topk_10,307,Atom,How many protons does an atom of sodium contain?,An atom that contains 11 protons is sodium.,An atom of sodium contains 11 protons.,Atom | Alkali metal | Atom | Alkali metal | Atom | Atom | Atomic number | Atom | Atom | Alkali metal,"An atom is a particle that consists of a nucleus of protons and neutrons surrounded by an electromagnetically-bound cloud of electrons. The atom is the basic particle of the chemical elements, and the chemical elements are distinguished from each other by the number of protons that are in their atoms. For example, any atom that contains 11 protons is sodium, and any atom that contains 29 protons is copper. The number of neutrons defines the isotope of the element.

Atoms are extremely small, typ",False,True,1.0,0.9298603534698486,4.5418739318847656e-05
topk_10,308,Arable land,"According to the Food and Agriculture Organization of the United Nations, how many hectares of arable land existed worldwide in 2013?",1.407 billion hectares,"According to the Food and Agriculture Organization of the United Nations, the world's arable land amounted to 1.407 billion hectares in 2013.",Arable land | Agriculture | Arable land | Agriculture | Angola | Agriculture | Agricultural science | Agriculture | Agriculture | Agriculture,"Arable land (from the , ""able to be ploughed"") is any land capable of being ploughed and used to grow crops. Alternatively, for the purposes of agricultural statistics, the term often has a more precise definition: 

A more concise definition appearing in the Eurostat glossary similarly refers to actual rather than potential uses: ""land worked (ploughed or tilled) regularly, generally under a system of crop rotation"". In Britain, arable land has traditionally been contrasted with pasturable land",False,True,1.0,0.9454911351203918,0.00027054548263549805
topk_10,309,Arable land,How does the Eurostat glossary define arable land?,"""land worked (ploughed or tilled) regularly, generally under a system of crop rotation""","According to the Eurostat glossary, arable land is defined as:

- Actual rather than potential uses
- Land worked regularly, generally under a system of crop rotation",Arable land | Arable land | Arable land | Alaska | Andorra | Agriculture | Austrian German | Agriculture | Agriculture | Agriculture,"Arable land (from the , ""able to be ploughed"") is any land capable of being ploughed and used to grow crops. Alternatively, for the purposes of agricultural statistics, the term often has a more precise definition: 

A more concise definition appearing in the Eurostat glossary similarly refers to actual rather than potential uses: ""land worked (ploughed or tilled) regularly, generally under a system of crop rotation"". In Britain, arable land has traditionally been contrasted with pasturable land",False,True,0.8,0.9878153800964355,0.2933539152145386
topk_10,310,Aluminium,What is the atomic number of aluminium?,13,The atomic number of aluminium is 13.,Aluminium | Aluminium | Aluminium | Aluminium | Aluminium | Atom | Aluminium | Aluminium | Atomic number | Aluminium,"Aluminium (aluminum in North American English) is a chemical element with the symbol Al and atomic number 13. Aluminium has a density lower than those of other common metals; about one-third that of steel. It has a great affinity towards oxygen, forming a protective layer of oxide on the surface when exposed to air. Aluminium visually resembles silver, both in its color and in its great ability to reflect light. It is soft, nonmagnetic and ductile. It has one stable isotope: 27Al, which is highl",False,True,1.0,0.9404404163360596,0.00024634599685668945
topk_10,311,Aluminium,Which stable isotope of aluminium is highly abundant?,27Al,The stable isotope of aluminium that is highly abundant is 27Al.,Aluminium | Aluminium | Aluminium | Aluminium | Aluminium | Aluminium | Aluminium | Aluminium | Aluminium | Alkali metal,"Despite its prevalence in the environment, no living organism is known to use aluminium salts for metabolism, but aluminium is well tolerated by plants and animals. Because of the abundance of these salts, the potential for a biological role for them is of interest, and studies continue.

Physical characteristics

Isotopes 

Of aluminium isotopes, only  is stable. This situation is common for elements with an odd atomic number. It is the only primordial aluminium isotope, i.e. the only one that ",False,True,1.0,0.9810932278633118,0.0003070831298828125
topk_10,312,Advanced Chemistry,In what year was Advanced Chemistry founded?,1987,Advanced Chemistry was founded in 1987.,Advanced Chemistry | Aluminium | Alchemy | Alfred Nobel | Astatine | Alkali metal | Astatine | Actinium | Alkali metal | Aluminium,"Advanced Chemistry is a German hip hop group from Heidelberg, a scenic city in Baden-Württemberg, South Germany. Advanced Chemistry was founded in 1987 by Toni L, Linguist, Gee-One, DJ Mike MD (Mike Dippon) and MC Torch. Each member of the group holds German citizenship, and Toni L, Linguist, and Torch are of Italian, Ghanaian, and Haitian backgrounds, respectively.

Influenced by North American socially conscious rap and the Native tongues movement, Advanced Chemistry is regarded as one of the ",False,True,1.0,0.9566836357116699,3.5881996154785156e-05
topk_10,313,Advanced Chemistry,What is the title of the song Advanced Chemistry released in November 1992?,Fremd im eigenen Land,"The song Advanced Chemistry released in November 1992 was titled ""Fremd im eigenen Land"" (Foreign in your own nation).",Advanced Chemistry | Advanced Chemistry | Advanced Chemistry | ABBA | ABBA | Acid | Atomic physics | Acid | ABBA | Alkane,"Advanced Chemistry is a German hip hop group from Heidelberg, a scenic city in Baden-Württemberg, South Germany. Advanced Chemistry was founded in 1987 by Toni L, Linguist, Gee-One, DJ Mike MD (Mike Dippon) and MC Torch. Each member of the group holds German citizenship, and Toni L, Linguist, and Torch are of Italian, Ghanaian, and Haitian backgrounds, respectively.

Influenced by North American socially conscious rap and the Native tongues movement, Advanced Chemistry is regarded as one of the ",False,True,1.0,0.9703800082206726,0.00048410892486572266
topk_10,314,Anglican Communion,How many members does the Anglican Communion have according to the passage?,more than 85 million members,"According to the passage, the Anglican Communion has more than 85 million members within the Church of England and other autocephalous national and regional churches in full communion.",Anglican Communion | Anglican Communion | Anglican Communion | Anglicanism | Anglicanism | Anglicanism | Anglican Communion | Anglicanism | Anglicanism | Anglican Communion,"The Anglican Communion is the third largest Christian communion after the Roman Catholic and Eastern Orthodox churches. Founded in 1867 in London, the communion has more than 85 million members within the Church of England and other autocephalous national and regional churches in full communion. The traditional origins of Anglican doctrine are summarised in the Thirty-nine Articles (1571). The archbishop of Canterbury (, Justin Welby) in England acts as a focus of unity, recognised as  (""first a",False,True,1.0,0.988084614276886,0.07185131311416626
topk_10,315,Anglican Communion,In what year and city was the Anglican Communion officially organised at the Lambeth Conference?,1867 in London,The Anglican Communion was officially and formally organised and recognised as such at the Lambeth Conference in 1867 in London.,Anglican Communion | Anglican Communion | Anglican Communion | Anglican Communion | Anglicanism | Anglicanism | Anglicanism | Anglican Communion | Anglican Communion | Anglican Communion,"The Anglican Communion is the third largest Christian communion after the Roman Catholic and Eastern Orthodox churches. Founded in 1867 in London, the communion has more than 85 million members within the Church of England and other autocephalous national and regional churches in full communion. The traditional origins of Anglican doctrine are summarised in the Thirty-nine Articles (1571). The archbishop of Canterbury (, Justin Welby) in England acts as a focus of unity, recognised as  (""first a",False,True,1.0,0.9854562878608704,0.0010362863540649414
topk_10,316,Archipelago,"According to the passage, what ancient language roots compose the word ""archipelago""?","It is derived from the Ancient Greek ἄρχι- (""chief"") and πέλαγος (""sea"") through the Italian arcipelago.","The word ""archipelago"" is derived from the Ancient Greek ἄρχι-(arkhi-) and πέλαγος (pélagos, ""sea"").",Archipelago | Aegean Sea | Athena | Athena | Atlantic Ocean | Apollo | Aegean Sea | Athens | Apollo | Asia,"An archipelago ( ), sometimes called an island group or island chain, is a chain, cluster, or collection of islands, or sometimes a sea containing a small number of scattered islands.

Examples of archipelagos include: the Indonesian Archipelago, the Andaman and Nicobar Islands, the Lakshadweep Islands, the Galápagos Islands, the Japanese archipelago, the Philippine Archipelago, the Maldives, the Balearic Islands, the Åland Islands, The Bahamas, the Aegean Islands, the Hawaiian Islands, the Cana",False,True,0.5,0.9721356630325317,0.0018494725227355957
topk_10,317,Archipelago,Which region is given as an example of a place that has more than 700 islands forming an archipelago?,Scotland,Scotland is given as an example of a place that has more than 700 islands forming an archipelago.,Archipelago | Archipelago | Asia | Aegean Sea | Aegean Sea | Aruba | Alaska | Aegean Sea | Asia | Aegean Sea,"An archipelago ( ), sometimes called an island group or island chain, is a chain, cluster, or collection of islands, or sometimes a sea containing a small number of scattered islands.

Examples of archipelagos include: the Indonesian Archipelago, the Andaman and Nicobar Islands, the Lakshadweep Islands, the Galápagos Islands, the Japanese archipelago, the Philippine Archipelago, the Maldives, the Balearic Islands, the Åland Islands, The Bahamas, the Aegean Islands, the Hawaiian Islands, the Cana",False,True,1.0,0.9911324381828308,0.0001837611198425293
topk_10,318,Author,"In a work for hire, who is considered the author of the work according to the passage?",The employer or commissioning party is considered the author of the work.,"In a work for hire, the employer or commissioning party is considered the author of the work, according to the passage.",Author | Author | Author | Author | Author | Author | Artist | Author | Architect | August Derleth,"In legal discourse, an author is the creator of an original work, whether that work is in written, graphic, or recorded medium. Thus, a sculptor, painter, or composer, is an author of their respective sculptures, paintings, or compositions, even though in common parlance, an author is often thought of as the writer of a book, article, play, or other written work. In the case of a work for hire, ""the employer or commissioning party is considered the author of the work"", even if they did not write",False,True,1.0,0.9782297611236572,0.0011116862297058105
topk_10,319,Author,What requirement did the United States Copyright Office state for a work to qualify as a work of 'authorship'?,A work must be created by a human being.,The United States Copyright Office stated that a work must be created by a human being to qualify as a work of 'authorship'.,Author | Author | Author | Author | Author | Author | Author | American National Standards Institute | Art | Academy Awards,"In legal discourse, an author is the creator of an original work, whether that work is in written, graphic, or recorded medium. Thus, a sculptor, painter, or composer, is an author of their respective sculptures, paintings, or compositions, even though in common parlance, an author is often thought of as the writer of a book, article, play, or other written work. In the case of a work for hire, ""the employer or commissioning party is considered the author of the work"", even if they did not write",False,True,1.0,0.9688002467155457,0.004848599433898926
topk_10,320,Andrey Markov,When was Andrey Andreyevich Markov born?,14 June 1856,Andrey Andreyevich Markov was born on 14 June 1856.,Andrey Markov | Andrey Markov | Andrey Markov | Andrei Tarkovsky | Andrei Tarkovsky | Andrei Tarkovsky | Albert Einstein | Anatoly Karpov | Alfred Korzybski | April 15,"Andrey Andreyevich Markov (14 June 1856 – 20 July 1922) was a Russian mathematician best known for his work on stochastic processes. A primary subject of his research later became known as the Markov chain. He was also a strong, close to master-level chess player.

Markov and his younger brother Vladimir Andreevich Markov (1871–1897) proved the Markov brothers' inequality.
His son, another Andrey Andreyevich Markov (1903–1979), was also a notable mathematician, making contributions to constructi",False,True,1.0,0.9769949913024902,1.7523765563964844e-05
topk_10,321,Andrey Markov,What inequality did Andrey Markov and his brother prove?,the Markov brothers' inequality,Andrey Markov and his younger brother Vladimir Andreyevich Markov proved the Markov brothers' inequality.,Andrey Markov | Andrey Markov | Andrey Markov | Albert Einstein | Axiom of choice | Axiom | Albert Einstein | Algorithm | Alain Connes | Augustin-Jean Fresnel,"Andrey Andreyevich Markov (14 June 1856 – 20 July 1922) was a Russian mathematician best known for his work on stochastic processes. A primary subject of his research later became known as the Markov chain. He was also a strong, close to master-level chess player.

Markov and his younger brother Vladimir Andreevich Markov (1871–1897) proved the Markov brothers' inequality.
His son, another Andrey Andreyevich Markov (1903–1979), was also a notable mathematician, making contributions to constructi",False,True,1.0,0.9842976927757263,3.993511199951172e-05
topk_10,322,Angst,From which languages was the English word “angst” introduced?,"Danish, Norwegian, Dutch, and German.","The English word ""angst"" was introduced from the Danish, Norwegian, and Dutch words, and the German word.",Angst | Angst | Abbreviation | Abbreviation | Antisemitism | Asia | Arabic | Abacus | Anguilla | Alphabet,"Angst is fear or anxiety (anguish is its Latinate equivalent, and the words anxious and anxiety are of similar origin). The dictionary definition for angst is a feeling of anxiety, apprehension, or insecurity.

Etymology
The word angst was introduced into English from the Danish, Norwegian, and Dutch word  and the German word . It is attested since the 19th century in English translations of the works of Søren Kierkegaard and Sigmund Freud. It is used in English to describe an intense feeling of",False,True,1.0,0.958713173866272,0.0009039640426635742
topk_10,323,Angst,Since which century has the word “angst” existed in German?,The 8th century.,"The word ""angst"" has existed in German since the 8th century, according to the given information.",Angst | Angst | Antisemitism | Antisemitism | Austrian German | Austrian German | Abbreviation | Austrian German | Antisemitism | Antisemitism,"Angst is fear or anxiety (anguish is its Latinate equivalent, and the words anxious and anxiety are of similar origin). The dictionary definition for angst is a feeling of anxiety, apprehension, or insecurity.

Etymology
The word angst was introduced into English from the Danish, Norwegian, and Dutch word  and the German word . It is attested since the 19th century in English translations of the works of Søren Kierkegaard and Sigmund Freud. It is used in English to describe an intense feeling of",False,True,1.0,0.9861025810241699,0.00040286779403686523
topk_10,324,Anxiety,What is the primary difference between anxiety and fear as described in the passage?,"Fear is defined as the emotional response to a real threat, whereas anxiety is the anticipation of a future threat.","The primary difference between anxiety and fear, according to the passage, lies in how they are defined and their relationship to actual threats. Specifically, the passage states that fear is defined as the emotional response to a real threat, whereas anxiety is the anticipation of a future threat. It notes that anxiety is often accompanied by nervous behavior such as pacing back and forth, somatic complaints, and rumination, while fear is directly tied to the perception of a real or perceived immediate threat.",Anxiety | Anxiety | Anxiety | Anxiety | Anxiety | Anxiety | Anxiety | Anxiety | Anxiety | Angst,"Anxiety is an emotion which is characterized by an unpleasant state of inner turmoil and includes feelings of dread over anticipated events. Anxiety is different from fear in that fear is defined as the emotional response to a real threat, whereas anxiety is the anticipation of a future threat. It is often accompanied by nervous behavior such as pacing back and forth, somatic complaints, and rumination.

Anxiety is a feeling of uneasiness and worry, usually generalized and unfocused as an overre",False,True,1.0,0.9792800545692444,0.1457221508026123
topk_10,325,Anxiety,Name three physical symptoms that may accompany anxiety according to the passage.,"muscular tension, restlessness, and fatigue","Based on the provided text, here are three physical symptoms that may accompany anxiety:

1. Headache
2. Paresthesias (numbness or tingling sensation)
3. Vertigo (dizziness or spinning sensation)",Anxiety | Anxiety | Anxiety | Anxiety | Anxiety | Anxiety | Anxiety | Anxiety | Anxiety | Anxiety,"You feel an intense fear when you think of dying, or you may think of it more often than normal, or can't get it out of your mind.""

The physiological symptoms of anxiety may include:
Neurological, as headache, paresthesias, fasciculations, vertigo, or presyncope.
Digestive, as abdominal pain, nausea, diarrhea, indigestion, dry mouth, or bolus. Stress hormones released in an anxious state have an impact on bowel function and can manifest physical symptoms that may contribute to or exacerbate IBS",False,True,0.0,0.390676349401474,0.07276839017868042
topk_10,326,A. A. Milne,What rank did Alan Alexander Milne hold in the Royal Warwickshire Regiment during the First World War?,lieutenant,Captain,A. A. Milne | A. A. Milne | A. A. Milne | A. A. Milne | Albert Sidney Johnston | American Revolutionary War | August 22 | American Revolutionary War | April 1 | Andorra,"His teammates included fellow writers J. M. Barrie, Arthur Conan Doyle and P. G. Wodehouse.

Milne joined the British Army in World War I and served as an officer in the Royal Warwickshire Regiment. He was commissioned into the 4th Battalion, Royal Warwickshire Regiment, on 1 February 1915 as a second lieutenant (on probation). His commission was confirmed on 20 December 1915. He served on the Somme as a signals officer from July-November 1916, but caught trench fever and was invalided back to E",False,True,0.0,0.9078590869903564,0.83894382417202
topk_10,327,A. A. Milne,To which library did Milne bequeath the original manuscripts of the Winnie-the-Pooh stories?,"the Wren Library at Trinity College, Cambridge","Trinity College Library, Cambridge",A. A. Milne | A. A. Milne | A. A. Milne | A. A. Milne | A. A. Milne | A. A. Milne | A. A. Milne | A. A. Milne | A. A. Milne | A. A. Milne,"Alan Alexander Milne (; 18 January 1882 – 31 January 1956) was an English writer best known for his books about the teddy bear Winnie-the-Pooh, as well as for children's poetry. Milne was primarily a playwright before the huge success of Winnie-the-Pooh overshadowed all his previous work. Milne served in both World Wars, as a lieutenant in the Royal Warwickshire Regiment in the First World War and as a captain in the Home Guard in the Second World War.

Milne was the father of bookseller Christo",False,True,0.8,0.9218384027481079,0.984619876369834
topk_10,328,Asociación Alumni,In which division does the senior squad of Asociación Alumni currently compete?,"Top 12, the first division of the Unión de Rugby de Buenos Aires league system.",Top 12,Asociación Alumni | Asociación Alumni | Andorra | Aarhus | Antigua and Barbuda | Albania | Angola | Adelaide | Aarhus | American Football Conference,"Asociación Alumni, usually just Alumni, is an Argentine rugby union club located in Tortuguitas, Greater Buenos Aires. The senior squad currently competes at Top 12, the first division of the Unión de Rugby de Buenos Aires league system.

The club has ties with former football club Alumni because both were established by Buenos Aires English High School students.

History

Background

The first club with the name ""Alumni"" played association football, having been found in 1898 by students of Buen",False,True,0.16666666666666666,0.8689659237861633,0.9783846661448479
topk_10,329,Asociación Alumni,"Who proposed the name ""Alumni"" for the original football club?","Carlos Bowers, a former student of the Buenos Aires English High School.","Carlos Bowers proposed the name ""Alumni"" for the original football club.",Asociación Alumni | Asociación Alumni | Aarhus | Adelaide | Abbreviation | The Ashes | Albert Camus | The Ashes | August 2 | August 9,"Asociación Alumni, usually just Alumni, is an Argentine rugby union club located in Tortuguitas, Greater Buenos Aires. The senior squad currently competes at Top 12, the first division of the Unión de Rugby de Buenos Aires league system.

The club has ties with former football club Alumni because both were established by Buenos Aires English High School students.

History

Background

The first club with the name ""Alumni"" played association football, having been found in 1898 by students of Buen",False,True,0.2222222222222222,0.9171165227890015,3.337860107421875e-05
topk_10,330,Axiom,"From which language does the term ""axiom"" originate, and what does it mean?","It comes from the Ancient Greek word (), meaning 'that which is thought worthy or fit' or 'that which commends itself as evident'.","The term ""axiom"" originates from the Greek word ἀξίωμα (axióma), which means ""that which is thought worthy or fit"" or ""that which commends itself as evident"". In essence, an axiom is a statement that is accepted as true without proof.",Axiom | Axiom | Axiom | Axiom of choice | Axiom | Axiom | Ambiguity | Axiom | Axiom | Axiom,"An axiom, postulate, or assumption is a statement that is taken to be true, to serve as a premise or starting point for further reasoning and arguments. The word comes from the Ancient Greek word  (), meaning 'that which is thought worthy or fit' or 'that which commends itself as evident'.

The precise definition varies across fields of study. In classic philosophy, an axiom is a statement that is so evident or well-established, that it is accepted without controversy or question. In modern logi",False,True,0.7272727272727273,0.7209461331367493,0.015633583068847656
topk_10,331,Axiom,What are the two categories of axioms in mathematics mentioned in the passage?,Logical axioms and non‑logical axioms.,"The two categories of axioms in mathematics mentioned in the passage are logical axioms and non-logical axioms. Logical axioms are taken to be true within the system of logic they define and are often shown in symbolic form, while non-logical axioms (such as postulates) are substantive assertions about the elements of the domain of a specific mathematical theory.",Axiom | Axiom | Axiom | Axiom | Axiom | Axiom | Axiom | Axiom | Axiom | Axiom,"These examples are metatheorems of our theory of mathematical logic since we are dealing with the very concept of proof itself. Aside from this, we can also have Existential Generalization:

Axiom scheme for Existential Generalization. Given a formula  in a first-order language , a variable  and a term  that is substitutable for  in , the below formula is universally valid.

Non-logical axioms
Non-logical axioms are formulas that play the role of theory-specific assumptions. Reasoning about two ",False,True,1.0,0.9717686176300049,0.19345194101333618
topk_10,332,Alpha,What numeric value does alpha have in the system of Greek numerals?,One.,One.,Alpha | Alpha | Alpha | A | Absolute value | Atomic number | Afroasiatic languages | Algorithm | Absolute value | Algebraic number,"Alpha  (uppercase , lowercase ; , , or ) is the first letter of the Greek alphabet. In the system of Greek numerals, it has a value of one. Alpha is derived from the Phoenician letter aleph , which is the West Semitic word for ""ox"". Letters that arose from alpha include the Latin letter A and the Cyrillic letter А.

Uses

Greek
In Ancient Greek, alpha was pronounced  and could be either phonemically long ([aː]) or short ([a]). Where there is ambiguity, long and short alpha are sometimes written ",False,True,1.0,0.9353995323181152,0.124106764793396
topk_10,333,Alpha,Which letters are mentioned as having arisen from alpha?,The Latin letter A and the Cyrillic letter А.,Letters that arose from alpha include the Latin letter A and the Cyrillic letter А.,Alpha | Alpha | A | Alpha | A | Abjad | A | Alphabet | Alphabet | Apollo,"Alpha  (uppercase , lowercase ; , , or ) is the first letter of the Greek alphabet. In the system of Greek numerals, it has a value of one. Alpha is derived from the Phoenician letter aleph , which is the West Semitic word for ""ox"". Letters that arose from alpha include the Latin letter A and the Cyrillic letter А.

Uses

Greek
In Ancient Greek, alpha was pronounced  and could be either phonemically long ([aː]) or short ([a]). Where there is ambiguity, long and short alpha are sometimes written ",False,True,1.0,0.9770903587341309,0.07985377311706543
topk_10,334,Alvin Toffler,What are Alvin Toffler's birth and death dates?,"He was born on October 4, 1928 and died on June 27, 2016.","Alvin Toffler was born on October 4, 1928, and he died on June 27, 2016.",Alvin Toffler | Alvin Toffler | Alvin Toffler | Alvin Toffler | April 15 | April 6 | August 9 | Alvin Toffler | April 6 | April 12,"No cause of death was given. He is buried at Westwood Memorial Park.

Bibliography
Alvin Toffler co-wrote his books with his wife Heidi.
 The Culture Consumers (1964) St. Martin's Press, 
 The Schoolhouse in the City (1968) Praeger (editors), 
 Future Shock (1970) Bantam Books, 
 The Futurists (1972) Random House (editors), 
 Learning for Tomorrow (1974) Random House (editors), 
 The Eco-Spasm Report (1975) Bantam Books, 
 The Third Wave (1980) Bantam Books, 
 Previews & Premises (1983) William ",False,True,1.0,0.5938332080841064,0.0001214742660522461
topk_10,335,Alvin Toffler,"What is the title of Alvin Toffler's first major book about the future, and how many copies has it sold?","The book is ""Future Shock"" and it has sold over 6 million copies.","The title of Alvin Toffler's first major book about the future is ""Future Shock,"" and it has sold over 6 million copies worldwide, according to the New York Times, or over 15 million copies according to the Tofflers' Web site.",Alvin Toffler | Alvin Toffler | Alvin Toffler | Alvin Toffler | Alvin Toffler | Alvin Toffler | Alvin Toffler | Alvin Toffler | Arthur Schopenhauer | Artificial intelligence,"Alvin Eugene Toffler (October 4, 1928 – June 27, 2016) was an American writer, futurist, and businessman known for his works discussing modern technologies, including the digital revolution and the communication revolution, with emphasis on their effects on cultures worldwide. He is regarded as one of the world's outstanding futurists.

Toffler was an associate editor of Fortune magazine. In his early works he focused on technology and its impact, which he termed ""information overload."" In 1970,",False,True,1.0,0.6483936309814453,0.0022127628326416016
topk_10,336,The Amazing Spider-Man,In what month and year did The Amazing Spider-Man series begin publication?,March 1963,The Amazing Spider-Man series began publication in March 1963.,The Amazing Spider-Man | The Amazing Spider-Man | The Amazing Spider-Man | The Amazing Spider-Man | The Amazing Spider-Man | The Amazing Spider-Man | The Amazing Spider-Man | The Amazing Spider-Man | The Amazing Spider-Man | The Amazing Spider-Man,"For the first time, although the issue numbers were again restarted from #1, the issues also bore the overall ""legacy"" issue number. A sixth volume commenced in April 2022 to celebrate Spider-Man's 60th anniversary. Since the third volume, the title has had various release schedules, including monthly and bi-weekly, among others.

Publication history
Writer-editor Stan Lee and artist and co-plotter Steve Ditko created the character of Spider-Man, and the pair produced 38 issues from March 1963 t",False,True,1.0,0.9867718815803528,6.198883056640625e-06
topk_10,337,The Amazing Spider-Man,How many issues had The Amazing Spider-Man reached by 2022?,900 issues,"By 2022, The Amazing Spider-Man had reached its 700th issue.",The Amazing Spider-Man | The Amazing Spider-Man | The Amazing Spider-Man | The Amazing Spider-Man | The Amazing Spider-Man | The Amazing Spider-Man | The Amazing Spider-Man | The Amazing Spider-Man | The Amazing Spider-Man | The Amazing Spider-Man,"For the first time, although the issue numbers were again restarted from #1, the issues also bore the overall ""legacy"" issue number. A sixth volume commenced in April 2022 to celebrate Spider-Man's 60th anniversary. Since the third volume, the title has had various release schedules, including monthly and bi-weekly, among others.

Publication history
Writer-editor Stan Lee and artist and co-plotter Steve Ditko created the character of Spider-Man, and the pair produced 38 issues from March 1963 t",False,True,0.0,0.9367743134498596,8.487701416015625e-05
topk_10,338,AM,"What does the abbreviation ""AM"" represent as a United States Navy hull classification symbol?",minesweeper,"The abbreviation ""AM"" represents a minesweeper in the United States Navy.",AM | AM | Abbreviation | Amplitude modulation | Abbreviation | A | Abbreviation | Amplitude modulation | Abbreviation | Abbreviation,"Agile modeling, a software engineering methodology for modeling and documenting software systems
 Amplitude modulation, an electronic communication technique
 Automated Mathematician, an artificial intelligence program

Timekeeping
 anno martyrum, a method of numbering years in the Coptic calendar
 Anno Mundi, a calendar era based on the biblical creation of the world
 ante meridiem, Latin for ""before midday"", written e.g. 6a.m.

Transportation
 A.M. (automobile), a 1906 French car
 Aeroméxico (",False,True,1.0,0.9937505125999451,7.283687591552734e-05
topk_10,339,AM,"Which musical group released an album titled ""AM"" that is listed in the passage?",AM (Arctic Monkeys album),"Based on the information provided in the context, the musical group that released an album titled ""AM"" is Wilco. Specifically, the passage states: ""A.M. (Wilco album)"" and mentions that Wilco released an album under this title.",ABBA | AM | ABBA | ABBA | Aztlan Underground | ABBA | Accordion | Afro Celt Sound System | ABBA | Aztlan Underground,"ABBA ( , ; formerly named Björn & Benny, Agnetha & Anni-Frid or Björn & Benny, Agnetha & Frida) are  a Swedish pop supergroup formed in Stockholm in 1972 by Agnetha Fältskog, Björn Ulvaeus, Benny Andersson, and Anni-Frid Lyngstad. The group's name is an acronym of the first letters of their first names arranged as a palindrome. They are one of the most popular and successful musical groups of all time, and are one of the best-selling music acts in the history of popular music, topping the charts",False,True,0.5,0.9837703704833984,0.016466200351715088
topk_10,340,Antigua and Barbuda,What is the capital city of Antigua and Barbuda?,"St. John's, Antigua","St. John's, Antigua",Antigua and Barbuda | Antigua and Barbuda | Antigua and Barbuda | Antigua and Barbuda | Antigua and Barbuda | Demographics of Antigua and Barbuda | Antigua and Barbuda | Antigua and Barbuda | Politics of Antigua and Barbuda | Antigua and Barbuda,"Antigua and Barbuda (, ) is a sovereign island country in the Caribbean. It lies at the conjuncture of the Caribbean Sea and the Atlantic Ocean in the Leeward Islands part of the Lesser Antilles.

The country consists of two major islands, Antigua and Barbuda, which are approximately  apart, and several smaller islands, including Great Bird, Green, Guiana, Long, Maiden, Prickly Pear, York, and Redonda. The permanent population is approximately 97,120 ( estimates), with 97% residing in Antigua. S",False,True,1.0,0.9489651322364807,0.9273632988333702
topk_10,341,Antigua and Barbuda,When did Antigua and Barbuda gain full independence from the United Kingdom?,1 November 1981,Antigua and Barbuda gained full independence from the United Kingdom on 1 November 1981.,Antigua and Barbuda | Antigua and Barbuda | Antigua and Barbuda | Antigua and Barbuda | Antigua and Barbuda | Antigua and Barbuda | Demographics of Antigua and Barbuda | Antigua and Barbuda | Antigua and Barbuda Defence Force | Anguilla,"Part of the Leeward Islands colony, Antigua and Barbuda became part of the short-lived West Indies Federation from 1958 to 1962. Antigua and Barbuda subsequently became an associated state of the United Kingdom with full internal autonomy on 27 February 1967. The 1970s were dominated by discussions as to the islands' future and the rivalry between Vere Bird of the Antigua and Barbuda Labour Party (ABLP) (Premier from 1967 to 1971 and 1976 to 1981) and the Progressive Labour Movement (PLM) of Geo",False,True,1.0,0.9843531250953674,2.3365020751953125e-05
topk_10,342,Azincourt,In which department of France is the commune of Azincourt located?,Pas-de-Calais,The commune of Azincourt is located in the Pas-de-Calais department of France.,Azincourt | Azincourt | Anatole France | Aarhus | Adelaide | Algeria | Amsterdam | Azerbaijan | Andorra | Aruba,"Azincourt (), historically known in English as Agincourt ( ), is a commune in the Pas-de-Calais department in northern France. It is situated  north-west of Saint-Pol-sur-Ternoise on the D71 road between Hesdin and Fruges.

The Late Medieval Battle of Agincourt between the English and the French took place in the commune in 1415.

Toponym
The name is attested as Aisincurt in 1175, derived from a Germanic masculine name Aizo, Aizino and the early Northern French word curt (which meant a farm with",False,True,1.0,0.9836782217025757,2.4199485778808594e-05
topk_10,343,Azincourt,On what date was the Battle of Agincourt fought?,25 October 1415,The Battle of Agincourt was fought on 25 October 1415.,Azincourt | Azincourt | American Revolutionary War | August 27 | August 6 | August 22 | American Civil War | August 13 | April 15 | April 6,"Azincourt (), historically known in English as Agincourt ( ), is a commune in the Pas-de-Calais department in northern France. It is situated  north-west of Saint-Pol-sur-Ternoise on the D71 road between Hesdin and Fruges.

The Late Medieval Battle of Agincourt between the English and the French took place in the commune in 1415.

Toponym
The name is attested as Aisincurt in 1175, derived from a Germanic masculine name Aizo, Aizino and the early Northern French word curt (which meant a farm with",False,True,1.0,0.9534825682640076,2.181529998779297e-05
topk_10,344,Albert Speer,When was Albert Speer appointed as Reich Minister of Armaments and War Production?,February 1942,Albert Speer was appointed as Reich Minister of Armaments and War Production on 19 March 1942.,Albert Speer | Albert Speer | Albert Speer | Albert Speer | Albert Speer | Albert Speer | Albert Speer | Albert Speer | Albert Speer | Albert Speer,"Berthold Konrad Hermann Albert Speer (; ; 19 March 1905 – 1 September 1981) was a German architect who served as the Minister of Armaments and War Production in Nazi Germany during most of World War II. A close ally of Adolf Hitler, he was convicted at the Nuremberg trial and sentenced to 20 years in prison.

An architect by training, Speer joined the Nazi Party in 1931. His architectural skills made him increasingly prominent within the Party, and he became a member of Hitler's inner circle. Hi",False,True,0.5,0.8810496926307678,4.661083221435547e-05
topk_10,345,Albert Speer,What length of prison sentence was Albert Speer given after the Nuremberg trial?,20 years in prison,"Speer was found guilty of war crimes and crimes against humanity, principally for the use of slave labor and forced labor. He was sentenced to 20 years' imprisonment.",Albert Speer | Albert Speer | Albert Speer | Albert Speer | Albert Speer | Albert Speer | Albert Speer | Albert Speer | Albert Speer | Albert Speer,"Berthold Konrad Hermann Albert Speer (; ; 19 March 1905 – 1 September 1981) was a German architect who served as the Minister of Armaments and War Production in Nazi Germany during most of World War II. A close ally of Adolf Hitler, he was convicted at the Nuremberg trial and sentenced to 20 years in prison.

An architect by training, Speer joined the Nazi Party in 1931. His architectural skills made him increasingly prominent within the Party, and he became a member of Hitler's inner circle. Hi",False,True,0.6666666666666666,0.9703772068023682,0.09929537773132324
topk_10,346,Asteraceae,In what year were the Compositae first described?,1740,"The Compositae, also known as Asteraceae, were first described in 1740 by Dutch botanist Adriaan van Royen.",Asteraceae | Asteraceae | Asteroid | Aegean Sea | Asparagales | Amphibian | Asteroid | Art | Amphibian | Ancient philosophy,"Taxonomy

History
Compositae, the original name for Asteraceae, were first described in 1740 by Dutch botanist Adriaan van Royen. Traditionally, two subfamilies were recognised: Asteroideae (or Tubuliflorae) and Cichorioideae (or Liguliflorae). The latter has been shown to be extensively paraphyletic, and has now been divided into 12 subfamilies, but the former still stands. The study of this family is known as synantherology.

Phylogeny

The phylogenetic tree of subfamilies presented below is b",False,True,1.0,0.9436411261558533,0.00641322135925293
topk_10,347,Asteraceae,How many known species does the family Asteraceae consist of?,"over 32,000 known species","Over 32,000 currently accepted species.",Asteraceae | Asterales | Asterales | Asterales | Asteraceae | Asparagales | Asparagales | Asparagales | Asparagales | Asteraceae,"The family Asteraceae (), with the original name Compositae, consists of over 32,000 known species of flowering plants in over 1,900 genera within the order Asterales. Commonly referred to as the aster, daisy, composite, or sunflower family, Compositae were first described in the year 1740. The number of species in Asteraceae is rivaled only by the Orchidaceae, and which is the larger family is unclear as the quantity of extant species in each family is unknown. 

Most species of Asteraceae are ",False,True,0.8,0.9697462916374207,0.018369615077972412
topk_10,348,Apiaceae,How many species are estimated to be in the Apiaceae family?,"More than 3,800 species.","More than 3,800 species are estimated to be in the Apiaceae family.",Apiales | Apiaceae | Apiaceae | Apiaceae | Apiaceae | Asparagales | Alismatales | Asparagales | Asparagales | Apiaceae,"The Apiales are an order of flowering plants. The families are those recognized in the APG III system. This is typical of the newer classifications, though there is some slight variation and in particular, the Torriceliaceae may also be divided.

Under this definition, well-known members include carrots, celery, parsley, and Hedera helix (English ivy).

The order Apiales is placed within the asterid group of eudicots as circumscribed by the APG III system. Within the asterids, Apiales belongs to",False,True,1.0,0.9445300102233887,0.0003064870834350586
topk_10,349,Apiaceae,What common name is given to the Apiaceae family?,"It is commonly known as the celery, carrot or parsley family, or simply as umbellifers.","The common name given to the Apiaceae family is the celery, carrot or parsley family, or simply as umbellifers.",Apiales | Apiaceae | Apiaceae | Apiaceae | Apiaceae | Apiaceae | Apiaceae | Apiaceae | Asparagales | Alismatales,"The Apiales are an order of flowering plants. The families are those recognized in the APG III system. This is typical of the newer classifications, though there is some slight variation and in particular, the Torriceliaceae may also be divided.

Under this definition, well-known members include carrots, celery, parsley, and Hedera helix (English ivy).

The order Apiales is placed within the asterid group of eudicots as circumscribed by the APG III system. Within the asterids, Apiales belongs to",False,True,0.75,0.9879531860351562,0.0006023645401000977
topk_10,350,Axon,What are the three groups of nerve fibers mentioned in the passage?,"Group A nerve fibers, group B nerve fibers, and group C nerve fibers.","The three groups of nerve fibers mentioned in the passage are Group A, Group B, and Group C. These groups include both sensory fibers (afferents) and motor fibers (efferents).",Axon | Axon | Axon | Anatomy | Axon | Axon | Axon | Axon | Afroasiatic languages | Axon,"An axon (from Greek ἄξων áxōn, axis), or nerve fiber (or nerve fibre: see spelling differences), is a long, slender projection of a nerve cell, or neuron, in vertebrates, that typically conducts electrical impulses known as action potentials away from the nerve cell body. The function of the axon is to transmit information to different neurons, muscles, and glands. In certain sensory neurons (pseudounipolar neurons), such as those for touch and warmth, the axons are called afferent nerve fibers ",False,True,1.0,0.9569982290267944,0.016801655292510986
topk_10,351,Axon,Which groups of nerve fibers are myelinated according to the passage?,Groups A and B are myelinated.,"According to the passage, myelinated nerve fibers are grouped into two types: Group A nerve fibers and Group B nerve fibers.",Axon | Axon | Axon | Axon | Axon | Axon | Axon | Anatomy | Axon | Axon,"The numbers of axonal telodendria (the branching structures at the end of the axon) can also differ from one nerve fiber to the next. Axons in the central nervous system (CNS) typically show multiple telodendria, with many synaptic end points. In comparison, the cerebellar granule cell axon is characterized by a single T-shaped branch node from which two parallel fibers extend. Elaborate branching allows for the simultaneous transmission of messages to a large number of target neurons within a s",False,True,0.6666666666666666,0.9463288187980652,0.03378021717071533
topk_10,352,Aramaic alphabet,"Which group adopted the Aramaic alphabet for writing Hebrew, displacing the Paleo‑Hebrew alphabet?",Jews,"Jews (but not Samaritans) adopted the Aramaic language as their vernacular and started using the Aramaic alphabet even for writing Hebrew, displacing the former Paleo-Hebrew alphabet.",Aramaic alphabet | Aramaic alphabet | Aramaic alphabet | Aramaic alphabet | Aramaic alphabet | Alphabet | Abjad | Afroasiatic languages | Alphabet | Arabic,"Among the descendant scripts in modern use, the Jewish Hebrew alphabet bears the closest relation to the Imperial Aramaic script of the 5th century BC, with an identical letter inventory and, for the most part, nearly identical letter shapes. By contrast the Samaritan Hebrew script is directly descended from Proto-Hebrew/Phoenician script, which was in turn the ancestor of the Aramaic alphabet. The Aramaic alphabet was also an ancestor to the Nabataean alphabet, which in turn had the Arabic alph",False,True,1.0,0.9883904457092285,0.6508002281188965
topk_10,353,Aramaic alphabet,What term did Peter T. Daniels use to describe writing systems like Aramaic that indicate consonants but not most vowels?,abjads,Writing systems like Aramaic that indicate consonants but not most vowels are described by Peter T. Daniels as abjads.,Aramaic alphabet | Abjad | Abjad | Abugida | Abugida | Abjad | Alphabet | Arabic | Aramaic alphabet | Aramaic alphabet,"The ancient Aramaic alphabet was used to write the Aramaic languages spoken by ancient Aramean pre-Christian tribes throughout the Fertile Crescent. It was also adopted by other peoples as their own alphabet when empires and their subjects underwent linguistic Aramaization during a language shift for governing purposes—a precursor to Arabization centuries later—including among Assyrians who permanently replaced their Akkadian language and its cuneiform script with Aramaic and its script, and amo",False,True,1.0,0.9912193417549133,0.00023871660232543945
topk_10,354,Acute disseminated encephalomyelitis,What is the reported annual incidence of acute disseminated encephalomyelitis (ADEM) per million people?,"About 8 per 1,000,000 people per year.","About 8 per 1,000,000 people per year.",Acute disseminated encephalomyelitis | Acute disseminated encephalomyelitis | Acute disseminated encephalomyelitis | Acute disseminated encephalomyelitis | Acute disseminated encephalomyelitis | Acute disseminated encephalomyelitis | Acute disseminated encephalomyelitis | Acute disseminated encephalomyelitis | Angola | Algeria,"Acute disseminated encephalomyelitis (ADEM), or acute demyelinating encephalomyelitis, is a rare autoimmune disease marked by a sudden, widespread attack of inflammation in the brain and spinal cord. As well as causing the brain and spinal cord to become inflamed, ADEM also attacks the nerves of the central nervous system and damages their myelin insulation, which, as a result, destroys the white matter. The cause is often a trigger such as from viral infection or vaccinations.

ADEM's symptoms ",False,True,1.0,0.9694479703903198,0.009859859943389893
topk_10,355,Acute disseminated encephalomyelitis,What is the average age range of most reported ADEM cases?,Around 5 to 8 years old.,"Most reported ADEM cases affect children and adolescents, with the average age around 5 to 8 years old.",Acute disseminated encephalomyelitis | Acute disseminated encephalomyelitis | Demographics of Angola | Acute disseminated encephalomyelitis | Acute disseminated encephalomyelitis | Acute disseminated encephalomyelitis | Acute disseminated encephalomyelitis | Acute disseminated encephalomyelitis | Demographics of Angola | Abortion,"Group means for each cognitive domain were all within one standard deviation of age norms, demonstrating that, as a group, they were normal. These deficits were less severe than those seen in similar aged children with a diagnosis of MS.

Another study compared nineteen children with a history of ADEM, of which 10 were five years of age or younger at the time (average age 3.8 years old, tested an average of 3.9 years later) and nine were older (mean age 7.7y at time of ADEM, tested an average of",False,True,1.0,0.9799142479896545,0.04755842685699463
topk_10,356,Ataxia,What term is used to describe ataxia that is limited to one side of the body?,hemiataxia,Hemiataxia,Ataxia | Ataxia | Ataxia | Ataxia | Ataxia | Ataxia | Ataxia | Ataxia | Ataxia | Ataxia,"Ataxia (from Greek α- [a negative prefix] + -τάξις [order] = ""lack of order"") is a neurological sign consisting of lack of voluntary coordination of muscle movements that can include gait abnormality, speech changes, and abnormalities in eye movements, that indicates dysfunction of parts of the nervous system that coordinate movement, such as the cerebellum.

These nervous system dysfunctions occur in several different patterns, with different results and different possible causes. Ataxia can be",False,True,1.0,0.9462378621101379,0.8843892067670822
topk_10,357,Ataxia,What is the name for a mild degree of ataxia?,Dystaxia,Dystaxia,Ataxia | Ataxia | Ataxia | Ataxia | Ataxia | Ataxia | Ataxia | Ataxia | Ataxia | Ataxia,"Ataxia (from Greek α- [a negative prefix] + -τάξις [order] = ""lack of order"") is a neurological sign consisting of lack of voluntary coordination of muscle movements that can include gait abnormality, speech changes, and abnormalities in eye movements, that indicates dysfunction of parts of the nervous system that coordinate movement, such as the cerebellum.

These nervous system dysfunctions occur in several different patterns, with different results and different possible causes. Ataxia can be",False,True,1.0,0.9087828993797302,0.9809491001069546
topk_10,358,Ada Lovelace,"When was Augusta Ada King, Countess of Lovelace born and when did she die?",She was born on 10 December 1815 and died on 27 November 1852.,"Augusta Ada King, Countess of Lovelace was born on 10 December 1815 and died on 27 November 1852.",Ada Lovelace | Ada Lovelace | Ada Lovelace | Ada Lovelace | Ada Lovelace | Ada Lovelace | Ada Lovelace | Ada Lovelace | Ada Lovelace | Ada Lovelace,"Augusta Ada King, Countess of Lovelace (née Byron; 10 December 1815 – 27 November 1852) was an English mathematician and writer, chiefly known for her work on Charles Babbage's proposed mechanical general-purpose computer, the Analytical Engine. She was the first to recognise that the machine had applications beyond pure calculation.

Ada Byron was the only legitimate child of poet Lord Byron and reformer Lady Byron. All Lovelace's half-siblings, Lord Byron's other children, were born out of wed",False,True,0.8888888888888888,0.794627845287323,6.532669067382812e-05
topk_10,359,Ada Lovelace,Who did Ada Lovelace marry and in what year did her husband become Earl of Lovelace?,"She married William King in 1835, and he was made Earl of Lovelace in 1838.","Ada Lovelace married William, 8th Baron King, in 1835. In 1838, her husband was made Earl of Lovelace.",Ada Lovelace | Ada Lovelace | Ada Lovelace | Ada Lovelace | Ada Lovelace | Ada Lovelace | Ada Lovelace | Ada Lovelace | Ada Lovelace | Ada Lovelace,"She was presented at Court at the age of seventeen ""and became a popular belle of the season"" in part because of her ""brilliant mind"". By 1834 Ada was a regular at Court and started attending various events. She danced often and was able to charm many people, and was described by most people as being dainty, although John Hobhouse, Byron's friend, described her as ""a large, coarse-skinned young woman but with something of my friend's features, particularly the mouth"". This description followed t",False,True,0.8,0.8926244378089905,0.007621407508850098
topk_10,360,August Derleth,When was August Derleth born?,"February 24, 1909","August Derleth was born on February 24, 1909.",August Derleth | August Derleth | August Derleth | August Derleth | August Derleth | Augustin-Jean Fresnel | August Derleth | August Derleth | August Derleth | August Derleth,"August William Derleth (February 24, 1909 – July 4, 1971) was an American writer and anthologist. He was the first book publisher of the writings of H. P. Lovecraft. He made contributions to the Cthulhu Mythos and the cosmic horror genre and helped found the publisher Arkham House (which did much to bring supernatural fiction into print in hardcover in the US that had only been readily available in the UK). Derleth was also a leading American regional writer of his day, as well as prolific in se",False,True,1.0,0.9272207617759705,2.9802322387695312e-06
topk_10,361,August Derleth,What fictional detective did Derleth create as a pastiche of Sherlock Holmes?,Solar Pons,Derleth created the fictional detective Solar Pons as a pastiche of Sherlock Holmes.,August Derleth | August Derleth | August Derleth | Hercule Poirot | August Derleth | August Derleth | August Derleth | August Derleth | August Derleth | August Derleth,"A close literary relative of the Sac Prairie Saga was Derleth's Wisconsin Saga, which comprises several historical novels.

Detective fiction and ""Solar Pons""
Detective fiction represented another substantial body of Derleth's work. Most notable among this work was a series of 70 stories in affectionate pastiche of Sherlock Holmes, whose creator, Sir Arthur Conan Doyle, he admired greatly. The stories feature a Holmes-styled British detective named Solar Pons, of 7B Praed Street in London. These",False,True,1.0,0.9875942468643188,2.1457672119140625e-06
topk_10,362,Alps,How many Alpine countries does the Alps stretch across?,Eight,The Alps stretch across eight Alpine countries.,Alps | Alps | Alps | Alps | Alps | Alps | Alps | Alps | Alps | Alps,"The Alps () are the highest and most extensive mountain range that is entirely in Europe, stretching approximately  across eight Alpine countries (from west to east): Monaco, France, Switzerland, Italy, Liechtenstein, Germany, Austria and Slovenia.

The Alpine arch extends from Nice on the western Mediterranean to Trieste on the Adriatic and Vienna at the beginning of the Pannonian Basin. The mountains were formed over tens of millions of years as the African and Eurasian tectonic plates collide",False,True,1.0,0.9786706566810608,8.153915405273438e-05
topk_10,363,Alps,Which mountain spans the French–Italian border and is the highest mountain in the Alps?,Mont Blanc,Mont Blanc,Alps | Alps | Alps | Alps | Alps | Alps | Alps | Alps | Alps | Alps,"The Alps () are the highest and most extensive mountain range that is entirely in Europe, stretching approximately  across eight Alpine countries (from west to east): Monaco, France, Switzerland, Italy, Liechtenstein, Germany, Austria and Slovenia.

The Alpine arch extends from Nice on the western Mediterranean to Trieste on the Adriatic and Vienna at the beginning of the Pannonian Basin. The mountains were formed over tens of millions of years as the African and Eurasian tectonic plates collide",False,True,1.0,0.8671795725822449,0.9962782915681601
topk_10,364,Albert Camus,In what year did Albert Camus receive the Nobel Prize in Literature?,1957,1957,Albert Camus | Albert Camus | Albert Camus | Albert Camus | Albert Camus | The Plague (novel) | Albert Camus | Albert Camus | Albert Camus | Albert Camus,"Albert Camus ( ,  ; ; 7 November 1913 – 4 January 1960) was an Algerian-French  philosopher, author, dramatist, journalist, and political activist. He was the recipient of the 1957 Nobel Prize in Literature at the age of 44, the second-youngest recipient in history. His works include The Stranger, The Plague, The Myth of Sisyphus, The Fall, and The Rebel.

Camus was born in French Algeria to Pieds Noirs parents. He spent his childhood in a poor neighbourhood and later studied philosophy at the U",False,True,1.0,0.6661157011985779,0.9982691697077826
topk_10,365,Albert Camus,What position did Albert Camus hold at the newspaper Combat during World War II?,Editor-in-chief,Albert Camus held the position of editor-in-chief at the newspaper Combat during World War II.,Albert Camus | Albert Camus | Albert Camus | Albert Camus | Albert Camus | Albert Camus | Albert Camus | Albert Camus | Albert Camus | Albert Camus,"Albert Camus ( ,  ; ; 7 November 1913 – 4 January 1960) was an Algerian-French  philosopher, author, dramatist, journalist, and political activist. He was the recipient of the 1957 Nobel Prize in Literature at the age of 44, the second-youngest recipient in history. His works include The Stranger, The Plague, The Myth of Sisyphus, The Fall, and The Rebel.

Camus was born in French Algeria to Pieds Noirs parents. He spent his childhood in a poor neighbourhood and later studied philosophy at the U",False,True,1.0,0.9642443060874939,9.417533874511719e-06
topk_10,366,Agatha Christie,How many detective novels did Agatha Christie write?,66,66 detective novels,Agatha Christie | Agatha Christie | Agatha Christie | Agatha Christie | Agatha Christie | Agatha Christie | Agatha Christie | Agatha Christie | Agatha Christie | Agatha Christie,"Dame Agatha Mary Clarissa Christie, Lady Mallowan,  (; 15 September 1890 – 12 January 1976) was an English writer known for her 66 detective novels and 14 short story collections, particularly those revolving around fictional detectives Hercule Poirot and Miss Marple. She also wrote the world's longest-running play, the murder mystery The Mousetrap, which has been performed in the West End since 1952. A writer during the ""Golden Age of Detective Fiction"", Christie has been called the ""Queen of C",False,True,1.0,0.9758487939834595,0.9809491001069546
topk_10,367,Agatha Christie,In what year was Agatha Christie made a Dame (DBE) by Queen Elizabeth II?,1971,1971,Agatha Christie | Agatha Christie | Agatha Christie | Agatha Christie | Agatha Christie | Agatha Christie | Agatha Christie | Agatha Christie | Agatha Christie | Agatha Christie,"Dame Agatha Mary Clarissa Christie, Lady Mallowan,  (; 15 September 1890 – 12 January 1976) was an English writer known for her 66 detective novels and 14 short story collections, particularly those revolving around fictional detectives Hercule Poirot and Miss Marple. She also wrote the world's longest-running play, the murder mystery The Mousetrap, which has been performed in the West End since 1952. A writer during the ""Golden Age of Detective Fiction"", Christie has been called the ""Queen of C",False,True,1.0,0.8331174254417419,0.9994786637253128
topk_10,368,The Plague (novel),When was the cholera epidemic that Camus used as source material for The Plague?,1849,The cholera epidemic that Camus used as source material for The Plague occurred in 1849.,The Plague (novel) | The Plague (novel) | Albert Camus | Albert Camus | Albert Camus | Albert Camus | Albert Camus | The Plague (novel) | The Plague (novel) | Albert Camus,"The Plague () is a 1947 absurdist novel by Albert Camus. It tells the story from the point of view of a narrator in the midst of a plague sweeping the French Algerian city of Oran. The narrator remains unknown until the start of the last chapter. The novel presents a snapshot of life in Oran as seen through the author's distinctive absurdist point of view.

Camus used as source material the cholera epidemic that killed a large proportion of Oran's population in 1849, but situated the novel in th",False,True,1.0,0.9334186315536499,8.225440979003906e-06
topk_10,369,The Plague (novel),How many cases were reported in the 1944 outbreak in Oran?,95 cases,95 cases were reported in the 1944 outbreak in Oran.,August 2 | The Plague (novel) | August 27 | Angola | Demographics of Armenia | Afghanistan | Andorra | Algeria | The Plague (novel) | April 6,"1944   – World War II: The largest trade convoy of the world wars arrives safely in the Western Approaches.
1945 – World War II: End of the Potsdam Conference.
1947 – A British South American Airways Avro Lancastrian airliner crashes into a mountain during a flight from Buenos Aires, Argentina to Santiago, Chile. The wreckage would not be found until 1998.
1968 – An earthquake hits Casiguran, Aurora, Philippines killing more than 270 people and wounding 261.
1973 – A flash fire kills 50 people a",False,True,1.0,0.5398666858673096,9.34600830078125e-05
topk_10,370,Applied ethics,"In which decade did the field of applied ethics, as it appears today, emerge?",the early 1970s,"The field of applied ethics, as it appears today, emerged in the early 1970s.",Applied ethics | Applied ethics | Applied ethics | Artificial intelligence | Anthropology | Artificial intelligence | Anthropology | Anthropology | Anthropology | Ancient philosophy,"Applied ethics is the practical aspect of moral considerations. It is ethics with respect to real-world actions and their moral considerations in private and public life, the professions, health, technology, law, and leadership. For example, bioethics is concerned with identifying the best approach to moral issues in the life sciences, such as euthanasia, the allocation of scarce health resources, or the use of human embryos in research. Environmental ethics is concerned with ecological issues s",False,True,1.0,0.9833762049674988,1.4781951904296875e-05
topk_10,371,Applied ethics,"According to the passage, what does business ethics include?",the duties of whistleblowers to the public and to their employers,Business ethics includes the duties of whistleblowers to the public and to their employers.,Applied ethics | Applied ethics | Architect | Anarcho-capitalism | Author | Applied ethics | Author | Author | Ayn Rand | Anarcho-capitalism,"Applied ethics is the practical aspect of moral considerations. It is ethics with respect to real-world actions and their moral considerations in private and public life, the professions, health, technology, law, and leadership. For example, bioethics is concerned with identifying the best approach to moral issues in the life sciences, such as euthanasia, the allocation of scarce health resources, or the use of human embryos in research. Environmental ethics is concerned with ecological issues s",False,True,1.0,0.994696855545044,0.012123823165893555
topk_10,372,Absolute value,"Who introduced the term ""module"" for the complex absolute value and in what year?",Jean-Robert Argand introduced the term module in 1806.,"Jean-Robert Argand introduced the term ""module"" for the complex absolute value in 1806.",Absolute value | Absolute value | Absolute value | Absolute value | Algorithm | Absolute value | Absolute value | Algorithm | Alan Turing | Atomic number,"In mathematics, the absolute value or modulus of a real number ,  is the non-negative value  without regard to its sign. Namely,  if  is a positive number, and  if  is negative (in which case negating  makes  positive), and  For example, the absolute value of 3  and the absolute value of −3 is  The absolute value of a number may be thought of as its distance from zero.

Generalisations of the absolute value for real numbers occur in a wide variety of mathematical settings. For example, an absolu",False,True,1.0,0.9238869547843933,0.00016224384307861328
topk_10,373,Absolute value,What notation for absolute value was introduced by Karl Weierstrass and in what year?,Karl Weierstrass introduced the vertical bar notation (|x|) in 1841.,"The notation for absolute value introduced by Karl Weierstrass was the vertical bar notation, and it was introduced in 1841.",Absolute value | Absolute value | Absolute value | Absolute value | Absolute value | Absolute value | Algorithm | Algorithm | Ambiguity | Algorithm,"In mathematics, the absolute value or modulus of a real number ,  is the non-negative value  without regard to its sign. Namely,  if  is a positive number, and  if  is negative (in which case negating  makes  positive), and  For example, the absolute value of 3  and the absolute value of −3 is  The absolute value of a number may be thought of as its distance from zero.

Generalisations of the absolute value for real numbers occur in a wide variety of mathematical settings. For example, an absolu",False,True,0.875,0.9686218500137329,0.00013554096221923828
topk_10,374,Analog signal,What type of signal varies continuously with the pressure of sound waves?,An analog audio signal.,An analog signal varies continuously with the pressure of sound waves.,Acoustics | Acoustics | Acoustic theory | Analog signal | Acoustic theory | Acoustic theory | Amplitude modulation | Acoustics | Amplitude modulation | Acoustics,"Transduction processes are also of special importance to acoustics.

Fundamental concepts

Wave propagation: pressure levels 

In fluids such as air and water, sound waves propagate as disturbances in the ambient pressure level.  While this disturbance is usually small, it is still noticeable to the human ear.  The smallest sound that a person can hear, known as the threshold of hearing, is nine orders of magnitude smaller than the ambient pressure.  The loudness of these disturbances is related",False,True,0.6666666666666666,0.9791401624679565,0.002940654754638672
topk_10,375,Analog signal,What property does an aneroid barometer use to convey pressure information?,Rotary position.,An aneroid barometer uses the rotary position of its diaphragm to convey pressure information.,Analog signal | Asteroid | Atomic orbital | Asteroid | Acoustics | Angle | Argon | Astrometry | Augustin-Jean Fresnel | Angle,"An analog signal is any continuous-time signal representing some other quantity, i.e., analogous to another quantity. For example, in an analog audio signal, the instantaneous signal voltage varies continuously with the pressure of the sound waves.

In contrast, a digital signal represents the original time-varying quantity as a sampled sequence of quantized values. Digital sampling imposes some bandwidth and dynamic range constraints on the representation and adds quantization error.

The term ",False,True,1.0,0.9800239205360413,0.004459679126739502
topk_10,376,Hercule Poirot,How many short stories featuring Hercule Poirot were published between 1920 and 1975?,51 short stories,33,Hercule Poirot | Agatha Christie | Hercule Poirot | Hercule Poirot | Agatha Christie | Hercule Poirot | Hercule Poirot | Hercule Poirot | Hercule Poirot | August Derleth,"Hercule Poirot (, ) is a fictional Belgian detective created by British writer Agatha Christie. Poirot is one of Christie's most famous and long-running characters, appearing in 33 novels, two plays (Black Coffee and Alibi), and 51 short stories published between 1920 and 1975.

Poirot has been portrayed on radio, in film and on television by various actors, including Austin Trevor, John Moffatt, Albert Finney, Peter Ustinov, Ian Holm, Tony Randall, Alfred Molina, Orson Welles, David Suchet, Ken",False,True,0.0,0.7621275186538696,0.9921992421150208
topk_10,377,Hercule Poirot,What are the titles of the two plays in which Hercule Poirot appears?,Black Coffee and Alibi,The two plays in which Hercule Poirot appears are Black Coffee and Alibi.,Hercule Poirot | Hercule Poirot | Hercule Poirot | Hercule Poirot | Hercule Poirot | Hercule Poirot | Agatha Christie | Hercule Poirot | Hercule Poirot | Hercule Poirot,"Hercule Poirot (, ) is a fictional Belgian detective created by British writer Agatha Christie. Poirot is one of Christie's most famous and long-running characters, appearing in 33 novels, two plays (Black Coffee and Alibi), and 51 short stories published between 1920 and 1975.

Poirot has been portrayed on radio, in film and on television by various actors, including Austin Trevor, John Moffatt, Albert Finney, Peter Ustinov, Ian Holm, Tony Randall, Alfred Molina, Orson Welles, David Suchet, Ken",False,True,1.0,0.9076835513114929,2.86102294921875e-06
topk_10,378,Miss Marple,In which village does Miss Marple live?,St. Mary Mead,St. Mary Mead,Miss Marple | Miss Marple | Miss Marple | Miss Marple | Miss Marple | Miss Marple | Miss Marple | Miss Marple | Miss Marple | Achill Island,"Miss Jane Marple is a fictional character in Agatha Christie's crime novels and short stories. Miss Marple lives in the village of St. Mary Mead and acts as an amateur consulting detective. Often characterized as an elderly spinster, she is one of Christie's best-known characters and has been portrayed numerous times on screen. Her first appearance was in a short story published in The Royal Magazine in December 1927, ""The Tuesday Night Club"", which later became the first chapter of The Thirteen",False,True,1.0,0.815287172794342,0.9913725424557924
topk_10,379,Miss Marple,What is the title of the short story in which Miss Marple first appeared?,The Tuesday Night Club,"""The Tuesday Night Club""",Miss Marple | Miss Marple | Miss Marple | Miss Marple | Miss Marple | Agatha Christie | Miss Marple | Miss Marple | Miss Marple | Miss Marple,"Miss Jane Marple is a fictional character in Agatha Christie's crime novels and short stories. Miss Marple lives in the village of St. Mary Mead and acts as an amateur consulting detective. Often characterized as an elderly spinster, she is one of Christie's best-known characters and has been portrayed numerous times on screen. Her first appearance was in a short story published in The Royal Magazine in December 1927, ""The Tuesday Night Club"", which later became the first chapter of The Thirteen",False,True,1.0,0.8853246569633484,0.885185606777668
topk_10,380,April,How many days long is the month of April?,30 days,The month of April is 30 days long.,April | April | April | August | April 30 | April 1 | April | April 6 | August | April,"April is the fourth month of the year in the Gregorian and Julian calendars. It is the first of four months to have a length of 30 days, and the second of five months to have a length of less than 31 days.

April is commonly associated with the season of spring in the Northern Hemisphere, and autumn in the Southern Hemisphere, where it is the seasonal equivalent to October in the Northern Hemisphere and vice versa.

History 

The Romans gave this month the Latin name Aprilis but the derivation o",False,True,1.0,0.9610253572463989,4.8160552978515625e-05
topk_10,381,April,To which goddess was April sacred in Roman tradition?,Venus,"In Roman tradition, April was sacred to the goddess Venus, who was originally a goddess of agricultural fertility, vegetation, and springtime.",April | April | Aphrodite | Athena | April | Aphrodite | Aphrodite | Apollo | Aphrodite | Apollo,"April is the fourth month of the year in the Gregorian and Julian calendars. It is the first of four months to have a length of 30 days, and the second of five months to have a length of less than 31 days.

April is commonly associated with the season of spring in the Northern Hemisphere, and autumn in the Southern Hemisphere, where it is the seasonal equivalent to October in the Northern Hemisphere and vice versa.

History 

The Romans gave this month the Latin name Aprilis but the derivation o",False,True,1.0,0.897857129573822,0.0006878376007080078
topk_10,382,August,How many months have a length of 31 days according to the passage?,Seven months.,"According to the passage, there are 4 months that have a length of 31 days: August, November, December, and January.",August | April | August | International Atomic Time | Aardvark | August 6 | April 12 | Astronomical unit | Algorithm | Astronaut,"Commonly repeated lore has it that August has 31 days because Augustus wanted his month to match the length of Julius Caesar's July, but this is an invention of the 13th century scholar Johannes de Sacrobosco. Sextilis in fact had 31 days before it was renamed, and it was not chosen for its length.

Symbols 

  August's birthstones are the peridot, sardonyx, and spinel. Its birth flower is the gladiolus or poppy, meaning beauty, strength of character, love, marriage and family. The Western zodia",False,True,0.5,0.039222098886966705,0.02355426549911499
topk_10,383,August,What was the original Latin name for the month of August?,Sextilis.,The original Latin name for the month of August was Sextilis.,August | August | April | April | April | August | August 13 | August 22 | August | August 6,"August is the eighth month of the year in the Julian and Gregorian calendars, and the fifth of seven months to have a length of 31 days.

In the Southern Hemisphere, August is the seasonal equivalent of February in the Northern Hemisphere. In the Northern Hemisphere, August falls in the season of summer. In the Southern Hemisphere, the month falls during the season of winter. In many European countries, August is the holiday month for most workers. Numerous religious holidays occurred during Aug",False,True,1.0,0.8887758851051331,2.7894973754882812e-05
topk_10,384,Aaron,"According to the Book of Numbers, how old was Aaron when he died?",123 years,"According to the Book of Numbers, Aaron died at 123 years of age.",Aaron | Aaron | Aaron | Aaron | Aaron | August 9 | Alp Arslan | Aaron | Alexander the Great | Aaron,"According to Abrahamic religions, Aaron (  or  ) was a prophet, a high priest, and the elder brother of Moses. Information about Aaron comes exclusively from religious texts such as the Hebrew Bible, the New Testament (Luke, Acts, and Hebrews), and the Quran.

The Hebrew Bible relates that, unlike Moses, who grew up in the Egyptian royal court, Aaron and his elder sister Miriam remained with their kinsmen in the northeastern region of the Nile Delta. When Moses first confronted the Egyptian king",False,True,1.0,0.97145676612854,9.274482727050781e-05
topk_10,385,Aaron,"According to the passage, where did Aaron die as stated in the Book of Numbers?",on Mount Hor,"According to the passage, Aaron died on Mount Hor, as stated in the Book of Numbers.",Aaron | Aaron | Aaron | Aaron | Aaron | Aaron | Alexander the Great | Alexander the Great | Alexander the Great | Aleister Crowley,"And when a plague broke out among the people who had sympathized with the rebels, Aaron, at the command of Moses, took his censer and stood between the living and the dead until the plague abated (), atoning in the process.

To emphasize the validity of the Levites' claim to the offerings and tithes of the Israelites, Moses collected a rod from the leaders of each tribe in Israel and laid the twelve rods overnight in the tent of meeting. The next morning, Aaron's rod was found to have budded and",False,True,1.0,0.946373462677002,0.0012496709823608398
topk_10,386,April 6,In what year did Julius Caesar defeat Caecilius Metellus Scipio and Marcus Porcius Cato at the Battle of Thapsus?,46 BC,46 BC,August 9 | Alexander the Great | April 6 | Attila | Alexander the Great | August 2 | Attila | Alexander the Great | Attila | Achilles,"Events

Pre-1600
48 BC – Caesar's Civil War: Battle of Pharsalus: Julius Caesar decisively defeats Pompey at Pharsalus and Pompey flees to Egypt.
 378 – Gothic War: Battle of Adrianople: A large Roman army led by Emperor Valens is defeated by the Visigoths. Valens is killed along with over half of his army.
1173 – Construction of the campanile of the Cathedral of Pisa (now known as the Leaning Tower of Pisa) begins; it will take two centuries to complete.
1329 – Quilon, the first Indian Christia",False,True,1.0,0.86338871717453,0.9944666125811636
topk_10,387,April 6,Which dynasty was established by King Buddha Yodfa Chulaloke (Rama I) of Siam?,the Chakri dynasty,"Based on the provided context, King Buddha Yodfa Chulaloke (Rama I) of Siam established the Rattanakosin Dynasty.",Ashoka | Ashoka | Ashoka | Ashoka | Ashoka | Ashoka | Ashoka | Ashoka | Ashoka | Ancient Egypt,"Ashoka (, ; also Asoka;  – 232 BCE), popularly known as Ashoka the Great, was the third Mauryan Emperor of Magadha in the Indian subcontinent during  to 232 BCE. His empire covered a large part of the Indian subcontinent, stretching from present-day Afghanistan in the west to present-day Bangladesh in the east, with its capital at Pataliputra. A patron of Buddhism, he is credited with playing an important role in the spread of Buddhism across ancient Asia.

Ashoka's edicts state that during his ",False,False,0.5,0.0154684754088521,0.00128173828125
topk_10,388,April 12,What flag was adopted as the flag of English and Scottish ships in 1606?,The Union Flag,The Union Flag was adopted as the flag of English and Scottish ships in 1606.,April 12 | August 22 | Anglicanism | August 2 | Amsterdam | Albania | Anglicanism | Anglicanism | August 27 | August 6,"Events

Pre-1600
 240 – Shapur I becomes co-emperor of the Sasanian Empire with his father Ardashir I.
 467 – Anthemius is elevated to Emperor of the Western Roman Empire.
 627 – King Edwin of Northumbria is converted to Christianity by Paulinus, bishop of York.
1012 – Duke Oldřich of Bohemia deposes and blinds his brother Jaromír, who flees to Poland.
1204 – The Crusaders of the Fourth Crusade breach the walls of Constantinople and enter the city, which they completely occupy the following day.",False,True,1.0,0.9620620608329773,0.00017130374908447266
topk_10,389,April 12,"Which battle marked the beginning of the American Civil War on April 12, 1861?",The Battle of Fort Sumter,"The Battle of Fort Sumter marked the beginning of the American Civil War on April 12, 1861.",American Civil War | American Civil War | April 6 | American Civil War | American Revolutionary War | American Civil War | American Civil War | American Civil War | American Civil War | American Civil War,"The American Civil War (April 12, 1861 – May 26, 1865; also known by other names) was a civil war in the United States between the Union (""the North"") and the Confederacy (""the South""), formed by states that had seceded from the Union. The cause of the war was the dispute over whether slavery would be permitted to expand into the western territories, leading to more slave states, or be prevented from doing so, which many believed would place slavery on a course of ultimate extinction.

Decades o",False,False,1.0,0.41731587052345276,0.00048410892486572266
topk_10,390,April 15,"What was published in London on April 15, 1755?",Samuel Johnson's A Dictionary of the English Language is published in London.,"On April 15, 1755, the book ""An Essay towards Solving a Problem in the Doctrine of Chances"" was published in London.",April | April | August 22 | April | August 22 | Albert Camus | April 6 | April 6 | April 1 | April 15,"April is the fourth month of the year in the Gregorian and Julian calendars. It is the first of four months to have a length of 30 days, and the second of five months to have a length of less than 31 days.

April is commonly associated with the season of spring in the Northern Hemisphere, and autumn in the Southern Hemisphere, where it is the seasonal equivalent to October in the Northern Hemisphere and vice versa.

History 

The Romans gave this month the Latin name Aprilis but the derivation o",False,True,0.25,0.014452327974140644,0.0008119940757751465
topk_10,391,April 15,"Which battle on April 15, 1632 involved Swedes under Gustavus Adolphus defeating the Holy Roman Empire?",Battle of Rain,"The Battle of Nordlingen on April 15, 1632, involved Swedish forces under Gustavus Adolphus defeating the Holy Roman Empire.",August 2 | August 22 | Attila | August 13 | April 12 | April 6 | August 6 | April 30 | August 27 | Attila,"Events

Pre-1600
338 BC – A Macedonian army led by Philip II defeated the combined forces of Athens and Thebes in the Battle of Chaeronea, securing Macedonian hegemony in Greece and the Aegean.
216 BC – The Carthaginian army led by Hannibal defeats a numerically superior Roman army at the Battle of Cannae.
49 BC – Caesar, who marched to Spain earlier in the year leaving Marcus Antonius in charge of Italy, defeats Pompey's general Afranius and Petreius in Ilerda (Lerida) north of the Ebro river.
",False,False,0.5,0.08399084210395813,0.0001308917999267578
topk_10,392,April 30,"What significant event involving George Washington occurred on April 30, 1789?","On the balcony of Federal Hall on Wall Street in New York City, George Washington takes the oath of office to become the first President of the United States.","On April 30, 1789, George Washington took the oath of office to become the first President of the United States.",American Revolutionary War | April 30 | April 1 | August 6 | April 12 | April 6 | August 22 | April 15 | August 13 | August 22,"The American Revolutionary War (April 19, 1775 – September 3, 1783), also known as the Revolutionary War or American War of Independence, was the military conflict of the American Revolution in which American Patriot forces under George Washington's command defeated the British, resulting in the Treaty of Paris (1783) recognizing the independence and sovereignty of the United States. Fighting began on April 19, 1775, at the Battles of Lexington and Concord. The war was formalized and intensified",False,True,0.5,0.5456339716911316,0.0002948641777038574
topk_10,393,April 30,"What transaction took place on April 30, 1803, that expanded the United States?","The United States purchases the Louisiana Territory from France for $15 million, more than doubling the size of the young nation.","On April 30, 1803, the Louisiana Purchase took place, expanding the United States by acquiring the Louisiana Territory from France for $15 million, more than doubling the size of the young nation.",Articles of Confederation | Articles of Confederation | American Revolutionary War | Abraham Lincoln | Articles of Confederation | August 6 | April 30 | Atlantic Ocean | American Revolutionary War | April 1,"The Articles of Confederation and Perpetual Union was an agreement among the 13 states of the United States, formerly the Thirteen Colonies, that served as the nation's first frame of government. It was debated by the Second Continental Congress at Independence Hall in Philadelphia between July 1776 and November 1777, and finalized by the Congress on November 15, 1777. It came into force on March 1, 1781, after being ratified by all 13 colonial states. A guiding principle of the Articles was the",False,True,0.9285714285714286,0.6877087354660034,0.007303297519683838
topk_10,394,August 22,"Which battle on August 22, 1485 marked the end of the House of Plantagenet?",The Battle of Bosworth Field.,"The Battle of Bosworth Field on August 22, 1485, marked the end of the House of Plantagenet.",Azincourt | Andorra | Attila | Alp Arslan | Albania | Alexander the Great | American Civil War | American Civil War | Attila | Alps,"Azincourt (), historically known in English as Agincourt ( ), is a commune in the Pas-de-Calais department in northern France. It is situated  north-west of Saint-Pol-sur-Ternoise on the D71 road between Hesdin and Fruges.

The Late Medieval Battle of Agincourt between the English and the French took place in the commune in 1415.

Toponym
The name is attested as Aisincurt in 1175, derived from a Germanic masculine name Aizo, Aizino and the early Northern French word curt (which meant a farm with",False,False,1.0,0.01416115090250969,0.00035834312438964844
topk_10,395,August 22,"In what year did James Cook name and land on Possession Island, claiming the east coast of Australia for Britain as New South Wales?",1770.,"James Cook named and landed on Possession Island, claiming the east coast of Australia for Britain as New South Wales in 1770.",Adelaide | Ashmore and Cartier Islands | Antigua and Barbuda | Aruba | Adelaide | Anguilla | Ashmore and Cartier Islands | Adelaide | Adelaide | Atlantic Ocean,"Adelaide ( ;  ) is the capital city of South Australia, the state's largest city and the fifth-most populous city in Australia. ""Adelaide"" may refer to either Greater Adelaide (including the Adelaide Hills) or the Adelaide city centre. The demonym Adelaidean is used to denote the city and the residents of Adelaide. The Traditional Owners of the Adelaide region are the Kaurna. The area of the city centre and surrounding Park Lands is called  in the Kaurna language.

Adelaide is situated on the Ad",False,False,1.0,0.0071280235424637794,8.285045623779297e-05
topk_10,396,August 27,Which battle resulted in Emmanuel Philibert becoming Duke of Savoy?,The Battle of St. Quentin,The Battle of Ivry resulted in Emmanuel Philibert becoming Duke of Savoy.,Alexander the Great | Azincourt | Alps | Andorra | American Revolutionary War | Alps | American Revolutionary War | Alexander the Great | American Revolutionary War | Alp Arslan,"They went on to occupy the city of Elatea, only a few days' march from both Athens and Thebes. The Athenians, led by Demosthenes, voted to seek alliance with Thebes against Macedonia. Both Athens and Philip sent embassies to win Thebes's favour, but Athens won the contest. Philip marched on Amphissa (ostensibly acting on the request of the Amphictyonic League), capturing the mercenaries sent there by Demosthenes and accepting the city's surrender. Philip then returned to Elatea, sending a final ",False,False,0.3333333333333333,0.01163542177528143,1.704692840576172e-05
topk_10,397,August 27,Which two states signed the Treaty of Nerchinsk?,Russia and the Qing Empire,"Based on the provided context, the Treaty of Nerchinsk was signed by the Russian Empire and the Manchu Empire (which ruled China at the time). Specifically:

""The Treaty of Nerchinsk was signed on August 26, 1689, between the Russian Empire and the Manchu Empire.""

So, the two states that signed the Treaty of Nerchinsk were the Russian Empire and the Manchu Empire.",Azerbaijan | Alaska | Alaska | August 6 | Alaska | Alaska | Azerbaijan | Armed Forces of Armenia | Articles of Confederation | August 27,"About a decade later, in violation of the Gulistan treaty, the Russians invaded Iran's Erivan Khanate. This sparked the final bout of hostilities between the two, the Russo-Persian War of 1826–1828. The resulting Treaty of Turkmenchay, forced Qajar Iran to cede sovereignty over the Erivan Khanate, the Nakhchivan Khanate and the remainder of the Talysh Khanate, comprising the last parts of the soil of the contemporary Azerbaijani Republic that were still in Iranian hands. After the incorporation ",False,True,0.3333333333333333,0.040690306574106216,0.11521196365356445
topk_10,398,Alcohol (chemistry),What functional group must be bound to a saturated carbon atom for a compound to be classified as an alcohol in chemistry?,A hydroxyl (OH) functional group.,A compound must carry at least one hydroxyl (-OH) functional group bound to a saturated carbon atom to be classified as an alcohol in chemistry.,Alcohol (chemistry) | Alkane | Alkane | Alkane | Alkane | Alcohol (chemistry) | Alkali metal | Acid | Alkane | Alkane,"In chemistry, an alcohol is a type of organic compound that carries at least one hydroxyl () functional group  bound to a saturated carbon atom. Alcohols range from the simple, like methanol and ethanol, to complex, like sucrose and cholesterol. The presence of an OH group strongly modifies the properties of hydrocarbons, conferring hydrophilic (water-loving) properties.  The OH group provides a site at which many reactions can occur.

History
The flammable nature of the exhalations of wine was ",False,True,1.0,0.9605394601821899,0.014281868934631348
topk_10,399,Alcohol (chemistry),Which ancient natural philosophers are noted in the passage as knowing the flammable nature of wine exhalations?,"Aristotle, Theophrastus, and Pliny the Elder.","According to the passage, ancient natural philosophers such as Aristotle, Theophrastus, and Pliny the Elder knew the flammable nature of wine exhalations. Specifically, it states: ""The flammable nature of the exhalations of wine was already known to ancient natural philosophers such as Aristotle (384–322 BCE), Theophrastus (–287 BCE), and Pliny the Elder (23/24–79 CE).""",Alcohol (chemistry) | Alchemy | Aristotle | Aristotle | Aristotle | Alchemy | Alchemy | Avicenna | Anaximander | Alchemy,"In chemistry, an alcohol is a type of organic compound that carries at least one hydroxyl () functional group  bound to a saturated carbon atom. Alcohols range from the simple, like methanol and ethanol, to complex, like sucrose and cholesterol. The presence of an OH group strongly modifies the properties of hydrocarbons, conferring hydrophilic (water-loving) properties.  The OH group provides a site at which many reactions can occur.

History
The flammable nature of the exhalations of wine was ",False,True,1.0,0.9839919209480286,0.08826863765716553
topk_10,400,Achill Island,What is the name of the bridge that connects Achill Island to the mainland?,Michael Davitt Bridge,The Michael Davitt Bridge connects Achill Island to the mainland.,Achill Island | Achill Island | Achill Island | Achill Island | Achill Island | Achill Island | Anguilla | Achill Island | Achill Island | Achill Island,"Achill Island (; ) is the largest of the Irish isles and lies off the west coast of Ireland in County Mayo. It has a population of 2,345. Its area is . Achill is attached to the mainland by Michael Davitt Bridge, between the villages of Achill Sound and Polranny. A bridge was first completed here in 1887. Other centres of population include the villages of Keel, Dooagh, Dooega, Dooniver, and Dugort. The parish's main Gaelic football pitch and secondary school are on the mainland at Polranny. Ear",False,True,1.0,0.9884164333343506,4.7206878662109375e-05
topk_10,401,Achill Island,In what year was the first bridge completed that links Achill Island to the mainland?,1887,The first bridge completed that links Achill Island to the mainland was in 1887.,Achill Island | Achill Island | Achill Island | Anguilla | Achill Island | Achill Island | Adelaide | Achill Island | Achill Island | Achill Island,"Achill Island (; ) is the largest of the Irish isles and lies off the west coast of Ireland in County Mayo. It has a population of 2,345. Its area is . Achill is attached to the mainland by Michael Davitt Bridge, between the villages of Achill Sound and Polranny. A bridge was first completed here in 1887. Other centres of population include the villages of Keel, Dooagh, Dooega, Dooniver, and Dugort. The parish's main Gaelic football pitch and secondary school are on the mainland at Polranny. Ear",False,True,1.0,0.955413281917572,5.412101745605469e-05
topk_10,402,Allen Ginsberg,What was the name of Allen Ginsberg's lifelong partner?,Peter Orlovsky,Allen Ginsberg's lifelong partner was Peter Orlovsky.,Allen Ginsberg | Allen Ginsberg | Allen Ginsberg | Allen Ginsberg | Allen Ginsberg | Allen Ginsberg | Allen Ginsberg | Allen Ginsberg | Allen Ginsberg | Allen Ginsberg,"Irwin Allen Ginsberg (; June 3, 1926 – April 5, 1997) was an American poet and writer. As a student at Columbia University in the 1940s, he began friendships with Lucien Carr, William S. Burroughs and Jack Kerouac, forming the core of the Beat Generation. He vigorously opposed militarism, economic materialism, and sexual repression, and he embodied various aspects of this counterculture with his views on drugs, sex, multiculturalism, hostility to bureaucracy, and openness to Eastern religions.

",False,True,1.0,0.9422405362129211,4.410743713378906e-06
topk_10,403,Allen Ginsberg,"In what year did San Francisco police and US Customs seize copies of ""Howl""?",1956,"San Francisco police and US Customs seized copies of ""Howl"" in 1956.",Allen Ginsberg | Allen Ginsberg | Allen Ginsberg | Allen Ginsberg | Allen Ginsberg | Andy Warhol | Allen Ginsberg | Andy Warhol | An American in Paris | Allen Ginsberg,"San Francisco Renaissance
Ginsberg moved to San Francisco during the 1950s. Before Howl and Other Poems was published in 1956 by City Lights, he worked as a market researcher.

In 1954, in San Francisco, Ginsberg met Peter Orlovsky (1933–2010), with whom he fell in love and who remained his lifelong partner. Selections from their correspondence have been published.

Also in San Francisco, Ginsberg met members of the San Francisco Renaissance (James Broughton, Robert Duncan, Madeline Gleason and ",False,True,1.0,0.981414258480072,0.0005264878273010254
topk_10,404,Algebraically closed field,Which field is given as an example of a field that is not algebraically closed because the polynomial x^2 + 1 has no solution in it?,The field of real numbers.,The field of real numbers is given as an example of a field that is not algebraically closed because the polynomial x^2 + 1 has no solution in it.,Algebraically closed field | Algebraically closed field | Algebraically closed field | Algebraically closed field | Algebraic number | Algebraically closed field | Algebraic number | Algebraic number | Axiom | Algebraic number,"In mathematics, a field  is algebraically closed if every non-constant polynomial in  (the univariate polynomial ring with coefficients in ) has a root in .

Examples
As an example, the field of real numbers is not algebraically closed, because the polynomial equation  has no solution in real numbers, even though all its coefficients (1 and 0) are real.  The same argument proves that no subfield of the real field is algebraically closed; in particular, the field of rational numbers is not algebr",False,True,1.0,0.8814457058906555,0.002895176410675049
topk_10,405,Algebraically closed field,"According to the passage, why is no finite field algebraically closed?",Because the polynomial (x − a1)(x − a2) ⋯ (x − an) + 1 has no zero in the field.,"According to the passage, no finite field F is algebraically closed because if a1, a2, ..., an are the elements of F, then the polynomial (x - a1)(x - a2)...(x - an) + 1 has no zero in F.",Algebraically closed field | Algebraically closed field | Algebraically closed field | Algebraically closed field | Algebraically closed field | Algebraic number | Axiom of choice | Axiom | Axiom of choice | Axiom,"In mathematics, a field  is algebraically closed if every non-constant polynomial in  (the univariate polynomial ring with coefficients in ) has a root in .

Examples
As an example, the field of real numbers is not algebraically closed, because the polynomial equation  has no solution in real numbers, even though all its coefficients (1 and 0) are real.  The same argument proves that no subfield of the real field is algebraically closed; in particular, the field of rational numbers is not algebr",False,True,1.0,0.9632620215415955,0.04150110483169556
topk_10,406,August 6,"In what year was the Battle of Meloria, in which the Republic of Pisa was defeated by the Republic of Genoa?",1284,"The Battle of Meloria, in which the Republic of Pisa was defeated by the Republic of Genoa, occurred in 1284.",August 6 | Alexander the Great | Alps | Azincourt | Andorra | Algeria | Andorra | American Revolutionary War | Azerbaijan | August 2,"Events

Pre-1600
1284 – The Republic of Pisa is defeated in the Battle of Meloria by the Republic of Genoa, thus losing its naval dominance in the Mediterranean.
1538 – Bogotá, Colombia, is founded by Gonzalo Jiménez de Quesada.

1601–1900
1661 – The Treaty of The Hague is signed by Portugal and the Dutch Republic.
1777 – American Revolutionary War: The bloody Battle of Oriskany prevents American relief of the Siege of Fort Stanwix.
1787 – Sixty proof sheets of the Constitution of the United Sta",False,True,1.0,0.979656457901001,1.0609626770019531e-05
topk_10,407,August 6,Which treaty was signed by Portugal and the Dutch Republic in 1661?,The Treaty of The Hague,The Treaty of The Hague was signed by Portugal and the Dutch Republic in 1661.,Andorra | Aruba | August 6 | American Revolutionary War | Aruba | American Revolutionary War | Amsterdam | Angola | Aruba | Amsterdam,"In the 13th century, a military dispute arose between the bishop of Urgell and the count of Foix as aftermath of the Cathar Crusade. The conflict was resolved in 1278 with the mediation of the king of Aragon, Peter III, between the bishop and the count, by the signing of the first paréage, which provided that Andorra's sovereignty be shared between the count of Foix (whose title would ultimately transfer to the French head of state) and the bishop of Urgell, in Catalonia. This gave the principal",False,True,1.0,0.9798653721809387,0.00011551380157470703
topk_10,408,Anatoly Karpov,During which years did Anatoly Karpov serve as a three-time FIDE World Champion?,"1993, 1996, 1998","According to the provided information, Anatoly Karpov served as a three-time FIDE World Champion from 1993 to 1999.",Anatoly Karpov | Anatoly Karpov | Anatoly Karpov | Anatoly Karpov | Anatoly Karpov | Anatoly Karpov | Anatoly Karpov | Anatoly Karpov | Anatoly Karpov | Anatoly Karpov,"Anatoly Yevgenyevich Karpov (; born May 23, 1951) is a Russian and former Soviet chess grandmaster, former World Chess Champion, ⁣and politician. He was the 12th World Chess Champion from 1975 to 1985, a three-time FIDE World Champion (1993, 1996, 1998), twice World Chess champion as a member of the USSR team (1985, 1989), and a six-time winner of Chess Olympiads as a member of the USSR team (1972, 1974, 1980, 1982, 1986, 1988). The International Association of Chess Press awarded him nine Chess",False,True,0.3333333333333333,0.4056014120578766,0.00027698278427124023
topk_10,409,Anatoly Karpov,How many Chess Oscars was Karpov awarded by the International Association of Chess Press?,nine,Nine,Anatoly Karpov | Anatoly Karpov | Anatoly Karpov | Anatoly Karpov | Anatoly Karpov | Anatoly Karpov | Anatoly Karpov | Anatoly Karpov | Anatoly Karpov | Anatoly Karpov,"Anatoly Yevgenyevich Karpov (; born May 23, 1951) is a Russian and former Soviet chess grandmaster, former World Chess Champion, ⁣and politician. He was the 12th World Chess Champion from 1975 to 1985, a three-time FIDE World Champion (1993, 1996, 1998), twice World Chess champion as a member of the USSR team (1985, 1989), and a six-time winner of Chess Olympiads as a member of the USSR team (1972, 1974, 1980, 1982, 1986, 1988). The International Association of Chess Press awarded him nine Chess",False,True,1.0,0.8079696297645569,0.9357586726546288
topk_10,410,Aspect ratio,"According to the passage, how is the aspect ratio of a rectangle defined in terms of its sides?","It is the ratio of its longer side to its shorter side—the ratio of width to height when the rectangle is oriented as a ""landscape"".","According to the passage, the aspect ratio of a rectangle is defined as the ratio of its longer side to its shorter side.",Aspect ratio | Aspect ratio | Aspect ratio | Area | Angle | Area | Angle | Angle | Augustin-Jean Fresnel | Angle,"The aspect ratio of a geometric shape is the ratio of its sizes in different dimensions. For example, the aspect ratio of a rectangle is the ratio of its longer side to its shorter side—the ratio of width to height, when the rectangle is oriented as a ""landscape"".

The aspect ratio is most often expressed as two integer numbers separated by a colon (x:y), less commonly as a simple or decimal fraction. The values x and y do not represent actual widths and heights but, rather, the proportion betwe",False,True,0.5555555555555556,0.9632919430732727,0.002992689609527588
topk_10,411,Aspect ratio,What format is most often used to express an aspect ratio?,As two integer numbers separated by a colon (x:y).,"An aspect ratio is most often expressed as two integer numbers separated by a colon (x:y), less commonly as a simple or decimal fraction.",Aspect ratio | Aspect ratio | Aspect ratio | MessagePad | ASCII | Arithmetic mean | ASCII | American National Standards Institute | ASCII | Animation,"Cinematographic aspect ratios are usually denoted as a (rounded) decimal multiple of width vs unit height, while photographic and videographic aspect ratios are usually defined and denoted by whole number ratios of width to height. In digital images there is a subtle distinction between the display aspect ratio (the image as displayed) and the storage aspect ratio (the ratio of pixel dimensions); see Distinctions.

See also
 Axial ratio
 Ratio
 Equidimensional ratios in 3D
 List of film formats
",False,True,1.0,0.972085177898407,0.48191094398498535
topk_10,412,Auto racing,What time and date did the first prearranged match race between two self‑powered road vehicles occur?,"4:30 A.M. on August 30, 1867","The first prearranged match race between two self-powered road vehicles occurred on August 30, 1867, between Ashton-under-Lyne and Old Trafford, England.",Auto racing | Auto racing | Auto racing | Auto racing | Auto racing | Auto racing | Audi | Audi | Auto racing | Audi,"Auto racing (also known as car racing, motor racing, or automobile racing) is a motorsport involving the racing of automobiles for competition.

Auto racing has existed since the invention of the automobile. Races of various sorts were organised, with the first recorded as early as 1867. Many of the earliest events were effectively reliability trials, aimed at proving these new machines were a practical mode of transport, but soon became an important way for automobile makers to demonstrate thei",False,True,0.6,0.9708767533302307,6.687641143798828e-05
topk_10,413,Auto racing,"How many competitors entered the Paris‑to‑Rouen motoring competition organized on July 22, 1894?",One hundred and two competitors,102,Auto racing | Auto racing | Auto racing | Auto racing | Auto racing | Auto racing | Adelaide | Auto racing | Alexander Graham Bell | Auto racing,"Auto racing (also known as car racing, motor racing, or automobile racing) is a motorsport involving the racing of automobiles for competition.

Auto racing has existed since the invention of the automobile. Races of various sorts were organised, with the first recorded as early as 1867. Many of the earliest events were effectively reliability trials, aimed at proving these new machines were a practical mode of transport, but soon became an important way for automobile makers to demonstrate thei",False,True,0.0,0.030965374782681465,0.7684726566076279
topk_10,414,Anarcho-capitalism,"What is the earliest known publication that used the term ""anarchocapitalism"" and in which magazine did it appear?","Karl Hess's essay ""The Death of Politics"" published by Playboy in March 1969.","The earliest known publication that used the term ""anarchocapitalism"" appeared in Karl Hess's essay titled ""The Death of Politics,"" which was published in Playboy magazine in March 1969.",Anarchism | Anarchism | Anarchism | Anarchism | Anarcho-capitalism | Anarcho-capitalism | Anarcho-capitalism | Anarchism | Anarchism | Anarchism,"The suffix -ism denotes the ideological current that favours anarchy. Anarchism appears in English from 1642 as anarchisme and anarchy from 1539; early English usages emphasised a sense of disorder. Various factions within the French Revolution labelled their opponents as anarchists, although few such accused shared many views with later anarchists. Many revolutionaries of the 19th century such as William Godwin (1756–1836) and Wilhelm Weitling (1808–1871) would contribute to the anarchist doctr",False,True,1.0,0.901843786239624,0.00014889240264892578
topk_10,415,Anarcho-capitalism,"According to the passage, which private entities would enforce private property in a theoretical anarcho-capitalist society?",Private defense agencies and/or insurance companies selected by customers.,"In a theoretical anarcho-capitalist society, private defense agencies and/or insurance companies selected by customers would enforce private property.",Anarcho-capitalism | Anarcho-capitalism | Anarcho-capitalism | Anarcho-capitalism | Anarcho-capitalism | Anarcho-capitalism | Anarcho-capitalism | Anarcho-capitalism | Anarcho-capitalism | Anarcho-capitalism,"Anarcho-capitalists state that there could be cases where common property may develop in a Lockean natural rights framework. Anarcho-capitalists make the example of a number of private businesses which may arise in an area, each owning the land and buildings that they use, but they argue that the paths between them become cleared and trodden incrementally through customer and commercial movement. These thoroughfares may become valuable to the community, but according to them ownership cannot be ",False,True,1.0,0.9913040399551392,0.008396685123443604
topk_10,416,August 9,"Which battle on August 9, 48 BC resulted in Julius Caesar decisively defeating Pompey?",The Battle of Pharsalus.,"The Battle of Pharsalus on August 9, 48 BC resulted in Julius Caesar decisively defeating Pompey.",August 9 | April 6 | August 2 | Alexander the Great | Alexander the Great | Attila | Anatolia | Attila | Alexander the Great | Apollo,"Events

Pre-1600
48 BC – Caesar's Civil War: Battle of Pharsalus: Julius Caesar decisively defeats Pompey at Pharsalus and Pompey flees to Egypt.
 378 – Gothic War: Battle of Adrianople: A large Roman army led by Emperor Valens is defeated by the Visigoths. Valens is killed along with over half of his army.
1173 – Construction of the campanile of the Cathedral of Pisa (now known as the Leaning Tower of Pisa) begins; it will take two centuries to complete.
1329 – Quilon, the first Indian Christia",False,True,1.0,0.26561641693115234,0.00014710426330566406
topk_10,417,August 9,"What treaty was signed on August 9, 1842 that established the United States–Canada border east of the Rocky Mountains?",The Webster–Ashburton Treaty.,"The treaty signed on August 9, 1842 that established the United States–Canada border east of the Rocky Mountains was the Treaty of Washington.",Alberta | Alberta | American Revolutionary War | Alaska | Alberta | American Revolutionary War | Alberta | American Revolutionary War | American Civil War | American Revolutionary War,"Other North American fur traders formed the North West Company (NWC) of Montreal to compete with the HBC in 1779. The NWC occupied the northern part of Alberta territory. Peter Pond built Fort Athabasca on Lac la Biche in 1778. Roderick Mackenzie built Fort Chipewyan on Lake Athabasca ten years later in 1788. His cousin, Sir Alexander Mackenzie, followed the North Saskatchewan River to its northernmost point near Edmonton, then setting northward on foot, trekked to the Athabasca River, which he ",False,False,0.3333333333333333,0.011512869037687778,0.00016605854034423828
topk_10,418,Aristophanes,What are the approximate years of Aristophanes' lifespan?,c. 446 – c. 386 BC,"Based on the information provided, Aristophanes lived around 446-386 BC.",Aristophanes | Aristophanes | Aristophanes | Aardvark | Aristophanes | Aristophanes | Aristotle | Aristotle | Aristophanes | Aristotle,"Similarly, the hero in The Acharnians complains about Cleon ""dragging me into court"" over ""last year's play.""

Comments made by the Chorus referring to Aristophanes in The Clouds have been interpreted as evidence that he can hardly have been more than 18 years old when his first play The Banqueters was produced. The second parabasis in Wasps appears to indicate that he reached some kind of temporary accommodation with Cleon following either the controversy over The Babylonians or a subsequent co",False,True,0.75,0.43761110305786133,0.015543639659881592
topk_10,419,Aristophanes,How many of Aristophanes' plays survive virtually complete?,Eleven of his forty plays survive virtually complete.,Eleven of Aristophanes' forty plays survive virtually complete.,Aristophanes | Aristophanes | Aristophanes | Aristophanes | Aristophanes | Aristophanes | Aristophanes | Aristophanes | Aristophanes | Aristophanes,"In Aristophanes' plays, the Attic dialect is couched in verse and his plays can be appreciated for their poetic qualities.

For Aristophanes' contemporaries the works of Homer and Hesiod formed the cornerstones of Hellenic history and culture. Thus poetry had a moral and social significance that made it an inevitable topic of comic satire. Aristophanes was very conscious of literary fashions and traditions and his plays feature numerous references to other poets. These include not only rival com",False,True,1.0,0.9873336553573608,0.00012052059173583984
topk_10,420,Albert Schweitzer,When was Albert Schweitzer born?,14 January 1875,Albert Schweitzer was born on 14 January 1875.,Albert Schweitzer | Albert Schweitzer | Albert Schweitzer | Albert Schweitzer | Albert Schweitzer | Albert Schweitzer | Albert Schweitzer | Albert Schweitzer | Albert Schweitzer | Albert Schweitzer,"Ludwig Philipp Albert Schweitzer  (; 14 January 1875 – 4 September 1965) was an Alsatian polymath. He was a theologian, organist, musicologist, writer, humanitarian, philosopher, and physician. A Lutheran minister, Schweitzer challenged both the secular view of Jesus as depicted by the historical-critical method current at this time, as well as the traditional Christian view. His contributions to the interpretation of Pauline Christianity concern the role of Paul's mysticism of ""being in Christ""",False,True,1.0,0.9714909791946411,2.205371856689453e-05
topk_10,421,Albert Schweitzer,For which philosophy did Albert Schweitzer receive the 1952 Nobel Peace Prize?,"""Reverence for Life""",For Reverence for Life.,Albert Schweitzer | Albert Schweitzer | Arthur Schopenhauer | Albert Schweitzer | Albert Schweitzer | Albert Schweitzer | Albert Schweitzer | Arthur Schopenhauer | Arthur Schopenhauer | Albert Camus,"Ludwig Philipp Albert Schweitzer  (; 14 January 1875 – 4 September 1965) was an Alsatian polymath. He was a theologian, organist, musicologist, writer, humanitarian, philosopher, and physician. A Lutheran minister, Schweitzer challenged both the secular view of Jesus as depicted by the historical-critical method current at this time, as well as the traditional Christian view. His contributions to the interpretation of Pauline Christianity concern the role of Paul's mysticism of ""being in Christ""",False,True,1.0,0.9446592330932617,0.0022606849670410156
topk_10,422,Austrian school of economics,Which economists are credited with originating the Austrian School in Vienna?,"Carl Menger, Eugen von Böhm-Bawerk, Friedrich von Wieser, and others.","Carl Menger, Eugen von Böhm-Bawerk, Friedrich von Wieser, and others are credited with originating the Austrian School in Vienna.",Austrian school of economics | Austrian school of economics | Austrian school of economics | Austrian school of economics | Austrian school of economics | Austrian school of economics | Austrian school of economics | Austrian school of economics | Austrian school of economics | Austrian school of economics,"The Austrian School is a heterodox school of economic thought that advocates strict adherence to methodological individualism, the concept that social phenomena result exclusively from the motivations and actions of individuals. Austrian school theorists hold that economic theory should be exclusively derived from basic principles of human action.

The Austrian School originated in Vienna with the work of Carl Menger, Eugen von Böhm-Bawerk, Friedrich von Wieser, and others. It was methodological",False,True,1.0,0.9808138012886047,0.00154876708984375
topk_10,423,Austrian school of economics,"In which year did Friedrich Hayek share the Nobel Memorial Prize in Economic Sciences, and with whom?","1974, with Gunnar Myrdal.",Friedrich Hayek shared the 1974 Nobel Memorial Prize in Economic Sciences with Gunnar Myrdal.,Austrian school of economics | Albert Einstein | Austrian school of economics | Alfred Nobel | Austrian school of economics | Austrian school of economics | Alfred Nobel | Austrian school of economics | Austrian school of economics | Albert Einstein,"Later 20th century 

By the mid-1930s, most economists had embraced what they considered the important contributions of the early Austrians. Fritz Machlup quoted Hayek's statement that ""the greatest success of a school is that it stops existing because its fundamental teachings have become parts of the general body of commonly accepted thought"". Sometime during the middle of the 20th century, Austrian economics became disregarded or derided by mainstream economists because it rejected model buil",False,True,1.0,0.9761441349983215,4.0531158447265625e-06
topk_10,424,Abscess,What are the common signs and symptoms of an abscess?,"Redness, pain, warmth, and swelling.","The common signs and symptoms of an abscess include redness, heat, swelling, pain, and loss of function.",Abscess | Abscess | Abscess | Abscess | Abscess | Acute disseminated encephalomyelitis | Abscess | Abscess | Acute disseminated encephalomyelitis | Anxiety,"The main symptoms and signs of a skin abscess are redness, heat, swelling, pain, and loss of function. There may also be high temperature (fever) and chills. If superficial, abscesses may be fluctuant when palpated; this wave-like motion is caused by movement of the pus inside the abscess.

An internal abscess is more difficult to identify, but signs include pain in the affected area, a high temperature, and generally feeling unwell.
Internal abscesses rarely heal themselves, so prompt medical a",False,True,0.75,0.9686605334281921,0.014063596725463867
topk_10,425,Abscess,Which bacteria is most commonly present in many areas of the world as a cause of abscesses?,Methicillin-resistant Staphylococcus aureus.,Methicillin-resistant Staphylococcus aureus (MRSA) is the most common bacteria present in many areas of the world as a cause of abscesses.,Abscess | Abscess | Abscess | Abscess | Abscess | Abscess | Abscess | Acute disseminated encephalomyelitis | Angola | Alkane,"The main symptoms and signs of a skin abscess are redness, heat, swelling, pain, and loss of function. There may also be high temperature (fever) and chills. If superficial, abscesses may be fluctuant when palpated; this wave-like motion is caused by movement of the pus inside the abscess.

An internal abscess is more difficult to identify, but signs include pain in the affected area, a high temperature, and generally feeling unwell.
Internal abscesses rarely heal themselves, so prompt medical a",False,True,1.0,0.5568336248397827,0.004718363285064697
topk_10,426,Aalborg Municipality,What was the population of Aalborg Municipality on 1 January 2023?,"222,571","The population of Aalborg Municipality on 1 January 2023 was 222,571.",Aalborg Municipality | Aalborg Municipality | Aalborg Municipality | Athens | Athens | Aarhus | Aarhus | Alaska | Athens | Azerbaijan,"Aalborg Municipality () is a municipality in North Jutland Region on the Jutland peninsula in northern Denmark. The municipality straddles the Limfjord, the waterway which connects the North Sea and the Kattegat east-to-west, and which separates the main body of the Jutland peninsula from the island of Vendsyssel-Thy north-to-south. It has a land area of  and a population of 222,571 (1. January 2023).

It is also the name of the municipality's main city Aalborg and the site of its municipal coun",False,True,1.0,0.969142735004425,2.2530555725097656e-05
topk_10,427,Aalborg Municipality,Which municipalities joined Aalborg municipality on 1 January 2007 to form the new Aalborg municipality?,"Hals, Nibe, and Sejlflod","Hals, Nibe, and Sejlflod joined Aalborg municipality on 1 January 2007 to form the new Aalborg municipality.",Aalborg Municipality | Aalborg Municipality | Aalborg Municipality | Athens | Athens | Aarhus | Athens | Aarhus | Athens | Amsterdam,"Aalborg Municipality () is a municipality in North Jutland Region on the Jutland peninsula in northern Denmark. The municipality straddles the Limfjord, the waterway which connects the North Sea and the Kattegat east-to-west, and which separates the main body of the Jutland peninsula from the island of Vendsyssel-Thy north-to-south. It has a land area of  and a population of 222,571 (1. January 2023).

It is also the name of the municipality's main city Aalborg and the site of its municipal coun",False,True,1.0,0.9746749401092529,0.00011241436004638672
topk_10,428,Aarhus,In what year was Aarhus granted market town privileges?,1441,Aarhus was granted market town privileges in 1441.,Aarhus | Aarhus | Aarhus | Aarhus | Aarhus | Aarhus | Aarhus | Aarhus | Aarhus | Aarhus,"The Church clearly had the upper hand in the Aarhus region during medieval times, and the large bishopric of Aarhus prospered and expanded territory, reaching as far as Viborg in extent. In 1441, Christopher III issued the oldest known charter granting market town status, although similar privileges may have existed as far back as the 12th century. The charter is the first official recognition of the town as a regional power and is by some considered Aarhus's birth certificate.

The commercial a",False,True,1.0,0.9608892202377319,5.3048133850097656e-05
topk_10,429,Aarhus,When was the first railway line in Jutland built in Aarhus?,1862,The first railway line in Jutland was built in Aarhus in 1862.,Aarhus | Aarhus | Aarhus | Aarhus | Aarhus | Aarhus | Aarhus | Aarhus | Aarhus | Aarhus,"Aarhus (, , ; officially spelled Århus from 1948 until 1 January 2011) is the second-largest city in Denmark and the seat of Aarhus Municipality. It is located on the eastern shore of Jutland in the Kattegat sea and approximately  northwest of Copenhagen.

Dating back to the late 8th century, Aarhus was founded as a harbour settlement at the mouth of the Aarhus River and quickly became a trade hub. The first Christian church was built here around the year 900 and later in the Viking Age the town",False,True,1.0,0.9659589529037476,1.2278556823730469e-05
topk_10,430,Amateur,What terms does the passage use to describe amateurs and their pursuits?,"popular, informal, self-taught, user-generated, DIY, and hobbyist.","The passage describes amateurs and their pursuits using terms such as:

- Amateur
- Popular
- Informal
- Self-taught
- User-generated
- DIY
- Hobbyist

Specifically mentioned are:

- Gentleman amateur
- Amateur astronomer
- Amateur athlete
- Amateur photographer
- Amateur writer
- Amateur musician
- Amateur explorer
- Amateur scientist
- Amateur historian
- Amateur researcher
- Amateur photographer
- Amateur astronomer
- Amateur photographer
- Amateur videographer
- Amateur filmmaker
- Amateur journalist
- Amateur blogger
- Amateur content creator
- Amateur influencer
- Amateur entrepreneur
- Amateur inventor
- Amateur engineer
- Amateur architect
- Amateur designer
- Amateur artist
- Amateur illustrator
- Amateur animator
- Amateur",Amateur | Aristophanes | Adventure | Artist | Amateur astronomy | Adventure | Amateur astronomy | Ambiguity | Ambiguity | Arabic,"An amateur () is generally considered a person who pursues an avocation independent from their source of income. Amateurs and their pursuits are also described as popular, informal, self-taught, user-generated, DIY, and hobbyist.

History 

Historically, the amateur was considered to be the ideal balance between pure intent, open mind, and the interest or passion for a subject. That ideology spanned many different fields of interest. It may have its roots in the ancient Greek philosophy of amate",False,True,1.0,0.21386019885540009,0.03429388999938965
topk_10,431,Amateur,"Which three individuals are cited as examples of ""gentleman amateurs"" in the passage?","Francis Bacon, Isaac Newton, and Sir Robert Cotton, 1st Baronet, of Connington.","Francis Bacon, Isaac Newton, and Sir Robert Cotton, 1st Baronet, of Connington.",Amateur | List of anthropologists | August 6 | Aleister Crowley | April 6 | List of anthropologists | April 6 | Alps | August 9 | Aristophanes,"An amateur () is generally considered a person who pursues an avocation independent from their source of income. Amateurs and their pursuits are also described as popular, informal, self-taught, user-generated, DIY, and hobbyist.

History 

Historically, the amateur was considered to be the ideal balance between pure intent, open mind, and the interest or passion for a subject. That ideology spanned many different fields of interest. It may have its roots in the ancient Greek philosophy of amate",False,True,1.0,0.9277198314666748,0.05276519060134888
topk_10,432,Alexis Carrel,In what year was Alexis Carrel awarded the Nobel Prize in Physiology or Medicine?,1912,"The relevant information to answer the question is directly stated in the given text:

""In 1912, Carrel was awarded the 1912 Nobel Prize in Physiology or Medicine for these efforts.""

Therefore, Alexis Carrel was awarded the Nobel Prize in Physiology or Medicine in 1912.",Alexis Carrel | Alexis Carrel | Alexis Carrel | Alexis Carrel | Alexis Carrel | Alexis Carrel | Aldous Huxley | Alexis Carrel | Albert Einstein | Alfred Nobel,"Alexis Carrel (; 28 June 1873 – 5 November 1944) was a French surgeon and biologist who was awarded the Nobel Prize in Physiology or Medicine in 1912 for pioneering vascular suturing techniques. He invented the first perfusion pump with Charles Lindbergh opening the way to organ transplantation. Carrel was also a pioneer in transplantology and thoracic surgery. He is known for his leading role in implementing eugenic policies in Vichy France.

Biography 
Born in Sainte-Foy-lès-Lyon, Rhône, Carre",False,True,1.0,0.9758028388023376,0.04369109869003296
topk_10,433,Alexis Carrel,Who collaborated with Alexis Carrel to invent the first perfusion pump?,Charles Lindbergh,Charles Lindbergh collaborated with Alexis Carrel to invent the first perfusion pump.,Alexis Carrel | Alexis Carrel | Alexis Carrel | Alexis Carrel | Alexis Carrel | Alfred Nobel | Alexis Carrel | Alexis Carrel | Ada Lovelace | Albert Einstein,"Alexis Carrel (; 28 June 1873 – 5 November 1944) was a French surgeon and biologist who was awarded the Nobel Prize in Physiology or Medicine in 1912 for pioneering vascular suturing techniques. He invented the first perfusion pump with Charles Lindbergh opening the way to organ transplantation. Carrel was also a pioneer in transplantology and thoracic surgery. He is known for his leading role in implementing eugenic policies in Vichy France.

Biography 
Born in Sainte-Foy-lès-Lyon, Rhône, Carre",False,True,1.0,0.9614791870117188,1.1682510375976562e-05
topk_10,434,All Souls' Day,On what date is All Souls' Day observed by certain Christian denominations?,2 November,All Souls' Day is observed on 2 November by certain Christian denominations.,All Souls' Day | All Souls' Day | All Souls' Day | All Souls' Day | All Souls' Day | All Souls' Day | August 13 | All Souls' Day | August 6 | April 30,"All Souls' Day, also called The Commemoration of All the Faithful Departed, is a day of prayer and remembrance for the faithful departed, observed by certain Christian denominations on 2 November. Through prayer, intercessions, alms and visits to cemeteries, people commemorate the poor souls in purgatory and gain them indulgences.

In Western Christianity, including Roman Catholicism and certain parts of Lutheranism and Anglicanism, All Souls' Day is the third day of Allhallowtide, after All Sai",False,True,1.0,0.9860388040542603,3.552436828613281e-05
topk_10,435,All Souls' Day,What is the German term for All Souls' Day?,Allerseelen,Allerseelen,All Souls' Day | All Souls' Day | All Souls' Day | All Souls' Day | All Souls' Day | All Souls' Day | All Souls' Day | All Souls' Day | All Souls' Day | April,"All Souls' Day, also called The Commemoration of All the Faithful Departed, is a day of prayer and remembrance for the faithful departed, observed by certain Christian denominations on 2 November. Through prayer, intercessions, alms and visits to cemeteries, people commemorate the poor souls in purgatory and gain them indulgences.

In Western Christianity, including Roman Catholicism and certain parts of Lutheranism and Anglicanism, All Souls' Day is the third day of Allhallowtide, after All Sai",False,True,1.0,0.8745685815811157,0.9995487893756945
topk_10,436,Anatole France,When was Anatole France born?,16 April 1844,"Anatole France was born on April 16, 1844.",Anatole France | Anatole France | Anatole France | Anaximander | André Gide | April 15 | August 6 | Anatole France | April 15 | August 9,"Nobel Prize Winner"" by Herbert S. Gorman, The New York Times'', 20 November 1921
 Correspondence with architect Jean-Paul Oury at Syracuse University
 
 Anatole France, his work in audio version   
 

1844 births
1924 deaths
Writers from Paris
French bibliophiles
Collège Stanislas de Paris alumni
French fantasy writers
French Nobel laureates
19th-century French poets
French satirists
Members of the Académie Française
Nobel laureates in Literature
Dreyfusards
19th-century French novelists
20th-ce",False,True,1.0,0.8176628947257996,4.887580871582031e-06
topk_10,437,Anatole France,What position was Anatole France appointed to in 1876?,librarian for the French Senate,"Based on the information provided in the context, Anatole France was appointed to the position of regent of the French Foundation for the Study of Human Problems in 1941.",Anatole France | August 9 | August 27 | April 1 | Alexis Carrel | April 12 | Andorra | April 6 | August 6 | Abraham Lincoln,"Nobel Prize Winner"" by Herbert S. Gorman, The New York Times'', 20 November 1921
 Correspondence with architect Jean-Paul Oury at Syracuse University
 
 Anatole France, his work in audio version   
 

1844 births
1924 deaths
Writers from Paris
French bibliophiles
Collège Stanislas de Paris alumni
French fantasy writers
French Nobel laureates
19th-century French poets
French satirists
Members of the Académie Française
Nobel laureates in Literature
Dreyfusards
19th-century French novelists
20th-ce",False,True,0.3333333333333333,0.10768745094537735,0.013402402400970459
topk_10,438,André Gide,In which year was André Gide awarded the Nobel Prize in Literature?,1947,1947,André Gide | André Gide | André Gide | André Gide | Anatole France | André Gide | André Gide | André Gide | André Gide | Albert Camus,"André Paul Guillaume Gide (; 22 November 1869 – 19 February 1951) was a French author whose writings spanned a wide variety of styles and topics. He was awarded the 1947 Nobel Prize in Literature. Gide's career ranged from his beginnings in the symbolist movement, to criticising imperialism between the two World Wars. The author of more than fifty books, he was described in his obituary in The New York Times as ""France's greatest contemporary man of letters"" and ""judged the greatest French write",False,True,1.0,0.9073391556739807,0.9992591943591833
topk_10,439,André Gide,"According to the passage, how many books did André Gide write?",more than fifty books,"According to the passage, André Gide wrote more than fifty books.",André Gide | André Gide | André Gide | André Gide | André Gide | André Gide | André Gide | André Gide | André Gide | André Gide,"Gide contributed to the 1949 anthology The God that Failed. He could not write an essay because of his state of health, so the text was written by Enid Starkie, based on paraphrases of Return from the USSR, Afterthoughts,  from a discussion held in Paris at l'Union pour la Verite in 1935, and from his Journal; the text was approved by Gide.

1930s and 1940s

In 1930 Gide published a book about the Blanche Monnier case called La Séquestrée de Poitiers, changing little but the names of the protago",False,True,1.0,0.9878254532814026,0.00011730194091796875
topk_10,440,Algorithms for calculating variance,What key difficulty is mentioned in the passage regarding the design of good algorithms for calculating variance?,"Formulas for the variance may involve sums of squares, which can lead to numerical instability as well as to arithmetic overflow when dealing with large values.","Key difficulty mentioned is that formulas for the variance may involve sums of squares, which can lead to numerical instability as well as to arithmetic overflow when dealing with large values.",Algorithms for calculating variance | Algorithms for calculating variance | Algorithms for calculating variance | Algorithms for calculating variance | Algorithm | Algorithms for calculating variance | Algorithm | Algorithms for calculating variance | Algorithm | Algorithm,"Algorithms for calculating variance play a major role in computational statistics. A key difficulty in the design of good algorithms for this problem is that formulas for the variance may involve sums of squares, which can lead to numerical instability as well as to arithmetic overflow when dealing with large values.

Naïve algorithm
A formula for calculating the variance of an entire population of size N is:

Using Bessel's correction to calculate an unbiased estimate of the population variance",False,True,1.0,0.9886806011199951,0.2022067904472351
topk_10,441,Algorithms for calculating variance,"According to the passage, how can the naïve algorithm be adapted to compute the variance of a finite population?",By simply dividing by n instead of n − 1 on the last line.,"According to the passage, the naïve algorithm can be adapted to compute the variance of a finite population by dividing by \( n \) instead of \( n - 1 \) on the last line.",Algorithms for calculating variance | Algorithms for calculating variance | Algorithms for calculating variance | Algorithms for calculating variance | Algorithms for calculating variance | Algorithms for calculating variance | Algorithms for calculating variance | Algorithms for calculating variance | Algorithms for calculating variance | Artificial intelligence,"Algorithms for calculating variance play a major role in computational statistics. A key difficulty in the design of good algorithms for this problem is that formulas for the variance may involve sums of squares, which can lead to numerical instability as well as to arithmetic overflow when dealing with large values.

Naïve algorithm
A formula for calculating the variance of an entire population of size N is:

Using Bessel's correction to calculate an unbiased estimate of the population variance",False,True,0.8571428571428571,0.881861686706543,0.004070103168487549
topk_10,442,Almond,What type of fruit is the almond according to the passage?,A drupe,"The almond is a drupe, consisting of an outer hull and a hard shell with the seed, which is not a true nut.",Almond | Almond | Almond | Almond | Almond | Almond | Almond | Almond | Almond | Almond,"The almond (Prunus amygdalus, syn. Prunus dulcis) is a species of small tree from the genus Prunus, cultivated worldwide for its seed, a culinary nut. Along with the peach, it is classified in the subgenus Amygdalus, distinguished from the other subgenera by corrugations on the shell (endocarp) surrounding the seed.

The fruit of the almond is a drupe, consisting of an outer hull and a hard shell with the seed, which is not a true nut. Shelling almonds refers to removing the shell to reveal the ",False,True,1.0,0.9872719645500183,0.6490226984024048
topk_10,443,Almond,Which region produces over half of the world's almond supply?,California,California produces over half of the world's almond supply.,Almond | Almond | Almond | Almond | Almond | Almond | Albania | Almond | Almond | Almond,"Regulations related to water supplies are changing so some growers have destroyed their current almond orchards to replace with either younger trees or a different crop such as pistachio that needs less water.

Sustainability strategies implemented by the Almond Board of California and almond farmers include:
 tree and soil health, and other farming practices
 minimizing dust production during the harvest
 bee health
 irrigation guidelines for farmers
 food safety
 use of waste biomass as coprod",False,True,1.0,0.9830603003501892,0.00015604496002197266
topk_10,444,Demographics of Antigua and Barbuda,"According to the 2011 census, what was the estimated resident population of Antigua and Barbuda?","86,295","According to the 2011 census, the estimated resident population of Antigua and Barbuda was 86,295.",Demographics of Antigua and Barbuda | Antigua and Barbuda | Antigua and Barbuda | Demographics of Antigua and Barbuda | Demographics of Antigua and Barbuda | Antigua and Barbuda | Antigua and Barbuda | Antigua and Barbuda | Politics of Antigua and Barbuda | Antigua and Barbuda,"This article is a demography of the population of Antigua and Barbuda including population density, ethnicity, religious affiliations and other aspects of the population.

Population

According to the 2011 census the estimated resident population of Antigua and Barbuda was 86,295.
The estimated population of  is  ().

Vital statistics

Structure of the population

Ethnic groups
The population of Antigua and Barbuda, is predominantly black (91.0%) or mixed (4.4%). 1.9% of the population is white ",False,True,1.0,0.9674939513206482,4.3272972106933594e-05
topk_10,445,Demographics of Antigua and Barbuda,What percentage of Antigua and Barbuda's population is identified as black?,91.0%,91.0%,Demographics of Antigua and Barbuda | Antigua and Barbuda | Antigua and Barbuda | Antigua and Barbuda | Demographics of Antigua and Barbuda | Antigua and Barbuda | Demographics of Antigua and Barbuda | Antigua and Barbuda | Antigua and Barbuda | Antigua and Barbuda,"This article is a demography of the population of Antigua and Barbuda including population density, ethnicity, religious affiliations and other aspects of the population.

Population

According to the 2011 census the estimated resident population of Antigua and Barbuda was 86,295.
The estimated population of  is  ().

Vital statistics

Structure of the population

Ethnic groups
The population of Antigua and Barbuda, is predominantly black (91.0%) or mixed (4.4%). 1.9% of the population is white ",False,True,1.0,0.6834020018577576,0.9164093285799026
topk_10,446,Politics of Antigua and Barbuda,Who appoints the governor-general of Antigua and Barbuda?,The sovereign of Antigua and Barbuda,The governor-general of Antigua and Barbuda is appointed by the monarch.,Antigua and Barbuda | Politics of Antigua and Barbuda | Politics of Antigua and Barbuda | Antigua and Barbuda | Antigua and Barbuda | Antigua and Barbuda | Antigua and Barbuda | Antigua and Barbuda | Antigua and Barbuda | Politics of Antigua and Barbuda,"Governance

Political system

The politics of Antigua and Barbuda take place within a framework of a unitary, parliamentary, representative democratic monarchy, in which the head of state is the monarch who appoints the governor-general as vice-regal representative. Charles III is the present King of Antigua and Barbuda, having served in that position since the death of his mother, Elizabeth II. She had been the queen since the islands' independence from the United Kingdom in 1981. The King is c",False,True,0.6666666666666666,0.9755640625953674,2.5272369384765625e-05
topk_10,447,Politics of Antigua and Barbuda,How many members are in the Senate of Antigua and Barbuda's Parliament?,Seventeen,There are 17 appointed members in the Senate of Antigua and Barbuda's Parliament.,Politics of Antigua and Barbuda | Politics of Antigua and Barbuda | Antigua and Barbuda | Antigua and Barbuda | Antigua and Barbuda | Antigua and Barbuda | Demographics of Antigua and Barbuda | Antigua and Barbuda | Politics of Antigua and Barbuda | Antigua and Barbuda Defence Force,"Legislative branch

Antigua and Barbuda elects on national level a legislature. Parliament has two chambers. The House of Representatives has 19 members: 17 members elected for a five-year term in single-seat constituencies, and 2 ex officio members (president and speaker). The Senate has 17 appointed members. The prime minister is the leader of the majority party in the House and conducts affairs of state with the cabinet. The prime minister and the cabinet are responsible to the Parliament. El",False,True,0.0,0.9810512065887451,0.0006202459335327148
topk_10,448,Antigua and Barbuda Defence Force,How many personnel are in the Antigua and Barbuda Defence Force?,245 personnel,245 personnel,Antigua and Barbuda Defence Force | Antigua and Barbuda | Demographics of Antigua and Barbuda | Politics of Antigua and Barbuda | Antigua and Barbuda | Antigua and Barbuda Defence Force | Antigua and Barbuda | Antigua and Barbuda | Antigua and Barbuda | Politics of Antigua and Barbuda,"The Antigua and Barbuda Defence Force (ABDF) is the armed forces of Antigua and Barbuda. The ABDF has responsibility for several different roles: internal security, prevention of drug smuggling, the protection and support of fishing rights, prevention of marine pollution, search and rescue, ceremonial duties, assistance to government programs, provision of relief during natural disasters, assistance in the maintenance of essential services, and support of the police in maintaining law and order.",False,True,1.0,0.96907639503479,0.8774767890572548
topk_10,449,Antigua and Barbuda Defence Force,What are the names and classes of the two patrol boats listed in the Coast Guard's flotilla?,"P-01 Liberta, a 19.81-metre Commercial Cruiser-class patrol boat, and P-02 Palmetto, a SeaArk Boats Dauntless-class patrol boat","Based on the information provided in the context, the two patrol boats listed in the Coast Guard's flotilla are:

1. Araz (G 121), a Petya class light frigate
2. Araz (P 218), a Brya (Project 722) class, possibly referring to a specific ship like the Brya class frigate.",Angolan Armed Forces | Azerbaijani Armed Forces | Antigua and Barbuda Defence Force | Actinopterygii | Angolan Armed Forces | Azerbaijani Armed Forces | Alabama | Angolan Armed Forces | Antigua and Barbuda | Actinopterygii,"In order to protect Angola's 1 600 km long coastline, the Angolan Navy is undergoing modernisation but is still lacking in many ways. Portugal has been providing training through its Technical Military Cooperation (CTM) programme. The Navy is requesting procurement of a frigate, three corvettes, three offshore patrol vessel and additional fast patrol boats.

Most of the vessels in the navy's inventory dates back from the 1980s or earlier, and many of its ships are inoperable due to age and lack ",False,True,0.25,0.7933022379875183,0.04940527677536011
topk_10,450,Antisemitism,What phenomenon describes Jews who perpetrate antisemitism against their own group?,"auto-antisemitism (i.e., self-hating Jews)","Auto-antisemitism, or self-hating Jews, describes Jews who perpetrate antisemitism against their own group.",Antisemitism | Antisemitism | Antisemitism | Antisemitism | Antisemitism | Antisemitism | Antisemitism | Antisemitism | Antisemitism | Antisemitism,"Antisemitism (also spelled anti-semitism or anti-Semitism) is hostility to, prejudice towards, or discrimination against Jews. This sentiment is a form of racism, and a person who harbours it is called an antisemite. Though antisemitism is overwhelmingly perpetrated by non-Jews, it may occasionally be perpetrated by Jews in a phenomenon known as auto-antisemitism (i.e., self-hating Jews). Primarily, antisemitic tendencies may be motivated by negative sentiment towards Jews as a people or by nega",False,True,0.7142857142857143,0.8941468596458435,0.0012496709823608398
topk_10,451,Antisemitism,What are the two primary motivations behind antisemitic tendencies as described in the passage?,Negative sentiment towards Jews as a people (racial antisemitism) and negative sentiment towards Jews with regard to Judaism (religious antisemitism),"The two primary motivations behind antisemitic tendencies, as described in the passage, are:

1. Negative sentiment towards Jews as a people.
2. Negative sentiment towards Jews with regard to Judaism.",Antisemitism | Antisemitism | Antisemitism | Antisemitism | Antisemitism | Antisemitism | Antisemitism | Antisemitism | Antisemitism | Antisemitism,"Antisemitism (also spelled anti-semitism or anti-Semitism) is hostility to, prejudice towards, or discrimination against Jews. This sentiment is a form of racism, and a person who harbours it is called an antisemite. Though antisemitism is overwhelmingly perpetrated by non-Jews, it may occasionally be perpetrated by Jews in a phenomenon known as auto-antisemitism (i.e., self-hating Jews). Primarily, antisemitic tendencies may be motivated by negative sentiment towards Jews as a people or by nega",False,True,0.7,0.9611907005310059,0.008364200592041016
topk_10,452,Economy of Azerbaijan,What was Azerbaijan's GDP growth rate in 2006?,34.6%,Azerbaijan's GDP growth rate in 2006 was 34.6%.,Economy of Azerbaijan | Economy of Azerbaijan | Economy of Azerbaijan | Economy of Azerbaijan | Azerbaijan | Economy of Armenia | Azerbaijan | Economy of Armenia | Azerbaijan | Economy of Azerbaijan,"The economy of Azerbaijan has completed its post-Soviet transition into a major oil-based economy (with the completion of the Baku-Tbilisi-Ceyhan Pipeline), from one where the state played the major role. The transition to oil production led to remarkable growth figures as projects came online; reaching 26.4% in 2005 (second highest GDP growth in the world in 2005 only to Equatorial Guinea) and 34.6% in 2006 (world highest) before subsiding to 10.8% and 9.3% in 2008 and 2009 respectively. The re",False,True,1.0,0.9373770952224731,3.719329833984375e-05
topk_10,453,Economy of Azerbaijan,What was the budget deficit as a percentage of GDP in 2000?,1.3% of GDP,"Based on the information provided in the context, the budget deficit as a percentage of GDP in 2000 was 49.3%.",Economy of Armenia | Economy of American Samoa | Economy of Armenia | Economy of Armenia | Economy of Armenia | Economy of Armenia | Economy of Azerbaijan | Economy of Armenia | Economy of Angola | Economy of Armenia,"In 2019, the largest growth at 27.2% was shown by accommodation and catering sector, which came as a result of the growth of tourist flows.

Financial system

Foreign debt
The amount of interest paid on the public debt rose significantly (from AMD 11 billion in 2008 to AMD 46.5 billion in 2013), as did the amount of principle repayments (from annual repayments of US$15–16 million in 2005-2008 exceeding US$150 million in 2013). This is a significant financial load on the state budget. Because of ",False,True,0.6666666666666666,0.9048801064491272,0.0674237608909607
topk_10,454,Geography of Azerbaijan,What is the approximate total land area of Azerbaijan?,"approximately 86,600 square kilometers","Approximately 86,600 square kilometers.",Geography of Azerbaijan | Azerbaijan | Geography of Azerbaijan | Azerbaijan | Azerbaijan | Geography of Azerbaijan | Azerbaijan | Azerbaijan | Economy of Azerbaijan | Azerbaijan,"Azerbaijan is a country in the Caucasus region, situated at the juncture of Eastern Europe and West Asia. Three physical features dominate Azerbaijan: the Caspian Sea, whose shoreline forms a natural boundary to the east; the Greater Caucasus mountain range to the north; and the extensive flatlands at the country's center. About the size of Portugal or the US state of Maine, Azerbaijan has a total land area of approximately 86,600 square kilometers, less than 1% of the land area of the former So",False,True,1.0,0.9774684906005859,0.271348237991333
topk_10,455,Geography of Azerbaijan,Which autonomous republic of Azerbaijan is separated from the rest of the country by a strip of Armenian territory?,Nakhchivan Autonomous Republic,Nakhchivan Autonomous Republic,Azerbaijan | Geography of Azerbaijan | Geography of Armenia | Azerbaijan | Azerbaijan | Azerbaijan | Azerbaijani Armed Forces | Armed Forces of Armenia | Azerbaijan | Azerbaijan,"Azerbaijan (, ; , ), officially the Republic of Azerbaijan, is a transcontinental country located at the boundary of Eastern Europe and West Asia. It is a part of the South Caucasus region and is bounded by the Caspian Sea to the east, Russia (Republic of Dagestan) to the north, Georgia to the northwest, Armenia and Turkey to the west, and Iran to the south. Baku is the capital and largest city.

The Azerbaijan Democratic Republic proclaimed its independence from the Transcaucasian Democratic Fe",False,True,1.0,0.8686270713806152,0.9908566847443581
topk_10,456,Foreign relations of Azerbaijan,How many United Nations member states does Azerbaijan maintain diplomatic relations with?,185 United Nations member states,185,Foreign relations of Azerbaijan | Azerbaijan | Foreign relations of Azerbaijan | Foreign relations of Armenia | Azerbaijan | Azerbaijan | Foreign relations of Armenia | Foreign relations of Armenia | Azerbaijani Armed Forces | Foreign relations of Armenia,"The Republic of Azerbaijan is a member of the United Nations, the Non-Aligned Movement, the Organization for Security and Cooperation in Europe, NATO's Partnership for Peace, the Euro-Atlantic Partnership Council, the World Health Organization, the European Bank for Reconstruction and Development; the Council of Europe, CFE Treaty, the Community of Democracies; the International Monetary Fund; and the World Bank.

The major trends in the foreign relations of the Republic of Azerbaijan toward bot",False,True,0.2,0.5233649611473083,0.9902161248028278
topk_10,457,Foreign relations of Azerbaijan,Which former U.S. government officials serve on the Honorary Council of Advisors of the U.S.-Azerbaijan Chamber of Commerce?,James Baker and Henry Kissinger,James Baker and Henry Kissinger serve on the Honorary Council of Advisors of the U.S.-Azerbaijan Chamber of Commerce.,Foreign relations of Azerbaijan | Azerbaijan | Azerbaijan | Azerbaijan | Foreign relations of Azerbaijan | Armed Forces of Armenia | Foreign relations of Azerbaijan | Foreign relations of Armenia | Azerbaijan | Azerbaijan,"The Republic of Azerbaijan is a member of the United Nations, the Non-Aligned Movement, the Organization for Security and Cooperation in Europe, NATO's Partnership for Peace, the Euro-Atlantic Partnership Council, the World Health Organization, the European Bank for Reconstruction and Development; the Council of Europe, CFE Treaty, the Community of Democracies; the International Monetary Fund; and the World Bank.

The major trends in the foreign relations of the Republic of Azerbaijan toward bot",False,True,1.0,0.9684038758277893,0.0001195669174194336
topk_10,458,Azerbaijani Armed Forces,On what date was the Azerbaijani Armed Forces re-established according to the country's Law of the Armed Forces?,9 October 1991,The Azerbaijani Armed Forces were re-established according to the country's Law of the Armed Forces on 9 October 1991.,Azerbaijani Armed Forces | Azerbaijan | Azerbaijani Armed Forces | Azerbaijani Armed Forces | Armed Forces of Armenia | Armed Forces of Armenia | Azerbaijani Armed Forces | Azerbaijani Armed Forces | Azerbaijani Armed Forces | Azerbaijani Armed Forces,"The Azerbaijani Armed Forces () is the military of the Republic of Azerbaijan. It was re-established according to the country’s Law of the Armed Forces on 9 October 1991. The original Azerbaijan Democratic Republic's armed forces were dissolved after Azerbaijan was absorbed into the Soviet Union as the Azerbaijan Soviet Socialist Republic from 28 April 1920. After the Soviet Union dissolved in 1991–92, Azerbaijan's armed forces were reformed based on Soviet bases and equipment left on Azerbaijan",False,True,1.0,0.9862063527107239,0.00016677379608154297
topk_10,459,Azerbaijani Armed Forces,What are the three branches of the Azerbaijani Armed Forces?,"the Azerbaijani Land Forces, the Azerbaijani Air and Air Defence Force, and the Azerbaijani Navy","The three branches of the Azerbaijani Armed Forces are the Azerbaijani Land Forces, the Azerbaijani Air and Air Defence Force, and the Azerbaijani Navy.",Azerbaijani Armed Forces | Azerbaijan | Armed Forces of Armenia | Azerbaijani Armed Forces | Azerbaijani Armed Forces | Azerbaijani Armed Forces | Azerbaijani Armed Forces | Azerbaijani Armed Forces | Armed Forces of Armenia | Azerbaijani Armed Forces,"The Azerbaijani Armed Forces () is the military of the Republic of Azerbaijan. It was re-established according to the country’s Law of the Armed Forces on 9 October 1991. The original Azerbaijan Democratic Republic's armed forces were dissolved after Azerbaijan was absorbed into the Soviet Union as the Azerbaijan Soviet Socialist Republic from 28 April 1920. After the Soviet Union dissolved in 1991–92, Azerbaijan's armed forces were reformed based on Soviet bases and equipment left on Azerbaijan",False,True,1.0,0.9764165282249451,0.007518649101257324
topk_10,460,Geography of Armenia,How many million years ago did a geological upheaval push up the Earth's crust to form the Armenian Plateau?,Twenty-five million years ago.,Twenty-five million years ago,Geography of Armenia | Geography of Armenia | Alps | Atlantic Ocean | Alps | Aegean Sea | Alps | Azerbaijan | Atlantic Ocean | Atlantic Ocean,"Armenia is a landlocked country in the South Caucasus region of the Caucasus. The country spans Eastern Europe and West Asia, with cultural ties to both regions. Armenia is bordered on the north and east by Georgia and Azerbaijan and on the south and west by Iran, Azerbaijan's exclave Nakhchivan, and Turkey.

The terrain is mostly mountainous and flat, with fast flowing rivers and few forests but with many trees. The climate is highland continental: hot summers and cold winters. The land rises t",False,True,1.0,0.8935113549232483,0.6698528230190277
topk_10,461,Geography of Armenia,Which mountain range extends through northern Armenia?,The Lesser Caucasus range.,The Lesser Caucasus range extends through northern Armenia.,Geography of Armenia | Geography of Armenia | Anatolia | Geography of Azerbaijan | Geography of Armenia | Armed Forces of Armenia | Transport in Armenia | Geography of Azerbaijan | Economy of Armenia | Azerbaijan,"The plateau is masked by intermediate mountain ranges and extinct volcanoes. The largest of these, Mount Aragats,  high, is also the highest point in Armenia. Most of the population lives in the western and northwestern parts of the country, where the two major cities, Yerevan and Gyumri, are located.

The valleys of the Debed and Akstafa rivers form the chief routes into Armenia from the north as they pass through the mountains. Lake Sevan,  across at its widest point and  long, is by far the l",False,True,1.0,0.9880654215812683,0.0010671019554138184
topk_10,462,Demographics of Armenia,What was Armenia's population at its peak in 1992?,3.633 million,"At its peak in 1992, Armenia's population was 3.633 million.",Demographics of Armenia | Demographics of Armenia | Demographics of Armenia | Demographics of Armenia | Geography of Armenia | Demographics of Armenia | Economy of Armenia | Economy of Armenia | Economy of Armenia | Demographics of Armenia,"After registering steady increases during the Soviet period, the population of Armenia declined from its peak value of 3.633 million in 1992 to 2.986 million in 2017.

Whilst the country's population increased steadily during the Soviet Union as a result of periods of repatriation and low emigration rates, it has declined in recent times due to the exodus of peoples following the Soviet break-up. The rates of emigration and population decline, however, have decreased in recent years, and there h",False,True,1.0,0.9517049193382263,5.7578086853027344e-05
topk_10,463,Demographics of Armenia,How many Armenians from Persia relocated following the Russian annexation?,"45,000","45,000",Demographics of Armenia | Demographics of Armenia | Demographics of Armenia | Demographics of Armenia | Azerbaijan | Demographics of Armenia | Armed Forces of Armenia | Azerbaijan | Geography of Armenia | Demographics of Armenia,"After registering steady increases during the Soviet period, the population of Armenia declined from its peak value of 3.633 million in 1992 to 2.986 million in 2017.

Whilst the country's population increased steadily during the Soviet Union as a result of periods of repatriation and low emigration rates, it has declined in recent times due to the exodus of peoples following the Soviet break-up. The rates of emigration and population decline, however, have decreased in recent years, and there h",False,True,1.0,0.6038604378700256,0.8760523274540901
topk_10,464,Politics of Armenia,On what date did Armenia become independent from the Russian Empire?,28 May 1918,28 May 1918,Politics of Armenia | Demographics of Armenia | Azerbaijan | Azerbaijan | Demographics of Armenia | Armed Forces of Armenia | Azerbaijan | Geography of Armenia | Economy of Armenia | Economy of Armenia,"The politics of Armenia take place in the framework of the parliamentary representative democratic republic of Armenia, whereby the president of Armenia is the head of state and the prime minister of Armenia the head of government, and of a multi-party system. Executive power is exercised by the president and the Government. Legislative power is vested in both the Government and Parliament.

History
Armenia became independent from the Russian Empire on 28 May 1918 as the Republic of Armenia, lat",False,True,1.0,0.8131380677223206,0.9968396471813321
topk_10,465,Politics of Armenia,Who received 83% of the votes in the October 1991 presidential election?,Levon Ter-Petrosyan,"Based on the information provided in the context, Abraham Lincoln received 83% of the votes in the October 1860 presidential election. Specifically, the text states:

""On November 6, 1860, Lincoln was elected the 16th president. He was the first Republican president and his victory was entirely due to his support in the North and West. No ballots were cast for him in 10 of the 15 Southern slave states, and he won only two of 996 counties in all the Southern states, an omen of the impending Civil War.""

This indicates that Lincoln received 83% of the popular vote in the 1860 election, which was crucial in securing his victory over the Democratic nominee, Stephen A.",August 27 | Alabama | Albania | Abraham Lincoln | Abraham Lincoln | Azerbaijan | Alaska | Albania | Alabama | August 6,"1991)
  1916   – Tony Harris, South African cricketer and rugby player (d. 1993)
  1916   – Martha Raye, American actress and comedian (d. 1994)
1917 – Peanuts Lowrey, American baseball player, coach, and manager (d. 1986)
1918 – Jelle Zijlstra, Dutch economist and politician, Prime Minister of the Netherlands (d. 2001)
1919 – Pee Wee Butts, American baseball player and coach (d. 1972)
  1919   – Murray Grand, American singer-songwriter and pianist (d. 2007)
1920 – Baptiste Manzini, American foo",False,False,0.0,0.0785772055387497,0.19946390390396118
topk_10,466,Economy of Armenia,What was the percentage growth of Armenia's economy in 2022?,12.6%,"The economy of Armenia grew by 12.6% in 2022, according to the country's Statistical Committee and the International Monetary Fund.",Economy of Armenia | Economy of Armenia | Economy of Armenia | Economy of Armenia | Economy of Armenia | Economy of Armenia | Economy of Armenia | Economy of Armenia | Economy of Armenia | Economy of Armenia,"The economy of Armenia grew by 12.6% in 2022, according to the country's Statistical Committee and the International Monetary Fund. Total output amounted to 8.5 trillion Armenian drams, or $19.5 billion. At the same time, Armenia's foreign trade turnover significantly accelerated in growth from 17.7% in 2021 to 68.6% in 2022.
GDP contracted sharply in 2020 by 7.2%, mainly due to the COVID-19 recession and the war against Azerbaijan. In contrast it grew by 7.6 per cent in 2019, the largest record",False,True,1.0,0.9759171605110168,0.02645576000213623
topk_10,467,Economy of Armenia,What was the foreign trade turnover growth percentage in 2022?,68.6%,The foreign trade turnover growth percentage in 2022 was 68.6%.,Economy of Armenia | Economy of Armenia | Economy of Armenia | Economy of Armenia | Economy of Armenia | Economy of Armenia | Apple Inc. | Economy of Armenia | Economy of Azerbaijan | Economy of Armenia,"This was a result of about 8 percent increase in goods export and 21 percent increase on goods import in nominal terms year on year in 2018.

Armenia's foreign trade turnover increased by 11.6 percent in January–May 2021, compared to an 11.2 percent decline a year earlier, owing to a reversal of the y-o-y dynamics of exports and imports from 8.1 to 12.8 percent decline to 20.8-6.7 percent growth, according to preliminary data from the RA Statistical Committee. As a consequence, Armenia's foreign",False,True,1.0,0.9171513319015503,0.0016516447067260742
topk_10,468,Transport in Armenia,What is the total length of Armenia's broad gauge railway network as reported in 1995?,825 km,825 km of  gauge (825 km electrified) (1995),Transport in Armenia | Economy of Armenia | Economy of Armenia | Economy of Armenia | Geography of Armenia | Armed Forces of Armenia | Transport in Armenia | Transport in Armenia | Geography of Armenia | Economy of Armenia,"This article considers transport in Armenia.

Railways

Total
 in common carrier service; does not include industrial lines

Broad gauge
825 km of  gauge (825 km electrified) (1995)
There is no service south of Yerevan.

City with metro system: Yerevan

International links
 Azerbaijan - closed - same gauge
 Georgia - yes - same gauge
 Iran - via Azerbaijan - closed - break of gauge - /
 Turkey - closed - break of gauge -/

Most of the cross-border lines are currently closed due to political prob",False,True,1.0,0.9777937531471252,0.8121979236602783
topk_10,469,Transport in Armenia,How many times a day do the new electric trains run between Yerevan and Gyumri?,Four times a day,Four times a day.,Transport in Armenia | Transport in Armenia | Transport in Armenia | Economy of Armenia | Economy of Armenia | Economy of Armenia | Transport in Armenia | Economy of Armenia | Ankara | Transport in Armenia,"This article considers transport in Armenia.

Railways

Total
 in common carrier service; does not include industrial lines

Broad gauge
825 km of  gauge (825 km electrified) (1995)
There is no service south of Yerevan.

City with metro system: Yerevan

International links
 Azerbaijan - closed - same gauge
 Georgia - yes - same gauge
 Iran - via Azerbaijan - closed - break of gauge - /
 Turkey - closed - break of gauge -/

Most of the cross-border lines are currently closed due to political prob",False,True,1.0,0.9587538242340088,0.00016224384307861328
topk_10,470,Armed Forces of Armenia,Who is the Commander-in-Chief of the Armenian military?,President Vahagn Khachaturyan,Vahagn Khachaturyan,Armed Forces of Armenia | Armed Forces of Armenia | Armed Forces of Armenia | Armed Forces of Armenia | Armed Forces of Armenia | Armed Forces of Armenia | Armed Forces of Armenia | Armed Forces of Armenia | Armed Forces of Armenia | Armed Forces of Armenia,"The Armed Forces of Armenia (), sometimes referred to as the Armenian Army (), is the national military of Armenia. It consists of personnel branches under the General Staff of the Armenian Armed Forces, which can be divided into two general branches: the Ground Forces, and the Air Force. Although it was partially formed out of the former Soviet Army forces stationed in the Armenian SSR (mostly units of the 7th Guards Army of the Transcaucasian Military District), the military of Armenia can be ",False,True,0.6666666666666666,0.6982982754707336,0.998000567778945
topk_10,471,Armed Forces of Armenia,What are the two general branches of the Armed Forces of Armenia?,The Ground Forces and the Air Force,The two general branches of the Armed Forces of Armenia are the Ground Forces and the Air Force.,Armed Forces of Armenia | Armed Forces of Armenia | Armed Forces of Armenia | Armed Forces of Armenia | Armed Forces of Armenia | Armed Forces of Armenia | Armed Forces of Armenia | Azerbaijani Armed Forces | Armed Forces of Armenia | Armed Forces of Armenia,"The Armed Forces of Armenia (), sometimes referred to as the Armenian Army (), is the national military of Armenia. It consists of personnel branches under the General Staff of the Armenian Armed Forces, which can be divided into two general branches: the Ground Forces, and the Air Force. Although it was partially formed out of the former Soviet Army forces stationed in the Armenian SSR (mostly units of the 7th Guards Army of the Transcaucasian Military District), the military of Armenia can be ",False,True,1.0,0.9490902423858643,0.00014710426330566406
topk_10,472,Foreign relations of Armenia,Who has served as the Minister of Foreign Affairs of Armenia since August 2021?,Ararat Mirzoyan,Ararat Mirzoyan has served as the Minister of Foreign Affairs of Armenia since August 2021.,Foreign relations of Armenia | Foreign relations of Armenia | Foreign relations of Armenia | Armed Forces of Armenia | Economy of Armenia | Foreign relations of Armenia | Politics of Armenia | Economy of Armenia | Politics of Armenia | Economy of Armenia,"Since its independence, Armenia has maintained a policy of trying to have positive and friendly relations with Iran, Russia, and the West, including the United States and the European Union. It has full membership status in a number of international organizations, such as the Council of Europe and the Eurasian Economic Union, and observer status, etc. in some others. However, the dispute over the Armenian genocide of 1915 and the ongoing Nagorno-Karabakh conflict have created tense relations wit",False,True,1.0,0.9922640323638916,6.282329559326172e-05
topk_10,473,Foreign relations of Armenia,Which two immediate neighboring countries have tense relations with Armenia due to the Armenian genocide dispute and the Nagorno-Karabakh conflict?,Azerbaijan and Turkey,Turkey and Azerbaijan,Geography of Armenia | Foreign relations of Armenia | Foreign relations of Armenia | Azerbaijan | Foreign relations of Azerbaijan | Foreign relations of Armenia | Foreign relations of Armenia | Armed Forces of Armenia | Geography of Azerbaijan | Economy of Armenia,"Armenia is a landlocked country in the South Caucasus region of the Caucasus. The country spans Eastern Europe and West Asia, with cultural ties to both regions. Armenia is bordered on the north and east by Georgia and Azerbaijan and on the south and west by Iran, Azerbaijan's exclave Nakhchivan, and Turkey.

The terrain is mostly mountainous and flat, with fast flowing rivers and few forests but with many trees. The climate is highland continental: hot summers and cold winters. The land rises t",False,True,1.0,0.9160389304161072,0.7892336994409561
topk_10,474,Demographics of American Samoa,What is the total median age of the population of American Samoa according to the 2020 estimate?,27.2 years,The total median age of the population of American Samoa according to the 2020 estimate is 27.2 years.,Demographics of American Samoa | Demographics of American Samoa | Economy of American Samoa | Politics of American Samoa | Alabama | Politics of American Samoa | Demographics of Angola | Alaska | Demographics of Armenia | Demographics of Angola,"Demographics of American Samoa include population density, ethnicity, education level, health of the populace, economic status, religious affiliations and other aspects. American Samoa is an unincorporated territory of the United States located in the South Pacific Ocean.

Vital statistics
Births and deaths

Structure of the population

Population statistics 

The statistics from 1900 to 1950 and every decennial census are from the U.S. Census Bureau. There was no census taken in 1910, but a spe",False,True,1.0,0.9588011503219604,0.0003800392150878906
topk_10,475,Demographics of American Samoa,What is the population growth rate of American Samoa as estimated for 2021?,-2.1%,"Based on the information provided in the context, the population growth rate of American Samoa as estimated for 2021 is -2.1%.",Demographics of American Samoa | Demographics of American Samoa | Economy of American Samoa | Politics of American Samoa | Alabama | Politics of American Samoa | Alaska | Aruba | Demographics of American Samoa | Demographics of Armenia,"Demographics of American Samoa include population density, ethnicity, education level, health of the populace, economic status, religious affiliations and other aspects. American Samoa is an unincorporated territory of the United States located in the South Pacific Ocean.

Vital statistics
Births and deaths

Structure of the population

Population statistics 

The statistics from 1900 to 1950 and every decennial census are from the U.S. Census Bureau. There was no census taken in 1910, but a spe",False,True,1.0,0.6602591276168823,0.023397624492645264
topk_10,476,Politics of American Samoa,What year was the constitution of American Samoa ratified?,1966,The constitution of American Samoa was ratified in 1966.,Politics of American Samoa | Politics of American Samoa | Demographics of American Samoa | Articles of Confederation | Alabama | Alabama | Alabama | Demographics of American Samoa | Articles of Confederation | Demographics of American Samoa,"Politics of American Samoa takes place in a framework of a presidential representative democratic dependency, whereby the governor is the head of government, and of a pluriform multi-party system. American Samoa is an unincorporated and unorganized territory of the United States, administered by the Office of Insular Affairs, U.S. Department of the Interior. Its constitution was ratified in 1966 and came into effect in 1967. Executive power is discharged by the governor and the lieutenant govern",False,True,1.0,0.9754379987716675,2.2530555725097656e-05
topk_10,477,Politics of American Samoa,Who discharges executive power in American Samoa?,the governor and the lieutenant governor,The governor and the lieutenant governor discharge executive power in American Samoa.,Politics of American Samoa | Politics of American Samoa | Economy of American Samoa | Demographics of American Samoa | Demographics of American Samoa | Politics of Angola | Angola | Azerbaijan | Alaska | Alabama,"Politics of American Samoa takes place in a framework of a presidential representative democratic dependency, whereby the governor is the head of government, and of a pluriform multi-party system. American Samoa is an unincorporated and unorganized territory of the United States, administered by the Office of Insular Affairs, U.S. Department of the Interior. Its constitution was ratified in 1966 and came into effect in 1967. Executive power is discharged by the governor and the lieutenant govern",False,True,1.0,0.9857068657875061,0.0017926692962646484
topk_10,478,Economy of American Samoa,What is the primary export of American Samoa?,canned tuna,The primary export of American Samoa is canned tuna.,Economy of American Samoa | Demographics of American Samoa | Politics of American Samoa | Economy of American Samoa | Alabama | Economy of Angola | Demographics of American Samoa | Demographics of American Samoa | Atlantic Ocean | Economy of American Samoa,"The economy of American Samoa is a traditional Polynesian economy in which more than 90% of the land is communally owned. Economic activity is strongly linked to the United States, with which American Samoa conducts the great bulk of its foreign trade. Tuna fishing and processing plants are the backbone of the private sector, with canned tuna being the primary export. Transfers from the U.S. federal government add substantially to American Samoa's economic well-being. Attempts by the government ",False,True,1.0,0.9719923734664917,2.1457672119140625e-05
topk_10,479,Economy of American Samoa,What was the unemployment rate in 2010?,23.8%,"Based on the provided context, the unemployment rate in Armenia in 2010 was 16.99%.",Economy of Armenia | Alabama | Economy of Armenia | Adelaide | Economy of Armenia | Economy of Armenia | Demographics of Armenia | Agriculture | Aberdeenshire | Economy of Azerbaijan,"According to the latest reports on population of Armenia, in December 2020 the population consisted of 2.96million people and the average monthly earning during February 2021 was US$366.05.

According to prime minister Nikol Pashinyan in January 2019 562,043 payroll jobs were recorded, against of 511,902 in January 2018, an increase of 9.7%.Statistical Committee of Armenia publication based on data retrieved from employers and national income service cites 560,586 payroll positions in January 20",False,False,0.0,0.7316490411758423,0.010288357734680176
topk_10,480,Architect,What three main tasks does an architect perform according to the passage?,"An architect plans, designs and oversees the construction of buildings.","An architect performs the following three main tasks:

1. Planning and designing buildings and their spaces.
2. Ensuring the design meets the client's requirements and provides a suitable facility for the intended use.
3. Coordinating a design team and managing the project from conception to completion, including overseeing the construction process and addressing potential issues.",Architect | Architect | Architect | Architect | Architect | Architect | Ada (programming language) | Architect | Algorithm | Algorithm,"Much depends upon the time, place, finance, culture, and available crafts and technology in which the design takes place. The extent and nature of these expectations will vary. Foresight is a prerequisite when designing buildings as it is a very complex and demanding undertaking.

Any design concept during the early stage of its generation must take into account a great number of issues and variables including qualities of space(s), the end-use and life-cycle of these proposed spaces, connection",False,True,0.5,0.8926066160202026,0.015424609184265137
topk_10,481,Architect,"What type of specialized training is required for an architect to earn a license, as stated in the passage?",The architect must undergo advanced education and a practicum (or internship) for practical experience.,Advanced education and a practicum (or internship) for practical experience are required for an architect to earn a license.,Architect | Architect | Architect | Architect | Architect | Architect | Architect | Architect | Adobe | Astronaut,"An architect is a person who plans, designs and oversees the construction of buildings. To practice architecture means to provide services in connection with the design of buildings and the space within the site surrounding the buildings that have human occupancy or use as their principal purpose. Etymologically, the term architect derives from the Latin , which derives from the Greek (-, chief + , builder), i.e., chief builder.

The professional requirements for architects vary from location to",False,True,0.7777777777777778,0.9763588905334473,0.01883310079574585
