config,qid,title,question,gold_answer,answer,retrieved_titles,top_chunk,abstained,gold_retrieved,answer_recall,faith_hhem,faith_deberta
emb_minilm,0,Anarchism,"According to the passage, where on the political spectrum is anarchism placed?","On the farthest left of the political spectrum, usually described as the libertarian wing of the socialist movement (libertarian socialism).","According to the passage, anarchism is placed on the farthest left of the political spectrum, typically described as the libertarian wing of the socialist movement (libertarian socialism).",Anarchism | Anarcho-capitalism | Anarchism,"Anarchism is a political philosophy and movement that is skeptical of all justifications for authority and seeks to abolish the institutions it claims maintain unnecessary coercion and hierarchy, typically including nation-states, and capitalism. Anarchism advocates for the replacement of the state with stateless societies and voluntary free associations. As a historically left-wing movement, this reading of anarchism is placed on the farthest left of the political spectrum, usually described as",False,True,0.9090909090909091,0.9847416281700134,0.06572467088699341
emb_minilm,1,Anarchism,Which revolutions does the passage say anarchists have taken part in?,"The Paris Commune, the Russian Civil War and the Spanish Civil War.","The passage mentions that anarchists have taken part in several revolutions, most notably in the Paris Commune, the Russian Civil War, and the Spanish Civil War.",Anarchism | Anarchism | Anarchism,"Anarchism is a political philosophy and movement that is skeptical of all justifications for authority and seeks to abolish the institutions it claims maintain unnecessary coercion and hierarchy, typically including nation-states, and capitalism. Anarchism advocates for the replacement of the state with stateless societies and voluntary free associations. As a historically left-wing movement, this reading of anarchism is placed on the farthest left of the political spectrum, usually described as",False,True,1.0,0.9911106824874878,0.014227092266082764
emb_minilm,2,Albedo,What is the numerical range of albedo and what do the values 0 and 1 represent?,"Albedo is measured on a scale from 0 to 1; 0 corresponds to a black body that absorbs all incident radiation, and 1 corresponds to a body that reflects all incident radiation.","The numerical range of albedo is approximately 0.04 for charcoal to 0.9 for fresh snow. 

Values of 0 and 1 represent the extreme ends of the albedo scale. A value of 0 indicates that a substance completely absorbs all incident radiation, while a value of 1 means that the substance perfectly reflects all incident radiation.",Albedo | Albedo | Albedo,"Terrestrial albedo

Any albedo in visible light falls within a range of about 0.9 for fresh snow to about 0.04 for charcoal, one of the darkest substances. Deeply shadowed cavities can achieve an effective albedo approaching the zero of a black body. When seen from a distance, the ocean surface has a low albedo, as do most forests, whereas desert areas have some of the highest albedos among landforms. Most land areas are in an albedo range of 0.1 to 0.4. The average albedo of Earth is about 0.3.",False,True,0.6923076923076923,0.14128541946411133,0.14517593383789062
emb_minilm,3,Albedo,For which wavelength range is albedo most often given due to measurement constraints?,"Albedo is often given for the spectrum between 0.3 and 3 μm, which includes visible light (0.4–0.7 μm).","Albedo is most often given for the spectrum in which most solar energy reaches the surface, typically between 0.3 and 3 μm.",Albedo | Albedo | Albedo,"Albedo (; ) is the fraction of sunlight that is diffusely reflected by a body. It is measured on a scale from 0 (corresponding to a black body that absorbs all incident radiation) to 1 (corresponding to a body that reflects all incident radiation).

Surface albedo is defined as the ratio of radiosity Je to the irradiance Ee (flux per unit area) received by a surface. The proportion reflected is not only determined by properties of the surface itself, but also by the spectral and angular distribu",False,True,0.6153846153846154,0.9776921272277832,0.06638741493225098
emb_minilm,4,A,"What are the two forms of the lowercase version of the letter ""A""?",the double-storey a and single-storey ɑ,"The two forms of the lowercase version of the letter ""A"" are the double-storey a and single-storey ɑ.",A | A | A,"Finally, the letter A is used to denote size, as in a narrow size shoe, or a small cup size in a brassiere.

Related characters

Descendants and related characters in the Latin alphabet 
Æ æ : Latin AE ligature
A with diacritics: Å å Ǻ ǻ Ḁ ḁ ẚ Ă ă Ặ ặ Ắ ắ Ằ ằ Ẳ ẳ Ẵ ẵ Ȃ ȃ Â â Ậ ậ Ấ ấ Ầ ầ Ẫ ẫ Ẩ ẩ Ả ả Ǎ ǎ Ⱥ ⱥ Ȧ ȧ Ǡ ǡ Ạ ạ Ä ä Ǟ ǟ À à Ȁ ȁ Á á Ā ā Ā̀ ā̀ Ã ã Ą ą Ą́ ą́ Ą̃ ą̃ A̲ a̲ ᶏ
Phonetic alphabet symbols related to A (the International Phonetic Alphabet only uses lowercase, but uppercase forms are u",False,True,1.0,0.94468754529953,0.0007041692733764648
emb_minilm,5,A,"What is the earliest known certain ancestor of the letter ""A""?","aleph (also written 'aleph), the first letter of the Phoenician alphabet","The earliest known certain ancestor of the letter ""A"" is aleph, which is the first letter of the Phoenician alphabet.",A | A | Alphabet,"A, or a, is the first letter and the first vowel of the Latin alphabet, used in the modern English alphabet, the alphabets of other western European languages and others worldwide. Its name in English is a (pronounced ), plural aes. It is similar in shape to the Ancient Greek letter Alpha, from which it derives. The uppercase version consists of the two slanting sides of a triangle, crossed in the middle by a horizontal bar. The lowercase version can be written in two forms: the double-storey a ",False,True,0.7142857142857143,0.9708428978919983,1.3709068298339844e-05
emb_minilm,6,Alabama,What is the capital of Alabama?,Montgomery,The capital of Alabama is Montgomery.,Alabama | Alabama | Alabama,"Alabama () is a state in the Southeastern region of the United States, bordered by Tennessee to the north; Georgia to the east; Florida and the Gulf of Mexico to the south; and Mississippi to the west. Alabama is the 30th largest by area and the 24th-most populous of the U.S. states.

Alabama is nicknamed the Yellowhammer State, after the state bird. Alabama is also known as the ""Heart of Dixie"" and the ""Cotton State"". The state tree is the longleaf pine, and the state flower is the camellia. Al",False,True,1.0,0.9708006978034973,4.7206878662109375e-05
emb_minilm,7,Alabama,Which city is the largest in Alabama by population and area?,Huntsville,Huntsville,Alabama | Alabama | Alabama,"Alabama () is a state in the Southeastern region of the United States, bordered by Tennessee to the north; Georgia to the east; Florida and the Gulf of Mexico to the south; and Mississippi to the west. Alabama is the 30th largest by area and the 24th-most populous of the U.S. states.

Alabama is nicknamed the Yellowhammer State, after the state bird. Alabama is also known as the ""Heart of Dixie"" and the ""Cotton State"". The state tree is the longleaf pine, and the state flower is the camellia. Al",False,True,1.0,0.7053897976875305,0.8932628706097603
emb_minilm,8,Achilles,Who were Achilles' parents according to the passage?,"The Nereid Thetis and Peleus, king of Phthia.","According to the passage, Achilles' parents were Thetis and Peleus.",Achilles | Achilles | Achilles,"Had Troilus lived to adulthood, the First Vatican Mythographer claimed, Troy would have been invincible; however, the motif is older and found already in Plautus' Bacchides.

In the Iliad 

Homer's Iliad is the most famous narrative of Achilles' deeds in the Trojan War. Achilles' wrath (μῆνις Ἀχιλλέως, mênis Achilléōs) is the central theme of the poem. The first two lines of the Iliad read:

The Homeric epic only covers a few weeks of the decade-long war, and does not narrate Achilles' death. It",False,True,0.4,0.8953579664230347,2.8848648071289062e-05
emb_minilm,9,Achilles,Who is said to have killed Achilles near the end of the Trojan War?,"Paris, who shot him with an arrow.","Paris, who shot him with an arrow.",Achilles | Achilles | Achilles,"In Greek mythology, Achilles ( ) or Achilleus () was a hero of the Trojan War who was known as being the greatest of all the Greek warriors. A central character in Homer's Iliad, he was the son of the Nereid Thetis and Peleus, king of Phthia and famous Argonaut. Achilles was raised in Phthia along his childhood companion Patroclus and received his education by the centaur Chiron. In the Iliad, he is presented as the commander of the mythical tribe of the Myrmidons. 

Achilles' most notable feat ",False,True,1.0,0.9651060104370117,0.00034058094024658203
emb_minilm,10,Abraham Lincoln,What are the birth and death dates of Abraham Lincoln?,"February 12, 1809 – April 15, 1865","The birth date of Abraham Lincoln is February 12, 1809, and the death date is April 15, 1865.",Abraham Lincoln | Abraham Lincoln | Abraham Lincoln,"Abraham Lincoln ( ; February 12, 1809 – April 15, 1865) was an American lawyer, politician, and statesman who served as the 16th president of the United States from 1861 until his assassination in 1865. Lincoln led the Union through the American Civil War to defend the nation as a constitutional union and succeeded in defeating the insurgent Confederacy, abolishing slavery, expanding the power of the federal government, and modernizing the U.S. economy.

Lincoln was born into poverty in a log ca",False,True,1.0,0.7776002287864685,0.00016868114471435547
emb_minilm,11,Abraham Lincoln,Which act angered Lincoln in 1854 and prompted him to re-enter politics?,The Kansas–Nebraska Act,The Kansas–Nebraska Act angered Lincoln in 1854 and prompted him to re-enter politics.,Abraham Lincoln | Abraham Lincoln | Abraham Lincoln,"Abraham Lincoln ( ; February 12, 1809 – April 15, 1865) was an American lawyer, politician, and statesman who served as the 16th president of the United States from 1861 until his assassination in 1865. Lincoln led the Union through the American Civil War to defend the nation as a constitutional union and succeeded in defeating the insurgent Confederacy, abolishing slavery, expanding the power of the federal government, and modernizing the U.S. economy.

Lincoln was born into poverty in a log ca",False,True,1.0,0.9852917194366455,0.00034737586975097656
emb_minilm,12,Aristotle,In which city was Aristotle born?,Stagira,Stagira,Aristotle | Aristotle | Aristotle,"Aristotle (;  Aristotélēs, ; 384–322 BC) was an Ancient Greek philosopher and polymath. His writings cover a broad range of subjects spanning the natural sciences, philosophy, linguistics, economics, politics, psychology and the arts. As the founder of the Peripatetic school of philosophy in the Lyceum in Athens, he began the wider Aristotelian tradition that followed, which set the groundwork for the development of modern science.

Little is known about Aristotle's life. He was born in the city",False,True,1.0,0.5956056118011475,0.9597243219614029
emb_minilm,13,Aristotle,Who requested Aristotle to tutor Alexander the Great?,Philip II of Macedon,Philip II of Macedon requested Aristotle to tutor Alexander the Great.,Aristotle | Aristotle | Aristotle,"Aristotle (;  Aristotélēs, ; 384–322 BC) was an Ancient Greek philosopher and polymath. His writings cover a broad range of subjects spanning the natural sciences, philosophy, linguistics, economics, politics, psychology and the arts. As the founder of the Peripatetic school of philosophy in the Lyceum in Athens, he began the wider Aristotelian tradition that followed, which set the groundwork for the development of modern science.

Little is known about Aristotle's life. He was born in the city",False,True,1.0,0.9503434896469116,0.00011551380157470703
emb_minilm,14,An American in Paris,"When and where was the New York premiere of ""An American in Paris"" held?","December 13, 1928, in Carnegie Hall.","The New York premiere of ""An American in Paris"" was held on December 13, 1928, in Carnegie Hall, with Walter Damrosch conducting the New York Philharmonic.",An American in Paris | An American in Paris | American Revolutionary War,"The blues section of An American in Paris has been recorded separately by a number of artists; Ralph Flanagan & His Orchestra released it as a single in 1951 which reached No. 15 on the Billboard chart. Harry James released a version of the blues section on his 1953 album One Night Stand, recorded live at the Aragon Ballroom in Chicago (Columbia GL 522 and CL 522).

Use in film
In 1951, Metro-Goldwyn-Mayer released the musical film An American in Paris, featuring Gene Kelly and Leslie Caron and ",False,True,1.0,0.9634442329406738,0.00026422739028930664
emb_minilm,15,An American in Paris,"Who conducted the New York Philharmonic at the premiere of ""An American in Paris""?",Walter Damrosch.,"Walter Damrosch conducted the New York Philharmonic at the premiere of ""An American in Paris"".",An American in Paris | An American in Paris | An American in Paris,"An American in Paris is a jazz-influenced symphonic poem (or tone poem) for orchestra by American composer George Gershwin first performed in 1928. It was inspired by the time that Gershwin had spent in Paris and evokes the sights and energy of the French capital during the .

Gershwin scored the piece for the standard instruments of the symphony orchestra plus celesta, saxophones, and automobile horns. He brought back four Parisian taxi horns for the New York premiere of the composition, which ",False,True,1.0,0.970434308052063,0.0001398324966430664
emb_minilm,16,Academy Award for Best Production Design,In which year was the award category renamed to Best Production Design?,2012,The award category was renamed to Best Production Design in 2012 for the 85th Academy Awards.,Academy Award for Best Production Design | Academy Awards | Academy Award for Best Production Design,"The Academy Award for Best Production Design recognizes achievement for art direction in film. The category's original name was Best Art Direction, but was changed to its current name in 2012 for the 85th Academy Awards. This change resulted from the Art Directors' branch of the Academy of Motion Picture Arts and Sciences (AMPAS) being renamed the Designers' branch. Since 1947, the award is shared with the set decorators. It is awarded to the best interior design in a film.

The films below are ",False,True,1.0,0.9637541770935059,7.140636444091797e-05
emb_minilm,17,Academy Award for Best Production Design,Since what year has the Academy Award for Best Production Design been shared with set decorators?,1947,"Since 1947, the award is shared with the set decorators.",Academy Award for Best Production Design | Academy Awards | Academy Award for Best Production Design,"The Academy Award for Best Production Design recognizes achievement for art direction in film. The category's original name was Best Art Direction, but was changed to its current name in 2012 for the 85th Academy Awards. This change resulted from the Art Directors' branch of the Academy of Motion Picture Arts and Sciences (AMPAS) being renamed the Designers' branch. Since 1947, the award is shared with the set decorators. It is awarded to the best interior design in a film.

The films below are ",False,True,1.0,0.9697064757347107,2.6464462280273438e-05
emb_minilm,18,Academy Awards,On what date was the first Academy Awards presentation held?,"May 16, 1929","The first Academy Awards presentation was held on May 16, 1929.",Academy Awards | Academy Awards | Academy Awards,"The Academy Awards, mainly known as the Oscars, are awards for artistic and technical merit for the film industry. They are presented annually by the Academy of Motion Picture Arts and Sciences located in Beverly Hills, California, United States, in recognition of excellence in cinematic achievements as assessed by the Academy's voting membership. The Academy Awards are regarded by many as the most prestigious, significant awards in the entertainment industry in the United States and worldwide. ",False,True,1.0,0.9373109936714172,3.707408905029297e-05
emb_minilm,19,Academy Awards,At which hotel was the post-awards party held after the first Academy Awards?,Mayfair Hotel,The post-awards party was held at the Mayfair Hotel.,Academy Awards | Academy Awards | Academy Awards,"The Academy Awards, mainly known as the Oscars, are awards for artistic and technical merit for the film industry. They are presented annually by the Academy of Motion Picture Arts and Sciences located in Beverly Hills, California, United States, in recognition of excellence in cinematic achievements as assessed by the Academy's voting membership. The Academy Awards are regarded by many as the most prestigious, significant awards in the entertainment industry in the United States and worldwide. ",False,True,1.0,0.9588214159011841,8.463859558105469e-06
emb_minilm,20,Actrius,"In what year was the film ""Actrius"" produced?",1996,"The film ""Actrius"" was produced in 1996.",Actrius | Actaeon | Actaeon,"Actresses (Catalan: Actrius) is a 1997 Catalan language Spanish drama film produced and directed by Ventura Pons and based on the award-winning stage play E.R. by Josep Maria Benet i Jornet. The film has no male actors, with all roles played by females. The film was produced in 1996.

Synopsis 
In order to prepare herself to play a role commemorating the life of legendary actress Empar Ribera, young actress (Mercè Pons) interviews three established actresses who had been the Ribera's pupils: the",False,True,1.0,0.9825837016105652,3.063678741455078e-05
emb_minilm,21,Actrius,Which actress portrayed the character Glòria Marc in the film?,Núria Espert,The actress who portrayed the character Glòria Marc in the film Actrius was Núria Espert.,Actrius | Alfred Hitchcock | April 6,"Actresses (Catalan: Actrius) is a 1997 Catalan language Spanish drama film produced and directed by Ventura Pons and based on the award-winning stage play E.R. by Josep Maria Benet i Jornet. The film has no male actors, with all roles played by females. The film was produced in 1996.

Synopsis 
In order to prepare herself to play a role commemorating the life of legendary actress Empar Ribera, young actress (Mercè Pons) interviews three established actresses who had been the Ribera's pupils: the",False,True,1.0,0.9405943751335144,8.106231689453125e-06
emb_minilm,22,Animalia (book),In what year was the original edition of Animalia first published?,1986,The original edition of Animalia was first published in 1986.,Animalia (book) | Animal (disambiguation) | Animal Farm,"Animalia is an illustrated children's book by Graeme Base. It was originally published in 1986, followed by a tenth anniversary edition in 1996, and a 25th anniversary edition in 2012. Over four million copies have been sold worldwide. A special numbered and signed anniversary edition was also published in 1996, with an embossed gold jacket.

Synopsis
Animalia is an alliterative alphabet book and contains twenty-six illustrations, one for each letter of the alphabet. Each illustration features a",False,True,1.0,0.9757876992225647,1.1682510375976562e-05
emb_minilm,23,Animalia (book),How many copies of Animalia have been sold worldwide?,Over four million copies,Over four million copies have been sold worldwide.,Animalia (book) | ABBA | A. A. Milne,"Animalia is an illustrated children's book by Graeme Base. It was originally published in 1986, followed by a tenth anniversary edition in 1996, and a 25th anniversary edition in 2012. Over four million copies have been sold worldwide. A special numbered and signed anniversary edition was also published in 1996, with an embossed gold jacket.

Synopsis
Animalia is an alliterative alphabet book and contains twenty-six illustrations, one for each letter of the alphabet. Each illustration features a",False,True,1.0,0.9908772110939026,0.001775205135345459
emb_minilm,24,International Atomic Time,How many atomic clocks are used in the weighted average that defines International Atomic Time (TAI)?,over 450 atomic clocks,Over 450 atomic clocks are used in the weighted average that defines International Atomic Time (TAI).,International Atomic Time | International Atomic Time | International Atomic Time,"International Atomic Time (abbreviated TAI, from its French name ) is a high-precision atomic coordinate time standard based on the notional passage of proper time on Earth's geoid. TAI is a weighted average of the time kept by over 450 atomic clocks in over 80 national laboratories worldwide. It is a continuous scale of time, without leap seconds, and it is the principal realisation of Terrestrial Time (with a fixed offset of epoch). It is the basis for Coordinated Universal Time (UTC), which i",False,True,1.0,0.9742259979248047,0.0009472966194152832
emb_minilm,25,International Atomic Time,By how many seconds does Coordinated Universal Time (UTC) currently lag behind TAI?,exactly 37 seconds behind TAI,Coordinated Universal Time (UTC) is currently exactly 37 seconds behind International Atomic Time (TAI).,International Atomic Time | International Atomic Time | International Atomic Time,"International Atomic Time (abbreviated TAI, from its French name ) is a high-precision atomic coordinate time standard based on the notional passage of proper time on Earth's geoid. TAI is a weighted average of the time kept by over 450 atomic clocks in over 80 national laboratories worldwide. It is a continuous scale of time, without leap seconds, and it is the principal realisation of Terrestrial Time (with a fixed offset of epoch). It is the basis for Coordinated Universal Time (UTC), which i",False,True,1.0,0.9218862652778625,0.0007408261299133301
emb_minilm,26,Altruism,"Who popularized the word ""altruism"" and possibly coined it?",The French philosopher Auguste Comte.,"Auguste Comte popularized the word ""altruism"" and possibly coined it.",Altruism | Altruism | Altruism,"Altruism is the principle and practice of concern for the well-being and/or happiness of other humans or animals. While objects of altruistic concern vary, it is an important moral value in many cultures and religions. It may be considered a synonym of selflessness, the opposite of selfishness.

The word altruism was popularized (and possibly coined) by the French philosopher Auguste Comte in French, as , for an antonym of egoism. He derived it from the Italian , which in turn was derived from L",False,True,0.5,0.9745029211044312,0.00020104646682739258
emb_minilm,27,Altruism,"What does the Latin word ""alteri,"" from which ""altruism"" is derived, mean?","""Other people"" or ""somebody else"".","The Latin word ""alteri,"" from which ""altruism"" is derived, means ""other people"" or ""somebody else.""",Altruism | Altruism | Altruism,"Altruism is the principle and practice of concern for the well-being and/or happiness of other humans or animals. While objects of altruistic concern vary, it is an important moral value in many cultures and religions. It may be considered a synonym of selflessness, the opposite of selfishness.

The word altruism was popularized (and possibly coined) by the French philosopher Auguste Comte in French, as , for an antonym of egoism. He derived it from the Italian , which in turn was derived from L",False,True,1.0,0.8365264534950256,0.0029121041297912598
emb_minilm,28,Ayn Rand,In what year did Ayn Rand move to the United States?,1926,1926,Ayn Rand | Ayn Rand | Ayn Rand,"After her death, interest in Rand's ideas increased gradually. The Philosophic Thought of Ayn Rand, a 1984 collection of essays about Objectivism edited by Den Uyl and Rasmussen, was the first academic book about Rand's ideas published after her death. In one essay, political writer Jack Wheeler wrote that despite ""the incessant bombast and continuous venting of Randian rage"", Rand's ethics are ""a most immense achievement, the study of which is vastly more fruitful than any other in contemporary",False,True,1.0,0.6409434080123901,0.9961829502135515
emb_minilm,29,Ayn Rand,What novel did Ayn Rand publish in 1957?,Atlas Shrugged,Atlas Shrugged,Ayn Rand | Ayn Rand | Ayn Rand,"After her death, interest in Rand's ideas increased gradually. The Philosophic Thought of Ayn Rand, a 1984 collection of essays about Objectivism edited by Den Uyl and Rasmussen, was the first academic book about Rand's ideas published after her death. In one essay, political writer Jack Wheeler wrote that despite ""the incessant bombast and continuous venting of Randian rage"", Rand's ethics are ""a most immense achievement, the study of which is vastly more fruitful than any other in contemporary",False,True,1.0,0.7362853288650513,0.8624675273895264
emb_minilm,30,Alain Connes,When was Alain Connes born?,1 April 1947,Alain Connes was born on 1 April 1947.,Alain Connes | Alain Connes | Alain Connes,"Alain Connes (; born 1 April 1947 in Draguignan) is a French mathematician, known for his contributions to the study of operator algebras and noncommutative geometry. He is a professor at the , , Ohio State University and Vanderbilt University. He was awarded the Fields Medal in 1982.

Career
Alain Connes attended high school at  in Marseille, and was then a student of the classes préparatoires in . Between 1966 and 1970 he studed at École normale supérieure in Paris, and in 1973 he obtained a P",False,True,1.0,0.9683959484100342,1.1682510375976562e-05
emb_minilm,31,Alain Connes,What award did Alain Connes receive in 1982?,Fields Medal,The Fields Medal,Alain Connes | Alain Connes | Alain Connes,"Alain Connes (; born 1 April 1947 in Draguignan) is a French mathematician, known for his contributions to the study of operator algebras and noncommutative geometry. He is a professor at the , , Ohio State University and Vanderbilt University. He was awarded the Fields Medal in 1982.

Career
Alain Connes attended high school at  in Marseille, and was then a student of the classes préparatoires in . Between 1966 and 1970 he studed at École normale supérieure in Paris, and in 1973 he obtained a P",False,True,1.0,0.9115312695503235,0.9726495016366243
emb_minilm,32,Allan Dwan,What was Allan Dwan's birth name?,Joseph Aloysius Dwan,Joseph Aloysius Dwan,Allan Dwan | Alp Arslan | August 2,"Allan Dwan (born Joseph Aloysius Dwan; April 3, 1885 – December 28, 1981) was a pioneering Canadian-born American motion picture director, producer, and screenwriter.

Early life
Born Joseph Aloysius Dwan in Toronto, Ontario, Canada, Dwan was the younger son of commercial traveler of woolen clothing Joseph Michael Dwan (1857–1917) and his wife Mary Jane Dwan (née Hunt). The family moved to the United States when he was seven years old on December 4, 1892, by ferry from Windsor to Detroit, accord",False,True,1.0,0.8274779915809631,0.9878762448206544
emb_minilm,33,Allan Dwan,In what year did Allan Dwan become the founding president of the East Coast chapter of the Motion Picture Directors Association?,1917,1917,Allan Dwan | American Film Institute | Allan Dwan,"Allan Dwan (born Joseph Aloysius Dwan; April 3, 1885 – December 28, 1981) was a pioneering Canadian-born American motion picture director, producer, and screenwriter.

Early life
Born Joseph Aloysius Dwan in Toronto, Ontario, Canada, Dwan was the younger son of commercial traveler of woolen clothing Joseph Michael Dwan (1857–1917) and his wife Mary Jane Dwan (née Hunt). The family moved to the United States when he was seven years old on December 4, 1892, by ferry from Windsor to Detroit, accord",False,True,1.0,0.41189640760421753,0.9994663071702234
emb_minilm,34,Algeria,What is the capital and largest city of Algeria?,Algiers,Algiers,Algeria | Algeria | Algeria,"Algeria, officially the People's Democratic Republic of Algeria, is a country in North Africa. Algeria is bordered to the northeast by Tunisia; to the east by Libya; to the southeast by Niger; to the southwest by Mali, Mauritania, and Western Sahara; to the west by Morocco; and to the north by the Mediterranean Sea. It is considered part of the Maghreb region of North Africa. It has a semi-arid geography, with most of the population living in the fertile north and the Sahara dominating the geogr",False,True,1.0,0.774211585521698,0.9960160297341645
emb_minilm,35,Algeria,What is the population of Algeria as stated in the passage?,44 million,The passage states that Algeria has an estimated population of 44 million.,Algeria | Algeria | Algeria,"It can be regarded as a lingua franca of Algeria. In 2008, 11.2 million Algerians could read and write in French. An Abassa Institute study in April 2000 found that 60% of households could speak and understand French, or 18 million people out of a total of 30 million at the time. Following a period during which the Algerian government tried to phase out French, in recent decades the government has changed course and reinforced the study of French, and some television programs are broadcast in th",False,True,1.0,0.9795407652854919,0.000552833080291748
emb_minilm,36,List of Atlas Shrugged characters,What position does Dagny Taggart hold at Taggart Transcontinental?,She is vice-president in Charge of Operations for Taggart Transcontinental.,Vice-president in Charge of Operations for Taggart Transcontinental.,List of Atlas Shrugged characters | List of Atlas Shrugged characters | List of Atlas Shrugged characters,"Considered a misfit by Galt's other adherents, he views his actions as a means to speed the world along in understanding Galt's perspective.

According to Barbara Branden, who was closely associated with Rand at the time the book was written, there were sections written describing Danneskjöld's adventures at sea, cut from the final published text. In a 1974 comment at a lecture, Rand said that Danneskjöld's name was a tribute to Victor Hugo's novel, , wherein the hero becomes the first of the Co",False,True,0.8571428571428571,0.9780860543251038,0.8316905647516251
emb_minilm,37,List of Atlas Shrugged characters,What is the full name of Francisco d'Anconia as given in the passage?,Francisco Domingo Carlos Andres Sebastián d'Anconia,Francisco Domingo Carlos Andres Sebastián d'Anconia,Achilles | List of Atlas Shrugged characters | Anaximander,"Pausanias reports that the Delphic Pythia sent a lord of Croton to be cured of a chest wound. Ammianus Marcellinus attributes the healing to waters (aquae) on the island.

Strabo mentioned that the cape of the Racecourse of Achilles was sacred to Achilles and although it was treeless, was called Alsos (ἄλσος). Alsos in Greek means ""grove"".

A number of important commercial port cities of the Greek waters were dedicated to Achilles. Herodotus, Pliny the Elder and Strabo reported on the existence ",False,True,1.0,0.8482680320739746,0.9382372871041298
emb_minilm,38,Anthropology,Which subfield of anthropology studies how language influences social life?,Linguistic anthropology,Linguistic anthropology,Anthropology | Anthropology | Anthropology,"Ethnography is one of its primary research designs as well as the text that is generated from anthropological fieldwork.

In Great Britain and the Commonwealth countries, the British tradition of social anthropology tends to dominate. In the United States, anthropology has traditionally been divided into the four field approach developed by Franz Boas in the early 20th century: biological or physical anthropology; social, cultural, or sociocultural anthropology; and archaeological anthropology; ",False,True,1.0,0.9613833427429199,0.9810037724673748
emb_minilm,39,Anthropology,"In which regions is archaeological anthropology considered a branch of anthropology, and how is it viewed in Europe?","It is considered a branch of anthropology in North America and Asia, while in Europe it is viewed as a discipline in its own right or grouped under other related disciplines such as history and palaeontology.","Archaeological anthropology is considered a branch of anthropology in North America and Asia. In Europe, archaeology is viewed as a discipline in its own right or grouped under other related disciplines, such as history and palaeontology.",Anthropology | Anthropology | Anthropology,"Anthropology is the scientific study of humanity, concerned with human behavior, human biology, cultures, societies, and linguistics, in both the present and past, including past human species. Social anthropology studies patterns of behavior, while cultural anthropology studies cultural meaning, including norms and values. A portmanteau term sociocultural anthropology is commonly used today. Linguistic anthropology studies how language influences social life. Biological or physical anthropology",False,True,0.95,0.9834718704223633,0.6203916668891907
emb_minilm,40,Agricultural science,Who conducted experiments on the use of gypsum as a fertilizer in the 18th century?,Johann Friedrich Mayer,Johann Friedrich Mayer conducted experiments on the use of gypsum (hydrated calcium sulphate) as a fertilizer in the 18th century.,Agriculture | Agricultural science | Agriculture,"Agricultural science 

Agricultural science is a broad multidisciplinary field of biology that encompasses the parts of exact, natural, economic and social sciences used in the practice and understanding of agriculture. It covers topics such as agronomy, plant breeding and genetics, plant pathology, crop modelling, soil science, entomology, production techniques and improvement, study of pests and their management, and study of adverse environmental effects such as soil degradation, waste manage",False,True,1.0,0.9854251742362976,0.0002942681312561035
emb_minilm,41,Agricultural science,"Which 1887 act used the term ""agricultural science"" and began a scientific revolution in United States agriculture?",The Hatch Act of 1887,"The 1887 Hatch Act of the United States used the term ""agricultural science"" and began a scientific revolution in U.S. agriculture.",Agricultural science | Agriculture | Agricultural science,"Agricultural science (or agriscience for short) is a broad multidisciplinary field of biology that encompasses the parts of exact, natural, economic and social sciences that are used in the practice and understanding of agriculture. Professionals of the agricultural science are called agricultural scientists or agriculturists.

History

In the 18th century, Johann Friedrich Mayer conducted experiments on the use of gypsum (hydrated calcium sulphate) as a fertilizer.

In 1843, John Bennet Lawes a",False,True,1.0,0.978192925453186,4.684925079345703e-05
emb_minilm,42,Alchemy,Which regions historically practiced alchemy according to the passage?,"China, India, the Muslim world, and Europe.","According to the passage, alchemy was practiced in several regions throughout history:

1. **China**: The text mentions that Chinese alchemy was closely connected to Taoist forms of traditional Chinese medicine, such as acupuncture and moxibustion. This suggests that alchemy played a significant role in Chinese culture and medical practices.

2. **Japan**: The passage states that the use of gunpowder spread to Japan after being introduced to the region by the Mongols.

3. **Mongols**: The Mongols are mentioned as having used gunpowder against the Hungarians in 1241.

4. **Muslim World**: The text indicates that gunpowder was used by the Mongols against the Hungarians in 1241, suggesting that the technology spread beyond just",Alchemy | Alchemy | Alchemy,"), Oxford Handbook of Science and Medicine in the Classical World, Oxford University Press, 2018, p. 409–430.
 Jean Letrouit, ""Chronologie des alchimistes grecs,"" in Didier Kahn and Sylvain Matton, Alchimie: art, histoire et mythes, SEHA-Archè, 1995, p. 11–93.
 Lindsay, Jack. The Origins of Alchemy in Greco-Roman Egypt. Barnes & Noble, 1970.
 Paul Magdalino and Maria Mavroudi (eds.), The Occult Sciences in Byzantium, La Pomme d'or, 2006.
 Matteo Martelli, "" The Alchemical Art of Dyeing: The Four",False,True,0.6,0.5173193216323853,0.03718680143356323
emb_minilm,43,Alchemy,What were common aims of alchemists mentioned in the passage?,"Chrysopoeia (transmuting base metals like lead into noble metals such as gold), creating an elixir of immortality, and creating panaceas able to cure any disease.","Common aims of alchemists included chrysopoeia, the transmutation of ""base metals"" (e.g., lead) into ""noble metals"" (particularly gold), the creation of an elixir of immortality, and the creation of panaceas able to cure any disease.",Alchemy | Alchemy | Alchemy,"Alchemy (from Arabic: al-kīmiyā; from Ancient Greek: χυμεία, khumeía) is an ancient branch of natural philosophy, a philosophical and protoscientific tradition that was historically practiced in China, India, the Muslim world, and Europe. In its Western form, alchemy is first attested in a number of pseudepigraphical texts written in Greco-Roman Egypt during the first few centuries AD.

Alchemists attempted to purify, mature, and perfect certain materials. Common aims were chrysopoeia, the trans",False,True,0.7777777777777778,0.9851232171058655,0.038070857524871826
emb_minilm,44,Alien,Which 1979 film in the Alien franchise was directed by Ridley Scott?,Alien (film),"Alien (film), a 1979 film by Ridley Scott",Alien | Alien | Alien,"Alien primarily refers to:
 Alien (law), a person in a country who is not a national of that country
 Enemy alien, the above in times of war
 Extraterrestrial life, life which does not originate from Earth
 Specifically, a lifeform with extraterrestrial intelligence
 For fictional extraterrestrial life, see Extraterrestrials in fiction
 Introduced species, a species not native to its environment

Alien(s), or The Alien(s) may also refer to:

Science and technology 
 AliEn (ALICE Environment), a ",False,True,1.0,0.9945540428161621,0.07578974962234497
emb_minilm,45,Alien,What is AliEn (ALICE Environment) described as in the passage?,a grid framework,A grid framework,Alien | Anthropology | Anthropology,"Alien primarily refers to:
 Alien (law), a person in a country who is not a national of that country
 Enemy alien, the above in times of war
 Extraterrestrial life, life which does not originate from Earth
 Specifically, a lifeform with extraterrestrial intelligence
 For fictional extraterrestrial life, see Extraterrestrials in fiction
 Introduced species, a species not native to its environment

Alien(s), or The Alien(s) may also refer to:

Science and technology 
 AliEn (ALICE Environment), a ",False,True,1.0,0.9960399866104126,0.42438215017318726
emb_minilm,46,Astronomer,What are the two main types of astronomers described in the passage?,Observational and theoretical.,The two main types of astronomers described in the passage are observational and theoretical.,Astronomer | Astrometry | Anaximander,"An astronomer is a scientist in the field of astronomy who focuses their studies on a specific question or field outside the scope of Earth. They observe astronomical objects such as stars, planets, moons, comets and galaxies – in either observational (by analyzing the data) or theoretical astronomy. Examples of topics or fields astronomers study include planetary science, solar astronomy, the origin or evolution of stars, or the formation of galaxies. A related but distinct subject is physical ",False,True,1.0,0.9723219275474548,0.00010037422180175781
emb_minilm,47,Astronomer,"Which subject studies the Universe as a whole, according to the passage?",Physical cosmology.,Physical cosmology,Astronomer | Aristotle | Avicenna,"An astronomer is a scientist in the field of astronomy who focuses their studies on a specific question or field outside the scope of Earth. They observe astronomical objects such as stars, planets, moons, comets and galaxies – in either observational (by analyzing the data) or theoretical astronomy. Examples of topics or fields astronomers study include planetary science, solar astronomy, the origin or evolution of stars, or the formation of galaxies. A related but distinct subject is physical ",False,True,1.0,0.9752623438835144,0.9397476762533188
emb_minilm,48,ASCII,In what year was the first edition of the ASCII standard published?,1963,The first edition of the ASCII standard was published in 1963.,ASCII | ASCII | American National Standards Institute,"ASCII ( ), abbreviated from American Standard Code for Information Interchange, is a character encoding standard for electronic communication. ASCII codes represent text in computers, telecommunications equipment, and other devices. Because of technical limitations of computer systems at the time it was invented, ASCII has just 128 code points, of which only 95 are , which severely limited its scope. Modern computer systems have evolved to use Unicode, which has millions of code points, but the ",False,True,1.0,0.960527777671814,1.0132789611816406e-05
emb_minilm,49,ASCII,Which organization prefers the name US-ASCII for this character encoding?,The Internet Assigned Numbers Authority (IANA),The Internet Assigned Numbers Authority (IANA) prefers the name US-ASCII for this character encoding.,ASCII | ASCII | ASCII,"Furthermore, the ASCII extensions have also been mislabelled as ASCII.

7-bit codes

From early in its development, ASCII was intended to be just one of several national variants of an international character code standard.

Other international standards bodies have ratified character encodings such as ISO 646 (1967) that are identical or nearly identical to ASCII, with extensions for characters outside the English alphabet and symbols used outside the United States, such as the symbol for the U",False,True,1.0,0.9630897641181946,0.0005804300308227539
emb_minilm,50,Animation,"In traditional animation, on what type of sheets are images drawn or painted by hand?",transparent celluloid sheets (cels),"In traditional animation, images are drawn or painted by hand on transparent celluloid sheets (cels).",Animation | Animation | Animation,"Animation is the method that encompasses myriad filmmaking techniques, by which still images are manipulated to create moving images. In traditional animation, images are drawn or painted by hand on transparent celluloid sheets (cels) to be photographed and exhibited on film. Animation has been recognized as an artistic medium, specifically within the entertainment industry. Many animations are computer animations made with computer-generated imagery (CGI). Stop motion animation, in particular c",False,True,1.0,0.9934391379356384,0.0019380450248718262
emb_minilm,51,Animation,What does the abbreviation CGI stand for according to the passage?,computer-generated imagery,"According to the passage, CGI stands for Computer Generated Imagery.",Animation | ASCII | Animation,"Animation is the method that encompasses myriad filmmaking techniques, by which still images are manipulated to create moving images. In traditional animation, images are drawn or painted by hand on transparent celluloid sheets (cels) to be photographed and exhibited on film. Animation has been recognized as an artistic medium, specifically within the entertainment industry. Many animations are computer animations made with computer-generated imagery (CGI). Stop motion animation, in particular c",False,True,1.0,0.9192118644714355,0.00012886524200439453
emb_minilm,52,Apollo,Who are Apollo's parents according to the passage?,Zeus and Leto,"According to the passage, Apollo's parents are Zeus and Leto.",Apollo | Apollo | Apollo,"Shamanistic elements in Apollo's cult are often liked to his Hyperborean origin, and he is likewise speculated to have originated as a solar shaman. Shamans like Abaris and Aristeas were also the followers of Apollo, who hailed from Hyperborea.

In myths, the tears of amber Apollo shed when his son Asclepius died mixed with the waters of the river Eridanos, which surrounded Hyperborea. Apollo also buried in Hyperborea the arrow which he had used to kill the Cyclopes. He later gave this arrow to ",False,True,1.0,0.48620909452438354,5.996227264404297e-05
emb_minilm,53,Apollo,What name is Apollo known by in Greek-influenced Etruscan mythology?,Apulu,Apulu,Apollo | Apollo | Apollo,"Apollo or Apollon is one of the  Olympian deities in classical Greek and Roman religion and Greek and Roman mythology. Apollo has been recognized as a god of archery, music and dance, truth and prophecy, healing and diseases, the Sun and light, poetry, and more. One of the most important and complex of the Greek gods, he is the son of Zeus and Leto, and the twin brother of Artemis, goddess of the hunt. He is considered to be the most beautiful god and is represented as the ideal of the kouros (e",False,True,1.0,0.9028342962265015,0.9983450758736581
emb_minilm,54,Andre Agassi,In what year did Andre Agassi first reach the world No. 1 ranking?,1995,1995,Andre Agassi | Andre Agassi | Andre Agassi,"Andre Kirk Agassi ( ; born April 29, 1970) is an American former world No. 1 tennis player. He is an eight-time major champion and an Olympic gold medalist, as well as a runner-up in seven other majors. Agassi is widely considered one of the greatest tennis players of all time.

Agassi is the second of five men to achieve the career Grand Slam in the Open Era and the fifth of eight overall to make the achievement. He is also the first of two men to achieve the career Golden Slam (career Grand Sl",False,True,1.0,0.48004794120788574,0.9974540523253381
emb_minilm,55,Andre Agassi,How many Masters titles did Andre Agassi win?,17,"Based on the information provided in the context, Andre Agassi won 2 Masters titles during the period mentioned. Specifically, the text states:

""At the year end he was awarded the ATP Most Improved Player of the Year for the second time in his career (the first being 10 years earlier in 1988).""",Andre Agassi | Andre Agassi | Andre Agassi,"At this time Agassi was also in a failing marriage with actress, model, and socialite Brooke Shields and had lost interest in the game. He won no top-level titles, and his ranking sank to No. 141 on November 10, 1997, prompting many to believe that his run as one of the sport's premier competitors was over and he would never again win any significant tournaments.

1998–2003: Return to glory and Career Super Slam

In 1998, Agassi began a rigorous conditioning program and worked his way back up th",False,True,0.0,0.9382905960083008,0.1809735894203186
emb_minilm,56,Austroasiatic languages,How many Austroasiatic languages does Ethnologue identify?,168,Ethnologue identifies 168 Austroasiatic languages.,Austroasiatic languages | Austroasiatic languages | Austroasiatic languages,"is better preserved in the Katuic languages, which Sidwell has specialized in.

Internal classification
Linguists traditionally recognize two primary divisions of Austroasiatic: the Mon–Khmer languages of Southeast Asia, Northeast India and the Nicobar Islands, and the Munda languages of East and Central India and parts of Bangladesh and Nepal. However, no evidence for this classification has ever been published.

Each of the families that is written in boldface type below is accepted as a valid",False,True,1.0,0.9819676876068115,4.1604042053222656e-05
emb_minilm,57,Austroasiatic languages,"Which Austroasiatic languages are presently considered national languages of sovereign states, and in which countries are they official?",Vietnamese in Vietnam and Khmer in Cambodia,"Only two Austroasiatic languages are presently considered national languages of sovereign states: Vietnamese in Vietnam, and Khmer in Cambodia.",Austroasiatic languages | Austroasiatic languages | Austroasiatic languages,"The Austroasiatic languages   are a large language family spoken throughout mainland Southeast Asia, South Asia and East Asia. These languages are natively spoken by the majority of the population in Vietnam and Cambodia, and by minority populations scattered throughout parts of Thailand, Laos, India, Myanmar, Malaysia, Bangladesh, Nepal, and southern China. Approximately 117 million people speak an Austroasiatic language, of which more than two-thirds are Vietnamese speakers. Of the Austroasiat",False,True,1.0,0.9899206161499023,0.00025516748428344727
emb_minilm,58,Afroasiatic languages,Approximately how many languages are included in the Afroasiatic language family?,about 400 languages,About 400 languages are included in the Afroasiatic language family.,Afroasiatic languages | Afroasiatic languages | Afroasiatic languages,"The Afroasiatic languages (or Afro-Asiatic, sometimes Afrasian), also known as Hamito-Semitic or Semito-Hamitic, are a language family (or ""phylum"") of about 400 languages spoken predominantly in West Asia, North Africa, the Horn of Africa, and parts of the Sahara and Sahel. Over 500 million people are native speakers of an Afroasiatic language, constituting the fourth-largest language family after Indo-European, Sino-Tibetan, and Niger–Congo. Most linguists divide the family into six branches: ",False,True,1.0,0.9926846027374268,0.00025516748428344727
emb_minilm,59,Afroasiatic languages,"Which Afroasiatic language has the greatest number of native speakers, and roughly how many does it have?","Arabic, with around 300 million native speakers","Based on the information provided, Arabic has the greatest number of native speakers among the Afroasiatic languages. It is estimated to have around 300 million native speakers, concentrated primarily in the Middle East and North Africa.",Afroasiatic languages | Afroasiatic languages | Angola,"The Afroasiatic languages (or Afro-Asiatic, sometimes Afrasian), also known as Hamito-Semitic or Semito-Hamitic, are a language family (or ""phylum"") of about 400 languages spoken predominantly in West Asia, North Africa, the Horn of Africa, and parts of the Sahara and Sahel. Over 500 million people are native speakers of an Afroasiatic language, constituting the fourth-largest language family after Indo-European, Sino-Tibetan, and Niger–Congo. Most linguists divide the family into six branches: ",False,True,1.0,0.9588914513587952,0.04751420021057129
emb_minilm,60,Andorra,Who are the two co‑princes that currently head Andorra?,"the bishop of Urgell in Catalonia, Spain and the president of France","The current co-princes of Andorra are:

1. The Bishop of Urgell in Catalonia, Spain
2. The President of France",Andorra | Andorra | Andorra,"In 1989 the Principality signed an agreement with the European Economic Community to regularize trade relations.

Its political system was modernized in 1993 after the Andorran constitutional referendum, when the constitution was drafted by the co-princes and the General Council and approved on 14 March by 74.2% of voters, with a 76% turnout. The first elections under the new constitution were held later in the year. The same year, Andorra became a member of the United Nations and the Council of",False,True,1.0,0.9434527158737183,0.0026886463165283203
emb_minilm,61,Andorra,What is the official language of Andorra?,Catalan,The official language of Andorra is Catalan.,Andorra | Andorra | Andorra,"Languages

According to mother tongue percentage statistics by the Andorran Government released in 2018:

The historic and official language is Catalan, a Romance language. The Andorran government encourages the use of Catalan. It funds a Commission for Catalan Toponymy in Andorra (Catalan: ), and provides free Catalan classes to assist immigrants. Andorran television and radio stations use Catalan.

Because of immigration, historical links, and close geographic proximity, Spanish, Portuguese an",False,True,1.0,0.9802013039588928,9.918212890625e-05
emb_minilm,62,Arithmetic mean,What is the arithmetic mean defined as in mathematics and statistics?,It is the sum of a collection of numbers divided by the count of numbers in the collection.,The arithmetic mean is defined as the sum of a collection of numbers divided by the count of numbers in the collection. It is also known as the mean or average.,Arithmetic mean | Arithmetic mean | Arithmetic mean,"In mathematics and statistics, the arithmetic mean ( ), arithmetic average, or just the mean or average (when the context is clear) is the sum of a collection of numbers divided by the count of numbers in the collection. The collection is often a set of results from an experiment, an observational study, or a survey. The term ""arithmetic mean"" is preferred in some mathematics and statistics contexts because it helps distinguish it from other types of means, such as geometric and harmonic.

In ad",False,True,1.0,0.9795851707458496,0.2522919178009033
emb_minilm,63,Arithmetic mean,"Why is the term ""arithmetic mean"" preferred in some mathematics and statistics contexts?","Because it helps distinguish it from other types of means, such as geometric and harmonic.","The term ""arithmetic mean"" is preferred in some mathematics and statistics contexts because it helps distinguish it from other types of means, such as geometric and harmonic, which might otherwise cause confusion.",Arithmetic mean | Arithmetic mean | Arithmetic mean,"In mathematics and statistics, the arithmetic mean ( ), arithmetic average, or just the mean or average (when the context is clear) is the sum of a collection of numbers divided by the count of numbers in the collection. The collection is often a set of results from an experiment, an observational study, or a survey. The term ""arithmetic mean"" is preferred in some mathematics and statistics contexts because it helps distinguish it from other types of means, such as geometric and harmonic.

In ad",False,True,1.0,0.6949424743652344,0.06114315986633301
emb_minilm,64,American Football Conference,How many teams are in each conference of the NFL?,Each conference contains 16 teams.,There are 16 teams in each conference of the NFL.,American Football Conference | American Football Conference | American Football Conference,"The American Football Conference (AFC) is one of the two conferences of the National Football League (NFL), the highest professional level of American football in the United States. The AFC and its counterpart, the National Football Conference (NFC), each contain 16 teams with 4 divisions. Both conferences were created as part of the 1970 merger between the National Football League, and the American Football League (AFL). All ten of the AFL teams, and three NFL teams, became members of the new A",False,True,0.8,0.9799219369888306,7.510185241699219e-05
emb_minilm,65,American Football Conference,Which team is the current AFC champion and which team did they defeat in the 2022 AFC Championship Game?,"The Kansas City Chiefs are the current AFC champions, and they defeated the Cincinnati Bengals.","The current AFC champion is the Kansas City Chiefs, who defeated the Cincinnati Bengals in the 2022 AFC Championship Game for their third conference championship.",American Football Conference | American Football Conference | American Football Conference,"The American Football Conference (AFC) is one of the two conferences of the National Football League (NFL), the highest professional level of American football in the United States. The AFC and its counterpart, the National Football Conference (NFC), each contain 16 teams with 4 divisions. Both conferences were created as part of the 1970 merger between the National Football League, and the American Football League (AFL). All ten of the AFL teams, and three NFL teams, became members of the new A",False,True,0.8,0.9813597202301025,1.704692840576172e-05
emb_minilm,66,Animal Farm,On what date was Animal Farm first published in England?,17 August 1945,Animal Farm was first published in England on 17 August 1945.,Animal Farm | Animal Farm | Animal Farm,"References

Explanatory notes

Citations

General sources

Further reading
 
 
 O'Neill, Terry, Readings on Animal Farm (1998), Greenhaven Press. .

External links

 
 
 Animal Farm Book Notes from Literapedia 
 Excerpts from Orwell's letters to his agent concerning Animal Farm
 Literary Journal review
 Orwell's original preface to the book 
 Animal Farm Revisited by John Molyneux, International Socialism, 44 (1989)
 Animal Farm at the British Library
 Animal Farm (1954)

 
1945 British novels
A",False,True,1.0,0.9849498271942139,6.556510925292969e-06
emb_minilm,67,Animal Farm,What is the name of the pig who becomes the dictator after the rebellion?,Napoleon,Napoleon,Animal Farm | Animal Farm | Animal Farm,"Their constant bleating of ""four legs good, two legs bad"" was used as a device to drown out any opposition or alternative views from Snowball, much as Stalin used hysterical crowds to drown out Trotsky. Towards the end of the book, Squealer (the propagandist) trains the sheep to alter their slogan to ""four legs good, two legs better"", which they dutifully do.
 The hens – Unnamed. The hens are promised at the start of the revolution that they will get to keep their eggs, which are stolen from the",False,True,1.0,0.5418700575828552,0.9922444634139538
emb_minilm,68,Amphibian,How many living orders are in the subclass Lissamphibia?,"Three (Anura, Urodela, and Gymnophiona).","There are three living orders in the subclass Lissamphibia: Anura (frogs), Caudata (salamanders), and Gymnophiona (caecilians).",Amphibian | Amphibian | Amphibian,"The numbers of species cited above follows Frost and the total number of known (living) amphibian species as of March 31, 2019, is exactly 8,000, of which nearly 90% are frogs.

With the phylogenetic classification, the taxon Labyrinthodontia has been discarded as it is a polyparaphyletic group without unique defining features apart from shared primitive characteristics. Classification varies according to the preferred phylogeny of the author and whether they use a stem-based or a node-based cla",False,True,0.75,0.9182742834091187,0.0026061534881591797
emb_minilm,69,Amphibian,What secondary respiratory surface do some small terrestrial salamanders and frogs rely on entirely?,Their skin.,Some small terrestrial salamanders and frogs rely entirely on their skin for respiration.,Amphibian | Amphibian | Anatomy,"In newts and salamanders, metamorphosis is less dramatic than in frogs. This is because the larvae are already carnivorous and continue to feed as predators when they are adults so few changes are needed to their digestive systems. Their lungs are functional early, but the larvae do not make as much use of them as do tadpoles. Their gills are never covered by gill sacs and are reabsorbed just before the animals leave the water. Other changes include the reduction in size or loss of tail fins, th",False,True,1.0,0.9739630222320557,0.00015294551849365234
emb_minilm,70,Alaska,What was Alaska's population as of 2020?,"736,081","736,081",Alaska | Alaska | Alaska,"Owing to the low population density, most of the land is located in the Unorganized Borough. As the name implies, it has no intermediate borough government but is administered directly by the state government. In 2000, 57.71% of Alaska's area has this status, with 13.05% of the population.

Anchorage merged the city government with the Greater Anchorage Area Borough in 1975 to form the Municipality of Anchorage, containing the city proper and the communities of Eagle River, Chugiak, Peters Creek",False,True,1.0,0.8962883949279785,0.9965233490802348
emb_minilm,71,Alaska,What is the state capital of Alaska?,Juneau,The state capital of Alaska is Juneau.,Alaska | Alaska | Alaska,"Alaska ( ) is a non-contiguous U.S. state on the northwest extremity of North America. It borders British Columbia and Yukon in Canada to the east and it shares a western maritime border in the Bering Strait with Russia's Chukotka Autonomous Okrug. The Chukchi and Beaufort Seas of the Arctic Ocean lie to the north and the Pacific Ocean lies to the south. Technically a semi-exclave of the U.S., Alaska is the largest exclave in the world.

Alaska is the largest U.S. state by area, comprising more ",False,True,1.0,0.972657322883606,7.808208465576172e-05
emb_minilm,72,Agriculture,What proportion of the world's farmland is operated by the largest one percent of farms?,more than 70 percent,Over 70 percent of the world's farmland is operated by the largest one percent of farms.,Agriculture | Agriculture | Alabama,"Agriculture encompasses crop and livestock production, aquaculture, fisheries and forestry for food and non-food products. Agriculture was the key development in the rise of sedentary human civilization, whereby farming of domesticated species created food surpluses that enabled people to live in cities. While humans started gathering grains at least 105,000 years ago, nascent farmers only began planting them around 11,500 years ago. Sheep, goats, pigs and cattle were domesticated around 10,000 ",False,True,0.5,0.9797847270965576,0.0009528994560241699
emb_minilm,73,Agriculture,Approximately how many years ago did nascent farmers begin planting grains?,"around 11,500 years ago","Nascent farmers began planting grains around 11,500 years ago.",Agriculture | Agriculture | Agriculture,"Agriculture encompasses crop and livestock production, aquaculture, fisheries and forestry for food and non-food products. Agriculture was the key development in the rise of sedentary human civilization, whereby farming of domesticated species created food surpluses that enabled people to live in cities. While humans started gathering grains at least 105,000 years ago, nascent farmers only began planting them around 11,500 years ago. Sheep, goats, pigs and cattle were domesticated around 10,000 ",False,True,1.0,0.9852195978164673,0.0017614364624023438
emb_minilm,74,Aldous Huxley,In which city did Aldous Huxley live from 1937 until his death?,Los Angeles,Los Angeles,Aldous Huxley | Aldous Huxley | Aldous Huxley,"Aldous Leonard Huxley ( ; 26 July 1894 – 22 November 1963) was an English writer and philosopher. His bibliography spans nearly 50 books, including novels and non-fiction works, as well as essays, narratives, and poems.

Born into the prominent Huxley family, he graduated from Balliol College, Oxford, with an undergraduate degree in English literature. Early in his career, he published short stories and poetry and edited the literary magazine Oxford Poetry, before going on to publish travel writ",False,True,1.0,0.7844004034996033,0.9859363734722137
emb_minilm,75,Aldous Huxley,How many times was Aldous Huxley nominated for the Nobel Prize in Literature?,nine times,Nine times,Aldous Huxley | Aldous Huxley | Aldous Huxley,"Aldous Leonard Huxley ( ; 26 July 1894 – 22 November 1963) was an English writer and philosopher. His bibliography spans nearly 50 books, including novels and non-fiction works, as well as essays, narratives, and poems.

Born into the prominent Huxley family, he graduated from Balliol College, Oxford, with an undergraduate degree in English literature. Early in his career, he published short stories and poetry and edited the literary magazine Oxford Poetry, before going on to publish travel writ",False,True,1.0,0.7058575749397278,0.4098554253578186
emb_minilm,76,Ada,Which Ada is a town and municipality in Serbia?,"Ada, Serbia","Ada, Serbia, a town and municipality",Ada | Ada | Ankara,"Ada may refer to:

Places

Africa
 Ada Foah, a town in Ghana
 Ada (Ghana parliament constituency)
 Ada, Osun, a town in Nigeria

Asia
 Ada, Urmia, a village in West Azerbaijan Province, Iran
 Ada, Karaman, a village in Karaman Province, Turkey

Europe
 Ada, Bosnia and Herzegovina, a village
 Ada, Croatia, a village
 Ada, Serbia, a town and municipality
 Ada Ciganlija or Ada, a river island artificially turned into a peninsula in Belgrade, Serbia

United States 
 Ada, Alabama, an unincorporated c",False,True,1.0,0.9948185086250305,0.10132241249084473
emb_minilm,77,Ada,Ada County is located in which U.S. state?,Idaho,Ada County is located in the U.S. state of Idaho.,Ada | Ada | Ada (programming language),"Ada may refer to:

Places

Africa
 Ada Foah, a town in Ghana
 Ada (Ghana parliament constituency)
 Ada, Osun, a town in Nigeria

Asia
 Ada, Urmia, a village in West Azerbaijan Province, Iran
 Ada, Karaman, a village in Karaman Province, Turkey

Europe
 Ada, Bosnia and Herzegovina, a village
 Ada, Croatia, a village
 Ada, Serbia, a town and municipality
 Ada Ciganlija or Ada, a river island artificially turned into a peninsula in Belgrade, Serbia

United States 
 Ada, Alabama, an unincorporated c",False,True,1.0,0.987438976764679,1.1920928955078125e-05
emb_minilm,78,Aberdeen (disambiguation),"In which African country is Aberdeen, Eastern Cape located?",South Africa,"Aberdeen, Eastern Cape, South Africa is located in South Africa.",Aberdeen (disambiguation) | Aberdeen (disambiguation) | Aberdeenshire,Aberdeen is a city in Scotland.,False,True,1.0,0.9840616583824158,2.4437904357910156e-05
emb_minilm,79,Aberdeen (disambiguation),What is the estimated number of people living in the junks of Aberdeen floating village?,"approximately 6,000 people","The provided information does not mention anything about a ""floating village"" or its population. Therefore, based solely on the given context, I cannot determine the estimated number of people living in the ""junks"" of Aberdeen floating village.",Aberdeen (disambiguation) | Aberdeenshire | Aberdeenshire,Aberdeen is a city in Scotland.,False,True,0.25,0.29325222969055176,0.23899394273757935
emb_minilm,80,Algae,What term is used for algae that are carried by water?,Phytoplankton,"Plankton, specifically phytoplankton.",Algae | Algae | Algae,"Algae (, ; : alga ) is an informal term for a large and diverse group of photosynthetic, eukaryotic organisms. It is a polyphyletic grouping that includes species from multiple distinct clades. Included organisms range from unicellular microalgae, such as Chlorella, Prototheca and the diatoms, to multicellular forms, such as the giant kelp, a large brown alga which may grow up to  in length. Most are aquatic and lack many of the distinct cell and tissue types, such as stomata, xylem and phloem t",False,True,1.0,0.9847966432571411,0.02310919761657715
emb_minilm,81,Algae,Which algae have secondary chloroplasts derived from an endosymbiotic red alga?,Diatoms and brown algae,Diatoms and brown algae have secondary chloroplasts derived from an endosymbiotic red alga.,Algae | Algae | Algae,"On the other hand, the colorless Prototheca under Chlorophyta are all devoid of any chlorophyll. Although cyanobacteria are often referred to as ""blue-green algae"", most authorities exclude all prokaryotes, including cyanobacteria, from the definition of algae.

The algae contain chloroplasts that are similar in structure to cyanobacteria. Chloroplasts contain circular DNA like that in cyanobacteria and are interpreted as representing reduced endosymbiotic cyanobacteria. However, the exact origi",False,True,1.0,0.9903222918510437,0.0029121041297912598
emb_minilm,82,Analysis of variance,Who developed analysis of variance (ANOVA)?,Ronald Fisher,Ronald Fisher developed analysis of variance (ANOVA).,Analysis of variance | Analysis of variance | Analysis of variance,"Analysis of variance (ANOVA) is a collection of statistical models and their associated estimation procedures (such as the ""variation"" among and between groups) used to analyze the differences among means. ANOVA was developed by the statistician Ronald Fisher. ANOVA is based on the law of total variance, where the observed variance in a particular variable is partitioned into components attributable to different sources of variation. In its simplest form, ANOVA provides a statistical test of whe",False,True,1.0,0.9846404790878296,0.00021070241928100586
emb_minilm,83,Analysis of variance,On what law is ANOVA based?,the law of total variance,"ANOVA is based on the law of total variance, where the observed variance in a particular variable is partitioned into components attributable to different sources of variation.",Analysis of variance | Analysis of variance | Analysis of variance,"For observational data, the derivation of confidence intervals must use subjective models, as emphasized by Ronald Fisher and his followers. In practice, the estimates of treatment-effects from observational studies generally are often inconsistent. In practice, ""statistical models"" and observational data are useful for suggesting hypotheses that should be treated very cautiously by the public.

Summary of assumptions

The normal-model based ANOVA analysis assumes the independence, normality, an",False,True,1.0,0.9826725721359253,0.22143489122390747
emb_minilm,84,Alkane,What type of carbon–carbon bonds are found in alkanes according to the passage?,All carbon–carbon bonds in alkanes are single bonds.,"According to the passage, the type of carbon-carbon bonds found in alkanes are:

1. Single bonds formed by the overlap of an sp³ orbital of carbon with the 1s orbital of a hydrogen.
2. Double bonds formed by the overlap of two sp³ orbitals on adjacent carbon atoms.",Alkane | Alkane | Alkane,"Molecular geometry

The molecular structure of the alkanes directly affects their physical and chemical characteristics. It is derived from the electron configuration of carbon, which has four valence electrons. The carbon atoms in alkanes are described as sp3 hybrids; that is to say that, to a good approximation, the valence electrons are in orbitals directed towards the corners of a tetrahedron which are derived from the combination of the 2s orbital and the three 2p orbitals. Geometrically, t",False,True,0.8,0.6822242736816406,0.037537992000579834
emb_minilm,85,Alkane,"According to the passage, what hybridization do carbon atoms have in an alkane?",Each carbon atom in an alkane is sp3‑hybridized.,Carbon atoms in alkanes are described as sp3 hybrids.,Alkane | Alkane | Alkane,"Molecular geometry

The molecular structure of the alkanes directly affects their physical and chemical characteristics. It is derived from the electron configuration of carbon, which has four valence electrons. The carbon atoms in alkanes are described as sp3 hybrids; that is to say that, to a good approximation, the valence electrons are in orbitals directed towards the corners of a tetrahedron which are derived from the combination of the 2s orbital and the three 2p orbitals. Geometrically, t",False,True,0.3333333333333333,0.9930395483970642,0.00017398595809936523
emb_minilm,86,Appellate procedure in the United States,"According to the passage, what is the purpose of filing a petition for review in most appeals?",To overturn the lower court's decision.,"According to the passage, the purpose of filing a petition for review in most appeals is to overturn the lower court's decision.",Appellate procedure in the United States | Appellate procedure in the United States | Appellate procedure in the United States,"In other words, after looking at the case, they chose not to say anything.  The result for the case of review improvidently granted is effectively the same as affirmed, but without that extra higher court stamp of approval.

See also
 Appellate court
 Appellee
 Civil procedure
 Court of Appeals
 Courts-martial in the United States
 Criminal procedure
 Defendant
 En banc
 Interlocutory appeal
 List of legal topics
 List of wrongful convictions in the United States
 Petition for stay
 Plaintiff
 P",False,True,1.0,0.9778237342834473,0.0004381537437438965
emb_minilm,87,Appellate procedure in the United States,What alternative names for appellate courts are mentioned in the passage?,"Appeals courts, courts of appeals, superior courts, or supreme courts.","The passage mentions two alternative names for appellate courts:

1. Court of errors
2. Court of errors and appeals",Appellate court | Appellate procedure in the United States | Appellate court,"""Constructing Legal Rules on Appellate Courts."" American Political Science Review 101.3 (2007): 591–604. Sociological Abstracts; Worldwide Political Science Abstracts. Web. 29 May 2012.

Courts by type
Appellate courts
Jurisdiction",False,True,0.5,0.7869449257850647,0.10847193002700806
emb_minilm,88,Appellate court,What alternative names for an appellate court are given in the passage?,"court of appeal(s), appeal court, court of second instance or second instance court","The alternative names for an appellate court mentioned in the passage are:

1. Court of appeal
2. Court of appeals
3. Court of errors
4. Court of errors and appeals
5. Court of special appeals
6. Supreme Court
7. Court of criminal appeal
8. Court of appeal (Hong Kong)
9. High Court (Hong Kong)
10. Court of appeal (England and Wales)
11. Court of cassation",Appellate procedure in the United States | Appellate court | Appellate court,"Likewise, in some jurisdictions, the state or prosecution may appeal an issue of law ""by leave"" from the trial court or the appellate court.  The ability of the prosecution to appeal a decision in favor of a defendant varies significantly internationally. All parties must present grounds to appeal, or it will not be heard.

By convention in some law reports, the appellant is named first.  This can mean that where it is the defendant who appeals, the name of the case in the law reports reverses (",False,True,0.4,0.8621641397476196,0.0113755464553833
emb_minilm,89,Appellate court,"According to the passage, how does an appellate court review an issue of fact?",It generally looks for clear error and gives deference to the trial court's findings.,An appellate court typically gives deference to the trial court's findings when reviewing an issue of fact.,Appellate procedure in the United States | Appellate court | Appellate procedure in the United States,"In other words, after looking at the case, they chose not to say anything.  The result for the case of review improvidently granted is effectively the same as affirmed, but without that extra higher court stamp of approval.

See also
 Appellate court
 Appellee
 Civil procedure
 Court of Appeals
 Courts-martial in the United States
 Criminal procedure
 Defendant
 En banc
 Interlocutory appeal
 List of legal topics
 List of wrongful convictions in the United States
 Petition for stay
 Plaintiff
 P",False,True,0.6,0.9864776134490967,0.26331520080566406
emb_minilm,90,Arraignment,Who reads out the indictment during arraignment in Australia?,The clerk of the court reads out the indictment.,"During arraignment in Australia, the clerk of the court reads out the indictment.",Arraignment | Arraignment | Arraignment,"Arraignment is a formal reading of a criminal charging document in the presence of the defendant, to inform them of the charges against them. In response to arraignment, in some jurisdictions, the accused is expected to enter a plea; in other jurisdictions, no plea is required. Acceptable pleas vary among jurisdictions, but they generally include guilty, not guilty, and the peremptory pleas, or pleas in bar, setting out reasons why a trial cannot proceed. Pleas of nolo contendere ('no contest') ",False,True,1.0,0.9775993824005127,0.005301952362060547
emb_minilm,91,Arraignment,"In British Columbia, what pleas are the defendant asked to enter for each charge during arraignment?",The defendant is asked whether they plead guilty or not guilty.,"In British Columbia, the defendant is asked whether they plead guilty or not guilty to each charge during arraignment.",Arraignment | Arraignment | Arraignment,"Arraignment is a formal reading of a criminal charging document in the presence of the defendant, to inform them of the charges against them. In response to arraignment, in some jurisdictions, the accused is expected to enter a plea; in other jurisdictions, no plea is required. Acceptable pleas vary among jurisdictions, but they generally include guilty, not guilty, and the peremptory pleas, or pleas in bar, setting out reasons why a trial cannot proceed. Pleas of nolo contendere ('no contest') ",False,True,1.0,0.9684664011001587,0.032713115215301514
emb_minilm,92,America the Beautiful,"Who wrote the lyrics for ""America the Beautiful""?",Katharine Lee Bates,"Katharine Lee Bates wrote the lyrics for ""America the Beautiful.""",America the Beautiful | America the Beautiful | America the Beautiful,"""America the Beautiful"" is a patriotic American song. Its lyrics were written by Katharine Lee Bates and its music was composed by church organist and choirmaster Samuel A. Ward at Grace Episcopal Church in Newark, New Jersey. The two never met.

Bates wrote the words as a poem, originally entitled ""Pikes Peak"". It was first published in the Fourth of July 1895 edition of the church periodical, The Congregationalist. At that time, the poem was entitled ""America"".

Ward had initially composed the",False,True,1.0,0.9417230486869812,6.866455078125e-05
emb_minilm,93,America the Beautiful,"In what year was the combination of Ward's melody and Bates's poem first entitled ""America the Beautiful""?",1910,1910,America the Beautiful | America the Beautiful | America the Beautiful,"A hymn tune composed in 1882 by Samuel A. Ward, the organist and choir director at Grace Church, Newark, was generally considered the best music as early as 1910 and is still the popular tune today. Just as Bates had been inspired to write her poem, Ward, too, was inspired. The tune came to him while he was on a ferryboat trip from Coney Island back to his home in New York City after a leisurely summer day and he immediately wrote it down. He composed the tune for the old hymn ""O Mother Dear, Je",False,True,1.0,0.5491271615028381,0.9997005552868359
emb_minilm,94,Assistive technology,What activities are listed as examples of activities of daily living (ADLs) in the passage?,"toileting, mobility (ambulation), eating, bathing, dressing, grooming, and personal device care.","The passage does not explicitly list any specific activities as examples of activities of daily living (ADLs). It focuses primarily on broader concepts like adventure, motivation, outdoor activities, mythological figures, and various types of literature and historical references. Therefore, based solely on the provided text, there isn't enough information to determine what activities would be classified as ADLs.",Adventure | Anthropology | Apollo,"An adventure is an exciting experience or undertaking that is typically bold, sometimes risky. Adventures may be activities with danger such as traveling, exploring, skydiving, mountain climbing, scuba diving, river rafting, or other extreme sports. Adventures are often undertaken to create psychological arousal or in order to achieve a greater goal, such as the pursuit of knowledge that can only be obtained by such activities.

Motivation
Adventurous experiences create psychological arousal, wh",False,False,0.0,0.4903102517127991,0.1474323868751526
emb_minilm,95,Assistive technology,What assistive technology does the passage say students who have challenges writing or keyboarding can use?,voice recognition software.,"The passage mentions several assistive technologies that can help students who struggle with writing or keyboarding:

1. Handheld spelling dictionaries
2. Portable word processors used for keyboarding
3. Text-to-speech software
4. Font modification via access to digital text
5. Speech recognition software
6. Braille technology
7. Refreshable braille displays
8. Desktop video magnifiers

These technologies aim to make written communication easier for students with writing difficulties or those who need additional support when typing.",Assistive technology | Assistive technology | Assistive technology,"In 2004, during the reauthorization period for IDEA, the National Instructional Material Access Center (NIMAC) was created which provided a repository of accessible text including publisher's textbooks to students with a qualifying disability.  Files provided are in XML format and used as a starting platform for braille readers, screen readers, and other digital text software.  IDEA defines assistive technology as follows: ""any item, piece of equipment, or product system, whether acquired commer",False,True,0.6666666666666666,0.39451244473457336,0.04405975341796875
emb_minilm,96,Abacus,What is another name for the abacus mentioned in the passage?,a counting frame,"An alternative term for the abacus mentioned in the passage is ""abacus.""",Abacus | Abacus | Alchemy,"Etymology
The word abacus dates to at least AD 1387 when a Middle English work borrowed the word from Latin that described a sandboard abacus. The Latin word is derived from ancient Greek  (abax) which means something without a base, and colloquially, any piece of rectangular material.  Alternatively, without reference to ancient texts on etymology, it has been suggested that it means ""a square tablet strewn with dust"", or ""drawing-board covered with dust (for the use of mathematics)"" (the exact",False,True,0.0,0.9250481128692627,0.004390895366668701
emb_minilm,97,Abacus,"In Roman and East Asian abacuses, what does the top deck represent?",fives,"In Roman and East Asian abacuses, the top deck represents fives.",Abacus | Abacus | Aquarius (constellation),"There are two beads on each rod in the upper deck and five beads each in the bottom one, to represent numbers in a bi-quinary coded decimal-like system. The beads are usually rounded and made of hardwood. The beads are counted by moving them up or down towards the beam; beads moved toward the beam are counted, while those moved away from it are not. One of the top beads is 5, while one of the bottom beads is 1. Each rod has a number under it, showing the place value. The suanpan can be reset to ",False,True,1.0,0.9649962186813354,6.0558319091796875e-05
emb_minilm,98,Acid,What are the two categories of acids described in the passage?,Brønsted–Lowry acids (proton donors) and Lewis acids (which form a covalent bond with an electron pair).,"The two categories of acids described in the passage are:

1. **Brønsted-Lowry Acids**: These are molecules or ions that donate protons (H⁺) to form hydronium ions (H₃O⁺) in aqueous solutions.
2. **Lewis Acids**: These form covalent bonds with electron pairs, typically involving donation of lone pairs on non-bonding orbitals.",Acid | Acid | Acid,"An acid is a molecule or ion capable of either donating a proton (i.e. hydrogen ion, H+), known as a Brønsted–Lowry acid, or forming a covalent bond with an electron pair, known as a Lewis acid.

The first category of acids are the proton donors, or Brønsted–Lowry acids. In the special case of aqueous solutions, proton donors form the hydronium ion H3O+ and are known as Arrhenius acids. Brønsted and Lowry generalized the Arrhenius theory to include non-aqueous solvents. A Brønsted or Arrhenius a",False,True,0.6666666666666666,0.23183144629001617,0.004582762718200684
emb_minilm,99,Acid,"According to the passage, what pH value characterizes an aqueous solution of an acid?",A pH less than 7.,An aqueous solution of an acid has a pH less than 7.,Acid | Acid | Acid,"An acid is a molecule or ion capable of either donating a proton (i.e. hydrogen ion, H+), known as a Brønsted–Lowry acid, or forming a covalent bond with an electron pair, known as a Lewis acid.

The first category of acids are the proton donors, or Brønsted–Lowry acids. In the special case of aqueous solutions, proton donors form the hydronium ion H3O+ and are known as Arrhenius acids. Brønsted and Lowry generalized the Arrhenius theory to include non-aqueous solvents. A Brønsted or Arrhenius a",False,True,1.0,0.9709543585777283,0.0020229220390319824
emb_minilm,100,Bitumen,What is the largest natural deposit of bitumen in the world and how much is it estimated to contain?,"The Pitch Lake of southwest Trinidad, estimated to contain 10 million tons.","The largest natural deposit of bitumen in the world is the Pitch Lake of southwest Trinidad, which is estimated to contain approximately 10 million tons of bitumen.",Bitumen | Bitumen | Bitumen,"Oil sands

Naturally occurring crude bitumen impregnated in sedimentary rock is the prime feed stock for petroleum production from ""oil sands"", currently under development in Alberta, Canada. Canada has most of the world's supply of natural bitumen, covering 140,000 square kilometres (an area larger than England), giving it the second-largest proven oil reserves in the world. The Athabasca oil sands are the largest bitumen deposit in Canada and the only one accessible to surface mining, although",False,True,1.0,0.9866917133331299,0.00358659029006958
emb_minilm,101,Bitumen,What percentage of annual bitumen production is destined for road construction?,70%,Approximately 85% of the annual bitumen production is destined for road construction.,Bitumen | Bitumen | Bitumen,"The remaining 5% of bitumen is used mainly for sealing and insulating purposes in a variety of building materials, such as pipe coatings, carpet tile backing and paint. Bitumen is applied in the construction and maintenance of many structures, systems, and components, such as the following:

 Highways
 Airport runways
 Footways and pedestrian ways
 Car parks
 Racetracks
 Tennis courts
 Roofing
 Damp proofing
 Dams
 Reservoir and pool linings
 Soundproofing
 Pipe coatings
 Cable coatings
 Paints
",False,True,0.0,0.9790201783180237,0.00045740604400634766
emb_minilm,102,American National Standards Institute,Where are the headquarters of the American National Standards Institute (ANSI) located?,"Washington, D.C.","The headquarters of the American National Standards Institute (ANSI) are in Washington, D.C.",American National Standards Institute | American National Standards Institute | American National Standards Institute,"The American National Standards Institute (ANSI  ) is a private nonprofit organization that oversees the development of voluntary consensus standards for products, services, processes, systems, and personnel in the United States. The organization also coordinates U.S. standards with international standards so that American products can be used worldwide.

ANSI accredits standards that are developed by representatives of other standards organizations, government agencies, consumer groups, compani",False,True,1.0,0.9599428176879883,0.00028246641159057617
emb_minilm,103,American National Standards Institute,What sources fund the ANSI annual operating budget?,"The sale of publications, membership dues and fees, accreditation services, fee-based programs, and international standards programs.","The American National Standards Institute (ANSI) annually operates its budget through several funding sources, including:

1. **Publication Sales**: This includes sales of books, journals, and other printed materials related to standards and certifications.
   
2. **Membership Dues and Fees**: Members pay regular fees to support the organization's activities and infrastructure.

3. **Accreditation Services**: Fees charged for the provision of accreditation services to organizations seeking to certify their products or personnel according to international standards.

4. **Fee-Based Programs**: Various programs offered by ANSI generate income through payment plans for certain services or memberships.

5. **International Standards Programs**: Revenue generated from participation in international standards initiatives and agreements.

These funds collectively help sustain the operational costs and growth of ANSI, ensuring its continued role in overseeing and promoting voluntary",American National Standards Institute | American National Standards Institute | American National Standards Institute,"The American National Standards Institute (ANSI  ) is a private nonprofit organization that oversees the development of voluntary consensus standards for products, services, processes, systems, and personnel in the United States. The organization also coordinates U.S. standards with international standards so that American products can be used worldwide.

ANSI accredits standards that are developed by representatives of other standards organizations, government agencies, consumer groups, compani",False,True,0.8333333333333334,0.11675412952899933,0.0633663535118103
emb_minilm,104,Apollo 11,When did the Apollo 11 Lunar Module Eagle land on the Moon?,"July 20, 1969, at 20:17 UTC.","The Apollo 11 Lunar Module Eagle landed on the Moon on July 20, 1969, at 20:17 UTC.",Apollo 11 | Apollo 11 | Apollo 11,"Apollo 11 (July 16–24, 1969) was the American spaceflight that first landed humans on the Moon. Commander Neil Armstrong and Lunar Module Pilot Buzz Aldrin landed the Apollo Lunar Module Eagle on July 20, 1969, at 20:17 UTC, and Armstrong became the first person to step onto the Moon's surface six hours and 39 minutes later, on July 21 at 02:56 UTC. Aldrin joined him 19 minutes later, and they spent about two and a quarter hours together exploring the site they had named Tranquility Base upon la",False,True,1.0,0.951044499874115,0.00128936767578125
emb_minilm,105,Apollo 11,How long were Armstrong and Aldrin on the Moon's surface before lifting off to rejoin Columbia?,"21 hours, 36 minutes.",Two and a quarter hours,Apollo 11 | Apollo 11 | Apollo 11,"Apollo 11 (July 16–24, 1969) was the American spaceflight that first landed humans on the Moon. Commander Neil Armstrong and Lunar Module Pilot Buzz Aldrin landed the Apollo Lunar Module Eagle on July 20, 1969, at 20:17 UTC, and Armstrong became the first person to step onto the Moon's surface six hours and 39 minutes later, on July 21 at 02:56 UTC. Aldrin joined him 19 minutes later, and they spent about two and a quarter hours together exploring the site they had named Tranquility Base upon la",False,True,0.25,0.9594621062278748,0.813682958483696
emb_minilm,106,Apollo 8,On what dates did Apollo 8 take place?,"December 21–27, 1968","Apollo 8 took place from December 21, 1968, to December 27, 1968.",Apollo 8 | Apollo 8 | Apollo 8,"Apollo 8 (December 21–27, 1968) was the first crewed spacecraft to leave low Earth orbit and the first human spaceflight to reach the Moon. The crew orbited the Moon ten times without landing, and then departed safely back to Earth. These three astronauts—Frank Borman, James Lovell, and William Anders—were the first humans to witness and photograph the far side of the Moon and an Earthrise.

Apollo 8 launched on December 21, 1968, and was the second crewed spaceflight mission flown in the United",False,True,1.0,0.9703365564346313,0.00029021501541137695
emb_minilm,107,Apollo 8,How many times did the Apollo 8 crew orbit the Moon?,ten times,The Apollo 8 crew orbited the Moon ten times.,Apollo 8 | Apollo 8 | Apollo 11,"Apollo 8 (December 21–27, 1968) was the first crewed spacecraft to leave low Earth orbit and the first human spaceflight to reach the Moon. The crew orbited the Moon ten times without landing, and then departed safely back to Earth. These three astronauts—Frank Borman, James Lovell, and William Anders—were the first humans to witness and photograph the far side of the Moon and an Earthrise.

Apollo 8 launched on December 21, 1968, and was the second crewed spaceflight mission flown in the United",False,True,1.0,0.9813631772994995,8.821487426757812e-06
emb_minilm,108,Astronaut,What term is typically used for astronauts fielded by Russia or the Soviet Union?,cosmonauts,The term typically used for astronauts fielded by Russia or the Soviet Union is cosmonaut.,Astronaut | Astronaut | Astronaut,"An astronaut (from the Ancient Greek  (), meaning 'star', and  (), meaning 'sailor') is a person trained, equipped, and deployed by a human spaceflight program to serve as a commander or crew member aboard a spacecraft. Although generally reserved for professional space travelers, the term is sometimes applied to anyone who travels into space, including scientists, politicians, journalists, and tourists.

""Astronaut"" technically applies to all human space travelers regardless of nationality. How",False,True,0.0,0.9881325364112854,2.7179718017578125e-05
emb_minilm,109,Astronaut,How many astronauts have flown in space since 1961?,600 astronauts,"Since 1961, 558 people have qualified as having reached space according to the U.S. definition.",Astronaut | Astronaut | Astronaut,"Three of the 24—Jim Lovell, John Young and Eugene Cernan—did so twice.

, under the U.S. definition, 558 people qualify as having reached space, above  altitude. Of eight X-15 pilots who exceeded  in altitude, only one, Joseph A. Walker, exceeded 100 kilometers (about 62.1 miles) and he did it two times, becoming the first person in space twice. Space travelers have spent over 41,790 man-days (114.5 man-years) in space, including over 100 astronaut-days of spacewalks. , the man with the longest ",False,True,0.0,0.9393914937973022,0.0001398324966430664
emb_minilm,110,A Modest Proposal,"In what year was ""A Modest Proposal"" written and published anonymously by Jonathan Swift?",1729.,"""A Modest Proposal"" was written and published anonymously by Jonathan Swift in 1729.",A Modest Proposal | A Modest Proposal | A Modest Proposal,"The words ""a modest proposal"" are used in Wallace's summing up at the end of the programme, and Swift is credited.

Notes

References
 
  (subscription needed)

External links

 A Modest Proposal (CELT)
 A Modest Proposal (Gutenberg)
 A Modest Proposal – Annotated text aligned to Common Core Standards
 
 A Modest Proposal BBC Radio 4 In Our Time with Melvyn Bragg
 'A modest proposal For preventing the children of poor people From being a Burthen to their Parents or the Country, And for making th",False,True,1.0,0.9783570170402527,6.67572021484375e-06
emb_minilm,111,A Modest Proposal,"According to the passage, what does the phrase ""a modest proposal"" allude to in English writing?",It is now conventionally an allusion to this style of straight-faced satire.,"According to the passage, the phrase ""a modest proposal"" alludes to Jonathan Swift's satirical essay ""A Modest Proposal,"" which is considered one of the greatest examples of sustained irony in the history of the English language.",A Modest Proposal | A Modest Proposal | A Modest Proposal,"A Modest Proposal For preventing the Children of Poor People From being a Burthen to Their Parents or Country, and For making them Beneficial to the Publick, commonly referred to as A Modest Proposal, is a Juvenalian satirical essay written and published anonymously by Jonathan Swift in 1729.

The essay suggests that the impoverished Irish might ease their economic troubles by selling their children as food to rich gentlemen and ladies. This satirical hyperbole mocked heartless attitudes towards",False,True,0.0,0.9871972799301147,0.005312204360961914
emb_minilm,112,Alkali metal,Which chemical elements are listed as the alkali metals in the passage?,"Lithium (Li), sodium (Na), potassium (K), rubidium (Rb), caesium (Cs), and francium (Fr).","Lithium (Li), Sodium (Na), Potassium (K), Rubidium (Rb), Cesium (Cs), Francium (Fr)",Alkali metal | Alkali metal | Alkali metal,"NaK is an alloy of sodium and potassium that is very useful because it is liquid at room temperature, although precautions must be taken due to its extreme reactivity towards water and air. The eutectic mixture melts at −12.6 °C. An alloy of 41% caesium, 47% sodium, and 12% potassium has the lowest known melting point of any metal or alloy, −78 °C.

Compounds with the group 13 elements 
The intermetallic compounds of the alkali metals with the heavier group 13 elements (aluminium, gallium, indiu",False,True,0.9166666666666666,0.9585257172584534,0.6966810822486877
emb_minilm,113,Alkali metal,What is the charge on the cations formed when alkali metals lose their outermost electron?,+1,+1,Alkali metal | Alkali metal | Alkali metal,"The alkali metals consist of the chemical elements lithium (Li), sodium (Na), potassium (K), rubidium (Rb), caesium (Cs), and francium (Fr). Together with hydrogen they constitute group 1, which lies in the s-block of the periodic table. All alkali metals have their outermost electron in an s-orbital: this shared electron configuration results in their having very similar characteristic properties. Indeed, the alkali metals provide the best example of group trends in properties in the periodic t",False,True,1.0,0.7211611270904541,0.9914721995592117
emb_minilm,114,Alphabet,Which script is identified in the passage as the first fully phonemic alphabet and the ancestor of most modern alphabets?,the Proto-Sinaitic script,The Proto-Sinaitic script is identified in the passage as the first fully phonemic alphabet and the ancestor of most modern alphabets.,Alphabet | Alphabet | Alphabet,"An alphabet is a standardized set of basic written graphemes (called letters) representing phonemes, units of sounds that distinguish words, of certain spoken languages. Not all writing systems represent language in this way; in a syllabary, each character represents a syllable, and logographic systems use characters to represent words, morphemes, or other semantic units.

The Egyptians have created the first alphabet in a technical sense. The short uniliteral signs are used to write pronunciati",False,True,1.0,0.9755181074142456,0.00022083520889282227
emb_minilm,115,Alphabet,Name three modern alphabets that the passage says descended from the Phoenician alphabet.,"Arabic, Greek, Latin","Based on the information provided in the context, three modern alphabets that descend from the Phoenician alphabet are:

1. Latin alphabet
2. Cyrillic alphabet
3. Greek alphabet",Alphabet | Alphabet | Abjad,"There are also names for letters in some languages. This is known as acrophony; It is present in some modern scripts, such as Greek, and many Semitic scripts, such as Arabic, Hebrew, and Syriac. It was used in some ancient alphabets, such as in Phoenician. However, this system is not present in all languages, such as the Latin alphabet, which adds a vowel after a character for each letter. Some systems also used to have this system but later on abandoned it for a system similar to Latin, such as",False,True,0.6666666666666666,0.31250467896461487,0.0723084807395935
emb_minilm,116,Atomic number,What does the atomic number (symbol Z) equal for ordinary nuclei composed of protons and neutrons?,"It equals the proton number (np), the number of protons found in the nucleus of every atom of that element.",The atomic number (symbol Z) equals the proton number (np) or the number of protons found in the nucleus of every atom of that element for ordinary nuclei composed of protons and neutrons.,Atomic number | Atom | Atom,"The atomic number or nuclear charge number (symbol Z) of a chemical element is the charge number of an atomic nucleus. For ordinary nuclei composed of protons and neutrons, this is equal to the proton number (np) or the number of protons found in the nucleus of every atom of that element. The atomic number can be used to uniquely identify ordinary chemical elements. In an ordinary uncharged atom, the atomic number is also equal to the number of electrons.

For an ordinary atom which contains pro",False,True,1.0,0.9887539148330688,0.04703044891357422
emb_minilm,117,Atomic number,"In an ordinary uncharged atom, what is the atomic number equal to?",It is also equal to the number of electrons.,"In an ordinary uncharged atom, the atomic number is equal to the number of protons found in the nucleus of every atom of that element.",Atomic number | Atom | Atom,"The atomic number or nuclear charge number (symbol Z) of a chemical element is the charge number of an atomic nucleus. For ordinary nuclei composed of protons and neutrons, this is equal to the proton number (np) or the number of protons found in the nucleus of every atom of that element. The atomic number can be used to uniquely identify ordinary chemical elements. In an ordinary uncharged atom, the atomic number is also equal to the number of electrons.

For an ordinary atom which contains pro",False,True,0.5,0.9757469892501831,0.010776758193969727
emb_minilm,118,Anatomy,Into what two parts is the discipline of anatomy divided?,macroscopic and microscopic parts.,The discipline of anatomy is divided into macroscopic and microscopic parts.,Anatomy | Anatomy | Anatomy,"Anatomy () is the branch of biology concerned with the study of the structure of organisms and their parts. Anatomy is a branch of natural science that deals with the structural organization of living things. It is an old science, having its beginnings in prehistoric times. Anatomy is inherently tied to developmental biology, embryology, comparative anatomy, evolutionary biology, and phylogeny, as these are the processes by which anatomy is generated, both over immediate and long-term timescales",False,True,1.0,0.986753523349762,0.0003420114517211914
emb_minilm,119,Anatomy,Which advanced imaging techniques have recently increased in use for visualizing the body's structures?,MRI and CT scans.,Recent advancements in advanced imaging techniques include MRI (magnetic resonance imaging) and CT (computed tomography) scans. These methods allow for more detailed and accurate visualizations of the body's structures compared to older techniques like X-ray.,Anatomy | Anatomy | Anatomy,"It was the advent of microscopy that opened up an understanding of the building blocks that constituted living tissues. Technical advances in the development of achromatic lenses increased the resolving power of the microscope and around 1839, Matthias Jakob Schleiden and Theodor Schwann identified that cells were the fundamental unit of organization of all living things. Study of small structures involved passing light through them and the microtome was invented to provide sufficiently thin sli",False,True,1.0,0.9465293884277344,0.2871677279472351
emb_minilm,120,Andrei Tarkovsky,When did Andrei Tarkovsky die?,29 December 1986,Andrei Tarkovsky died on 29 December 1986.,Andrei Tarkovsky | Andrei Tarkovsky | Andrei Tarkovsky,"He returned home in 1943, having been awarded a Red Star after being shot in one of his legs (which he would eventually need to amputate due to gangrene). Tarkovsky stayed with his mother, moving with her and his sister Marina to Moscow, where she worked as a proofreader at a printing press.

In 1939, Tarkovsky enrolled at the Moscow School No. 554. During the war, the three evacuated to Yuryevets, living with his maternal grandmother. In 1943, the family returned to Moscow. Tarkovsky continued ",False,True,1.0,0.9764546751976013,0.00014483928680419922
emb_minilm,121,Andrei Tarkovsky,Which of Tarkovsky's films earned him the Golden Lion at the Venice Film Festival?,Ivan's Childhood,Rashomon earned Tarkovsky the Golden Lion at the Venice Film Festival.,Akira Kurosawa | Akira Kurosawa | Andrei Tarkovsky,"was a Japanese filmmaker and painter who directed 30 films in a career spanning over five decades. He is widely regarded as one of the greatest and most influential filmmakers in the history of cinema. Kurosawa displayed a bold, dynamic style, strongly influenced by Western cinema yet distinct from it; he was involved with all aspects of film production.

Kurosawa entered the Japanese film industry in 1936, following a brief stint as a painter. After years of working on numerous films as an assi",False,True,0.0,0.02509251795709133,1.6570091247558594e-05
emb_minilm,122,Abel,Who killed Abel according to the passage?,Cain,Cain killed Abel out of jealousy.,Abel | Abel | Aaron,"Abel is a Biblical figure in the Book of Genesis within Abrahamic religions. He was the younger brother of Cain, and the younger son of Adam and Eve, the first couple in Biblical history. He was a shepherd who offered his firstborn flock up to God as an offering. God accepted his offering but not his brother's. Cain then killed Abel out of jealousy. 

According to Genesis, this was the first murder in the history of mankind.

Life and death

Interpretations

Jewish and Christian interpretations
",False,True,1.0,0.9903196096420288,0.001026153564453125
emb_minilm,123,Abel,What was Abel's occupation?,He was a shepherd,Abel was a shepherd.,Abel | Abel | Aaron,"Abel is a Biblical figure in the Book of Genesis within Abrahamic religions. He was the younger brother of Cain, and the younger son of Adam and Eve, the first couple in Biblical history. He was a shepherd who offered his firstborn flock up to God as an offering. God accepted his offering but not his brother's. Cain then killed Abel out of jealousy. 

According to Genesis, this was the first murder in the history of mankind.

Life and death

Interpretations

Jewish and Christian interpretations
",False,True,0.5,0.9947191476821899,9.465217590332031e-05
emb_minilm,124,Animal (disambiguation),What is the full title of the book listed under 'Books and publications'?,Animal: The Definitive Visual Guide to The World's WildLife,A Clockwork Orange: A Play With Music.,Agatha Christie | A Clockwork Orange (novel) | Agatha Christie,"The inspirations for some of Christie's titles include:
 William Shakespeare's works: Sad Cypress, By the Pricking of My Thumbs, There is a Tide..., Absent in the Spring, and The Mousetrap, for example. Osborne notes that ""Shakespeare is the writer most quoted in the works of Agatha Christie"";
 The Bible: Evil Under the Sun, The Burden, and The Pale Horse;
 Other works of literature: The Mirror Crack'd from Side to Side (from Tennyson's ""The Lady of Shalott""), The Moving Finger (from Edward Fitz",False,False,0.0,0.9527445435523987,0.02086430788040161
emb_minilm,125,Animal (disambiguation),Which American professional wrestler used the ring name 'Road Warrior Animal'?,Joseph Michael Laurinaitis,"Joseph Michael Laurinaitis, better known by his ring name ""Road Warrior Animal"", used the ring name 'Road Warrior Animal'.",Animal (disambiguation) | Auto racing | April 1,"An animal is a multicellular, eukaryotic organism of the kingdom Animalia or Metazoa.

Animal, Animals, or The Animal may also refer to:

People
 The Animal (nickname), a list of people nicknamed ""The Animal"" or ""Animal""
 Animal Hamaguchi, a ring name of Japanese retired professional wrestler Heigo Hamaguchi (born 1947)
 Road Warrior Animal or Animal, ring names of American professional wrestler Joseph Michael Laurinaitis (1960–2020)

Books and publications
 Animal (book), full title Animal: The",False,True,1.0,0.7640537023544312,0.002709627151489258
emb_minilm,126,Aardwolf,What is the scientific name of the aardwolf?,Proteles cristatus,The scientific name of the aardwolf is Proteles cristatus.,Aardwolf | Aardvark | Aardvark,"The aardwolf (Proteles cristatus) is an insectivorous species of hyena, native to East and Southern Africa. Its name means ""earth-wolf"" in Afrikaans and Dutch. It is also called the maanhaar-jackal (Afrikaans for ""mane-jackal""), termite-eating hyena and civet hyena, based on its habit of secreting substances from its anal gland, a characteristic shared with the African civet.

Unlike many of its relatives in the order Carnivora, the aardwolf does not hunt large animals. It eats insects and their",False,True,1.0,0.9673646688461304,5.0067901611328125e-06
emb_minilm,127,Aardwolf,How many termites can an aardwolf lap up during a single night?,"as many as 300,000 termites","An aardwolf can lap up as many as 300,000 termites during a single night using its long, sticky tongue.",Aardvark | Aardwolf | Aardwolf,"After an aardvark visit at a termite mound, other animals will visit to pick up all the leftovers. Termite mounds alone do not provide enough food for the aardvark, so they look for termites that are on the move. When these insects move, they can form columns  long and these tend to provide easy pickings with little effort exerted by the aardvark. These columns are more common in areas of livestock or other hoofed animals. The trampled grass and dung attract termites from the Odontotermes, Micro",False,True,1.0,0.9816469550132751,0.0028339028358459473
emb_minilm,128,Adobe,What two main components compose adobe as a building material?,Earth and organic materials.,Adobe as a building material primarily consists of soil and organic materials.,Adobe | Adobe | Adobe,"Adobe ( ; ) is a building material made from earth and organic materials.  is Spanish for mudbrick. In some English-speaking regions of Spanish heritage, such as the Southwestern United States, the term is used to refer to any kind of earthen construction, or various architectural styles like Pueblo Revival or Territorial Revival. Most adobe buildings are similar in appearance to cob and rammed earth buildings. Adobe is among the earliest building materials, and is used throughout the world.

Ad",False,True,0.6666666666666666,0.7582014799118042,0.0018386244773864746
emb_minilm,129,Adobe,To what time period has adobe architecture been dated?,"Before 5,100 B.C.","To what time period has adobe architecture been dated? The answer is before 5,100 B.C.",Adobe | Adobe | Adobe,"Adobe ( ; ) is a building material made from earth and organic materials.  is Spanish for mudbrick. In some English-speaking regions of Spanish heritage, such as the Southwestern United States, the term is used to refer to any kind of earthen construction, or various architectural styles like Pueblo Revival or Territorial Revival. Most adobe buildings are similar in appearance to cob and rammed earth buildings. Adobe is among the earliest building materials, and is used throughout the world.

Ad",False,True,1.0,0.9718189239501953,0.07821887731552124
emb_minilm,130,Adventure,Which British adventurer is cited as using adventures to draw global sustainability lessons for schoolchildren?,Jason Lewis,Jason Lewis is cited as using adventures to draw global sustainability lessons for schoolchildren.,Anthropology | Adventure | Adventure,"The focus and data interpretation is often used for arguments for/against or creation of policy, and to prevent corporate exploitation and damage of land. Often, the observer has become an active part of the struggle either directly (organizing, participation) or indirectly (articles, documentaries, books, ethnographies). Such is the case with environmental justice advocate Melissa Checker and her relationship with the people of Hyde Park.

Environment 
Social sciences, like anthropology, can pr",False,True,1.0,0.9889580011367798,4.6253204345703125e-05
emb_minilm,131,Adventure,"According to the passage, what does adventure education intentionally use challenging experiences for?",learning,"According to the passage, adventure education intentionally uses challenging experiences for learning.",Adventure | Adventure | August Derleth,"An adventure is an exciting experience or undertaking that is typically bold, sometimes risky. Adventures may be activities with danger such as traveling, exploring, skydiving, mountain climbing, scuba diving, river rafting, or other extreme sports. Adventures are often undertaken to create psychological arousal or in order to achieve a greater goal, such as the pursuit of knowledge that can only be obtained by such activities.

Motivation
Adventurous experiences create psychological arousal, wh",False,True,1.0,0.9902344942092896,7.963180541992188e-05
emb_minilm,132,Asia,What is the land area of Asia in square kilometers?,more than 44 million square kilometers,The land area of Asia is more than 44 million square kilometers.,Asia | Asia | Area,"Asia ( ,  ) is the largest continent in the world by both land area and population. It covers an area of more than 44 million square kilometers, about 30% of Earth's total land area and 8% of Earth's total surface area. The continent, which has long been home to the majority of the human population, was the site of many of the first civilizations. Its 4.7 billion people constitute roughly 60% of the world's population, having more people than all other continents combined.

Asia shares the landm",False,True,1.0,0.9901755452156067,0.00012981891632080078
emb_minilm,133,Asia,What proportion of the world's population lives in Asia?,roughly 60%,60%,Asia | Asia | Demographics of Angola,"Asia ( ,  ) is the largest continent in the world by both land area and population. It covers an area of more than 44 million square kilometers, about 30% of Earth's total land area and 8% of Earth's total surface area. The continent, which has long been home to the majority of the human population, was the site of many of the first civilizations. Its 4.7 billion people constitute roughly 60% of the world's population, having more people than all other continents combined.

Asia shares the landm",False,True,0.5,0.878109872341156,0.9250270277261734
emb_minilm,134,Aruba,What is the capital of Aruba?,Oranjestad,Oranjestad,Aruba | Aruba | Aruba,"Aruba ( ,  or , ), officially the Country of Aruba (; ), is a constituent country of the Kingdom of the Netherlands physically located in the mid-south of the Caribbean Sea, about  north of the Venezuelan peninsula of Paraguaná  and  northwest of Curaçao. It measures  long from its northwestern to its southeastern end and  across at its widest point. Together with Bonaire and Curaçao, Aruba forms a group referred to as the ABC islands. Collectively, these and the other three Dutch substantial is",False,True,1.0,0.8249261379241943,0.9755070079118013
emb_minilm,135,Aruba,In what year did Aruba become a constituent country within the Kingdom of the Netherlands?,1986,1986,Aruba | Aruba | Aruba,"Aruba ( ,  or , ), officially the Country of Aruba (; ), is a constituent country of the Kingdom of the Netherlands physically located in the mid-south of the Caribbean Sea, about  north of the Venezuelan peninsula of Paraguaná  and  northwest of Curaçao. It measures  long from its northwestern to its southeastern end and  across at its widest point. Together with Bonaire and Curaçao, Aruba forms a group referred to as the ABC islands. Collectively, these and the other three Dutch substantial is",False,True,1.0,0.9627771377563477,0.9991373922093771
emb_minilm,136,Articles of Confederation,On what date did the Articles of Confederation come into force?,"March 1, 1781","On March 1, 1781, the Articles of Confederation came into force after being ratified by all 13 colonial states.",Articles of Confederation | Articles of Confederation | Articles of Confederation,"By the end of July 1788, 11 of the 13 states had ratified the new Constitution. Congress continued to convene under the Articles with a quorum until October. On Saturday, September 13, 1788, the Confederation Congress voted the resolve to implement the new Constitution, and on Monday, September 15 published an announcement that the new Constitution had been ratified by the necessary nine states, set the first Wednesday in January 1789 for appointing electors, set the first Wednesday in February ",False,True,1.0,0.9727011919021606,0.014309465885162354
emb_minilm,137,Articles of Confederation,Which body debated the Articles of Confederation at Independence Hall in Philadelphia?,the Second Continental Congress,The Second Continental Congress debated the Articles of Confederation at Independence Hall in Philadelphia.,Articles of Confederation | Articles of Confederation | Articles of Confederation,"The Articles of Confederation and Perpetual Union was an agreement among the 13 states of the United States, formerly the Thirteen Colonies, that served as the nation's first frame of government. It was debated by the Second Continental Congress at Independence Hall in Philadelphia between July 1776 and November 1777, and finalized by the Congress on November 15, 1777. It came into force on March 1, 1781, after being ratified by all 13 colonial states. A guiding principle of the Articles was the",False,True,1.0,0.9753247499465942,4.1365623474121094e-05
emb_minilm,138,Atlantic Ocean,What percentage of Earth's surface does the Atlantic Ocean cover?,Approximately 17%.,23.5%,Atlantic Ocean | Atlantic Ocean | Atlantic Ocean,"The average depth is  and the maximum depth, the Milwaukee Deep in the Puerto Rico Trench, is .

Biggest seas in Atlantic Ocean
Top large seas:

 Sargasso Sea3.5 million km2
 Caribbean Sea2.754 million km2
 Mediterranean Sea2.510 million km2
 Gulf of Guinea2.35 million km2
 Gulf of Mexico1.550 million km2
 Norwegian Sea1.383 million km2
 Hudson Bay1.23 million km2
 Greenland Sea1.205 million km2
 Argentine Sea1 million km2
 Labrador Sea841,000 km2
 Irminger Sea780,000 km2
 Baffin Bay689,000 km2
",False,True,0.0,0.8121820092201233,0.8699909597635269
emb_minilm,139,Atlantic Ocean,Which European powers are mentioned as colonizing the Americas after Columbus's expedition?,"Portugal, Spain, France, and the United Kingdom.","Portugal, Spain, France, and the United Kingdom are mentioned as colonizing the Americas after Columbus's expedition.",Aruba | Atlantic Ocean | American (word),"In other words, the Spanish Crown was granted significant religious authority in the Americas, which was not strictly separate from the state and weakened the distinction between the religious and secular spheres—a key aspect of separation between church and state.

The conquistador 
Humanity experienced a devastating genocide as the conquistadors were fascinated by legends of inexhaustible gold reserves of El Dorado and violently imposed the authority, culture, and values of the Old World (Euro",False,True,1.0,0.8792808055877686,0.00015664100646972656
emb_minilm,140,Arthur Schopenhauer,When was Arthur Schopenhauer born?,22 February 1788,Arthur Schopenhauer was born on 22 February 1788.,Arthur Schopenhauer | Arthur Schopenhauer | Arthur Schopenhauer,"Arthur Schopenhauer ( , ; 22 February 1788 – 21 September 1860) was a German philosopher. He is best known for his 1818 work The World as Will and Representation (expanded in 1844), which characterizes the phenomenal world as the manifestation of a blind and irrational noumenal will. Building on the transcendental idealism of Immanuel Kant (1724–1804), Schopenhauer developed an atheistic metaphysical and ethical system that rejected the contemporaneous ideas of German idealism. He was among the ",False,True,1.0,0.9678226709365845,7.987022399902344e-06
emb_minilm,141,Arthur Schopenhauer,What is the title of Schopenhauer's 1818 work?,The World as Will and Representation,"The title of Schopenhauer's 1818 work is ""The World as Will and Representation"" (expanded in 1844).",Arthur Schopenhauer | Arthur Schopenhauer | Arthur Schopenhauer,"Arthur Schopenhauer ( , ; 22 February 1788 – 21 September 1860) was a German philosopher. He is best known for his 1818 work The World as Will and Representation (expanded in 1844), which characterizes the phenomenal world as the manifestation of a blind and irrational noumenal will. Building on the transcendental idealism of Immanuel Kant (1724–1804), Schopenhauer developed an atheistic metaphysical and ethical system that rejected the contemporaneous ideas of German idealism. He was among the ",False,True,1.0,0.9841877222061157,2.0503997802734375e-05
emb_minilm,142,Angola,What is the capital and most populous city of Angola?,Luanda,Luanda,Angola | Angola | Angola,"Angola ( ; ; , ), officially the Republic of Angola (), is a country on the west-central coast of Southern Africa. It is the second-largest Lusophone (Portuguese-speaking) country in both total area and population (behind Brazil in both cases), and is the seventh-largest country in Africa. It is bordered by Namibia to the south, the Democratic Republic of the Congo to the north, Zambia to the east, and the Atlantic Ocean to the west. Angola has an exclave province, the province of Cabinda, that ",False,True,1.0,0.8310626745223999,0.9809308424592018
emb_minilm,143,Angola,In what year did Angola achieve independence?,1975,1975,Angola | Angola | Angolan Armed Forces,"Angola ( ; ; , ), officially the Republic of Angola (), is a country on the west-central coast of Southern Africa. It is the second-largest Lusophone (Portuguese-speaking) country in both total area and population (behind Brazil in both cases), and is the seventh-largest country in Africa. It is bordered by Namibia to the south, the Democratic Republic of the Congo to the north, Zambia to the east, and the Atlantic Ocean to the west. Angola has an exclave province, the province of Cabinda, that ",False,True,1.0,0.575520932674408,0.9947493588551879
emb_minilm,144,Demographics of Angola,"According to the 2014 census, what was Angola's total population?","25,789,024 inhabitants","According to the 2014 census data provided in the context, Angola's total population was 25,789,024 inhabitants.",Angola | Demographics of Angola | Demographics of Angola,"Demographics

Angola has a population of 24,383,301 inhabitants according to the preliminary results of its 2014 census, the first one conducted or carried out since 15 December 1970. It is composed of Ovimbundu (language Umbundu) 37%, Ambundu (language Kimbundu) 23%, Bakongo 13%, and 32% other ethnic groups (including the Chokwe, the Ovambo, the Ganguela and the Xindonga) as well as about 2% mulattos (mixed European and African), 1.6% Chinese and 1% European. The Ambundu and Ovimbundu ethnic gr",False,True,1.0,0.9740431904792786,0.0005884170532226562
emb_minilm,145,Demographics of Angola,"Which ethnic group represents the largest percentage of Angola's population, and what is that percentage?","The Ovimbundu, representing 37% of the population","The Ovimbundu ethnic group represents the largest percentage of Angola's population, at 37%.",Demographics of Angola | Angola | Angola,"Demographic features of the population of Angola include population density, ethnicity, education level, health of the populace, economic status, religious affiliations and other aspects.

According to 2014 census data, Angola had a population of 25,789,024 inhabitants in 2014.
Ethnically, there are three main groups, each speaking a Bantu language: the Ovimbundu who represent 37% of the population, the Ambundu with 25%, and the Bakongo 11%. Other numerically important groups include the closely",False,True,0.75,0.6555595397949219,0.00011599063873291016
emb_minilm,146,Politics of Angola,How many parliamentarians are elected to Angola's National Assembly?,220,220,Politics of Angola | Politics of Angola | Angola,"José Eduardo dos Santos stepped down as President of Angola after 38 years in 2017, being peacefully succeeded by João Lourenço, Santos' chosen successor.

Legislative branch
The National Assembly (Assembleia Nacional) has 223 members, elected for a four-year term, 130 members by proportional representation, 90 members in provincial districts, and 3 members to represent Angolans abroad. The general elections in 1997 were rescheduled for 5 September 2008. The ruling party MPLA won 82% (191 seats ",False,True,1.0,0.7267581820487976,0.9883352806791663
emb_minilm,147,Politics of Angola,Which two highest bodies of the judiciary have the majority of their members appointed by the President together with the parliament?,the Constitutional Court and the Supreme Court,"Based on the provided information, the two highest bodies of the judiciary that have the majority of their members appointed by the President together with the parliament are:

1. The Constitutional Court
2. The Supreme Court

These two courts are described as having ""judicial power"" vested in them, indicating they play significant roles in the judicial branch of the government. Their composition involves appointments by the President along with the approval of the parliament, suggesting a collaborative approach to their establishment and oversight.",Andorra | Azerbaijan | Angola,"It is presided over by the member appointed by the Syndic General and the judges hold office for six-year terms.

The magistrates and judges are appointed by the High Court, as is the president of the Criminal Law Court. The High Court also appoints members of the Office of the Attorney General. The Constitutional Court is responsible for interpreting the Constitution and reviewing all appeals of unconstitutionality against laws and treaties. It is composed of four judges, one appointed by each ",False,False,1.0,0.48974406719207764,0.04646468162536621
emb_minilm,148,Economy of Angola,What was Angola's reported annual average GDP growth from 2001 to 2010?,11.1 percent,"According to the provided information, Angola's economy had an average GDP growth of 11.1% between 2001 and 2010.",Angola | Economy of Angola | Angola,"Since independence, oil and diamonds have been the most important economic resource. Smallholder and plantation agriculture dramatically dropped in the Angolan Civil War, but began to recover after 2002.

Angola's economy has in recent years moved on from the disarray caused by a quarter-century of Angolan civil war to become the fastest-growing economy in Africa and one of the fastest-growing in the world, with an average GDP growth of 20% between 2005 and 2007. In the period 2001–10, Angola ha",False,True,0.6666666666666666,0.8026320934295654,0.00330507755279541
emb_minilm,149,Economy of Angola,"In 2017, what percentage of Angola's government revenue was accounted for by the oil sector?",64 percent,"In 2017, the oil sector accounted for over 90 percent of exports by value and 64 percent of government revenue in Angola.",Angola | Economy of Angola | Economy of Angola,"With a stock of assets corresponding to 70 billion Kz (US$6.8 billion), Angola is now the third-largest financial market in sub-Saharan Africa, surpassed only by Nigeria and South Africa. According to the Angolan Minister of Economy, Abraão Gourgel, the financial market of the country grew modestly since 2002 and now occupies third place in sub-Saharan Africa.

On 19 December 2014, the Capital Market in Angola was launched. BODIVA (Angola Stock Exchange and Derivatives, in English) was allocated",False,True,1.0,0.9757771492004395,0.0032476186752319336
emb_minilm,150,Angolan Armed Forces,Who has been the Chief of the General Staff of the Angolan Armed Forces since 2018?,António Egídio de Sousa Santos,António Egídio de Sousa Santos has been the Chief of the General Staff of the Angolan Armed Forces since 2018.,Angolan Armed Forces | Angolan Armed Forces | Angolan Armed Forces,"The Angolan Armed Forces () or FAA is the military of Angola. The FAA consist of the Angolan Army (), the Angolan Navy () and the National Air Force of Angola (). Reported total manpower in 2021 was about 107,000.  The FAA is headed by the Chief of the General Staff António Egídio de Sousa Santos since 2018, who reports to the minister of National Defense, currently João Ernesto dos Santos.

History

Roots 
The FAA succeeded to the previous People's Armed Forces for the Liberation of Angola (FAP",False,True,1.0,0.9651244878768921,0.0002835392951965332
emb_minilm,151,Angolan Armed Forces,On what date were the Angolan Armed Forces created?,9 October 1991,The Angolan Armed Forces were created on 9 October 1991.,Angolan Armed Forces | Angolan Armed Forces | Angolan Armed Forces,"The Angolan Armed Forces () or FAA is the military of Angola. The FAA consist of the Angolan Army (), the Angolan Navy () and the National Air Force of Angola (). Reported total manpower in 2021 was about 107,000.  The FAA is headed by the Chief of the General Staff António Egídio de Sousa Santos since 2018, who reports to the minister of National Defense, currently João Ernesto dos Santos.

History

Roots 
The FAA succeeded to the previous People's Armed Forces for the Liberation of Angola (FAP",False,True,1.0,0.9745817184448242,2.7060508728027344e-05
emb_minilm,152,Albert Sidney Johnston,In which three armies did Albert Sidney Johnston serve as a general?,"the Texian Army, the United States Army, and the Confederate States Army.","Albert Sidney Johnston served as a general in three different armies:

1. The Texian Army
2. The United States Army
3. The Confederate States Army",Albert Sidney Johnston | Albert Sidney Johnston | Albert Sidney Johnston,"Albert Sidney Johnston (February 2, 1803 – April 6, 1862) served as a general in three different armies: the Texian Army, the United States Army, and the Confederate States Army. He saw extensive combat during his 34-year military career, fighting actions in the Black Hawk War, the Texas-Indian Wars, the Mexican–American War, the Utah War, and the American Civil War.

Considered by Confederate States President Jefferson Davis to be the finest general officer in the Confederacy before the later e",False,True,1.0,0.9273616075515747,0.007785618305206299
emb_minilm,153,Albert Sidney Johnston,On what date was Albert Sidney Johnston killed at the Battle of Shiloh?,"April 6, 1862.","April 6, 1862",Albert Sidney Johnston | Albert Sidney Johnston | Albert Sidney Johnston,"Albert Sidney Johnston (February 2, 1803 – April 6, 1862) served as a general in three different armies: the Texian Army, the United States Army, and the Confederate States Army. He saw extensive combat during his 34-year military career, fighting actions in the Black Hawk War, the Texas-Indian Wars, the Mexican–American War, the Utah War, and the American Civil War.

Considered by Confederate States President Jefferson Davis to be the finest general officer in the Confederacy before the later e",False,True,1.0,0.8446568250656128,0.9983896425692365
emb_minilm,154,Android (robot),"In which publication does the Oxford English Dictionary trace the earliest use of the term ""androides""?",Ephraim Chambers' 1728 Cyclopaedia,"The Oxford English Dictionary traces the earliest use of the term ""androides"" in Ephraim Chambers' 1728 Cyclopaedia.",Android (robot) | Android (robot) | Alphabet,"An android is a humanoid robot or other artificial being often made from a flesh-like material. Historically, androids were completely within the domain of science fiction and frequently seen in film and television, but advances in robot technology now allow the design of functional and realistic humanoid robots.

Terminology

The Oxford English Dictionary traces the earliest use (as ""Androides"") to Ephraim Chambers' 1728 Cyclopaedia, in reference to an automaton that St. Albertus Magnus alleged",False,True,1.0,0.9665919542312622,5.3882598876953125e-05
emb_minilm,155,Android (robot),"In what year did the term ""android"" appear in US patents referring to miniature human-like toy automatons?",1863,"The term ""android"" appeared in US patents referring to miniature human-like toy automatons in 1863.",Android (robot) | Android (robot) | Android (robot),"An android is a humanoid robot or other artificial being often made from a flesh-like material. Historically, androids were completely within the domain of science fiction and frequently seen in film and television, but advances in robot technology now allow the design of functional and realistic humanoid robots.

Terminology

The Oxford English Dictionary traces the earliest use (as ""Androides"") to Ephraim Chambers' 1728 Cyclopaedia, in reference to an automaton that St. Albertus Magnus alleged",False,True,1.0,0.9641962647438049,2.2172927856445312e-05
emb_minilm,156,Alberta,What is the capital of Alberta?,Edmonton,Edmonton is the capital of Alberta.,Alberta | Alberta | Alberta,"Alberta ( ) is one of the thirteen provinces and territories of Canada. It is a part of Western Canada and is one of the three prairie provinces. Alberta is bordered by British Columbia to the west, Saskatchewan to the east, the Northwest Territories to the north, and the U.S. state of Montana to the south. It is one of the only two landlocked provinces in Canada, with Saskatchewan being the other. The eastern part of the province is occupied by the Great Plains, while the western part borders t",False,True,1.0,0.9783968329429626,0.0001767277717590332
emb_minilm,157,Alberta,Which U.S. state borders Alberta to the south?,Montana,Montana,Alberta | Alberta | Alberta,"Alberta's southern border is the 49th parallel north, which separates it from the U.S. state of Montana. The 60th parallel north divides Alberta from the Northwest Territories. The 110th meridian west separates it from the province of Saskatchewan; while on the west its boundary with British Columbia follows the 120th meridian west south from the Northwest Territories at 60°N until it reaches the Continental Divide at the Rocky Mountains, and from that point follows the line of peaks marking the",False,True,1.0,0.7756519913673401,0.9921080153435469
emb_minilm,158,List of anthropologists,Which anthropologist is listed under the letter B and has the name Franz Boas?,Franz Boas,The anthropologist listed under the letter B who has the name Franz Boas is Franz Boas himself.,April 30 | Anthropology | Anthropology,"1864)

1901–present
1903 – Emily Stowe, Canadian physician and activist (b. 1831)
1910 – Jean Moréas, Greek poet and critic (b. 1856)
1926 – Bessie Coleman, American pilot (b. 1892)
1936 – A. E. Housman, English poet and scholar (b. 1859)
1939 – Frank Haller, American boxer (b. 1883)
1943 – Eddy Hamel, American footballer (b. 1902)
  1943   – Otto Jespersen, Danish linguist and academic (b. 1860)
  1943   – Beatrice Webb, English sociologist and economist (b. 1858) 

1945 – Eva Braun, German pho",False,False,1.0,0.04834070801734924,2.205371856689453e-05
emb_minilm,159,List of anthropologists,Who is the anthropologist listed under the letter D with the first name Wade?,Wade Davis,Wade Davis is the anthropologist listed under the letter D with the first name Wade.,April 15 | Avicenna | Anthropology,"1758)
1707 – Leonhard Euler, Swiss mathematician and physicist (d. 1783)
1710 – William Cullen, Scottish physician and chemist (d. 1790)
1741 – Charles Willson Peale, American painter and soldier (d. 1827)
1771 – Nicolas Chopin, French-Polish educator (d. 1844)
1772 – Étienne Geoffroy Saint-Hilaire, French biologist and zoologist (d. 1844)
1793 – Friedrich Georg Wilhelm von Struve, German astronomer and academic (d. 1864)
1795 – Maria Schicklgruber, mother of Alois Hitler and the paternal grandm",False,False,1.0,0.057110682129859924,5.602836608886719e-06
emb_minilm,160,Actinopterygii,What class is the sister class to Actinopterygii?,Sarcopterygii (lobe-finned fish),Sarcopterygii,Actinopterygii | Actinopterygii | Actinopterygii,"Actinopterygii (; ), members of which are known as ray-finned fish or actinopterygians, is a class of bony fish that comprise over 50% of living vertebrate species. They are so called because of their lightly built fins made of webs of skin supported by radially extended bony spines, as opposed to the bulkier, fleshy lobed fins of the sister class Sarcopterygii (lobe-finned fish). Resembling folding fans, the actinopterygian fins can change shape and wetted area easily, providing superior thrust",False,True,0.25,0.6191120147705078,0.9988027887884527
emb_minilm,161,Actinopterygii,Approximately what percentage of actinopterygian species are teleosts?,~99%,Approximately 99% of actinopterygian species are teleosts.,Actinopterygii | Actinopterygii | Actinopterygii,"The latter include mostly terrestrial species but also groups that became secondarily aquatic (e.g. Whales and Dolphins). Tetrapods evolved from a group of bony fish during the Devonian period. Approximate divergence dates for the different actinopterygian clades (in millions of years, mya) are from Near et al., 2012.

The polypterids (bichirs and reedfish) are the sister lineage of all other actinopterygians, the Acipenseriformes (sturgeons and paddlefishes) are the sister lineage of Neopterygi",False,True,1.0,0.9845936298370361,3.9458274841308594e-05
emb_minilm,162,Albert Einstein,When was Albert Einstein born?,14 March 1879,Albert Einstein was born on 14 March 1879.,Albert Einstein | Albert Einstein | Albert Einstein,"Albert Einstein ( ; ; 14 March 1879 – 18 April 1955) was a German-born theoretical physicist who is widely held to be one of the greatest and most influential scientists of all time. Best known for developing the theory of relativity, Einstein also made important contributions to quantum mechanics, and was thus a central figure in the revolutionary reshaping of the scientific understanding of nature that modern physics accomplished in the first decades of the twentieth century. His mass–energy e",False,True,1.0,0.9804154634475708,8.940696716308594e-06
emb_minilm,163,Albert Einstein,For what discovery did Einstein receive the 1921 Nobel Prize in Physics?,for his discovery of the law of the photoelectric effect,"For his discovery of the law of the photoelectric effect, Einstein received the 1921 Nobel Prize in Physics.",Albert Einstein | Albert Einstein | Albert Einstein,"Albert Einstein ( ; ; 14 March 1879 – 18 April 1955) was a German-born theoretical physicist who is widely held to be one of the greatest and most influential scientists of all time. Best known for developing the theory of relativity, Einstein also made important contributions to quantum mechanics, and was thus a central figure in the revolutionary reshaping of the scientific understanding of nature that modern physics accomplished in the first decades of the twentieth century. His mass–energy e",False,True,1.0,0.9872855544090271,0.00042551755905151367
emb_minilm,164,Afghanistan,What is the capital and largest city of Afghanistan?,Kabul,The capital and largest city of Afghanistan is Kabul.,Afghanistan | Afghanistan | Afghanistan,"Afghanistan, officially the Islamic Emirate of Afghanistan, is a landlocked country located at the crossroads of Central Asia and South Asia. Referred to as the Heart of Asia, it is bordered by Pakistan to the east and south, Iran to the west, Turkmenistan to the northwest, Uzbekistan to the north, Tajikistan to the northeast, and China to the northeast and east. Occupying  of land, the country is predominantly mountainous with plains in the north and the southwest, which are separated by the Hi",False,True,1.0,0.9860710501670837,0.00014483928680419922
emb_minilm,165,Afghanistan,"According to the World Population review, what is Afghanistan's population?",40.2 million,"According to the World Population review, Afghanistan's population is 40.2 million.",Afghanistan | Afghanistan | Afghanistan,"Afghanistan, officially the Islamic Emirate of Afghanistan, is a landlocked country located at the crossroads of Central Asia and South Asia. Referred to as the Heart of Asia, it is bordered by Pakistan to the east and south, Iran to the west, Turkmenistan to the northwest, Uzbekistan to the north, Tajikistan to the northeast, and China to the northeast and east. Occupying  of land, the country is predominantly mountainous with plains in the north and the southwest, which are separated by the Hi",False,True,1.0,0.9680168032646179,5.996227264404297e-05
emb_minilm,166,Albania,Which countries share land borders with Albania?,"Montenegro, Kosovo, North Macedonia, and Greece.","Montenegro to the northwest, Kosovo to the northeast, North Macedonia to the east and Greece to the south.",Albania | Albania | Albania,"Albania ( ;  or ), officially the Republic of Albania (), is a country in Southeast Europe. The country is located in the Balkans on the Adriatic and Ionian Seas within the Mediterranean Sea and shares land borders with Montenegro to the northwest, Kosovo to the northeast, North Macedonia to the east and Greece to the south. Spanning an area of , it displays a varied range of climatic, geological, hydrological and morphological conditions. The country's landscapes range from rugged snow-capped m",False,True,1.0,0.9680593609809875,0.5018463134765625
emb_minilm,167,Albania,What is the capital and largest city of Albania?,Tirana.,Tirana is the capital and largest city of Albania.,Albania | Albania | Albania,"Albania ( ;  or ), officially the Republic of Albania (), is a country in Southeast Europe. The country is located in the Balkans on the Adriatic and Ionian Seas within the Mediterranean Sea and shares land borders with Montenegro to the northwest, Kosovo to the northeast, North Macedonia to the east and Greece to the south. Spanning an area of , it displays a varied range of climatic, geological, hydrological and morphological conditions. The country's landscapes range from rugged snow-capped m",False,True,1.0,0.9858694076538086,1.5497207641601562e-05
emb_minilm,168,Allah,"According to the passage, from which Arabic phrase is the word “Allah” thought to be derived, and what does that phrase mean?","It is thought to be derived by contraction from al‑ilāh, which means “the god.”","The word ""Allah"" is thought to be derived from the Arabic phrase ""al-ilāh,"" which means ""the god.""",Allah | Allah | Allah,"Allah (; , , ) is the common Arabic word for God. In the English language, the word generally refers to God in Islam. The word is thought to be derived by contraction from al-ilāh, which means ""the god"", and is linguistically related to the Aramaic words Elah and Syriac  (ʼAlāhā) and the Hebrew word El (Elohim) for God.

The word Allah has been used by Arabic people of different religions since pre-Islamic times. The pre-Islamic Arabs worshipped a supreme deity whom they called Allah, alongside ",False,True,0.875,0.9738890528678894,0.0013993382453918457
emb_minilm,169,Allah,Name three non‑Muslim religious communities mentioned in the passage that use the term “Allah” to refer to God.,"Judaeo‑Arabic‑speaking Jews, Arab Christians, and Bábists.","Based on the provided context, three non-Muslim religious communities that use the term ""Allah"" to refer to God include:

1. Bábists
2. Bahá'ís
3. Mandaeans",Allah | Allah | Allah,"Allah (; , , ) is the common Arabic word for God. In the English language, the word generally refers to God in Islam. The word is thought to be derived by contraction from al-ilāh, which means ""the god"", and is linguistically related to the Aramaic words Elah and Syriac  (ʼAlāhā) and the Hebrew word El (Elohim) for God.

The word Allah has been used by Arabic people of different religions since pre-Islamic times. The pre-Islamic Arabs worshipped a supreme deity whom they called Allah, alongside ",False,True,0.25,0.244633287191391,0.13262683153152466
emb_minilm,170,Azerbaijan,What is the capital and largest city of Azerbaijan?,Baku,Baku is the capital and largest city of Azerbaijan.,Geography of Azerbaijan | Azerbaijan | Azerbaijan,"Azerbaijan is a country in the Caucasus region, situated at the juncture of Eastern Europe and West Asia. Three physical features dominate Azerbaijan: the Caspian Sea, whose shoreline forms a natural boundary to the east; the Greater Caucasus mountain range to the north; and the extensive flatlands at the country's center. About the size of Portugal or the US state of Maine, Azerbaijan has a total land area of approximately 86,600 square kilometers, less than 1% of the land area of the former So",False,True,1.0,0.9760605692863464,2.753734588623047e-05
emb_minilm,171,Azerbaijan,On what date did the modern Republic of Azerbaijan proclaim its independence?,30 August 1991,The modern Republic of Azerbaijan proclaimed its independence on 30 August 1991.,Azerbaijan | Azerbaijan | Azerbaijan,"Azerbaijan (, ; , ), officially the Republic of Azerbaijan, is a transcontinental country located at the boundary of Eastern Europe and West Asia. It is a part of the South Caucasus region and is bounded by the Caspian Sea to the east, Russia (Republic of Dagestan) to the north, Georgia to the northwest, Armenia and Turkey to the west, and Iran to the south. Baku is the capital and largest city.

The Azerbaijan Democratic Republic proclaimed its independence from the Transcaucasian Democratic Fe",False,True,1.0,0.9831542372703552,2.777576446533203e-05
emb_minilm,172,Amateur astronomy,What types of celestial objects or events do amateur astronomers monitor as part of citizen science?,"Variable stars, double stars, sunspots, and occultations of stars by the Moon or asteroids.","Amateur astronomers monitor various celestial objects and events as part of citizen science, including:

- Monitoring variable stars
- Observing double stars
- Studying sunspots
- Recording occurrences of occultations by the Moon or asteroids
- Discovering transient astronomical events such as comets, galactic novae, or supernovae in other galaxies.",Amateur astronomy | Amateur astronomy | Amateur astronomy,"Amateur astronomy is a hobby where participants enjoy observing or imaging celestial objects in the sky using the unaided eye, binoculars, or telescopes. Even though scientific research may not be their primary goal, some amateur astronomers make contributions in doing citizen science, such as by monitoring variable stars, double stars, sunspots, or occultations of stars by the Moon or asteroids, or by discovering transient astronomical events, such as comets, galactic novae or supernovae in oth",False,True,1.0,0.9847680926322937,0.060807645320892334
emb_minilm,173,Amateur astronomy,Do amateur astronomers use astronomy as their primary source of income or support?,"No, they do not use the field of astronomy as their primary source of income or support.","No, amateur astronomers do not use astronomy as their primary source of income or support.",Amateur astronomy | Astronomer | Amateur astronomy,"Amateur astronomy is a hobby where participants enjoy observing or imaging celestial objects in the sky using the unaided eye, binoculars, or telescopes. Even though scientific research may not be their primary goal, some amateur astronomers make contributions in doing citizen science, such as by monitoring variable stars, double stars, sunspots, or occultations of stars by the Moon or asteroids, or by discovering transient astronomical events, such as comets, galactic novae or supernovae in oth",False,True,0.8,0.9884458780288696,0.000644981861114502
emb_minilm,174,Aikido,In approximately how many countries is Aikido practiced?,around 140 countries,Around 140 countries.,Aikido | Aikido | Aikido,"Aikido ( ,  , , ) is a modern Japanese martial art that is split into many different styles, including Iwama Ryu, Iwama Shin Shin Aiki Shuren Kai, Shodokan Aikido, Yoshinkan, Renshinkai, Aikikai and Ki Aikido. Aikido is now practiced in around 140 countries. It was originally developed by Morihei Ueshiba, as a synthesis of his martial studies, philosophy and religious beliefs. Ueshiba's goal was to create an art that practitioners could use to defend themselves while also protecting their attack",False,True,1.0,0.9727339744567871,0.005533397197723389
emb_minilm,175,Aikido,Who originally developed Aikido?,Morihei Ueshiba,Morihei Ueshiba originally developed Aikido.,Aikido | Aikido | Aikido,"However, aikido has developed into many styles, most of which were formed by Morihei Ueshiba's major students.

The earliest independent styles to emerge were Yoseikan Aikido, begun by Minoru Mochizuki in 1931, Yoshinkan Aikido, founded by Gozo Shioda in 1955, and Shodokan Aikido, founded by Kenji Tomiki in 1967. The emergence of these styles pre-dated Ueshiba's death and did not cause any major upheavals when they were formalized. Shodokan Aikido, however, was controversial, since it introduced",False,True,1.0,0.983627438545227,4.57763671875e-05
emb_minilm,176,Art,What are the three classical branches of visual art in the Western tradition?,"painting, sculpture, and architecture","The three classical branches of visual art in the Western tradition are painting, sculpture, and architecture.",Art | Art | Art,"Art is a diverse range of human activity, and its resulting product, that involves creative or imaginative talent expressive of technical proficiency, beauty, emotional power, or conceptual ideas.

There is no generally agreed definition of what constitutes art, and its interpretation has varied greatly throughout history and across cultures. In the Western tradition, the three classical branches of visual art are painting, sculpture, and architecture. Theatre, dance, and other performing arts, ",False,True,1.0,0.9801817536354065,0.0011809468269348145
emb_minilm,177,Art,Until which century was art referred to as any skill or mastery and not differentiated from crafts or sciences?,the 17th century,"Until the second half of the 17th century, art was referred to as any skill or mastery and was not differentiated from crafts or sciences.",Artist | Art | Art,"In ancient Greece sculptors and painters were held in low regard, somewhere between freemen and slaves, their work regarded as mere manual labour.

The word art derives from the Latin """" (stem art-), which, although literally defined means ""skill method"" or ""technique"", also conveys a connotation of beauty.

During the Middle Ages the word artist already existed in some countries such as Italy, but the meaning was something resembling craftsman, while the word artisan was still unknown. An artis",False,True,1.0,0.704322874546051,0.0008135437965393066
emb_minilm,178,Agnostida,Into which two suborders is the order Agnostida divided?,Agnostina and Eodiscina,The order Agnostida is divided into two suborders - Agnostina and Eodiscina.,Agnostida | Asparagales | Asparagales,"Agnostida are an order of extinct arthropods which have classically been seen as a group of highly modified trilobites, though some recent research has doubted this placement. Regardless, they appear to be close relatives as part of the Artiopoda. They are present in the Lower Cambrian fossil record along with trilobites from the Redlichiida, Corynexochida, and Ptychopariida orders, and were highly diverse throughout the Cambrian. Agnostidan diversity severely declined during the Cambrian-Ordovi",False,True,1.0,0.9286338686943054,0.00010228157043457031
emb_minilm,179,Agnostida,In which geological period did the last agnostidans go extinct?,Late Ordovician,The last agnostidans went extinct in the Late Ordovician.,Agnostida | Agnostida | Atlantic Ocean,"Agnostida are an order of extinct arthropods which have classically been seen as a group of highly modified trilobites, though some recent research has doubted this placement. Regardless, they appear to be close relatives as part of the Artiopoda. They are present in the Lower Cambrian fossil record along with trilobites from the Redlichiida, Corynexochida, and Ptychopariida orders, and were highly diverse throughout the Cambrian. Agnostidan diversity severely declined during the Cambrian-Ordovi",False,True,1.0,0.9563963413238525,6.794929504394531e-06
emb_minilm,180,Abortion,What percentage of all pregnancies end in a miscarriage or spontaneous abortion according to the passage?,Approximately 30% to 40% of all pregnancies.,"According to the passage, approximately 30% to 40% of all pregnancies end in a miscarriage or spontaneous abortion.",Abortion | Abortion | Abortion,"Abortion is the termination of a pregnancy by removal or expulsion of an embryo or fetus. An abortion that occurs without intervention is known as a miscarriage or ""spontaneous abortion""; these occur in approximately 30% to 40% of all pregnancies. When deliberate steps are taken to end a pregnancy, it is called an induced abortion, or less frequently ""induced miscarriage"". The unmodified word abortion generally refers to an induced abortion. The reasons why women have abortions are diverse and v",False,True,1.0,0.9758220911026001,0.08021324872970581
emb_minilm,181,Abortion,"According to the passage, how does the risk of maternal mortality in the United States after an induced abortion compare to the risk after childbirth?",The risk of maternal mortality is 14 times lower after an induced abortion than after childbirth.,"According to the passage, the risk of maternal mortality is 14 times lower after an induced abortion than after childbirth in the United States.",Abortion | Abortion | Abortion,"Abortion is the termination of a pregnancy by removal or expulsion of an embryo or fetus. An abortion that occurs without intervention is known as a miscarriage or ""spontaneous abortion""; these occur in approximately 30% to 40% of all pregnancies. When deliberate steps are taken to end a pregnancy, it is called an induced abortion, or less frequently ""induced miscarriage"". The unmodified word abortion generally refers to an induced abortion. The reasons why women have abortions are diverse and v",False,True,1.0,0.9432588219642639,0.022629261016845703
emb_minilm,182,American Revolutionary War,On what date did the American Revolutionary War end?,"September 3, 1783","September 3, 1783",American Revolutionary War | American Revolutionary War | American Revolutionary War,"The American Revolutionary War (April 19, 1775 – September 3, 1783), also known as the Revolutionary War or American War of Independence, was the military conflict of the American Revolution in which American Patriot forces under George Washington's command defeated the British, resulting in the Treaty of Paris (1783) recognizing the independence and sovereignty of the United States. Fighting began on April 19, 1775, at the Battles of Lexington and Concord. The war was formalized and intensified",False,True,1.0,0.9257708787918091,0.9856076641008258
emb_minilm,183,American Revolutionary War,Which two European kingdoms eventually supported the American patriot forces?,The Kingdom of France and the Kingdom of Spain,Kingdom of France and the Kingdom of Spain,American Revolutionary War | American Revolutionary War | American Revolutionary War,"The American Revolutionary War (April 19, 1775 – September 3, 1783), also known as the Revolutionary War or American War of Independence, was the military conflict of the American Revolution in which American Patriot forces under George Washington's command defeated the British, resulting in the Treaty of Paris (1783) recognizing the independence and sovereignty of the United States. Fighting began on April 19, 1775, at the Battles of Lexington and Concord. The war was formalized and intensified",False,True,1.0,0.9308503270149231,0.7721013426780701
emb_minilm,184,Ampere,What is the symbol used for the unit ampere?,A,Amps,Ampere | Ampere | Ampere,"The ampere ( ,  ; symbol: A), often shortened to amp, is the unit of electric current in the International System of Units (SI).  One ampere is equal to 1 coulomb moving past a point in 1 second, or  electrons' worth of charge moving past a point in 1 second. It is named after French mathematician and physicist André-Marie Ampère (1775–1836), considered the father of electromagnetism along with Danish physicist Hans Christian Ørsted.

As of the 2019 redefinition of the SI base units, the ampere ",False,True,,0.9381421208381653,0.7914183288812637
emb_minilm,185,Ampere,"According to the passage, how much charge moving past a point in one second defines one ampere?",1 coulomb,One ampere is equal to 1 coulomb moving past a point in 1 second.,Ampere | Ampere | Ampere,"The ampere ( ,  ; symbol: A), often shortened to amp, is the unit of electric current in the International System of Units (SI).  One ampere is equal to 1 coulomb moving past a point in 1 second, or  electrons' worth of charge moving past a point in 1 second. It is named after French mathematician and physicist André-Marie Ampère (1775–1836), considered the father of electromagnetism along with Danish physicist Hans Christian Ørsted.

As of the 2019 redefinition of the SI base units, the ampere ",False,True,1.0,0.9906377792358398,0.0015669465065002441
emb_minilm,186,Algorithm,What term is used for algorithms that incorporate random input?,randomized algorithms,Quantum algorithm,Algorithm | Algorithm | Algorithm,"offer an informal meaning of the word ""algorithm"" in the following quotation:

An ""enumerably infinite set"" is one whose elements can be put into one-to-one correspondence with the integers. Thus Boolos and Jeffrey are saying that an algorithm implies instructions for a process that ""creates"" output integers from an arbitrary ""input"" integer or integers that, in theory, can be arbitrarily large. For example, an algorithm can be an algebraic equation such as y = m + n (i.e., two arbitrary ""input ",False,True,0.0,0.8839038610458374,0.5285238921642303
emb_minilm,187,Algorithm,"Which computer scientist used human characteristic terms such as ""memory"", ""search"", and ""stimulus"" as metaphors for machines?",Alan Turing,"Alan Turing used human characteristic terms such as ""memory"", ""search"", and ""stimulus"" as metaphors for machines.",Alan Turing | Algorithm | Artificial intelligence,"He continued to be paid consultancy fees by Ferranti until his death. During this time, he continued to do more abstract work in mathematics, and in ""Computing Machinery and Intelligence"" (Mind, October 1950), Turing addressed the problem of artificial intelligence, and proposed an experiment that became known as the Turing test, an attempt to define a standard for a machine to be called ""intelligent"". The idea was that a computer could be said to ""think"" if a human interrogator could not tell i",False,True,1.0,0.9870598316192627,0.00045031309127807617
emb_minilm,188,Annual plant,What is an annual plant defined as in the passage?,"A plant that completes its life cycle, from germination to the production of seeds, within one growing season, and then dies.","An annual plant is a plant that completes its life cycle, from germination to the production of seeds, within one growing season, and then dies.",Annual plant | Annual plant | Asteraceae,"An annual plant is a plant that completes its life cycle, from germination to the production of seeds, within one growing season, and then dies. The length of growing seasons and period in which they take place vary according to geographical location, and may not correspond to the four traditional seasonal divisions of the year.

Description
With respect to the traditional seasons, annual plants are generally categorized into summer annuals and winter annuals. Summer annuals germinate during spr",False,True,1.0,0.987501859664917,0.5082695186138153
emb_minilm,189,Annual plant,How long does it take oilseed rapa to complete a seed‑to‑seed life cycle under a bank of fluorescent lamps?,About five weeks.,"Under a bank of fluorescent lamps, oilseed rapa can go from seed-to-seed in about five weeks.",Annual plant | Annual plant | Agriculture,"An annual plant is a plant that completes its life cycle, from germination to the production of seeds, within one growing season, and then dies. The length of growing seasons and period in which they take place vary according to geographical location, and may not correspond to the four traditional seasonal divisions of the year.

Description
With respect to the traditional seasons, annual plants are generally categorized into summer annuals and winter annuals. Summer annuals germinate during spr",False,True,1.0,0.9837002158164978,0.009285926818847656
emb_minilm,190,Atlas (disambiguation),What is the Atlas that is described as an Ancient Greek Titanic deity?,Atlas (mythology),The Atlas that is described as an Ancient Greek Titanic deity is Atlas of Mauretania.,Atlantic Ocean | Atlas (disambiguation) | Athens,"A. R. 1. 211):  (Greek: ; English: 'the Atlantic sea'; etym. 'Sea of Atlas') and in The Histories of Herodotus around 450 BC (Hdt. 1.202.4):  (Greek: ; English: 'Sea of Atlas' or 'the Atlantic sea') where the name refers to ""the sea beyond the pillars of Heracles"" which is said to be part of the sea that surrounds all land. In these uses, the name refers to Atlas, the Titan in Greek mythology, who supported the heavens and who later appeared as a frontispiece in medieval maps and also lent his n",False,True,0.5,0.9961413741111755,1.5497207641601562e-06
emb_minilm,191,Atlas (disambiguation),"Which Atlas is a historic movie theatre located in Istanbul, Turkey?",Atlas Cinema,"I apologize, but there seems to be a mistake in your request. The information provided does not mention any historic movie theaters or Atlases related to them. The text focuses on cultural aspects of Ankara, including theaters, museums, and other cultural institutions. Therefore, based solely on the given context, I cannot provide an answer to the question ""Which Atlas is a historic movie theater located in Istanbul, Turkey? "".",Ankara | Ankara | Anatolia,"Theater 

The Turkish State Theatres also has its head office in Ankara and runs the following stages in the city:

125. Yıl Çayyolu Sahnesi
Büyük Tiyatro,
Küçük Tiyatro,
Şinasi Sahnesi,
Akün Sahnesi,
Altındağ Tiyatrosu,
İrfan Şahinbaş Atölye Sahnesi,
Oda Tiyatrosu,
Mahir Canova Sahnesi,
Muhsin Ertuğrul Sahnesi.

In addition, the city is served by several private theater companies, among which Ankara Sanat Tiyatrosu, who have their own stage in the city center, is a notable example.

Museums 

T",False,False,0.5,0.7742848992347717,0.41106653213500977
emb_minilm,192,Mouthwash,What is the primary intended function of most mouthwashes?,They are antiseptic solutions intended to reduce the microbial load in the mouth.,The primary intended function of most mouthwashes is to reduce the microbial load in the mouth.,Mouthwash | Mouthwash | Mouthwash,"Mouthwash, mouth rinse, oral rinse, or mouth bath is a liquid which is held in the mouth passively or swirled around the mouth by contraction of the perioral muscles and/or movement of the head, and may be gargled, where the head is tilted back and the liquid bubbled at the back of the mouth.

Usually mouthwashes are antiseptic solutions intended to reduce the microbial load in the mouth, although other mouthwashes might be given for other reasons such as for their analgesic, anti-inflammatory o",False,True,0.625,0.8421176075935364,0.00017327070236206055
emb_minilm,193,Mouthwash,What effect can rinsing with water or mouthwash after brushing with a fluoride toothpaste have on salivary fluoride?,"It can reduce the availability of salivary fluoride, which can lower the anti‑cavity re‑mineralization and antibacterial effects of fluoride.",Rinsing with water or mouthwash after brushing with a fluoride toothpaste can reduce the availability of salivary fluoride.,Mouthwash | Mouthwash | Mouthwash,"Mouthwash, mouth rinse, oral rinse, or mouth bath is a liquid which is held in the mouth passively or swirled around the mouth by contraction of the perioral muscles and/or movement of the head, and may be gargled, where the head is tilted back and the liquid bubbled at the back of the mouth.

Usually mouthwashes are antiseptic solutions intended to reduce the microbial load in the mouth, although other mouthwashes might be given for other reasons such as for their analgesic, anti-inflammatory o",False,True,0.4166666666666667,0.9819122552871704,0.12315452098846436
emb_minilm,194,Alexander the Great,At what age did Alexander III of Macedon succeed his father Philip II to the throne?,20,Alexander III of Macedon succeeded his father Philip II to the throne at the age of 20.,Alexander the Great | Alexander the Great | Alexander the Great,"Alexander III of Macedon (; 20/21 July 356 BC – 10/11 June 323 BC), commonly known as Alexander the Great, was a king of the ancient Greek kingdom of Macedon. He succeeded his father Philip II to the throne in 336 BC at the age of 20, and spent most of his ruling years conducting a lengthy military campaign throughout Western Asia and Egypt. By the age of 30, he had created one of the largest empires in history, stretching from Greece to northwestern India. He was undefeated in battle and is wid",False,True,1.0,0.9861976504325867,3.159046173095703e-05
emb_minilm,195,Alexander the Great,In which year did Alexander invade the Achaemenid Persian Empire?,334 BC,Alexander invaded the Achaemenid Persian Empire in 334 BC.,Alexander the Great | Alexander the Great | Anatolia,"Alexander III of Macedon (; 20/21 July 356 BC – 10/11 June 323 BC), commonly known as Alexander the Great, was a king of the ancient Greek kingdom of Macedon. He succeeded his father Philip II to the throne in 336 BC at the age of 20, and spent most of his ruling years conducting a lengthy military campaign throughout Western Asia and Egypt. By the age of 30, he had created one of the largest empires in history, stretching from Greece to northwestern India. He was undefeated in battle and is wid",False,True,1.0,0.9841690063476562,2.6226043701171875e-05
emb_minilm,196,Alfred Korzybski,What is Alfred Korzybski's best known dictum?,The map is not the territory,"His best known dictum is ""The map is not the territory.""",Alfred Korzybski | Alfred Korzybski | Alfred Korzybski,"The contention that Korzybski opposed the use of the verb ""to be"" would be a profound exaggeration.

He thought that certain uses of the verb ""to be"", called the ""is of identity"" and the ""is of predication"", were faulty in structure, e.g., a statement such as, ""Elizabeth is a fool"" (said of a person named ""Elizabeth"" who has done something that we regard as foolish). In Korzybski's system, one's assessment of Elizabeth belongs to a higher order of abstraction than Elizabeth herself. Korzybski's ",False,True,1.0,0.9729189276695251,0.00038373470306396484
emb_minilm,197,Alfred Korzybski,In what year did Alfred Korzybski move to North America?,1916,1916,Alfred Korzybski | Alfred Korzybski | Alfred Korzybski,"Alfred Habdank Skarbek Korzybski (, ; July 3, 1879 – March 1, 1950) was a Polish-American independent scholar who developed a field called general semantics, which he viewed as both distinct from, and more encompassing than, the field of semantics. He argued that human knowledge of the world is limited both by the human nervous system and the languages humans have developed, and thus no one can have direct access to reality, given that the most we can know is that which is filtered through the b",False,True,1.0,0.4848572909832001,0.9907856341451406
emb_minilm,198,Asteroids (video game),Who designed the arcade game Asteroids?,Lyle Rains and Ed Logg,Lyle Rains and Ed Logg designed the arcade game Asteroids.,Asteroids (video game) | Asteroids (video game) | Asteroids (video game),"Asteroids is a space-themed multidirectional shooter arcade video game designed by Lyle Rains and Ed Logg released in November 1979 by Atari, Inc. The player controls a single spaceship in an asteroid field which is periodically traversed by flying saucers. The object of the game is to shoot and destroy the asteroids and saucers, while not colliding with either, or being hit by the saucers' counter-fire. The game becomes harder as the number of asteroids increases.

Asteroids was conceived durin",False,True,1.0,0.986409068107605,6.210803985595703e-05
emb_minilm,199,Asteroids (video game),How many upright and cocktail cabinets of Asteroids were sold?,"47,840 upright cabinets and 8,725 cocktail cabinets","47,840 upright cabinets and 8,725 cocktail cabinets.",Asteroids (video game) | Asteroid | Asteroid,"Asteroids is a space-themed multidirectional shooter arcade video game designed by Lyle Rains and Ed Logg released in November 1979 by Atari, Inc. The player controls a single spaceship in an asteroid field which is periodically traversed by flying saucers. The object of the game is to shoot and destroy the asteroids and saucers, while not colliding with either, or being hit by the saucers' counter-fire. The game becomes harder as the number of asteroids increases.

Asteroids was conceived durin",False,True,1.0,0.9180563688278198,0.0026834607124328613
emb_minilm,200,Asparagales,"In which year was the order Asparagales first put forward, and who proposed it?",It was first put forward by Huber in 1977.,The order Asparagales was first put forward by Huber in 1977.,Asparagales | Asparagales | Asparagales,"The typical 'Arabidopsis-type' sequence of bases has been fully or partially replaced by other sequences, with the 'human-type' predominating.
 Other apomorphic characters of the order according to Stevens are: the presence of chelidonic acid, anthers longer than wide, tapetal cells bi- to tetra-nuclear, tegmen not persistent, endosperm helobial, and loss of mitochondrial gene sdh3.

Taxonomy

As circumscribed within the Angiosperm Phylogeny Group system Asparagales is the largest order within t",False,True,1.0,0.9431406259536743,3.2186508178710938e-06
emb_minilm,201,Asparagales,"According to the APG circumscription, how many families, genera, and species are included in Asparagales?","Asparagales includes 14 families, 1,122 genera, and about 36,000 species.","According to the APG III system's family circumscriptions, the order Asparagales is the largest order of monocots with 14 families, 1,122 genera, and about 36,000 species.",Asparagales | Asparagales | Asparagales,"Relationships within these broadly defined families appear less clear, particularly within the Asparagaceae sensu lato. Stevens notes that most of its subfamilies are difficult to recognize, and that significantly different divisions have been used in the past, so that the use of a broadly defined family to refer to the entire clade is justified. Thus the relationships among subfamilies shown above, based on APWeb , is somewhat uncertain.

Evolution
Several studies have attempted to date the evo",False,True,0.9090909090909091,0.4364989101886749,0.019050896167755127
emb_minilm,202,Alismatales,How many species are included in the Alismatales order?,"about 4,500 species","About 4,500 species are included in the Alismatales order.",Alismatales | Alismatales | Alismatales,"The Dahlgren system places the Alismatales in the superorder Alismatanae in the subclass Liliidae [= monocotyledons] in the class Magnoliopsida [= angiosperms] with the following families included:
  Alismataceae
  Aponogetonaceae
  Butomaceae
  Hydrocharitaceae
  Limnocharitaceae

In Tahktajan's classification (1997), the order Alismatales contains only the Alismataceae and Limnocharitaceae, making it equivalent to the Alismataceae as revised in APG-III. Other families included in the Alismatat",False,True,1.0,0.9789157509803772,0.00020736455917358398
emb_minilm,203,Alismatales,What is the most important food crop in the Alismatales order?,"the corm of the taro plant, Colocasia esculenta","The most important food crop in the Alismatales order is the corm of the taro plant, Colocasia esculenta.",Agricultural science | Agriculture | Alismatales,"crop science, animal science and their included sciences, e.g. ruminant nutrition, farm animal welfare); such fields as agricultural economics and rural sociology; various disciplines encompassed in agricultural engineering.

See also
 Agricultural Research Council
 Agricultural sciences basic topics
 Agriculture ministry
 Agroecology
 American Society of Agronomy
 Genomics of domestication
 History of agricultural science
 Institute of Food and Agricultural Sciences
 International Assessment of",False,True,1.0,0.9731971621513367,0.00018519163131713867
emb_minilm,204,Apiales,Which well‑known members are included in the order Apiales?,"carrots, celery, parsley, and Hedera helix (English ivy).","Well-known members of the order Apiales include carrots, celery, parsley, and English ivy.",Apiales | Actinopterygii | Actinopterygii,"The Apiales are an order of flowering plants. The families are those recognized in the APG III system. This is typical of the newer classifications, though there is some slight variation and in particular, the Torriceliaceae may also be divided.

Under this definition, well-known members include carrots, celery, parsley, and Hedera helix (English ivy).

The order Apiales is placed within the asterid group of eudicots as circumscribed by the APG III system. Within the asterids, Apiales belongs to",False,True,0.7142857142857143,0.9630265235900879,0.0001195669174194336
emb_minilm,205,Apiales,"Within the asterids, to which unranked group does the order Apiales belong?",the campanulids.,"Within the asterids, the order Apiales belongs to an unranked group called the campanulids.",Apiales | Asparagales | Asparagales,"The Apiales are an order of flowering plants. The families are those recognized in the APG III system. This is typical of the newer classifications, though there is some slight variation and in particular, the Torriceliaceae may also be divided.

Under this definition, well-known members include carrots, celery, parsley, and Hedera helix (English ivy).

The order Apiales is placed within the asterid group of eudicots as circumscribed by the APG III system. Within the asterids, Apiales belongs to",False,True,1.0,0.9722418785095215,0.00019949674606323242
emb_minilm,206,Asterales,What nutrient storage molecule do Asterales use instead of starch?,oligosaccharide inulin,Oligosaccharide inulin is the nutrient storage molecule that Asterales use instead of starch.,Asterales | Algae | Asteraceae,"Asterales () is an order of dicotyledonous flowering plants that includes the large family Asteraceae (or Compositae) known for composite flowers made of florets, and ten families related to the Asteraceae. While asterids in general are characterized by fused petals, composite flowers consisting of many florets create the false appearance of separate petals (as found in the rosids).

The order is cosmopolitan (plants found throughout most of the world including desert and frigid zones), and incl",False,True,1.0,0.9680766463279724,0.01914238929748535
emb_minilm,207,Asterales,"What are the two growth forms, besides herbaceous species, that are present in the order Asterales?",trees and shrubs,"The two growth forms, besides herbaceous species, that are present in the order Asterales are trees and shrubs.",Asterales | Asparagales | Asterales,"Asterales () is an order of dicotyledonous flowering plants that includes the large family Asteraceae (or Compositae) known for composite flowers made of florets, and ten families related to the Asteraceae. While asterids in general are characterized by fused petals, composite flowers consisting of many florets create the false appearance of separate petals (as found in the rosids).

The order is cosmopolitan (plants found throughout most of the world including desert and frigid zones), and incl",False,True,1.0,0.7396915555000305,0.0005378127098083496
emb_minilm,208,Asteroid,What are the three classification types of asteroids mentioned in the passage?,"C-type, M-type, and S-type.","The three classification types of asteroids mentioned in the passage are:

1. C-type - Carbonaceous
2. S-type - Silicaceous
3. M-type - Metallic",Asteroid | Asteroid | Asteroid,"An asteroid is a minor planet—an object that is neither a true planet nor a comet—that orbits within the inner Solar System. They are rocky, metallic or icy bodies with no atmosphere. Sizes and shapes of asteroids vary significantly, ranging from 1-meter rocks to a dwarf planet almost 1000 km in diameter.

Of the roughly one million known asteroids the greatest number are located between the orbits of Mars and Jupiter, approximately 2 to 4 AU from the Sun, in the main asteroid belt. Asteroids ar",False,True,1.0,0.8552862405776978,0.03577941656112671
emb_minilm,209,Asteroid,What percentage of Earth's Moon's mass does the total mass of all asteroids represent?,3%,3%,Asteroid | Asteroid | Asteroid,"On some rare occasions, a near-Earth asteroid may briefly become visible without technical aid; see 99942 Apophis.

The mass of all the objects of the asteroid belt, lying between the orbits of Mars and Jupiter, is estimated to be , ≈ 3.25% of the mass of the Moon. Of this, Ceres comprises , about 40% of the total. Adding in the next three most massive objects, Vesta (11%), Pallas (8.5%), and Hygiea (3–4%), brings this figure up to a bit over 60%, whereas the next seven most-massive asteroids br",False,True,1.0,0.5702847242355347,0.8568122833967209
emb_minilm,210,Allocution,What is an allocution according to the passage?,A formal statement made to the court by the defendant who has been found guilty prior to being sentenced.,"According to the passage, an allocution is a formal statement made to the court by the defendant who has been found guilty prior to being sentenced. It is part of the criminal procedure in some jurisdictions using common law.",Allocution | Anaximander | A Modest Proposal,"An allocution, or allocutus, is a formal statement made to the court by the defendant who has been found guilty prior to being sentenced. It is part of the criminal procedure in some jurisdictions using common law.

Concept 
An allocution allows the defendant to explain why the sentence should be lenient. In plea bargains, an allocution may be required of the defendant. The defendant explicitly admits specifically and in detail the actions and their reasons in exchange for a reduced sentence.

I",False,True,1.0,0.9853628873825073,0.6409730315208435
emb_minilm,211,Allocution,"In Australia, who uses the term allocutus and how is it phrased?","It is used by the Clerk of Arraigns or another formal associate of the court, phrased as, ""Prisoner at the Bar, you have been found Guilty by a jury of your peers of the offense of XYZ. Do you have anything to say as to why the sentence of this Court should not now be passed upon you?""","In Australia, the term allocutus is used by the Clerk of Arraigns or another formal associate of the court. It is generally phrased as, ""Prisoner at the Bar, you have been found Guilty by a jury of your peers of the offense of XYZ. Do you have anything to say as to why the sentence of this Court should not now be passed upon you?""",Allocution | Apollo | Apollo,"An allocution, or allocutus, is a formal statement made to the court by the defendant who has been found guilty prior to being sentenced. It is part of the criminal procedure in some jurisdictions using common law.

Concept 
An allocution allows the defendant to explain why the sentence should be lenient. In plea bargains, an allocution may be required of the defendant. The defendant explicitly admits specifically and in detail the actions and their reasons in exchange for a reduced sentence.

I",False,True,1.0,0.9600779414176941,0.648299366235733
emb_minilm,212,Affidavit,What is an affidavit as defined in the passage?,A written statement voluntarily made by an affiant or deponent under an oath or affirmation which is administered by a person authorized by law.,An affidavit is a written statement voluntarily made by an affiant or deponent under an oath or affirmation which is administered by a person who is authorized to do so by law.,Affidavit | Affidavit | Affidavit,"An  ( ; Medieval Latin for ""he has declared under oath"") is a written statement voluntarily made by an affiant or deponent under an oath or affirmation which is administered by a person who is authorized to do so by law. Such a statement is witnessed as to the authenticity of the affiant's signature by a taker of oaths, such as a notary public or commissioner of oaths. An affidavit is a type of verified statement or showing, or in other words, it contains a verification, which means that it is m",False,True,1.0,0.9897817373275757,0.6139312088489532
emb_minilm,213,Affidavit,Who may witness the authenticity of the affiant's signature according to the passage?,"A taker of oaths, such as a notary public or commissioner of oaths.","According to the passage, witnesses to the authenticity of the affiant's signature include a notary public or a commissioner of oaths.",Affidavit | Affidavit | Articles of Confederation,"An  ( ; Medieval Latin for ""he has declared under oath"") is a written statement voluntarily made by an affiant or deponent under an oath or affirmation which is administered by a person who is authorized to do so by law. Such a statement is witnessed as to the authenticity of the affiant's signature by a taker of oaths, such as a notary public or commissioner of oaths. An affidavit is a type of verified statement or showing, or in other words, it contains a verification, which means that it is m",False,True,0.6666666666666666,0.9826911091804504,0.012217700481414795
emb_minilm,214,Aries (constellation),What is the area of the Aries constellation in square degrees?,441 square degrees,The area of the Aries constellation is 441 square degrees.,Aries (constellation) | Aries (constellation) | Aries (constellation),"Aries  is one of the constellations of the zodiac. It is located in the Northern celestial hemisphere between Pisces to the west and Taurus to the east. The name Aries is Latin for ram. Its old astronomical symbol is  (♈︎). It is one of the 48 constellations described by the 2nd century astronomer Ptolemy, and remains one of the 88 modern constellations.  It is a mid-sized constellation ranking 39th in overall size, with an area of 441 square degrees (1.1% of the celestial sphere).

Aries has re",False,True,1.0,0.9703385829925537,3.552436828613281e-05
emb_minilm,215,Aries (constellation),What rank does Aries hold in overall size among constellations?,39th,Aries ranks 39th in overall size among constellations.,Aries (constellation) | Aries (constellation) | Aries (constellation),"Aries  is one of the constellations of the zodiac. It is located in the Northern celestial hemisphere between Pisces to the west and Taurus to the east. The name Aries is Latin for ram. Its old astronomical symbol is  (♈︎). It is one of the 48 constellations described by the 2nd century astronomer Ptolemy, and remains one of the 88 modern constellations.  It is a mid-sized constellation ranking 39th in overall size, with an area of 441 square degrees (1.1% of the celestial sphere).

Aries has re",False,True,1.0,0.9782253503799438,1.3232231140136719e-05
emb_minilm,216,Aquarius (constellation),"What is the apparent magnitude of Beta Aquarii, the brightest star in Aquarius?",2.9,"The apparent magnitude of Beta Aquarii, the brightest star in Aquarius, is 2.9.",Aquarius (constellation) | Aquarius (constellation) | Aquarius (constellation),"The two brightest stars, α Aquarii and β Aquarii, are luminous yellow supergiants, of spectral types G0Ib and G2Ib respectively, that were once hot blue-white B-class main sequence stars 5 to 9 times as massive as the Sun. The two are also moving through space perpendicular to the plane of the Milky Way. Just shading α, β Aquarii is the brightest star in Aquarius with apparent  It also has the proper name of Sadalsuud. Having cooled and swollen to around 50 times the Sun's diameter, it is around",False,True,1.0,0.9823871850967407,3.3736228942871094e-05
emb_minilm,217,Aquarius (constellation),What title is given to Aquarius in the Babylonian star catalogues?,The Great One,"""The Great One""",Aquarius (constellation) | Aquarius (constellation) | Aquarius (constellation),"Aquarius is an equatorial constellation of the zodiac, between Capricornus and Pisces. Its name is Latin for ""water-carrier"" or ""cup-carrier"", and its old astronomical symbol is  (♒︎), a representation of water. Aquarius is one of the oldest of the recognized constellations along the zodiac (the Sun's apparent path). It was one of the 48 constellations listed by the 2nd century astronomer Ptolemy, and it remains one of the 88 modern constellations. It is found in a region often called the Sea du",False,True,1.0,0.9400820732116699,0.92234256118536
emb_minilm,218,Anime,When did the earliest commercial Japanese animations date to?,1917,The earliest commercial Japanese animations date to 1917.,Anime | Anime | Animation,"Puppets of the bunraku theater and ukiyo-e prints are considered ancestors of characters of most Japanese animations. Finally, mangas were a heavy inspiration for anime. Cartoonists Kitzawa Rakuten and Okamoto Ippei used film elements in their strips.

Pioneers 

Animation in Japan began in the early 20th century, when filmmakers started to experiment with techniques pioneered in France, Germany, the United States, and Russia. A claim for the earliest Japanese animation is Katsudō Shashin (), a ",False,True,1.0,0.9568324089050293,0.00015473365783691406
emb_minilm,219,Anime,Which cartoonist's works contributed to the emergence of a characteristic anime art style in the 1960s?,Osamu Tezuka,Osamu Tezuka's works contributed to the emergence of a characteristic anime art style in the 1960s.,Anime | Anime | Anime,"is hand-drawn and computer-generated animation originating from Japan. Outside Japan and in English, anime refers specifically to animation produced in Japan. However, in Japan and in Japanese,  (a term derived from a shortening of the English word animation) describes all animated works, regardless of style or origin. Many works of animation with a similar style to Japanese animation are also produced outside Japan. Video games sometimes also feature themes and artstyles that can be considered ",False,True,1.0,0.9762826561927795,4.398822784423828e-05
emb_minilm,220,Ankara,What are the historical names of Ankara?,Ancyra and Angora,Historical names of Ankara include Ancyra and Angora.,Ankara | Ankara | Ankara,"The area is also known for its pears, honey and Muscat grapes. Although situated in one of the driest regions of Turkey and surrounded mostly by steppe vegetation (except for the forested areas on the southern periphery), Ankara can be considered a green city in terms of green areas per inhabitant, at  per head.

Etymology 

The orthography of the name Ankara has varied over the ages. It has been identified with the Hittite cult center Ankuwaš,  although this remains a matter of debate. In class",False,True,1.0,0.9925829172134399,0.00013554096221923828
emb_minilm,221,Ankara,On what date was the Grand National Assembly of Turkey established in Ankara?,23 April 1920,The Grand National Assembly of Turkey was established in Ankara on 23 April 1920.,Ankara | Ankara | Ankara,"In response, the leader of the Turkish nationalist movement, Mustafa Kemal Atatürk, established the headquarters of his resistance movement in Angora in 1920. After the Turkish War of Independence was won and the Treaty of Sèvres was superseded by the Treaty of Lausanne (1923), the Turkish nationalists replaced the Ottoman Empire with the Republic of Turkey on 29 October 1923. A few days earlier, Angora had officially replaced Constantinople as the new Turkish capital city, on 13 October 1923, a",False,True,1.0,0.9577906131744385,2.181529998779297e-05
emb_minilm,222,Arabic,In which century did Arabic emerge?,It emerged in the 1st century AD.,"The earliest known emergence of Arabic can be traced back to the 6th century AD, specifically during the late 6th century AD when a relatively uniform intertribal ""poetic koine"" distinct from the spoken vernaculars developed based on the Bedouin dialects of Najd, possibly connected to the court of al-Ḥīra.",Arabic | Arabic | Arabic,"Following the early Muslim conquests, Arabic gained vocabulary from Middle Persian and Turkish. In the early Abbasid period, many Classical Greek terms entered Arabic through translations carried out at Baghdad's House of Wisdom.

By the 8th century, knowledge of Classical Arabic had become an essential prerequisite for rising into the higher classes throughout the Islamic world, both for Muslims and non-Muslims. For example, Maimonides, the Andalusi Jewish philosopher, authored works in Judeo-A",False,True,0.5,0.974035382270813,0.6761389374732971
emb_minilm,223,Arabic,Arabic is an official language of how many states?,It is an official language of 26 states and 1 disputed territory.,26 states,Arabic | Arabic | Arabic,"Arabic (,  ; ,   or ) is a Semitic language spoken primarily across the Arab world. Having emerged in the 1st century AD, it is named after the Arab people; the term ""Arab"" was initially used to describe those living in the Arabian Peninsula, as perceived by geographers from ancient Greece.

Since the 7th century, Arabic has been characterized by diglossia, with an opposition between a standard prestige language—i.e., Literary Arabic: Modern Standard Arabic (MSA) or Classical Arabic—and diverse ",False,True,0.2857142857142857,0.920987069606781,0.847400352358818
emb_minilm,224,Alfred Hitchcock,How many Academy Award nominations did Alfred Hitchcock's films receive?,46,"Based on the provided context, Alfred Hitchcock's films received 46 Academy Award nominations.",Alfred Hitchcock | Alfred Hitchcock | Alfred Hitchcock,"Sir Alfred Joseph Hitchcock  (13 August 1899 – 29 April 1980) was an English film director, screenwriter, producer and editor. He is widely regarded as one of the most influential figures in the history of cinema. In a career spanning six decades, he directed over 50 feature films, many of which are still widely watched and studied today. Known as the ""Master of Suspense"", he became as well known as any of his actors thanks to his many interviews, his cameo roles in most of his films, and his ho",False,True,1.0,0.9852024912834167,0.0001277923583984375
emb_minilm,225,Alfred Hitchcock,What was the title of Alfred Hitchcock's directorial debut?,The Pleasure Garden,The Pleasure Garden (1925),Alfred Hitchcock | Alfred Hitchcock | Alfred Hitchcock,"They hired him, and in 1919 he began working for Islington Studios in Poole Street, Hoxton, as a title-card designer.

Donald Spoto wrote that most of the staff were Americans with strict job specifications, but the English workers were encouraged to try their hand at anything, which meant that Hitchcock gained experience as a co-writer, art director and production manager on at least 18 silent films. The Times wrote in February 1922 about the studio's ""special art title department under the sup",False,True,1.0,0.9184530973434448,0.7322090268135071
emb_minilm,226,Anaconda,How many species of anacondas are currently recognized?,Four species,Four species are currently recognized.,Anaconda | Anaconda | Asteraceae,"The name commonly used for the anaconda in Brazil is sucuri, sucuriju or sucuriuba.

Species and other uses of the term ""anaconda"" 
The term ""anaconda"" has been used to refer to:

 Any member of the genus Eunectes, a group of large, aquatic snakes found in South America:
 Eunectes murinus, the green anaconda – the largest species, found east of the Andes in Colombia, Venezuela, the Guianas, Ecuador, Peru, Bolivia, Brazil and Trinidad and Tobago
 Eunectes notaeus, the yellow anaconda – a small sp",False,True,1.0,0.9899212121963501,6.23464584350586e-05
emb_minilm,227,Anaconda,Which anaconda species is the largest snake in the world by weight?,the common or green anaconda (Eunectes murinus),The common or green anaconda (Eunectes murinus) is the largest snake in the world by weight.,Anaconda | Anaconda | Amphibian,"Anacondas or water boas are a group of large snakes of the genus Eunectes. They are found in tropical South America. Four species are currently recognized.

Description
Although the name applies to a group of snakes, it is often used to refer only to one species, in particular, the common or green anaconda (Eunectes murinus), which is the largest snake in the world by weight, and the second longest after the reticulated python.

Etymology
The South American names anacauchoa and anacaona were sug",False,True,1.0,0.9730667471885681,0.0003777742385864258
emb_minilm,228,Altaic languages,Which language families are included in the proposed Altaic language family according to the passage?,"The Turkic, Mongolic, and Tungusic language families, and possibly also the Japonic and Koreanic languages.","The proposed Altaic language family includes the Turkic, Mongolic, and Tungusic language families, as well as potentially the Japonic and Koreanic languages.",Altaic languages | Altaic languages | Altaic languages,"Altaic () is a controversial proposed language family that would include the Turkic, Mongolic and Tungusic language families and possibly also the Japonic and Koreanic languages. The hypothetical language family has long been rejected by most comparative linguists, although it continues to be supported by a small but stable scholarly minority. Speakers of the constituent languages are currently scattered over most of Asia north of 35° N and in some eastern parts of Europe, extending in longitude",False,True,0.8,0.9816012382507324,0.0022562742233276367
emb_minilm,229,Altaic languages,In which century was the Altaic family first proposed?,In the 18th century.,The Altaic family was first proposed in the 18th century.,Altaic languages | Altaic languages | Altaic languages,"Altaic () is a controversial proposed language family that would include the Turkic, Mongolic and Tungusic language families and possibly also the Japonic and Koreanic languages. The hypothetical language family has long been rejected by most comparative linguists, although it continues to be supported by a small but stable scholarly minority. Speakers of the constituent languages are currently scattered over most of Asia north of 35° N and in some eastern parts of Europe, extending in longitude",False,True,1.0,0.9800598621368408,7.033348083496094e-06
emb_minilm,230,Austrian German,"In which year was the Österreichisches Wörterbuch, which formalized Austrian German, published?",1951,"The Österreichisches Wörterbuch, which formalized Austrian German, was published in 1951.",Austrian German | Austrian German | Austrian German,"Austrian German (), Austrian Standard German (ASG), Standard Austrian German (), Austrian High German (), or simply just Austrian (), is an official and standard variety of Standard High German written and spoken in Austria and Italian South Tyrol. It has the highest sociolinguistic prestige locally, as it is the variation used in the media and for other formal situations. In less formal situations, Austrians use Bavarian and Alemannic dialects, which are traditionally spoken but rarely written ",False,True,1.0,0.9691368341445923,5.125999450683594e-06
emb_minilm,231,Austrian German,Which language was adopted as the standard for Austrian German for pragmatic reasons?,The already-standardized chancellery language of Saxony (Sächsische Kanzleisprache or Meißner Kanzleideutsch).,"The language that was adopted as the standard for Austrian German for pragmatic reasons was the chancellery language of Saxony, which was based on the administrative language of the non-Austrian area of Meißen and Dresden.",Austrian German | Austrian German | Austrian German,"Austrian German (), Austrian Standard German (ASG), Standard Austrian German (), Austrian High German (), or simply just Austrian (), is an official and standard variety of Standard High German written and spoken in Austria and Italian South Tyrol. It has the highest sociolinguistic prestige locally, as it is the variation used in the media and for other formal situations. In less formal situations, Austrians use Bavarian and Alemannic dialects, which are traditionally spoken but rarely written ",False,True,0.36363636363636365,0.9590403437614441,0.12656909227371216
emb_minilm,232,Axiom of choice,Who formulated the axiom of choice and in what year?,Ernst Zermelo formulated the axiom of choice in 1904.,Ernst Zermelo formulated the axiom of choice in 1904.,Axiom of choice | Axiom of choice | Axiom of choice,"In mathematics, the axiom of choice, abbreviated AC or AoC, is an axiom of set theory equivalent to the statement that a Cartesian product of a collection of non-empty sets is non-empty. Informally put, the axiom of choice says that given any collection of sets, each containing at least one element, it is possible to construct a new set by arbitrarily choosing one element from each set, even if the collection is infinite. Formally, it states that for every indexed family  of nonempty sets, there",False,True,1.0,0.9539130330085754,0.00013768672943115234
emb_minilm,233,Axiom of choice,What does the axiom of choice formally state for every indexed family of nonempty sets?,"It states that for every indexed family of nonempty sets, there exists an indexed set such that for every index i, the ith element of the indexed set is an element of the ith set.","For every indexed family of nonempty sets, there exists an indexed set such that for every , the element selected is from the set .",Axiom of choice | Axiom of choice | Axiom of choice,"In mathematics, the axiom of choice, abbreviated AC or AoC, is an axiom of set theory equivalent to the statement that a Cartesian product of a collection of non-empty sets is non-empty. Informally put, the axiom of choice says that given any collection of sets, each containing at least one element, it is possible to construct a new set by arbitrarily choosing one element from each set, even if the collection is infinite. Formally, it states that for every indexed family  of nonempty sets, there",False,True,0.7142857142857143,0.9030565619468689,0.3324729800224304
emb_minilm,234,Attila,When did Attila die?,March 453,Attila died in March 453.,Attila | Attila | Attila,"In the midst of the revels, however, he suffered severe bleeding and died. He may have had a nosebleed and choked to death in a stupor. Or he may have succumbed to internal bleeding, possibly due to ruptured esophageal varices. Esophageal varices are dilated veins that form in the lower part of the esophagus, often caused by years of excessive alcohol consumption; they are fragile and can easily rupture, leading to death by hemorrhage.

Another account of his death was first recorded 80 years af",False,True,1.0,0.9694374203681946,8.893013000488281e-05
emb_minilm,235,Attila,Which groups were part of the empire Attila led?,"Huns, Ostrogoths, Alans, and Bulgars","The empire Attila led consisted of Huns, Ostrogoths, Alans, and Bulgars, among others, in Central and Eastern Europe.",Attila | Attila | Attila,"Attila (  or  ; ), frequently called Attila the Hun, was the ruler of the Huns from 434 until his death, in March 453. He was also the leader of an empire consisting of Huns, Ostrogoths, Alans, and Bulgars, among others, in Central and Eastern Europe.

During his reign, he was one of the most feared enemies of the Western and Eastern Roman Empires. He crossed the Danube twice and plundered the Balkans but was unable to take Constantinople. In 441, he led an invasion of the Eastern Roman (Byzanti",False,True,1.0,0.9908804893493652,0.000943601131439209
emb_minilm,236,Aegean Sea,Which straits connect the Aegean Sea to the Marmara Sea and the Black Sea?,The Dardanelles and the Bosphorus,The straits that connect the Aegean Sea to the Marmara Sea and the Black Sea are the Dardanelles and the Bosphorus.,Aegean Sea | Aegean Sea | Aegean Sea,"The Aegean Sea is an elongated embayment of the Mediterranean Sea between Europe and Asia. It is located between the Balkans and Anatolia, and covers an area of some . In the north, the Aegean is connected to the Marmara Sea, which in turn connects to the Black Sea, by the straits of the Dardanelles and the Bosphorus, respectively. The Aegean Islands are located within the sea and some bound it on its southern periphery, including Crete and Rhodes. The sea reaches a maximum depth of  to the west",False,True,1.0,0.9473260045051575,0.0020229220390319824
emb_minilm,237,Aegean Sea,Which islands are included in the Dodecanese group?,"Rhodes, Kos, and Patmos","The Dodecanese group includes the following islands:

1. Rhodes
2. Kos
3. Patmos
4. Delos
5. Naxos",Archipelago | Aegean Sea | Demographics of American Samoa,"An archipelago ( ), sometimes called an island group or island chain, is a chain, cluster, or collection of islands, or sometimes a sea containing a small number of scattered islands.

Examples of archipelagos include: the Indonesian Archipelago, the Andaman and Nicobar Islands, the Lakshadweep Islands, the Galápagos Islands, the Japanese archipelago, the Philippine Archipelago, the Maldives, the Balearic Islands, the Åland Islands, The Bahamas, the Aegean Islands, the Hawaiian Islands, the Cana",False,True,1.0,0.8472668528556824,0.05910158157348633
emb_minilm,238,A Clockwork Orange (novel),Who is the author of A Clockwork Orange?,English writer Anthony Burgess,The author of A Clockwork Orange is Anthony Burgess.,A Clockwork Orange (novel) | A Clockwork Orange (novel) | A Clockwork Orange (novel),"A Clockwork Orange is a dystopian satirical black comedy novel by English writer Anthony Burgess, published in 1962. It is set in a near-future society that has a youth subculture of extreme violence. The teenage protagonist, Alex, narrates his violent exploits and his experiences with state authorities intent on reforming him. The book is partially written in a Russian-influenced argot called ""Nadsat"", which takes its name from the Russian suffix that is equivalent to '-teen' in English. Accord",False,True,0.5,0.9829246401786804,5.125999450683594e-06
emb_minilm,239,A Clockwork Orange (novel),In what year was A Clockwork Orange included on Time magazine's list of the 100 best English-language novels written since 1923?,2005,1962,A Clockwork Orange (novel) | A Clockwork Orange (novel) | A Clockwork Orange (novel),"A Clockwork Orange is a dystopian satirical black comedy novel by English writer Anthony Burgess, published in 1962. It is set in a near-future society that has a youth subculture of extreme violence. The teenage protagonist, Alex, narrates his violent exploits and his experiences with state authorities intent on reforming him. The book is partially written in a Russian-influenced argot called ""Nadsat"", which takes its name from the Russian suffix that is equivalent to '-teen' in English. Accord",False,True,0.0,0.9635447263717651,0.9992678186972626
emb_minilm,240,Amsterdam,What is the population of Amsterdam within the city proper?,"921,402","The population of Amsterdam within the city proper is approximately 872,000.",Amsterdam | Amsterdam | Amsterdam,"Though much larger in area, the population of this area is only slightly larger, because the definition excludes the relatively populous municipality of Zaanstad. The largest area by population, the Amsterdam Metropolitan Area (Dutch: Metropoolregio Amsterdam), has a population of 2,33 million. It includes for instance Zaanstad, Wormerland, Muiden, Abcoude, Haarlem, Almere and Lelystad but excludes Graft-De Rijp. Amsterdam is part of the conglomerate metropolitan area Randstad, with a total popu",False,True,0.0,0.24682030081748962,3.0159950256347656e-05
emb_minilm,241,Amsterdam,"Which area, annexed in 1921, is the oldest part of Amsterdam dating to the 9th century?",Sloten,"Sloten, annexed in 1921 by the municipality of Amsterdam, is the oldest part of the city, dating to the 9th century.",Amsterdam | Amsterdam | Amsterdam,"Amsterdam ( ,  , ; literally, ""The Dam on the River Amstel"") is the capital and most populated city of the Netherlands, with The Hague being the seat of government. It has a population of 921,402 within the city proper, 1,457,018 in the urban area and 2,480,394 in the metropolitan area. Located in the Dutch province of North Holland, Amsterdam is colloquially referred to as the ""Venice of the North"", for its large number of canals, now designated a UNESCO World Heritage Site.

Amsterdam was foun",False,True,1.0,0.9695174098014832,0.00018960237503051758
emb_minilm,242,Museum of Work,In which city is the Museum of Work located?,"Norrköping, Sweden.","Norrköping, Sweden.",Museum of Work | Athens | Ankara,"The Museum of Work (Arbetets museum) is a museum located in Norrköping, Sweden. The museum is located in the Strykjärn (Clothes iron), a former weaving mill in the old industrial area on the Motala ström river in the city centre of Norrköping. The former textile factory Holmens Bruk (sv) operated in the building from 1917 to 1962.

The museum documents work and everyday life by collecting personal stories about people's professional lives from both the past and the present. The museum's archive ",False,True,1.0,0.9616469740867615,0.12049055099487305
emb_minilm,243,Museum of Work,Since what year has the museum housed the EWK – Center for Political Illustration Art?,2009.,"Since 2009, the museum has housed the EWK – Center for Political Illustration Art.",Museum of Work | Museum of Work | Ankara,"The exhibition also consisted of presentations of the working life museums in Sweden and a number of rooms with themes such as: leisure, world, living and consumption.

Framtidsland (Future country) 
In 2014, the exhibition was inaugurated that takes by where Industriland ends: Future country. It is an exhibition that investigates what a sustainable society is will be part of the museum's exhibitions until 2019. The exhibition consists of materials that are designed based on conversations betwee",False,True,1.0,0.9782664179801941,0.00010514259338378906
emb_minilm,244,Audi,Where is Audi AG headquartered?,"Ingolstadt, Bavaria, Germany.","Audi AG is headquartered in Ingolstadt, Bavaria, Germany.",Audi | Audi | Audi,"Audi AG () is a German automotive manufacturer of luxury vehicles headquartered in Ingolstadt, Bavaria, Germany. A subsidiary of the Volkswagen Group, Audi produces vehicles in nine production facilities worldwide.

The origins of the company are complex, dating back to the early 20th century and the initial enterprises (Horch and the Audiwerke) founded by engineer August Horch (1868–1951). Two other manufacturers (DKW and Wanderer) also contributed to the foundation of Auto Union in 1932. The m",False,True,1.0,0.9829749464988708,3.5762786865234375e-05
emb_minilm,245,Audi,In how many production facilities worldwide does Audi produce vehicles?,Nine.,Seven,Audi | Audi | Audi,"One factor for its popularity in China is that Audis have become the car of choice for purchase by the Chinese government for officials, and purchases by the government are responsible for 20% of its sales in China. As of late 2009, Audi's operating profit of €1.17 billion ($1.85 billion) made it the biggest contributor to parent Volkswagen Group's nine-month operating profit of €1.5 billion, while the other marques in Group such as Bentley and SEAT had suffered considerable losses. May 2011 saw",False,True,0.0,0.7061291933059692,0.6261813342571259
emb_minilm,246,Aircraft,"What is the science of aviation, including designing and building aircraft, called?",Aeronautics.,"The science of aviation, including designing and building aircraft, is called aeronautics.",Aircraft | Aircraft | Aircraft,"An aircraft (: aircraft) is a vehicle that is able to fly by gaining support from the air. It counters the force of gravity by using either static lift or the dynamic lift of an airfoil, or, in a few cases, direct downward thrust from its engines. Common examples of aircraft include airplanes, helicopters, airships (including blimps), gliders, paramotors, and hot air balloons.

The human activity that surrounds aircraft is called aviation. The science of aviation, including designing and buildin",False,True,1.0,0.9779480695724487,0.00010347366333007812
emb_minilm,247,Aircraft,Into how many eras is the history of aircraft divided?,Five.,Five,Aircraft | Alexander Graham Bell | Assembly line,"An aircraft (: aircraft) is a vehicle that is able to fly by gaining support from the air. It counters the force of gravity by using either static lift or the dynamic lift of an airfoil, or, in a few cases, direct downward thrust from its engines. Common examples of aircraft include airplanes, helicopters, airships (including blimps), gliders, paramotors, and hot air balloons.

The human activity that surrounds aircraft is called aviation. The science of aviation, including designing and buildin",False,True,1.0,0.751445472240448,0.48803937435150146
emb_minilm,248,Alfred Nobel,In what year was Alfred Nobel's invention dynamite patented?,1867,1867,Alfred Nobel | Alfred Nobel | Alfred Nobel,"Alfred Bernhard Nobel ( , ; 21 October 1833 – 10 December 1896) was a Swedish chemist, engineer, inventor, businessman, and philanthropist. He is known for creating dynamite as well as having bequeathed his fortune to establish the Nobel Prize. He also made several important contributions to science, holding 355 patents in his lifetime. Nobel's most famous invention was dynamite, an explosive using  nitroglycerin; it was patented in 1867.

Nobel displayed an early aptitude for science and learni",False,True,1.0,0.7566590905189514,0.9990340250660665
emb_minilm,249,Alfred Nobel,How many patents did Alfred Nobel hold during his lifetime?,355,"During his lifetime, Alfred Nobel held 355 patents.",Alfred Nobel | Alfred Nobel | Alfred Nobel,"Alfred Bernhard Nobel ( , ; 21 October 1833 – 10 December 1896) was a Swedish chemist, engineer, inventor, businessman, and philanthropist. He is known for creating dynamite as well as having bequeathed his fortune to establish the Nobel Prize. He also made several important contributions to science, holding 355 patents in his lifetime. Nobel's most famous invention was dynamite, an explosive using  nitroglycerin; it was patented in 1867.

Nobel displayed an early aptitude for science and learni",False,True,1.0,0.9757269024848938,1.2159347534179688e-05
emb_minilm,250,Alexander Graham Bell,On what date was Alexander Graham Bell awarded the first U.S. patent for the telephone?,"March 7, 1876.","March 7, 1876",Alexander Graham Bell | Alexander Graham Bell | Alexander Graham Bell,"Alexander Graham Bell (, born Alexander Bell; March 3, 1847 – August 2, 1922) was a  Scottish-born inventor, scientist and engineer who is credited with patenting the first practical telephone. He also co-founded the American Telephone and Telegraph Company (AT&T) in 1885.

Bell's father, grandfather, and brother had all been associated with work on elocution and speech, and both his mother and wife were deaf; profoundly influencing Bell's life's work. His research on hearing and speech further ",False,True,1.0,0.8296164870262146,0.9991289344034158
emb_minilm,251,Alexander Graham Bell,"What position did Bell hold in the National Geographic Society, and during which years did he serve?","He was the second president, serving from January 7, 1898, until 1903.","Bell held the position of the second president of the National Geographic Society, serving from January 7, 1898, until 1903.",Alexander Graham Bell | Alexander Graham Bell | Alexander Graham Bell,"The laboratory was also the site where he and his associate invented his ""proudest achievement"", ""the photophone"", the ""optical telephone"" which presaged fibre optical telecommunications while the Volta Bureau would later evolve into the Alexander Graham Bell Association for the Deaf and Hard of Hearing (the AG Bell), a leading center for the research and pedagogy of deafness.

In partnership with Gardiner Greene Hubbard, Bell helped establish the publication Science during the early 1880s. In 1",False,True,0.8888888888888888,0.9634554386138916,3.4928321838378906e-05
emb_minilm,252,Anatolia,"Which seas bound Anatolia to the north, south, and west?","The Black Sea to the north, the Mediterranean Sea to the south, and the Aegean Sea to the west.","The Aegean Sea bounds Anatolia to the north, the Mediterranean Sea to the south, and the Black Sea to the west.",Anatolia | Aegean Sea | Anatolia,"Anatolia, also known as Asia Minor, is a large peninsula in West Asia and is the western-most extension of continental Asia. The land mass of Anatolia constitutes most of the territory of contemporary Turkey. Geographically, the Anatolian region is bounded by the Turkish Straits to the north-west, the Black Sea to the north, the Armenian Highlands to the east, the Mediterranean Sea to the south, and the Aegean Sea to the west. Topographically, the Sea of Marmara connects the Black Sea with the A",False,True,1.0,0.9422909021377563,0.06954175233840942
emb_minilm,253,Anatolia,What were the major Anatolian languages mentioned in the passage?,"Hittite, Luwian, and Lydian.","The major Anatolian languages mentioned in the passage include Hittite, Luwian, and Lydian.",Anatolia | Anatolia | Anatolia,"Anatolia, also known as Asia Minor, is a large peninsula in West Asia and is the western-most extension of continental Asia. The land mass of Anatolia constitutes most of the territory of contemporary Turkey. Geographically, the Anatolian region is bounded by the Turkish Straits to the north-west, the Black Sea to the north, the Armenian Highlands to the east, the Mediterranean Sea to the south, and the Aegean Sea to the west. Topographically, the Sea of Marmara connects the Black Sea with the A",False,True,1.0,0.9872865080833435,0.00011682510375976562
emb_minilm,254,Apple Inc.,In which city is Apple Inc. headquartered?,"Cupertino, California","Cupertino, California",Apple Inc. | Apple Inc. | Apple Inc.,"Apple Inc. is an American multinational technology company headquartered in Cupertino, California. , Apple is the world's biggest company by market capitalization, and with  the largest technology company by 2022 revenue. , Apple is the fourth-largest personal computer vendor by unit sales; the largest manufacturing company by revenue; and the second-largest mobile phone manufacturer in the world. It is considered one of the Big Five American information technology companies, alongside Alphabet ",False,True,1.0,0.9022812247276306,0.9915380012243986
emb_minilm,255,Apple Inc.,Who were the three founders of Apple Computer Company?,"Steve Wozniak, Steve Jobs and Ronald Wayne","The three founders of Apple Computer Company were Steve Jobs, Steve Wozniak, and Ronald Wayne.",Apple Inc. | Apple Inc. | Apple Inc.,"When Jobs resigned in 2011 for health reasons, and died two months later, he was succeeded as CEO by Tim Cook.

Apple became the first publicly traded U.S. company to be valued at over $1 trillion in August 2018, then at $2 trillion in August 2020, and at $3 trillion in January 2022. In June 2023, it was valued at just over $3 trillion. The company receives criticism regarding the labor practices of its contractors, its environmental practices, and its business ethics, including anti-competitive",False,True,1.0,0.8029310703277588,5.125999450683594e-05
emb_minilm,256,Aberdeenshire,Where is Aberdeenshire Council headquartered?,"Woodhill House, in Aberdeen.","Woodhill House, in Aberdeen.",Aberdeenshire | Aberdeenshire | Aberdeenshire,"Aberdeenshire (; ) is one of the 32 council areas of Scotland.

It takes its name from the County of Aberdeen, which has substantially different boundaries. The Aberdeenshire Council area includes all of the area of the historic counties of Aberdeenshire and Kincardineshire (except the area making up Aberdeen City council area), as well as part of Banffshire. The county boundaries are officially used for a few purposes, namely land registration and lieutenancy.

Aberdeenshire Council is headquar",False,True,1.0,0.9462971091270447,0.0279543399810791
emb_minilm,257,Aberdeenshire,Which historic counties' areas are included in the Aberdeenshire Council area?,"All of the area of the historic counties of Aberdeenshire and Kincardineshire (except the area making up Aberdeen City council area), as well as part of Banffshire.","The Aberdeenshire Council area includes all of the area of the historic counties of Aberdeenshire and Kincardineshire (except the area making up Aberdeen City council area), as well as part of Banffshire.",Aberdeenshire | Aberdeenshire | Aberdeenshire,"Aberdeenshire (; ) is one of the 32 council areas of Scotland.

It takes its name from the County of Aberdeen, which has substantially different boundaries. The Aberdeenshire Council area includes all of the area of the historic counties of Aberdeenshire and Kincardineshire (except the area making up Aberdeen City council area), as well as part of Banffshire. The county boundaries are officially used for a few purposes, namely land registration and lieutenancy.

Aberdeenshire Council is headquar",False,True,1.0,0.9665353894233704,0.2681741714477539
emb_minilm,258,Aztlan Underground,Which musical genres does Aztlan Underground combine in their music?,"Hip‑Hop, Punk Rock, Jazz, and electronic music with Chicano and Native American themes, and indigenous instrumentation.","Aztlan Underground combines Hip-Hop, Punk Rock, Jazz, and electronic music with Chicano and Native American themes, and indigenous instrumentation.",Aztlan Underground | Aztlan Underground | Accordion,"Aztlan Underground is a band from Los Angeles, California that combines Hip-Hop, Punk Rock, Jazz, and electronic music with Chicano and Native American themes, and indigenous instrumentation. They are often cited as progenitors of Chicano rap.

Background 
The band traces its roots to the late-1980s hardcore scene in the Eastside of Los Angeles. They have played rapcore, with elements of punk, hip hop, rock, funk, jazz, indigenous music, and spoken word. Indigenous drums, flutes, and rattles are",False,True,1.0,0.9921255707740784,0.0004512667655944824
emb_minilm,259,Aztlan Underground,In what year did Aztlan Underground appear on Culture Clash on Fox?,1993,1993,Aztlan Underground | Agrarianism | Aztlan Underground,"Aztlan Underground is a band from Los Angeles, California that combines Hip-Hop, Punk Rock, Jazz, and electronic music with Chicano and Native American themes, and indigenous instrumentation. They are often cited as progenitors of Chicano rap.

Background 
The band traces its roots to the late-1980s hardcore scene in the Eastside of Los Angeles. They have played rapcore, with elements of punk, hip hop, rock, funk, jazz, indigenous music, and spoken word. Indigenous drums, flutes, and rattles are",False,True,1.0,0.6702516078948975,0.9988213279284537
emb_minilm,260,American Civil War,On what date did the American Civil War end?,"May 26, 1865","The American Civil War ended on June 26, 1865.",American Civil War | American Civil War | American Civil War,"It proved to be the largest surrender of Confederate forces. On May 4, all remaining Confederate forces in Alabama, Louisiana east of the Mississippi River, and Mississippi under Lieutenant General Richard Taylor surrendered.

The Confederate president, Jefferson Davis, was captured at Irwinville, Georgia on May 10, 1865.

On May 13, 1865, the last land battle of the war was fought at the Battle of Palmito Ranch in Texas.

On May 26, 1865, Confederate Lt. Gen. Simon B. Buckner, acting for Genera",False,True,0.6666666666666666,0.9368384480476379,0.00019794702529907227
emb_minilm,261,American Civil War,Who was the President of the Confederacy?,Jefferson Davis,Jefferson Davis,American Civil War | American Civil War | Abraham Lincoln,"The American Civil War (April 12, 1861 – May 26, 1865; also known by other names) was a civil war in the United States between the Union (""the North"") and the Confederacy (""the South""), formed by states that had seceded from the Union. The cause of the war was the dispute over whether slavery would be permitted to expand into the western territories, leading to more slave states, or be prevented from doing so, which many believed would place slavery on a course of ultimate extinction.

Decades o",False,True,1.0,0.7112809419631958,0.8362873196601868
emb_minilm,262,Andy Warhol,What are two of Andy Warhol's best‑known silkscreen paintings mentioned in the passage?,Campbell's Soup Cans (1962) and Marilyn Diptych (1962).,"Two of Andy Warhol's best-known silkscreen paintings mentioned in the passage are:

1. The 1982 portrait of Jean-Michel Basquiat, which is a silkscreen over an oxidized copper ""piss painting"".
2. The collaboration with Basquiat and Clemente, creating a series of more than 50 large collaborative works between 1984 and 1985.",Andy Warhol | Andy Warhol | Andy Warhol,"The symposium was held in 1962, at The Museum of Modern Art, and published in this issue the following year.
 
 Celant, Germano. Andy Warhol: A Factory. Kunstmuseum Wolfsbug, 1999. 
 
 
 
 Doyle, Jennifer, Jonathan Flatley, and José Esteban Muñoz, eds (1996). Pop Out: Queer Warhol. Durham: Duke University Press.
 Duncan Fallowell, 20th Century Characters, ch. Andy Lives (London, Vintage, 1994)
 
 
 
 James, James, ""Andy Warhol: The Producer as Author"", in Allegories of Cinema: American Film in t",False,True,0.14285714285714285,0.8161462545394897,0.004905343055725098
emb_minilm,263,Andy Warhol,Which experimental rock band did Andy Warhol manage and produce in the late 1960s?,The Velvet Underground.,The Velvet Underground,Andy Warhol | Andy Warhol | Andy Warhol,"Music
In the mid-1960s, Warhol adopted the band the Velvet Underground, making them a crucial element of the Exploding Plastic Inevitable multimedia performance art show. Warhol, with Paul Morrissey, acted as the band's manager, introducing them to Nico (who would perform with the band at Warhol's request). While managing The Velvet Underground, Andy would have them dressed in all black to perform in front of movies that he was also presenting. In 1966, he ""produced"" their first album The Velvet",False,True,1.0,0.9134188890457153,0.9925393564626575
emb_minilm,264,Alp Arslan,"What does the nickname ""Alp Arslan"" mean in Turkish?",Heroic Lion,"""Heroic Lion"" in Turkish.",Alp Arslan | Attila | Alp Arslan,"Alp Arslan, born Muhammad bin Dawud Chaghri, was the second sultan of the Seljuk Empire and great-grandson of Seljuk, the eponymous founder of the dynasty. He greatly expanded the Seljuk territory and consolidated his power, defeating rivals to the south and northwest, and his victory over the Byzantines at the Battle of Manzikert, in 1071, ushered in the Turkmen settlement of Anatolia. 

Muhammad bin Dawud Chaghri's military prowess and fighting skills earned him the nickname Alp Arslan, which ",False,True,1.0,0.9691469073295593,0.00331801176071167
emb_minilm,265,Alp Arslan,In what year did Alp Arslan win the Battle of Manzikert against the Byzantines?,1071,1071,Alp Arslan | Alp Arslan | Alp Arslan,"Alp Arslan, who had moved his troops south to fight the Fatimids, quickly reversed to meet the Byzantines. Alp Arslan handed control of his army to his eunuch slave general, Taranges, and commanded him to ""Win or be beheaded."" Taranges prepared for the battle by setting traps and organizing ambushes. The Seljuk and Byzantine armies met on Friday, 26 August 1071 at Manzikert on the Murat River, north of Lake Van, beginning the Battle of Manzikert. The Cuman mercenaries among the Byzantine forces ",False,True,1.0,0.742841362953186,0.9998313472460723
emb_minilm,266,American Film Institute,Who chairs the board of trustees of the American Film Institute?,Kathleen Kennedy,Kathleen Kennedy chairs the board of trustees of the American Film Institute.,American Film Institute | Academy Awards | American Film Institute,"The American Film Institute (AFI) is an American nonprofit film organization that educates filmmakers and honors the heritage of the motion picture arts in the United States. AFI is supported by private funding and public membership fees.

Leadership

The institute is composed of leaders from the film, entertainment, business, and academic communities. The board of trustees is chaired by Kathleen Kennedy and the board of directors chaired by Robert A. Daly guide the organization, which is led by",False,True,1.0,0.9749744534492493,4.100799560546875e-05
emb_minilm,267,American Film Institute,In what year was the American Film Institute established?,1967,The American Film Institute was established in 1967.,American Film Institute | Artistic revolution | American Film Institute,"The American Film Institute (AFI) is an American nonprofit film organization that educates filmmakers and honors the heritage of the motion picture arts in the United States. AFI is supported by private funding and public membership fees.

Leadership

The institute is composed of leaders from the film, entertainment, business, and academic communities. The board of trustees is chaired by Kathleen Kennedy and the board of directors chaired by Robert A. Daly guide the organization, which is led by",False,True,1.0,0.9008383750915527,7.748603820800781e-06
emb_minilm,268,Akira Kurosawa,"What was the title of Akira Kurosawa's directorial debut film released during World War II, and in what year was it released?","Sanshiro Sugata, 1943","The title of Akira Kurosawa's directorial debut film released during World War II was ""Sanshiro Sugata."" This film was released on March 25, 1943.",Akira Kurosawa | Akira Kurosawa | Akira Kurosawa,"He bought the book on its publication day, devoured it in one sitting, and immediately asked Toho to secure the film rights. Kurosawa's initial instinct proved correct as, within a few days, three other major Japanese studios also offered to buy the rights. Toho prevailed, and Kurosawa began pre-production on his debut work as director.

Shooting of Sanshiro Sugata began on location in Yokohama in December 1942. Production proceeded smoothly, but getting the completed film past the censors was a",False,True,1.0,0.769074022769928,4.220008850097656e-05
emb_minilm,269,Akira Kurosawa,Which Akira Kurosawa film won the Golden Lion at the 1951 Venice Film Festival?,Rashomon,Rashomon,Akira Kurosawa | Akira Kurosawa | Akira Kurosawa,"was a Japanese filmmaker and painter who directed 30 films in a career spanning over five decades. He is widely regarded as one of the greatest and most influential filmmakers in the history of cinema. Kurosawa displayed a bold, dynamic style, strongly influenced by Western cinema yet distinct from it; he was involved with all aspects of film production.

Kurosawa entered the Japanese film industry in 1936, following a brief stint as a painter. After years of working on numerous films as an assi",False,True,1.0,0.862718403339386,0.9593070447444916
emb_minilm,270,Ancient Egypt,Who is credited with the political unification of Upper and Lower Egypt around 3100 BC?,Menes (often identified with Narmer),Menes (often identified with Narmer) is credited with the political unification of Upper and Lower Egypt around 3100 BC.,Ancient Egypt | Ancient Egypt | Ancient Egypt,"Ancient Egypt was a civilization in Northeast Africa situated in the Nile Valley. Ancient Egyptian civilization followed prehistoric Egypt and coalesced around 3100BC (according to conventional Egyptian chronology) with the political unification of Upper and Lower Egypt under Menes (often identified with Narmer). The history of ancient Egypt occurred as a series of stable kingdoms, separated by periods of relative instability known as Intermediate Periods: the Old Kingdom of the Early Bronze Age",False,True,1.0,0.9782774448394775,0.00021654367446899414
emb_minilm,271,Ancient Egypt,"Which kingdom ruled Egypt after Alexander the Great's death until 30 BC, when it fell to the Roman Empire?",the Greek Ptolemaic Kingdom,"After Alexander the Great's death until 30 BC, when it fell to the Roman Empire, the Greek Ptolemaic Kingdom ruled Egypt.",Ancient Egypt | Ancient Egypt | Ankara,"Ancient Egypt was a civilization in Northeast Africa situated in the Nile Valley. Ancient Egyptian civilization followed prehistoric Egypt and coalesced around 3100BC (according to conventional Egyptian chronology) with the political unification of Upper and Lower Egypt under Menes (often identified with Narmer). The history of ancient Egypt occurred as a series of stable kingdoms, separated by periods of relative instability known as Intermediate Periods: the Old Kingdom of the Early Bronze Age",False,True,1.0,0.9592580199241638,0.0001881718635559082
emb_minilm,272,Analog Brothers,What is the title of the Analog Brothers' only album?,Pimp to Eat,The title of the Analog Brothers' only album is Pimp to Eat.,Analog Brothers | Afro Celt Sound System | Aztlan Underground,"Analog Brothers were an experimental hip hop band featuring Tracy ""Ice-T"" Marrow (Ice Oscillator) on keyboards, drums and vocals, Keith ""Kool Keith"" Thornton (Keith Korg) on bass, strings and vocals, Marc Live (Marc Moog) on drums, violins and vocals, Christopher ""Black Silver"" Rodgers (Silver Synth) on synthesizer, lazar bell and vocals, and Rex Colonel ""Pimpin' Rex"" Doby Jr. (Rex Roland JX3P) on keyboards, vocals and production. Its album Pimp to Eat featured guest appearances by various membe",False,True,1.0,0.38747233152389526,4.0531158447265625e-06
emb_minilm,273,Analog Brothers,Which two members toured together as Black Ice in 2008?,Ice-T and Black Silver,"Based on the information provided in the context, we cannot definitively determine which two members of ABBA toured together as Black Ice in 2008. The text does not mention any specific tour or lineup changes involving Black Ice. Therefore, the correct response is:

We do not have enough information to answer this question.",ABBA | ABBA | ABBA,"A book titled ABBA: The Official Photo Book was published in early 2014 to mark the 40th anniversary of the band's Eurovision victory. The book reveals that part of the reason for the band's outrageous costumes was that Swedish tax laws at the time allowed the cost of garish outfits that were not suitable for daily wear to be tax deductible.

2016–2022: Reunion, Voyage, and ABBAtars 
On 20 January 2016, all four members of ABBA made a public appearance at Mamma Mia! The Party in Stockholm. On 6 ",False,False,0.5,0.014046143740415573,0.15431231260299683
emb_minilm,274,Motor neuron diseases,Which specific motor neuron diseases are mentioned in the passage?,"Amyotrophic lateral sclerosis (ALS), progressive bulbar palsy (PBP), pseudobulbar palsy, progressive muscular atrophy (PMA), primary lateral sclerosis (PLS), spinal muscular atrophy (SMA) and monomelic amyotrophy (MMA), as well as some rarer variants resembling ALS.","The passage mentions several specific motor neuron diseases, including:

1. Amyotrophic lateral sclerosis (ALS)
2. Progressive bulbar palsy (PBP)
3. Pseudobulgar palsy
4. Progressive muscular atrophy (PMA)
5. Primary lateral sclerosis (PLS)
6. Spinal muscular atrophy (SMA)
7. Monomelic amyotrophy (MMA)

Additionally, the passage discusses other related conditions like:

8. Spinal muscular atrophies
9. Hereditary motor and sensory neuropathies

These diseases are grouped under the broader category of motor neuron disorders, though they are not specifically categorized as ""motor neuron diseases"" according to the ICD-11 classification.",Motor neuron diseases | Motor neuron diseases | Motor neuron diseases,"Terminology
In the United States and Canada, the term motor neuron disease usually refers to the group of disorders while amyotrophic lateral sclerosis is frequently called Lou Gehrig's disease. In the United Kingdom and Australia, the term motor neuron(e) disease is used for amyotrophic lateral sclerosis, although is not uncommon to refer to the entire group.

While MND refers to a specific subset of similar diseases, there are numerous other diseases of motor neurons that are referred to colle",False,True,0.75,0.4811844527721405,0.13712751865386963
emb_minilm,275,Motor neuron diseases,Does the passage state that there are approved treatments for most motor neuron disorders?,"No, the passage states that there are no approved treatments for the majority of motor neuron disorders, and care is mostly symptomatic.","No, the passage does not state that there are approved treatments for most motor neuron disorders. It only mentions that currently, there are no approved treatments for the majority of motor neuron disorders.",Motor neuron diseases | Ataxia | Motor neuron diseases,"Terminology
In the United States and Canada, the term motor neuron disease usually refers to the group of disorders while amyotrophic lateral sclerosis is frequently called Lou Gehrig's disease. In the United Kingdom and Australia, the term motor neuron(e) disease is used for amyotrophic lateral sclerosis, although is not uncommon to refer to the entire group.

While MND refers to a specific subset of similar diseases, there are numerous other diseases of motor neurons that are referred to colle",False,True,0.6666666666666666,0.967517614364624,0.10771876573562622
emb_minilm,276,Abjad,"Who introduced the term ""abjad"" and in what year?",Peter T. Daniels introduced the term in 1990.,"Peter T. Daniels introduced the term ""abjad"" in 1990.",Abjad | Abjad | Abugida,"An abjad (, ; also abgad) is a writing system in which only consonants are represented, leaving vowel sounds to be inferred by the reader. This contrasts with alphabets, which provide graphemes for both consonants and vowels. The term was introduced in 1990 by Peter T. Daniels. Other terms for the same concept include: partial phonemic script, segmentally linear defective phonographic script, consonantary, consonant writing, and consonantal alphabet.

Impure abjads represent vowels with either o",False,True,1.0,0.9677619338035583,0.0007393956184387207
emb_minilm,277,Abjad,What are two vowel marking systems mentioned for abjads?,nikkud for Hebrew and ḥarakāt for Arabic.,"Two vowel marking systems mentioned for abjads are:

1. Diacritics
2. Full letters",Abjad | Abugida | Abugida,"An abjad (, ; also abgad) is a writing system in which only consonants are represented, leaving vowel sounds to be inferred by the reader. This contrasts with alphabets, which provide graphemes for both consonants and vowels. The term was introduced in 1990 by Peter T. Daniels. Other terms for the same concept include: partial phonemic script, segmentally linear defective phonographic script, consonantary, consonant writing, and consonantal alphabet.

Impure abjads represent vowels with either o",False,True,0.0,0.5453395843505859,0.05325537919998169
emb_minilm,278,Abugida,What is an abugida and how does it differ from a full alphabet and an abjad?,"An abugida is a segmental writing system in which consonant–vowel sequences are written as units; each unit is based on a consonant letter and vowel notation is secondary, like a diacritical mark. This contrasts with a full alphabet, in which vowels have status equal to consonants, and with an abjad, in which vowel marking is absent, partial, or optional.","An abugida is a type of writing system whose basic characters denote consonants followed by a particular vowel, and in which diacritics denote other vowels. It differs from a full alphabet, which uses independent letters to denote both consonants and vowels, and from an abjad, which has letters for consonants and leaves most vowels unexpressed.",Abugida | Abugida | Alphabet,"Ge'ez is one of several segmental writing systems in the world, others include Indic/Brahmic scripts and Canadian Aboriginal Syllabics. The word abugida is derived from the four letters, ä, bu, gi, and da, in much the same way that abecedary is derived from Latin letters a be ce de, abjad is derived from the Arabic a b j d, and alphabet is derived from the names of the two first letters in the Greek alphabet, alpha and beta. Abugida as a term in linguistics was proposed by Peter T. Daniels in hi",False,True,0.2903225806451613,0.9442957639694214,0.5136684477329254
emb_minilm,279,Abugida,Which scholars introduced related concepts to the abugida and what terms did they use?,"James Germain Février (1948) introduced the term , David Diringer (1948) used the term semisyllabary, Fred Householder (1959) introduced the term pseudo-alphabet, Peter T. Daniels (1990) chose the Ethiopic term ""abugida"", Faber (1992) suggested ""segmentally coded syllabically linear phonographic script"", Bright (1992) used the term alphasyllabary, and Gnanadesikan and Rimzhim, Katz, & Fowler have suggested aksara or āksharik.","The scholars who introduced related concepts to the abugida included Jabir, Alkindus, Abū al-Rayhān al-Bīrūnī, Avicenna, and Ibn Khaldun. They used terms such as ""atomic theory,"" ""corpuscularianism,"" and ""alchemy.""",Abugida | Abugida | Alchemy,"Ge'ez is one of several segmental writing systems in the world, others include Indic/Brahmic scripts and Canadian Aboriginal Syllabics. The word abugida is derived from the four letters, ä, bu, gi, and da, in much the same way that abecedary is derived from Latin letters a be ce de, abjad is derived from the Arabic a b j d, and alphabet is derived from the names of the two first letters in the Greek alphabet, alpha and beta. Abugida as a term in linguistics was proposed by Peter T. Daniels in hi",False,True,0.07317073170731707,0.8528884053230286,0.04522591829299927
emb_minilm,280,ABBA,In what year was ABBA formed in Stockholm?,1972,1972,ABBA | ABBA | ABBA,"Variety, 22 July 2018
 ABBA's Essential, Influential Melancholy. NPR, 23 May 2015
 What's Behind ABBA's Staying Power?. Smithsonian, 20 July 2018
 ABBA – The Articles – ABBA news from throughout the world
 

 
1972 establishments in Sweden
Atlantic Records artists
English-language singers from Sweden
Epic Records artists
Eurodisco groups
Eurovision Song Contest entrants for Sweden
Eurovision Song Contest entrants of 1974
Eurovision Song Contest winners
Melodifestivalen contestants
Melodifestival",False,True,1.0,0.8795576691627502,0.9560224264860153
emb_minilm,281,ABBA,Which song did ABBA win the Eurovision Song Contest with?,Waterloo,"ABBA won the Eurovision Song Contest with the song ""Waterloo"".",ABBA | ABBA | ABBA,"In 2000 ABBA were reported to have turned down an offer of approximately one billion US dollars to do a reunion tour consisting of 100 concerts.

For the semi-final of the Eurovision Song Contest 2004, staged in Istanbul 30 years after ABBA had won the contest in Brighton, all four members made cameo appearances in a special comedy video made for the interval act, titled Our Last Video Ever. Other well-known stars such as Rik Mayall, Cher and Iron Maiden's Eddie also made appearances in the vide",False,True,1.0,0.9842557311058044,8.463859558105469e-06
emb_minilm,282,Allegiance,What is the definition of allegiance as given in the passage?,"An allegiance is a duty of fidelity said to be owed, or freely committed, by the people, subjects or citizens to their state or sovereign.","A duty of fidelity said to be owed, or freely committed, by the people, subjects or citizens to their state or sovereign.",Allegiance | Allegiance | Allegiance,"An allegiance is a duty of fidelity said to be owed, or freely committed, by the people, subjects or citizens to their state or sovereign.

Etymology
The word allegiance comes from Middle English  (see Medieval Latin , ""a liegance""). The al- prefix was probably added through confusion with another legal term, allegeance, an ""allegation"" (the French  comes from the English). Allegiance is formed from ""liege,"" from Old French , ""liege, free"", of Germanic origin. The connection with Latin , ""to bin",False,True,0.9166666666666666,0.9872671961784363,0.9390807151794434
emb_minilm,283,Allegiance,"According to the English doctrine described, how could a person lose their allegiance to the British crown?","They could never resign or lose it, except by act of parliament or by the recognition of the independence or the cession of the portion of British territory in which they resided.","According to the English doctrine described, a person could lose their allegiance to the British crown only by act of parliament or by the recognition of the independence or the cession of the portion of British territory in which they resided.",Allegiance | Allegiance | Allegiance,"A resident alien owed allegiance even when the protection of the crown was withdrawn owing to the occupation of an enemy, because the absence of the crown's protection was temporary and involuntary (de Jager v Attorney-General of Natal [1907] AC 326).

Legal allegiance was due when an alien took an oath of allegiance required for a particular office under the crown.

By the Naturalisation Act 1870, it was made possible for British subjects to renounce their nationality and allegiance, and the wa",False,True,0.8,0.9445421099662781,0.0909774899482727
emb_minilm,284,MessagePad,In what year was the MessagePad series developed by Apple for the Newton platform?,1993,The MessagePad series was developed by Apple for the Newton platform in 1993.,MessagePad | MessagePad | MessagePad,"The MessagePad is a discontinued series of personal digital assistant devices developed by Apple Computer for the Newton platform in 1993.  Some electronic engineering and the manufacture of Apple's MessagePad devices was undertaken in Japan by Sharp. The devices are based on the ARM 610 RISC processor and all featured handwriting recognition software and were developed and marketed by Apple. The devices run Newton OS.

History
The development of the Newton MessagePad first began with Apple's fo",False,True,1.0,0.9660278558731079,2.288818359375e-05
emb_minilm,285,MessagePad,Which company performed some electronic engineering and manufacture of Apple's MessagePad devices in Japan?,Sharp,Sharp,MessagePad | Apple Inc. | MessagePad,"The MessagePad is a discontinued series of personal digital assistant devices developed by Apple Computer for the Newton platform in 1993.  Some electronic engineering and the manufacture of Apple's MessagePad devices was undertaken in Japan by Sharp. The devices are based on the ARM 610 RISC processor and all featured handwriting recognition software and were developed and marketed by Apple. The devices run Newton OS.

History
The development of the Newton MessagePad first began with Apple's fo",False,True,1.0,0.6297769546508789,0.9519079513847828
emb_minilm,286,A. E. van Vogt,What date did the Science Fiction Writers of America name A. E. van Vogt their 14th Grand Master?,1995 (presented 1996),The Science Fiction Writers of America named A. E. van Vogt their 14th Grand Master in 1995.,A. E. van Vogt | A. E. van Vogt | A. E. van Vogt,"van Vogt information site
 Obituary at Locus
 ""Writers: A. E. van Vogt (1912–2000, Canada)"" – bibliography at SciFan
 A. E. van Vogt Papers (MS 322) at the Kenneth Spencer Research Library, University of Kansas
 
 
 A. E. van Vogt's fiction at Free Speculative Fiction Online
 

1912 births
2000 deaths
20th-century American male writers
20th-century American novelists
20th-century American short story writers
20th-century Canadian male writers
20th-century Canadian short story writers
American ma",False,True,0.3333333333333333,0.9795902967453003,0.00016939640045166016
emb_minilm,287,A. E. van Vogt,What language did van Vogt speak exclusively at home until he was four years old?,Plautdietsch,Plautdietsch,A. E. van Vogt | A. E. van Vogt | A. E. van Vogt,"Most of these stories were published anonymously, with the first-person narratives allegedly being written by people (often women) in extraordinary, emotional, and life-changing circumstances.

After a year in Ottawa, he moved back to Winnipeg, where he sold newspaper advertising space and continued to write.  While continuing to pen melodramatic ""true confessions"" stories through 1937, he also began writing short radio dramas for local radio station CKY, as well as conducting interviews publish",False,True,1.0,0.6229605078697205,0.9929198818281293
emb_minilm,288,Anna Kournikova,What was Anna Kournikova's highest singles ranking and in what year did she achieve it?,She reached No. 8 in the world in 2000.,"Anna Kournikova's highest singles ranking was No. 8, and she achieved this ranking in 2000.",Anna Kournikova | Anna Kournikova | Anna Kournikova,"Anna Sergeyevna Kournikova (; born 7 June 1981) is a Russian former professional tennis player and American television personality. Her appearance  and celebrity status made her one of the best known tennis stars worldwide. At the peak of her fame, fans looking for images of Kournikova made her name one of the most common search strings on Google Search.

Despite never winning a singles title, she reached No. 8 in the world in 2000. She achieved greater success playing doubles, where she was at ",False,True,0.6666666666666666,0.9283398389816284,9.655952453613281e-06
emb_minilm,289,Anna Kournikova,"Which television show did Anna Kournikova join as a new trainer for season 12, replacing Jillian Michaels?",The Biggest Loser.,"The television show that Anna Kournikova joined as a new trainer for season 12, replacing Jillian Michaels, was The Biggest Loser.",Anna Kournikova | Anna Kournikova | Anna Kournikova,"Anna Sergeyevna Kournikova (; born 7 June 1981) is a Russian former professional tennis player and American television personality. Her appearance  and celebrity status made her one of the best known tennis stars worldwide. At the peak of her fame, fans looking for images of Kournikova made her name one of the most common search strings on Google Search.

Despite never winning a singles title, she reached No. 8 in the world in 2000. She achieved greater success playing doubles, where she was at ",False,True,1.0,0.9277532696723938,1.9550323486328125e-05
emb_minilm,290,Alfons Maria Jakob,When was Alfons Maria Jakob born?,2 July 1884,Alfons Maria Jakob was born on 2 July 1884.,Alfons Maria Jakob | Albert Einstein | Agatha Christie,"Alfons Maria Jakob (2 July 1884 – 17 October 1931) was a German neurologist who worked in the field of neuropathology.

He was born in Aschaffenburg, Bavaria and educated in medicine at the universities of Munich, Berlin, and Strasbourg, where he received his doctorate in 1908. During the following year, he began clinical work under the psychiatrist Emil Kraepelin and did laboratory work with Franz Nissl and Alois Alzheimer in Munich.

In 1911, by way of an invitation from Wilhelm Weygandt, he r",False,True,1.0,0.9577031135559082,5.9604644775390625e-06
emb_minilm,291,Alfons Maria Jakob,Which disease is named after Jakob and Creutzfeldt?,Creutzfeldt–Jakob disease,Creutzfeldt-Jakob disease,Alfons Maria Jakob | Alfons Maria Jakob | Motor neuron diseases,"It is the most common form of transmissible spongiform encephalopathies caused by prions. Eponym introduced by Walther Spielmeyer in 1922.

Bibliography
 Die extrapyramidalen Erkrankungen. In: Monographien aus dem Gesamtgebiete der Neurologie und Psychiatry, Berlin, 1923
 Normale und pathologische Anatomie und Histologie des Grosshirns. Separate printing of Handbuch der Psychiatry. Leipzig, 1927–1928
 Das Kleinhirn. In: Handbuch der mikroskopischen Anatomie, Berlin, 1928
 Die Syphilis des Gehirn",False,True,1.0,0.7526638507843018,0.9655114747583866
emb_minilm,292,Agnosticism,"Who coined the word ""agnostic"" and in what year?",The English biologist Thomas Henry Huxley coined the word agnostic in 1869.,"Thomas Henry Huxley coined the word ""agnostic"" in 1869.",Agnosticism | Agnosticism | Agnosticism,"Smith rejects agnosticism as a third alternative to theism and atheism and promotes terms such as agnostic atheism (the view of those who do not hold a belief in the existence of any deity, but claim that the existence of a deity is unknown or inherently unknowable) and agnostic theism (the view of those who believe in the existence of a deity(s), but claim that the existence of a deity is unknown or inherently unknowable).

Etymology
Agnostic () was used by Thomas Henry Huxley in a speech at a ",False,True,0.7777777777777778,0.971591591835022,0.0002759099006652832
emb_minilm,293,Agnosticism,Which two ancient philosophers are mentioned as having expressed agnostic points of view?,Sanjaya Belatthaputta and Protagoras are the two ancient philosophers noted for expressing agnostic points of view.,Sanjaya Belatthaputta and Protagoras,Agnosticism | Agnosticism | Agnosticism,"Agnosticism is the view or belief that the existence of God, of the divine or the supernatural is unknown or unknowable. Another definition provided is the view that ""human reason is incapable of providing sufficient rational grounds to justify either the belief that God exists or the belief that God does not exist.""

The English biologist Thomas Henry Huxley coined the word agnostic in 1869. His general definition was that ""It is wrong for a man to say that he is certain of the objective truth ",False,True,0.2727272727272727,0.8568694591522217,0.9349912628531456
emb_minilm,294,Argon,What is the atomic number of argon?,18,18,Argon | Argon | Argon,"Argon is a chemical element with the symbol Ar and atomic number 18. It is in group 18 of the periodic table and is a noble gas. Argon is the third-most abundant gas in Earth's atmosphere, at 0.934% (9340 ppmv). It is more than twice as abundant as water vapor (which averages about 4000 ppmv, but varies greatly), 23 times as abundant as carbon dioxide (400 ppmv), and more than 500 times as abundant as neon (18 ppmv). Argon is the most abundant noble gas in Earth's crust, comprising 0.00015% of t",False,True,1.0,0.9160568118095398,0.9969484896864742
emb_minilm,295,Argon,What percentage of Earth's atmosphere is argon?,0.934% (9340 ppmv),0.934% by volume and 1.288% by mass of Earth's atmosphere.,Argon | Argon | Argon,"Argon is a chemical element with the symbol Ar and atomic number 18. It is in group 18 of the periodic table and is a noble gas. Argon is the third-most abundant gas in Earth's atmosphere, at 0.934% (9340 ppmv). It is more than twice as abundant as water vapor (which averages about 4000 ppmv, but varies greatly), 23 times as abundant as carbon dioxide (400 ppmv), and more than 500 times as abundant as neon (18 ppmv). Argon is the most abundant noble gas in Earth's crust, comprising 0.00015% of t",False,True,0.5,0.9587966799736023,0.6385817527770996
emb_minilm,296,Arsenic,What is the chemical symbol for arsenic?,As,The chemical symbol for arsenic is As.,Arsenic | Arsenic | Arsenic,"Arsenic is a chemical element with the symbol As and atomic number 33. Arsenic occurs in many minerals, usually in combination with sulfur and metals, but also as a pure elemental crystal. Arsenic is a metalloid. It has various allotropes, but only the grey form, which has a metallic appearance, is important to industry.

The primary use of arsenic is in alloys of lead (for example, in car batteries and ammunition). Arsenic is a common n-type dopant in semiconductor electronic devices. It is als",False,True,,0.9805759787559509,0.00011014938354492188
emb_minilm,297,Arsenic,What is the primary use of arsenic?,"in alloys of lead (for example, in car batteries and ammunition)","The primary use of arsenic is in alloys of lead (for example, in car batteries and ammunition).",Arsenic | Arsenic | Arsenic,"Arsenic is a chemical element with the symbol As and atomic number 33. Arsenic occurs in many minerals, usually in combination with sulfur and metals, but also as a pure elemental crystal. Arsenic is a metalloid. It has various allotropes, but only the grey form, which has a metallic appearance, is important to industry.

The primary use of arsenic is in alloys of lead (for example, in car batteries and ammunition). Arsenic is a common n-type dopant in semiconductor electronic devices. It is als",False,True,1.0,0.9833866953849792,0.01619952917098999
emb_minilm,298,Antimony,What is the chemical symbol and atomic number of antimony?,The chemical symbol is Sb and the atomic number is 51.,"The chemical symbol for antimony is Sb, and its atomic number is 51.",Antimony | Antimony | Antimony,"Antimony is a chemical element with the symbol Sb () and atomic number 51. A lustrous gray metalloid, it is found in nature mainly as the sulfide mineral stibnite (Sb2S3). Antimony compounds have been known since ancient times and were powdered for use as medicine and cosmetics, often known by the Arabic name kohl. The earliest known description of the metalloid in the West was written in 1540 by Vannoccio Biringuccio.

China is the largest producer of antimony and its compounds, with most produ",False,True,1.0,0.9825441241264343,0.0005243420600891113
emb_minilm,299,Antimony,Which country is the largest producer of antimony and from which mine does most production come?,"China is the largest producer, with most production coming from the Xikuangshan Mine in Hunan.","China is the largest producer of antimony, and most production comes from the Xikuangshan Mine in Hunan.",Antimony | Antimony | Antimony,"Reserves

Supply risk
For antimony-importing regions such as Europe and the U.S., antimony is considered to be a critical mineral for industrial manufacturing that is at risk of supply chain disruption. With  global  production coming mainly from China (74%), Tajikistan (8%), and Russia (4%), these sources are critical to supply.
European Union: Antimony is considered a critical raw material for defense, automotive, construction and textiles. The E.U. sources are 100% imported, coming mainly fro",False,True,0.8888888888888888,0.9819997549057007,0.0015578866004943848
emb_minilm,300,Actinium,What oxidation state does actinium assume in nearly all its chemical compounds?,+3,+3,Actinium | Actinium | Actinium,"Actinium is a chemical element with the symbol Ac and atomic number 89. It was first isolated by Friedrich Oskar Giesel in 1902, who gave it the name emanium; the element got its name by being wrongly identified with a substance André-Louis Debierne found in 1899 and called actinium. Actinium gave the name to the actinide series, a set of 15 elements between actinium and lawrencium in the periodic table. Together with polonium, radium, and radon, actinium was one of the first non-primordial radi",False,True,1.0,0.9172941446304321,0.9932811297476292
emb_minilm,301,Actinium,How much actinium-227 is found in one tonne of natural uranium ore?,about 0.2 milligrams,About 0.2 milligrams of actinium-227 is found in one tonne of natural uranium ore.,Actinium | Actinium | Actinium,"The isotopes of actinium range in atomic weight from 204 u () to 236 u ().

Occurrence and synthesis

Actinium is found only in traces in uranium ores – one tonne of uranium in ore contains about 0.2 milligrams of 227Ac – and in thorium ores, which contain about 5 nanograms of 228Ac per one tonne of thorium. The actinium isotope 227Ac is a transient member of the uranium-actinium series decay chain, which begins with the parent isotope 235U (or 239Pu) and ends with the stable lead isotope 207Pb.",False,True,1.0,0.9832438826560974,8.678436279296875e-05
emb_minilm,302,Americium,What is the atomic number of americium?,95,The atomic number of americium is 95.,Americium | Americium | Americium,"Americium is a synthetic radioactive chemical element with the symbol Am and atomic number 95. It is a transuranic member of the actinide series, in the periodic table located under the lanthanide element europium and was thus named after the United States by analogy.

Americium was first produced in 1944 by the group of Glenn T. Seaborg from Berkeley, California, at the Metallurgical Laboratory of the University of Chicago, as part of the Manhattan Project. Although it is the third element in t",False,True,1.0,0.962552547454834,3.0875205993652344e-05
emb_minilm,303,Americium,In what year was americium first produced?,1944,1944,Americium | Americium | Americium,"Americium is a synthetic radioactive chemical element with the symbol Am and atomic number 95. It is a transuranic member of the actinide series, in the periodic table located under the lanthanide element europium and was thus named after the United States by analogy.

Americium was first produced in 1944 by the group of Glenn T. Seaborg from Berkeley, California, at the Metallurgical Laboratory of the University of Chicago, as part of the Manhattan Project. Although it is the third element in t",False,True,1.0,0.88211590051651,0.9983058967627585
emb_minilm,304,Astatine,"What is the half-life of astatine-210, the most stable isotope of astatine?",8.1 hours,"The half-life of astatine-210, the most stable isotope of astatine, is 8.1 hours.",Astatine | Astatine | Astatine,"A beta decay mode has been found for all other astatine isotopes except for astatine-213, astatine-214, and astatine-216m. Astatine-210 and lighter isotopes exhibit beta plus decay (positron emission), astatine-216 and heavier isotopes exhibit beta minus decay, and astatine-212 decays via both modes, while astatine-211 undergoes electron capture.

The most stable isotope is astatine-210, which has a half-life of 8.1 hours. The primary decay mode is beta plus, to the relatively long-lived (in com",False,True,1.0,0.9712532162666321,0.00023323297500610352
emb_minilm,305,Astatine,Which three scientists first synthesized astatine in 1940?,"Dale R. Corson, Kenneth Ross MacKenzie, and Emilio G. Segrè","Fred Allison and his associates at the Alabama Polytechnic Institute (now Auburn University) in 1931, H. G. MacPherson of University of California, Berkeley in 1934, and Rajendralal De working in Dacca in British India (now Dhaka in Bangladesh) in 1937.",Astatine | Astatine | Astatine,"Similarly,  or  may be produced. The polyhalides PdAtI2, CsAtI2, TlAtI2, and PbAtI are known or presumed to have been precipitated. In a plasma ion source mass spectrometer, the ions [AtI]+, [AtBr]+, and [AtCl]+ have been formed by introducing lighter halogen vapors into a helium-filled cell containing astatine, supporting the existence of stable neutral molecules in the plasma ion state. No astatine fluorides have been discovered yet. Their absence has been speculatively attributed to the extre",False,True,0.1111111111111111,0.854348361492157,0.34427809715270996
emb_minilm,306,Atom,What percentage of an atom's mass is located in the nucleus?,More than 99.94% of an atom's mass is in the nucleus.,About 99.94%.,Atom | Atomic number | Atom,"The total number of these particles (called ""nucleons"") in a given atom is called the mass number. It is a positive integer and dimensionless (instead of having dimension of mass), because it expresses a count. An example of use of a mass number is ""carbon-12,"" which has 12 nucleons (six protons and six neutrons).

The actual mass of an atom at rest is often expressed in daltons (Da), also called the unified atomic mass unit (u). This unit is defined as a twelfth of the mass of a free neutral at",False,True,0.25,0.9269117712974548,0.018055319786071777
emb_minilm,307,Atom,How many protons does an atom of sodium contain?,An atom that contains 11 protons is sodium.,An atom of sodium contains 11 protons.,Atom | Atom | Atomic number,"An atom is a particle that consists of a nucleus of protons and neutrons surrounded by an electromagnetically-bound cloud of electrons. The atom is the basic particle of the chemical elements, and the chemical elements are distinguished from each other by the number of protons that are in their atoms. For example, any atom that contains 11 protons is sodium, and any atom that contains 29 protons is copper. The number of neutrons defines the isotope of the element.

Atoms are extremely small, typ",False,True,1.0,0.9298603534698486,2.86102294921875e-05
emb_minilm,308,Arable land,"According to the Food and Agriculture Organization of the United Nations, how many hectares of arable land existed worldwide in 2013?",1.407 billion hectares,"According to the Food and Agriculture Organization of the United Nations, in 2013, the world's arable land amounted to 1.407 billion hectares.",Arable land | Arable land | Geography of Azerbaijan,"Arable land (from the , ""able to be ploughed"") is any land capable of being ploughed and used to grow crops. Alternatively, for the purposes of agricultural statistics, the term often has a more precise definition: 

A more concise definition appearing in the Eurostat glossary similarly refers to actual rather than potential uses: ""land worked (ploughed or tilled) regularly, generally under a system of crop rotation"". In Britain, arable land has traditionally been contrasted with pasturable land",False,True,1.0,0.9603164196014404,0.0003076791763305664
emb_minilm,309,Arable land,How does the Eurostat glossary define arable land?,"""land worked (ploughed or tilled) regularly, generally under a system of crop rotation""","According to the Eurostat glossary, arable land refers to actual rather than potential uses: ""land worked (ploughed or tilled) regularly, generally under a system of crop rotation.""",Arable land | Bitumen | Arabic,"Arable land (from the , ""able to be ploughed"") is any land capable of being ploughed and used to grow crops. Alternatively, for the purposes of agricultural statistics, the term often has a more precise definition: 

A more concise definition appearing in the Eurostat glossary similarly refers to actual rather than potential uses: ""land worked (ploughed or tilled) regularly, generally under a system of crop rotation"". In Britain, arable land has traditionally been contrasted with pasturable land",False,True,1.0,0.9777647852897644,0.48775726556777954
emb_minilm,310,Aluminium,What is the atomic number of aluminium?,13,The atomic number of aluminium is 13.,Aluminium | Aluminium | Aluminium,"Aluminium (aluminum in North American English) is a chemical element with the symbol Al and atomic number 13. Aluminium has a density lower than those of other common metals; about one-third that of steel. It has a great affinity towards oxygen, forming a protective layer of oxide on the surface when exposed to air. Aluminium visually resembles silver, both in its color and in its great ability to reflect light. It is soft, nonmagnetic and ductile. It has one stable isotope: 27Al, which is highl",False,True,1.0,0.9404404163360596,0.00016796588897705078
emb_minilm,311,Aluminium,Which stable isotope of aluminium is highly abundant?,27Al,The stable isotope of aluminium that is highly abundant is 27Al.,Aluminium | Aluminium | Aluminium,"Despite its prevalence in the environment, no living organism is known to use aluminium salts for metabolism, but aluminium is well tolerated by plants and animals. Because of the abundance of these salts, the potential for a biological role for them is of interest, and studies continue.

Physical characteristics

Isotopes 

Of aluminium isotopes, only  is stable. This situation is common for elements with an odd atomic number. It is the only primordial aluminium isotope, i.e. the only one that ",False,True,1.0,0.9810932278633118,0.0002561211585998535
emb_minilm,312,Advanced Chemistry,In what year was Advanced Chemistry founded?,1987,Advanced Chemistry was founded in 1987.,Advanced Chemistry | Alchemy | Astatine,"Advanced Chemistry is a German hip hop group from Heidelberg, a scenic city in Baden-Württemberg, South Germany. Advanced Chemistry was founded in 1987 by Toni L, Linguist, Gee-One, DJ Mike MD (Mike Dippon) and MC Torch. Each member of the group holds German citizenship, and Toni L, Linguist, and Torch are of Italian, Ghanaian, and Haitian backgrounds, respectively.

Influenced by North American socially conscious rap and the Native tongues movement, Advanced Chemistry is regarded as one of the ",False,True,1.0,0.9566836357116699,3.5881996154785156e-05
emb_minilm,313,Advanced Chemistry,What is the title of the song Advanced Chemistry released in November 1992?,Fremd im eigenen Land,"""Fremd im eigenen Land"" (Foreign in your own nation)",Advanced Chemistry | ABBA | Alien,"Advanced Chemistry is a German hip hop group from Heidelberg, a scenic city in Baden-Württemberg, South Germany. Advanced Chemistry was founded in 1987 by Toni L, Linguist, Gee-One, DJ Mike MD (Mike Dippon) and MC Torch. Each member of the group holds German citizenship, and Toni L, Linguist, and Torch are of Italian, Ghanaian, and Haitian backgrounds, respectively.

Influenced by North American socially conscious rap and the Native tongues movement, Advanced Chemistry is regarded as one of the ",False,True,1.0,0.8511531352996826,0.45107710361480713
emb_minilm,314,Anglican Communion,How many members does the Anglican Communion have according to the passage?,more than 85 million members,"According to the passage, the Anglican Communion has more than 85 million members within the Church of England and other autocephalous national and regional churches in full communion.",Anglican Communion | Anglicanism | Anglicanism,"The Anglican Communion is the third largest Christian communion after the Roman Catholic and Eastern Orthodox churches. Founded in 1867 in London, the communion has more than 85 million members within the Church of England and other autocephalous national and regional churches in full communion. The traditional origins of Anglican doctrine are summarised in the Thirty-nine Articles (1571). The archbishop of Canterbury (, Justin Welby) in England acts as a focus of unity, recognised as  (""first a",False,True,1.0,0.988084614276886,0.07185131311416626
emb_minilm,315,Anglican Communion,In what year and city was the Anglican Communion officially organised at the Lambeth Conference?,1867 in London,The Anglican Communion was officially organised at the Lambeth Conference in 1867 in London.,Anglican Communion | Anglican Communion | Anglicanism,"Thus a colonial bishop and colonial diocese was by nature quite a different thing from their counterparts back home. In time bishops came to be appointed locally rather than from England and eventually national synods began to pass ecclesiastical legislation independent of England.

A crucial step in the development of the modern communion was the idea of the Lambeth Conferences (discussed above). These conferences demonstrated that the bishops of disparate churches could manifest the unity of t",False,True,1.0,0.9815247058868408,1.33514404296875e-05
emb_minilm,316,Archipelago,"According to the passage, what ancient language roots compose the word ""archipelago""?","It is derived from the Ancient Greek ἄρχι- (""chief"") and πέλαγος (""sea"") through the Italian arcipelago.","According to the passage, the word ""archipelago"" is derived from the Ancient Greek words ἄρχι- (arkhi-) and πέλαγος (pélagos).",Archipelago | Austroasiatic languages | Anatolia,"An archipelago ( ), sometimes called an island group or island chain, is a chain, cluster, or collection of islands, or sometimes a sea containing a small number of scattered islands.

Examples of archipelagos include: the Indonesian Archipelago, the Andaman and Nicobar Islands, the Lakshadweep Islands, the Galápagos Islands, the Japanese archipelago, the Philippine Archipelago, the Maldives, the Balearic Islands, the Åland Islands, The Bahamas, the Aegean Islands, the Hawaiian Islands, the Cana",False,True,0.375,0.9323849678039551,0.0017040371894836426
emb_minilm,317,Archipelago,Which region is given as an example of a place that has more than 700 islands forming an archipelago?,Scotland,Scotland is given as an example of a place that has more than 700 islands forming an archipelago.,Archipelago | Archipelago | Asia,"Continental fragments
Continental fragments correspond to land masses that have separated from a continental mass due to tectonic displacement. The Farallon Islands off the coast of California are an example.

Continental archipelagos

Sets of islands formed close to the coast of a continent are considered continental archipelagos when they form part of the same continental shelf, when those islands are above-water extensions of the shelf. The islands of the Inside Passage off the coast of Briti",False,True,1.0,0.9911324381828308,9.989738464355469e-05
emb_minilm,318,Author,"In a work for hire, who is considered the author of the work according to the passage?",The employer or commissioning party is considered the author of the work.,"In a work for hire, the employer or commissioning party is considered the author of the work, according to the passage.",Author | Author | Author,"In legal discourse, an author is the creator of an original work, whether that work is in written, graphic, or recorded medium. Thus, a sculptor, painter, or composer, is an author of their respective sculptures, paintings, or compositions, even though in common parlance, an author is often thought of as the writer of a book, article, play, or other written work. In the case of a work for hire, ""the employer or commissioning party is considered the author of the work"", even if they did not write",False,True,1.0,0.9782297611236572,0.0011116862297058105
emb_minilm,319,Author,What requirement did the United States Copyright Office state for a work to qualify as a work of 'authorship'?,A work must be created by a human being.,"To qualify as a work of 'authorship', a work must be created by a human being.",Author | Author | Author,"In legal discourse, an author is the creator of an original work, whether that work is in written, graphic, or recorded medium. Thus, a sculptor, painter, or composer, is an author of their respective sculptures, paintings, or compositions, even though in common parlance, an author is often thought of as the writer of a book, article, play, or other written work. In the case of a work for hire, ""the employer or commissioning party is considered the author of the work"", even if they did not write",False,True,1.0,0.9780445694923401,0.010489165782928467
emb_minilm,320,Andrey Markov,When was Andrey Andreyevich Markov born?,14 June 1856,Andrey Andreyevich Markov was born on 14 June 1856.,Andrey Markov | Andrey Markov | Andrei Tarkovsky,"Andrey Andreyevich Markov (14 June 1856 – 20 July 1922) was a Russian mathematician best known for his work on stochastic processes. A primary subject of his research later became known as the Markov chain. He was also a strong, close to master-level chess player.

Markov and his younger brother Vladimir Andreevich Markov (1871–1897) proved the Markov brothers' inequality.
His son, another Andrey Andreyevich Markov (1903–1979), was also a notable mathematician, making contributions to constructi",False,True,1.0,0.9769949913024902,1.7523765563964844e-05
emb_minilm,321,Andrey Markov,What inequality did Andrey Markov and his brother prove?,the Markov brothers' inequality,The inequality that Andrey Markov and his younger brother Vladimir Andreyevich Markov proved is called the Markov brothers' inequality.,Andrey Markov | Andrey Markov | Andrey Markov,"Andrey Andreyevich Markov (14 June 1856 – 20 July 1922) was a Russian mathematician best known for his work on stochastic processes. A primary subject of his research later became known as the Markov chain. He was also a strong, close to master-level chess player.

Markov and his younger brother Vladimir Andreevich Markov (1871–1897) proved the Markov brothers' inequality.
His son, another Andrey Andreyevich Markov (1903–1979), was also a notable mathematician, making contributions to constructi",False,True,1.0,0.9803450703620911,0.0016041398048400879
emb_minilm,322,Angst,From which languages was the English word “angst” introduced?,"Danish, Norwegian, Dutch, and German.","From the Danish, Norwegian, and Dutch words  and the German word .",Angst | Abbreviation | Altaic languages,"Angst is fear or anxiety (anguish is its Latinate equivalent, and the words anxious and anxiety are of similar origin). The dictionary definition for angst is a feeling of anxiety, apprehension, or insecurity.

Etymology
The word angst was introduced into English from the Danish, Norwegian, and Dutch word  and the German word . It is attested since the 19th century in English translations of the works of Søren Kierkegaard and Sigmund Freud. It is used in English to describe an intense feeling of",False,True,1.0,0.9675304293632507,0.079925537109375
emb_minilm,323,Angst,Since which century has the word “angst” existed in German?,The 8th century.,"Since the 8th century, the word ""angst"" has existed in German.",Angst | Angst | Antisemitism,"Angst is fear or anxiety (anguish is its Latinate equivalent, and the words anxious and anxiety are of similar origin). The dictionary definition for angst is a feeling of anxiety, apprehension, or insecurity.

Etymology
The word angst was introduced into English from the Danish, Norwegian, and Dutch word  and the German word . It is attested since the 19th century in English translations of the works of Søren Kierkegaard and Sigmund Freud. It is used in English to describe an intense feeling of",False,True,1.0,0.9821869134902954,4.780292510986328e-05
emb_minilm,324,Anxiety,What is the primary difference between anxiety and fear as described in the passage?,"Fear is defined as the emotional response to a real threat, whereas anxiety is the anticipation of a future threat.","The primary difference between anxiety and fear as described in the passage is that:

- **Fear** is an emotional response to a real or perceived immediate threat.
- **Anxiety**, on the other hand, is an anticipation of a future threat, often accompanied by nervous behavior such as pacing, somatic complaints, and rumination.",Anxiety | Anxiety | Anxiety,"Anxiety is an emotion which is characterized by an unpleasant state of inner turmoil and includes feelings of dread over anticipated events. Anxiety is different from fear in that fear is defined as the emotional response to a real threat, whereas anxiety is the anticipation of a future threat. It is often accompanied by nervous behavior such as pacing back and forth, somatic complaints, and rumination.

Anxiety is a feeling of uneasiness and worry, usually generalized and unfocused as an overre",False,True,0.8,0.9775450229644775,0.018582165241241455
emb_minilm,325,Anxiety,Name three physical symptoms that may accompany anxiety according to the passage.,"muscular tension, restlessness, and fatigue","Based on the provided context, here are three physical symptoms that may accompany anxiety:

1. Headache
2. Paresthesias (numbness or tingling sensation)
3. Vertigo (a spinning sensation)",Anxiety | Anxiety | Anxiety,"You feel an intense fear when you think of dying, or you may think of it more often than normal, or can't get it out of your mind.""

The physiological symptoms of anxiety may include:
Neurological, as headache, paresthesias, fasciculations, vertigo, or presyncope.
Digestive, as abdominal pain, nausea, diarrhea, indigestion, dry mouth, or bolus. Stress hormones released in an anxious state have an impact on bowel function and can manifest physical symptoms that may contribute to or exacerbate IBS",False,True,0.0,0.3746369779109955,0.08866232633590698
emb_minilm,326,A. A. Milne,What rank did Alan Alexander Milne hold in the Royal Warwickshire Regiment during the First World War?,lieutenant,Lieutenant,A. A. Milne | A. A. Milne | A. A. Milne,"His teammates included fellow writers J. M. Barrie, Arthur Conan Doyle and P. G. Wodehouse.

Milne joined the British Army in World War I and served as an officer in the Royal Warwickshire Regiment. He was commissioned into the 4th Battalion, Royal Warwickshire Regiment, on 1 February 1915 as a second lieutenant (on probation). His commission was confirmed on 20 December 1915. He served on the Somme as a signals officer from July-November 1916, but caught trench fever and was invalided back to E",False,True,1.0,0.8717491030693054,0.7066967487335205
emb_minilm,327,A. A. Milne,To which library did Milne bequeath the original manuscripts of the Winnie-the-Pooh stories?,"the Wren Library at Trinity College, Cambridge","To which library did Milne bequeath the original manuscripts of the Winnie-the-Pooh stories? Answer: The Wren Library at Trinity College, Cambridge.",A. A. Milne | A. A. Milne | A. A. Milne,"Alan Alexander Milne (; 18 January 1882 – 31 January 1956) was an English writer best known for his books about the teddy bear Winnie-the-Pooh, as well as for children's poetry. Milne was primarily a playwright before the huge success of Winnie-the-Pooh overshadowed all his previous work. Milne served in both World Wars, as a lieutenant in the Royal Warwickshire Regiment in the First World War and as a captain in the Home Guard in the Second World War.

Milne was the father of bookseller Christo",False,True,1.0,0.9709152579307556,0.0015947222709655762
emb_minilm,328,Asociación Alumni,In which division does the senior squad of Asociación Alumni currently compete?,"Top 12, the first division of the Unión de Rugby de Buenos Aires league system.",Top 12,Asociación Alumni | Asociación Alumni | Alabama,"Asociación Alumni, usually just Alumni, is an Argentine rugby union club located in Tortuguitas, Greater Buenos Aires. The senior squad currently competes at Top 12, the first division of the Unión de Rugby de Buenos Aires league system.

The club has ties with former football club Alumni because both were established by Buenos Aires English High School students.

History

Background

The first club with the name ""Alumni"" played association football, having been found in 1898 by students of Buen",False,True,0.16666666666666666,0.8689656853675842,0.9783846661448479
emb_minilm,329,Asociación Alumni,"Who proposed the name ""Alumni"" for the original football club?","Carlos Bowers, a former student of the Buenos Aires English High School.","Carlos Bowers proposed the name ""Alumni"" for the original football club.",Asociación Alumni | Asociación Alumni | Algeria,"Asociación Alumni, usually just Alumni, is an Argentine rugby union club located in Tortuguitas, Greater Buenos Aires. The senior squad currently competes at Top 12, the first division of the Unión de Rugby de Buenos Aires league system.

The club has ties with former football club Alumni because both were established by Buenos Aires English High School students.

History

Background

The first club with the name ""Alumni"" played association football, having been found in 1898 by students of Buen",False,True,0.2222222222222222,0.9171165227890015,3.4689903259277344e-05
emb_minilm,330,Axiom,"From which language does the term ""axiom"" originate, and what does it mean?","It comes from the Ancient Greek word (), meaning 'that which is thought worthy or fit' or 'that which commends itself as evident'.","The term ""axiom"" originates from the Greek word  (axíōma), which means ""that which is thought worthy or fit"" or ""that which commends itself as evident"". It refers to a statement that is taken to be true without proof because it is considered self-evident or follows directly from previously established truths.",Axiom | Axiom | Axiom,"An axiom, postulate, or assumption is a statement that is taken to be true, to serve as a premise or starting point for further reasoning and arguments. The word comes from the Ancient Greek word  (), meaning 'that which is thought worthy or fit' or 'that which commends itself as evident'.

The precise definition varies across fields of study. In classic philosophy, an axiom is a statement that is so evident or well-established, that it is accepted without controversy or question. In modern logi",False,True,0.7272727272727273,0.9379067420959473,0.034326374530792236
emb_minilm,331,Axiom,What are the two categories of axioms in mathematics mentioned in the passage?,Logical axioms and non‑logical axioms.,Logical axioms and non-logical axioms.,Axiom | Axiom | Axiom,"The completeness theorem and the incompleteness theorem, despite their names, do not contradict one another.

Further discussion
Early mathematicians regarded axiomatic geometry as a model of physical space, and obviously, there could only be one such model. The idea that alternative mathematical systems might exist was very troubling to mathematicians of the 19th century and the developers of systems such as Boolean algebra made elaborate efforts to derive them from traditional arithmetic. Galo",False,True,1.0,0.9682779312133789,0.08819001913070679
emb_minilm,332,Alpha,What numeric value does alpha have in the system of Greek numerals?,One.,One.,Alpha | Alpha | A,"Alpha  (uppercase , lowercase ; , , or ) is the first letter of the Greek alphabet. In the system of Greek numerals, it has a value of one. Alpha is derived from the Phoenician letter aleph , which is the West Semitic word for ""ox"". Letters that arose from alpha include the Latin letter A and the Cyrillic letter А.

Uses

Greek
In Ancient Greek, alpha was pronounced  and could be either phonemically long ([aː]) or short ([a]). Where there is ambiguity, long and short alpha are sometimes written ",False,True,1.0,0.9353994727134705,0.124106764793396
emb_minilm,333,Alpha,Which letters are mentioned as having arisen from alpha?,The Latin letter A and the Cyrillic letter А.,Letters that arose from alpha include the Latin letter A and the Cyrillic letter А.,Alpha | Alpha | A,"Alpha  (uppercase , lowercase ; , , or ) is the first letter of the Greek alphabet. In the system of Greek numerals, it has a value of one. Alpha is derived from the Phoenician letter aleph , which is the West Semitic word for ""ox"". Letters that arose from alpha include the Latin letter A and the Cyrillic letter А.

Uses

Greek
In Ancient Greek, alpha was pronounced  and could be either phonemically long ([aː]) or short ([a]). Where there is ambiguity, long and short alpha are sometimes written ",False,True,1.0,0.9770903587341309,0.07985377311706543
emb_minilm,334,Alvin Toffler,What are Alvin Toffler's birth and death dates?,"He was born on October 4, 1928 and died on June 27, 2016.","Alvin Toffler was born in 1928 and died on June 27, 2016.",Alvin Toffler | Alvin Toffler | Alvin Toffler,"Newt Gingrich became close to the Tofflers in the 1970s and said The Third Wave had immensely influenced his own thinking and was ""one of the great seminal works of our time.""

Selected awards
Toffler has received several prestigious prizes and awards, including the McKinsey Foundation Book Award for Contributions to Management Literature, Officier de L'Ordre des Arts et Lettres, and appointments, including Fellow of the American Association for the Advancement of Science and the International I",False,True,0.6666666666666666,0.07232138514518738,2.872943878173828e-05
emb_minilm,335,Alvin Toffler,"What is the title of Alvin Toffler's first major book about the future, and how many copies has it sold?","The book is ""Future Shock"" and it has sold over 6 million copies.","Alvin Toffler's first major book about the future, titled ""Future Shock,"" has sold over 6 million copies.",Alvin Toffler | Alvin Toffler | Alvin Toffler,"No cause of death was given. He is buried at Westwood Memorial Park.

Bibliography
Alvin Toffler co-wrote his books with his wife Heidi.
 The Culture Consumers (1964) St. Martin's Press, 
 The Schoolhouse in the City (1968) Praeger (editors), 
 Future Shock (1970) Bantam Books, 
 The Futurists (1972) Random House (editors), 
 Learning for Tomorrow (1974) Random House (editors), 
 The Eco-Spasm Report (1975) Bantam Books, 
 The Third Wave (1980) Bantam Books, 
 Previews & Premises (1983) William ",False,True,1.0,0.9820070862770081,1.6450881958007812e-05
emb_minilm,336,The Amazing Spider-Man,In what month and year did The Amazing Spider-Man series begin publication?,March 1963,The Amazing Spider-Man series began publication in March 1963.,The Amazing Spider-Man | The Amazing Spider-Man | The Amazing Spider-Man,"The Amazing Spider-Man is an ongoing American superhero comic book series featuring the Marvel Comics superhero Spider-Man as its title character and main protagonist. Being in the mainstream continuity of the franchise, it was the character's first title, launching seven months after his introduction in the final issue of Amazing Fantasy. The series began publication with a March 1963 cover date and has been published nearly continuously to date over six volumes with only one significant interr",False,True,1.0,0.9867718815803528,3.5762786865234375e-06
emb_minilm,337,The Amazing Spider-Man,How many issues had The Amazing Spider-Man reached by 2022?,900 issues,"By 2022, The Amazing Spider-Man had reached 900 issues.",The Amazing Spider-Man | The Amazing Spider-Man | The Amazing Spider-Man,"The Amazing Spider-Man ended with this issue, with the story continuing in the new series The Superior Spider-Man. Despite The Superior Spider-Man being considered a different series to The Amazing Spider-Man, the first 33 issue run goes towards the legacy numbering of The Amazing Spider-Man acting as issues 701–733. In December 2013, the series returned for five issues, numbered 700.1 through 700.5, with the first two written by David Morrell and drawn by Klaus Janson.

2014 relaunch
In January",False,True,1.0,0.9885699152946472,2.384185791015625e-05
emb_minilm,338,AM,"What does the abbreviation ""AM"" represent as a United States Navy hull classification symbol?",minesweeper,"The abbreviation ""AM"" represents a minesweeper in the United States Navy.",AM | AM | Abbreviation,"AM or Am may refer to:

Arts and entertainment

Music
 A minor, a minor scale in music
 A.M. (Chris Young album)
 A.M. (Wilco album)
 AM (Abraham Mateo album) 
 AM (Arctic Monkeys album)
 AM (musician), American musician
 Am, the A minor chord symbol
 Armeemarschsammlung (Army March Collection), catalog of German military march music
 Andrew Moore (musician), Canadian musician known as A.M.
 DJ AM, American DJ and producer
 Skengdo & AM, British hip hop duo

Television and radio
 AM (radio progr",False,True,1.0,0.9937505125999451,1.1086463928222656e-05
emb_minilm,339,AM,"Which musical group released an album titled ""AM"" that is listed in the passage?",AM (Arctic Monkeys album),"There is no information provided in the given context regarding any musical group releasing an album titled ""AM"". Therefore, based solely on the context provided, the correct answer cannot be determined.",Atlas (disambiguation) | Aztlan Underground | ABBA,"Atlas, a Marvel Comics supervillain
 The Atlas, a strong driving force from No Man's Sky

Literature
 Atlas, a photography book by Gerhard Richter
 ATLAS of Finite Groups, a group theory book
 Atlas Shrugged, a novel by Ayn Rand
 The Atlas (novel), by William T. Vollmann

Music

Groups
 Atlas (band), a New Zealand rock band
 Atlas Sound, the solo musical project of Deerhunter lead singer and guitarist Bradford Cox

Musicians
 Black Atlass, a Canadian musician

Albums
 Atlas (Kinky album)
 Atlas ",False,False,0.5,0.3723776340484619,0.18676155805587769
emb_minilm,340,Antigua and Barbuda,What is the capital city of Antigua and Barbuda?,"St. John's, Antigua","St. John's, Antigua",Antigua and Barbuda | Antigua and Barbuda | Demographics of Antigua and Barbuda,"Antigua and Barbuda (, ) is a sovereign island country in the Caribbean. It lies at the conjuncture of the Caribbean Sea and the Atlantic Ocean in the Leeward Islands part of the Lesser Antilles.

The country consists of two major islands, Antigua and Barbuda, which are approximately  apart, and several smaller islands, including Great Bird, Green, Guiana, Long, Maiden, Prickly Pear, York, and Redonda. The permanent population is approximately 97,120 ( estimates), with 97% residing in Antigua. S",False,True,1.0,0.9489651322364807,0.9273632988333702
emb_minilm,341,Antigua and Barbuda,When did Antigua and Barbuda gain full independence from the United Kingdom?,1 November 1981,1 November 1981,Antigua and Barbuda | Antigua and Barbuda | Demographics of Antigua and Barbuda,"Antigua and Barbuda (, ) is a sovereign island country in the Caribbean. It lies at the conjuncture of the Caribbean Sea and the Atlantic Ocean in the Leeward Islands part of the Lesser Antilles.

The country consists of two major islands, Antigua and Barbuda, which are approximately  apart, and several smaller islands, including Great Bird, Green, Guiana, Long, Maiden, Prickly Pear, York, and Redonda. The permanent population is approximately 97,120 ( estimates), with 97% residing in Antigua. S",False,True,1.0,0.9425743222236633,0.9991784661542624
emb_minilm,342,Azincourt,In which department of France is the commune of Azincourt located?,Pas-de-Calais,Pas-de-Calais,Azincourt | Azincourt | Azerbaijan,"Azincourt (), historically known in English as Agincourt ( ), is a commune in the Pas-de-Calais department in northern France. It is situated  north-west of Saint-Pol-sur-Ternoise on the D71 road between Hesdin and Fruges.

The Late Medieval Battle of Agincourt between the English and the French took place in the commune in 1415.

Toponym
The name is attested as Aisincurt in 1175, derived from a Germanic masculine name Aizo, Aizino and the early Northern French word curt (which meant a farm with",False,True,1.0,0.806627094745636,0.9988304898142815
emb_minilm,343,Azincourt,On what date was the Battle of Agincourt fought?,25 October 1415,"The Battle of Agincourt, also known as the Battle of Azincourt, was fought on 25 October 1415.",Azincourt | American Civil War | Azincourt,"Azincourt (), historically known in English as Agincourt ( ), is a commune in the Pas-de-Calais department in northern France. It is situated  north-west of Saint-Pol-sur-Ternoise on the D71 road between Hesdin and Fruges.

The Late Medieval Battle of Agincourt between the English and the French took place in the commune in 1415.

Toponym
The name is attested as Aisincurt in 1175, derived from a Germanic masculine name Aizo, Aizino and the early Northern French word curt (which meant a farm with",False,True,1.0,0.9303414821624756,0.0012159943580627441
emb_minilm,344,Albert Speer,When was Albert Speer appointed as Reich Minister of Armaments and War Production?,February 1942,Albert Speer was appointed as Reich Minister of Armaments and War Production on 8 February 1942.,Albert Speer | Albert Speer | Albert Speer,"Berthold Konrad Hermann Albert Speer (; ; 19 March 1905 – 1 September 1981) was a German architect who served as the Minister of Armaments and War Production in Nazi Germany during most of World War II. A close ally of Adolf Hitler, he was convicted at the Nuremberg trial and sentenced to 20 years in prison.

An architect by training, Speer joined the Nazi Party in 1931. His architectural skills made him increasingly prominent within the Party, and he became a member of Hitler's inner circle. Hi",False,True,1.0,0.8178209066390991,1.1205673217773438e-05
emb_minilm,345,Albert Speer,What length of prison sentence was Albert Speer given after the Nuremberg trial?,20 years in prison,Albert Speer was given a prison sentence of 20 years after the Nuremberg trial.,Albert Speer | Albert Speer | Albert Speer,"The chief United States prosecutor, Robert H. Jackson, of the U.S. Supreme Court said, ""Speer joined in planning and executing the program to dragoon prisoners of war and foreign workers into German war industries, which waxed in output while the workers waned in starvation."" Speer's attorney, Hans Flächsner, successfully contrasted Speer from other defendants and portrayed him as an artist thrust into political life who had always remained a non-ideologue.

Speer was found guilty of war crimes ",False,True,1.0,0.9695336818695068,1.1086463928222656e-05
emb_minilm,346,Asteraceae,In what year were the Compositae first described?,1740,"The Compositae, originally called Asteraceae, were first described in 1740 by Dutch botanist Adriaan van Royen.",Asteraceae | Asteraceae | Ancient philosophy,"Taxonomy

History
Compositae, the original name for Asteraceae, were first described in 1740 by Dutch botanist Adriaan van Royen. Traditionally, two subfamilies were recognised: Asteroideae (or Tubuliflorae) and Cichorioideae (or Liguliflorae). The latter has been shown to be extensively paraphyletic, and has now been divided into 12 subfamilies, but the former still stands. The study of this family is known as synantherology.

Phylogeny

The phylogenetic tree of subfamilies presented below is b",False,True,1.0,0.9487969279289246,0.00032126903533935547
emb_minilm,347,Asteraceae,How many known species does the family Asteraceae consist of?,"over 32,000 known species","The family Asteraceae consists of over 32,000 known species of flowering plants.",Asterales | Asteraceae | Asparagales,"The remaining families count together for less than 1500 species. The two large families are cosmopolitan, with many of their species found in the Northern Hemisphere, and the smaller families are usually confined to Australia and the adjacent areas, or sometimes South America.

Only the Asteraceae have composite flower heads; the other families do not, but share other characteristics such as storage of inulin that define the 11 families as more closely related to each other than to other plant ",False,True,1.0,0.9817002415657043,4.184246063232422e-05
emb_minilm,348,Apiaceae,How many species are estimated to be in the Apiaceae family?,"More than 3,800 species.","More than 3,800 species are estimated to be in the Apiaceae family.",Apiaceae | Apiales | Apiaceae,"Apiaceae () or Umbelliferae is a family of mostly aromatic flowering plants named after the type genus Apium and commonly known as the celery, carrot or parsley family, or simply as umbellifers. It is the 16th-largest family of flowering plants, with more than 3,800 species in about 446 genera, including such well-known and economically important plants as ajwain, angelica, anise, asafoetida, caraway, carrot, celery, chervil, coriander, cumin, dill, fennel, lovage, cow parsley, parsley, parsnip ",False,True,1.0,0.9445300102233887,0.00024443864822387695
emb_minilm,349,Apiaceae,What common name is given to the Apiaceae family?,"It is commonly known as the celery, carrot or parsley family, or simply as umbellifers.","The common name given to the Apiaceae family is the celery, carrot or parsley family, or simply as umbellifers.",Apiales | Apiaceae | Apiaceae,"The Apiales are an order of flowering plants. The families are those recognized in the APG III system. This is typical of the newer classifications, though there is some slight variation and in particular, the Torriceliaceae may also be divided.

Under this definition, well-known members include carrots, celery, parsley, and Hedera helix (English ivy).

The order Apiales is placed within the asterid group of eudicots as circumscribed by the APG III system. Within the asterids, Apiales belongs to",False,True,0.75,0.9879531860351562,0.00038373470306396484
emb_minilm,350,Axon,What are the three groups of nerve fibers mentioned in the passage?,"Group A nerve fibers, group B nerve fibers, and group C nerve fibers.","The three groups of nerve fibers mentioned in the passage are Group A nerve fibers, Group B nerve fibers, and Group C nerve fibers.",Axon | Axon | Anatomy,"The first group A, was subdivided into alpha, beta, gamma, and delta fibersAα, Aβ, Aγ, and Aδ. The motor neurons of the different motor fibers, were the lower motor neuronsalpha motor neuron, beta motor neuron, and gamma motor neuron having the Aα, Aβ, and Aγ nerve fibers, respectively.

Later findings by other researchers identified two groups of Aa fibers that were sensory fibers. These were then introduced into a system (Lloyd classification) that only included sensory fibers (though some of ",False,True,1.0,0.9524462819099426,0.001782238483428955
emb_minilm,351,Axon,Which groups of nerve fibers are myelinated according to the passage?,Groups A and B are myelinated.,"According to the passage, Group A nerve fibers and Group B nerve fibers are myelinated.",Axon | Axon | Axon,"The numbers of axonal telodendria (the branching structures at the end of the axon) can also differ from one nerve fiber to the next. Axons in the central nervous system (CNS) typically show multiple telodendria, with many synaptic end points. In comparison, the cerebellar granule cell axon is characterized by a single T-shaped branch node from which two parallel fibers extend. Elaborate branching allows for the simultaneous transmission of messages to a large number of target neurons within a s",False,True,0.6666666666666666,0.9685893058776855,0.0019532442092895508
emb_minilm,352,Aramaic alphabet,"Which group adopted the Aramaic alphabet for writing Hebrew, displacing the Paleo‑Hebrew alphabet?",Jews,Jews (but not Samaritans),Aramaic alphabet | Aramaic alphabet | Aramaic alphabet,"Among the descendant scripts in modern use, the Jewish Hebrew alphabet bears the closest relation to the Imperial Aramaic script of the 5th century BC, with an identical letter inventory and, for the most part, nearly identical letter shapes. By contrast the Samaritan Hebrew script is directly descended from Proto-Hebrew/Phoenician script, which was in turn the ancestor of the Aramaic alphabet. The Aramaic alphabet was also an ancestor to the Nabataean alphabet, which in turn had the Arabic alph",False,True,1.0,0.960853099822998,0.7610948383808136
emb_minilm,353,Aramaic alphabet,What term did Peter T. Daniels use to describe writing systems like Aramaic that indicate consonants but not most vowels?,abjads,"Peter T. Daniels used the term ""abjad"" to describe writing systems like Aramaic that indicate consonants but do not indicate most vowels other than by means of matres lectionis or added diacritical signs.",Aramaic alphabet | Aramaic alphabet | Aramaic alphabet,"The ancient Aramaic alphabet was used to write the Aramaic languages spoken by ancient Aramean pre-Christian tribes throughout the Fertile Crescent. It was also adopted by other peoples as their own alphabet when empires and their subjects underwent linguistic Aramaization during a language shift for governing purposes—a precursor to Arabization centuries later—including among Assyrians who permanently replaced their Akkadian language and its cuneiform script with Aramaic and its script, and amo",False,True,0.0,0.9911364316940308,0.0008542537689208984
emb_minilm,354,Acute disseminated encephalomyelitis,What is the reported annual incidence of acute disseminated encephalomyelitis (ADEM) per million people?,"About 8 per 1,000,000 people per year.","The reported annual incidence of acute disseminated encephalomyelitis (ADEM) per million people is about 8 per 1,000,000.",Acute disseminated encephalomyelitis | Acute disseminated encephalomyelitis | Acute disseminated encephalomyelitis,"When a person has more than one demyelinating episode of ADEM, the disease is then called recurrent disseminated encephalomyelitis or multiphasic disseminated encephalomyelitis (MDEM). Also, a fulminant course in adults has been described.

Signs and symptoms
ADEM has an abrupt onset and a monophasic course. Symptoms usually begin 1–3 weeks after infection. Major symptoms include fever, headache, nausea and vomiting, confusion, vision impairment, drowsiness, seizures and coma. Although initially",False,True,0.8571428571428571,0.8520792722702026,0.00028520822525024414
emb_minilm,355,Acute disseminated encephalomyelitis,What is the average age range of most reported ADEM cases?,Around 5 to 8 years old.,"The average age range of most reported ADEM cases is 3.8 years old for those diagnosed within 3.9 years of their initial onset, and 7.7 years old for those diagnosed within 2.2 years of their initial onset.",Acute disseminated encephalomyelitis | Demographics of Angola | Acute disseminated encephalomyelitis,"Group means for each cognitive domain were all within one standard deviation of age norms, demonstrating that, as a group, they were normal. These deficits were less severe than those seen in similar aged children with a diagnosis of MS.

Another study compared nineteen children with a history of ADEM, of which 10 were five years of age or younger at the time (average age 3.8 years old, tested an average of 3.9 years later) and nine were older (mean age 7.7y at time of ADEM, tested an average of",False,True,0.6,0.6287049055099487,0.07737815380096436
emb_minilm,356,Ataxia,What term is used to describe ataxia that is limited to one side of the body?,hemiataxia,Hemiataxia is the term used to describe ataxia that is limited to one side of the body.,Ataxia | Ataxia | Ataxia,"Ataxia (from Greek α- [a negative prefix] + -τάξις [order] = ""lack of order"") is a neurological sign consisting of lack of voluntary coordination of muscle movements that can include gait abnormality, speech changes, and abnormalities in eye movements, that indicates dysfunction of parts of the nervous system that coordinate movement, such as the cerebellum.

These nervous system dysfunctions occur in several different patterns, with different results and different possible causes. Ataxia can be",False,True,1.0,0.9930457472801208,0.0008575916290283203
emb_minilm,357,Ataxia,What is the name for a mild degree of ataxia?,Dystaxia,Dystaxia is a mild degree of ataxia.,Ataxia | Ataxia | Ataxia,"Ataxia (from Greek α- [a negative prefix] + -τάξις [order] = ""lack of order"") is a neurological sign consisting of lack of voluntary coordination of muscle movements that can include gait abnormality, speech changes, and abnormalities in eye movements, that indicates dysfunction of parts of the nervous system that coordinate movement, such as the cerebellum.

These nervous system dysfunctions occur in several different patterns, with different results and different possible causes. Ataxia can be",False,True,1.0,0.9871914386749268,0.0011879205703735352
emb_minilm,358,Ada Lovelace,"When was Augusta Ada King, Countess of Lovelace born and when did she die?",She was born on 10 December 1815 and died on 27 November 1852.,"Augusta Ada King, Countess of Lovelace was born on 10 December 1815 and died on 27 November 1852.",Ada Lovelace | Ada Lovelace | Ada Lovelace,"Augusta Ada King, Countess of Lovelace (née Byron; 10 December 1815 – 27 November 1852) was an English mathematician and writer, chiefly known for her work on Charles Babbage's proposed mechanical general-purpose computer, the Analytical Engine. She was the first to recognise that the machine had applications beyond pure calculation.

Ada Byron was the only legitimate child of poet Lord Byron and reformer Lady Byron. All Lovelace's half-siblings, Lord Byron's other children, were born out of wed",False,True,0.8888888888888888,0.794627845287323,6.532669067382812e-05
emb_minilm,359,Ada Lovelace,Who did Ada Lovelace marry and in what year did her husband become Earl of Lovelace?,"She married William King in 1835, and he was made Earl of Lovelace in 1838.","Ada Lovelace married William King in 1835. William King was made Earl of Lovelace in 1838, making Ada the Countess of Lovelace.",Ada Lovelace | Ada Lovelace | Ada Lovelace,"Augusta Ada King, Countess of Lovelace (née Byron; 10 December 1815 – 27 November 1852) was an English mathematician and writer, chiefly known for her work on Charles Babbage's proposed mechanical general-purpose computer, the Analytical Engine. She was the first to recognise that the machine had applications beyond pure calculation.

Ada Byron was the only legitimate child of poet Lord Byron and reformer Lady Byron. All Lovelace's half-siblings, Lord Byron's other children, were born out of wed",False,True,0.8,0.9719690680503845,0.004054367542266846
emb_minilm,360,August Derleth,When was August Derleth born?,"February 24, 1909",August Derleth was born in 1909.,August Derleth | August Derleth | August,"David E. Schultz and S.T. Joshi (eds). Eccentric, Impractical Devils: The Letters of August Derleth and Clark Ashton Smith. NY: Hippocampus Press, 2020.

External links

 The August Derleth Society 
 A biography
 August Derleth Bibliography
 
 
 Derleth Collection guides at University of Wisconsin Libraries: papers; comics
 Derleth Collection guide at Syracuse University

Works
 
 
 
 

1909 births
1971 deaths
University of Wisconsin–Madison alumni
American short story writers
American mystery w",False,True,0.3333333333333333,0.7703129649162292,2.9802322387695312e-06
emb_minilm,361,August Derleth,What fictional detective did Derleth create as a pastiche of Sherlock Holmes?,Solar Pons,Derleth created the fictional detective Solar Pons as a pastiche of Sherlock Holmes.,August Derleth | August Derleth | August Derleth,"Derleth also wrote under the pen names Stephen Grendon, Kenyon Holmes and Tally Mason.

Derleth's papers were donated to the Wisconsin Historical Society in Madison.

Bibliography

Awards
 O'Brien Roll of Honour for short story, 1933
 Guggenheim fellow, 1938

See also
 August Derleth Award
 List of authors of new Sherlock Holmes stories
 List of horror fiction authors
 List of people from Wisconsin
 Mark Schorer
 Sherlock Holmes pastiches

Notes

References
 
 
 
 
 
 
 
 
 Meudt, Edna. 'August ",False,True,1.0,0.9875942468643188,2.1457672119140625e-06
emb_minilm,362,Alps,How many Alpine countries does the Alps stretch across?,Eight,The Alps stretch across eight Alpine countries.,Alps | Alps | Alps,"The Alps () are the highest and most extensive mountain range that is entirely in Europe, stretching approximately  across eight Alpine countries (from west to east): Monaco, France, Switzerland, Italy, Liechtenstein, Germany, Austria and Slovenia.

The Alpine arch extends from Nice on the western Mediterranean to Trieste on the Adriatic and Vienna at the beginning of the Pannonian Basin. The mountains were formed over tens of millions of years as the African and Eurasian tectonic plates collide",False,True,1.0,0.9786706566810608,8.153915405273438e-05
emb_minilm,363,Alps,Which mountain spans the French–Italian border and is the highest mountain in the Alps?,Mont Blanc,Mont Blanc,Alps | Alps | Alps,"The Alps () are the highest and most extensive mountain range that is entirely in Europe, stretching approximately  across eight Alpine countries (from west to east): Monaco, France, Switzerland, Italy, Liechtenstein, Germany, Austria and Slovenia.

The Alpine arch extends from Nice on the western Mediterranean to Trieste on the Adriatic and Vienna at the beginning of the Pannonian Basin. The mountains were formed over tens of millions of years as the African and Eurasian tectonic plates collide",False,True,1.0,0.8671793937683105,0.9962782915681601
emb_minilm,364,Albert Camus,In what year did Albert Camus receive the Nobel Prize in Literature?,1957,1957,Albert Camus | Albert Camus | Alfred Nobel,"Albert Camus ( ,  ; ; 7 November 1913 – 4 January 1960) was an Algerian-French  philosopher, author, dramatist, journalist, and political activist. He was the recipient of the 1957 Nobel Prize in Literature at the age of 44, the second-youngest recipient in history. His works include The Stranger, The Plague, The Myth of Sisyphus, The Fall, and The Rebel.

Camus was born in French Algeria to Pieds Noirs parents. He spent his childhood in a poor neighbourhood and later studied philosophy at the U",False,True,1.0,0.6661158204078674,0.9982691697077826
emb_minilm,365,Albert Camus,What position did Albert Camus hold at the newspaper Combat during World War II?,Editor-in-chief,"During World War II, Albert Camus worked as a journalist and editor of the banned newspaper Combat.",Albert Camus | Albert Camus | Albert Camus,"Albert Camus ( ,  ; ; 7 November 1913 – 4 January 1960) was an Algerian-French  philosopher, author, dramatist, journalist, and political activist. He was the recipient of the 1957 Nobel Prize in Literature at the age of 44, the second-youngest recipient in history. His works include The Stranger, The Plague, The Myth of Sisyphus, The Fall, and The Rebel.

Camus was born in French Algeria to Pieds Noirs parents. He spent his childhood in a poor neighbourhood and later studied philosophy at the U",False,True,0.5,0.9575260281562805,0.0001150369644165039
emb_minilm,366,Agatha Christie,How many detective novels did Agatha Christie write?,66,66,Agatha Christie | Agatha Christie | Agatha Christie,"Dame Agatha Mary Clarissa Christie, Lady Mallowan,  (; 15 September 1890 – 12 January 1976) was an English writer known for her 66 detective novels and 14 short story collections, particularly those revolving around fictional detectives Hercule Poirot and Miss Marple. She also wrote the world's longest-running play, the murder mystery The Mousetrap, which has been performed in the West End since 1952. A writer during the ""Golden Age of Detective Fiction"", Christie has been called the ""Queen of C",False,True,1.0,0.9261714220046997,0.9719392582774162
emb_minilm,367,Agatha Christie,In what year was Agatha Christie made a Dame (DBE) by Queen Elizabeth II?,1971,1971,Agatha Christie | Agatha Christie | Agatha Christie,"Dame Agatha Mary Clarissa Christie, Lady Mallowan,  (; 15 September 1890 – 12 January 1976) was an English writer known for her 66 detective novels and 14 short story collections, particularly those revolving around fictional detectives Hercule Poirot and Miss Marple. She also wrote the world's longest-running play, the murder mystery The Mousetrap, which has been performed in the West End since 1952. A writer during the ""Golden Age of Detective Fiction"", Christie has been called the ""Queen of C",False,True,1.0,0.8331175446510315,0.9994786637253128
emb_minilm,368,The Plague (novel),When was the cholera epidemic that Camus used as source material for The Plague?,1849,The cholera epidemic that Camus used as source material for The Plague occurred in 1849.,The Plague (novel) | The Plague (novel) | The Plague (novel),"The Plague () is a 1947 absurdist novel by Albert Camus. It tells the story from the point of view of a narrator in the midst of a plague sweeping the French Algerian city of Oran. The narrator remains unknown until the start of the last chapter. The novel presents a snapshot of life in Oran as seen through the author's distinctive absurdist point of view.

Camus used as source material the cholera epidemic that killed a large proportion of Oran's population in 1849, but situated the novel in th",False,True,1.0,0.9334186315536499,8.225440979003906e-06
emb_minilm,369,The Plague (novel),How many cases were reported in the 1944 outbreak in Oran?,95 cases,95 cases,The Plague (novel) | August 27 | Animal Farm,"The Plague () is a 1947 absurdist novel by Albert Camus. It tells the story from the point of view of a narrator in the midst of a plague sweeping the French Algerian city of Oran. The narrator remains unknown until the start of the last chapter. The novel presents a snapshot of life in Oran as seen through the author's distinctive absurdist point of view.

Camus used as source material the cholera epidemic that killed a large proportion of Oran's population in 1849, but situated the novel in th",False,True,1.0,0.2569809854030609,0.9731898065656424
emb_minilm,370,Applied ethics,"In which decade did the field of applied ethics, as it appears today, emerge?",the early 1970s,"The field of applied ethics, as it appears today, emerged in the early 1970s.",Applied ethics | Applied ethics | Anthropology,"Applied ethics is the practical aspect of moral considerations. It is ethics with respect to real-world actions and their moral considerations in private and public life, the professions, health, technology, law, and leadership. For example, bioethics is concerned with identifying the best approach to moral issues in the life sciences, such as euthanasia, the allocation of scarce health resources, or the use of human embryos in research. Environmental ethics is concerned with ecological issues s",False,True,1.0,0.9833762049674988,1.33514404296875e-05
emb_minilm,371,Applied ethics,"According to the passage, what does business ethics include?",the duties of whistleblowers to the public and to their employers,"According to the passage, business ethics includes the duties of whistleblowers to the public and to their employers.",Applied ethics | Applied ethics | Applied ethics,"Applied ethics is the practical aspect of moral considerations. It is ethics with respect to real-world actions and their moral considerations in private and public life, the professions, health, technology, law, and leadership. For example, bioethics is concerned with identifying the best approach to moral issues in the life sciences, such as euthanasia, the allocation of scarce health resources, or the use of human embryos in research. Environmental ethics is concerned with ecological issues s",False,True,1.0,0.9923235177993774,0.006890416145324707
emb_minilm,372,Absolute value,"Who introduced the term ""module"" for the complex absolute value and in what year?",Jean-Robert Argand introduced the term module in 1806.,"Jean-Robert Argand introduced the term ""module"" for the complex absolute value in 1806.",Absolute value | Absolute value | Absolute value,"In mathematics, the absolute value or modulus of a real number ,  is the non-negative value  without regard to its sign. Namely,  if  is a positive number, and  if  is negative (in which case negating  makes  positive), and  For example, the absolute value of 3  and the absolute value of −3 is  The absolute value of a number may be thought of as its distance from zero.

Generalisations of the absolute value for real numbers occur in a wide variety of mathematical settings. For example, an absolu",False,True,1.0,0.9238869547843933,0.00016224384307861328
emb_minilm,373,Absolute value,What notation for absolute value was introduced by Karl Weierstrass and in what year?,Karl Weierstrass introduced the vertical bar notation (|x|) in 1841.,"Karl Weierstrass introduced the notation |x| for the absolute value of x, and he did so in 1841.",Absolute value | Absolute value | Arithmetic mean,"In mathematics, the absolute value or modulus of a real number ,  is the non-negative value  without regard to its sign. Namely,  if  is a positive number, and  if  is negative (in which case negating  makes  positive), and  For example, the absolute value of 3  and the absolute value of −3 is  The absolute value of a number may be thought of as its distance from zero.

Generalisations of the absolute value for real numbers occur in a wide variety of mathematical settings. For example, an absolu",False,True,0.75,0.5941143035888672,0.00010228157043457031
emb_minilm,374,Analog signal,What type of signal varies continuously with the pressure of sound waves?,An analog audio signal.,"The fundamental concept of wave propagation in acoustics involves two main aspects: pressure levels and frequency. Pressure levels refer to the variations in the ambient pressure caused by sound waves, while frequency represents the rate of vibration cycles per second. These two parameters together define the characteristics of sound waves and play crucial roles in various applications within acoustics.",Acoustic theory | Acoustics | Acoustic theory,"Note that setting  returns us the wave equation. Regardless, upon solving this equation for a moving medium, we then have

See also
 Acoustic attenuation
 Sound
 Fourier analysis

References
 
 

Fluid dynamics
Acoustics
Sound",False,False,0.0,0.9587305188179016,0.4548126459121704
emb_minilm,375,Analog signal,What property does an aneroid barometer use to convey pressure information?,Rotary position.,The aneroid barometer uses the rotary position of the aneroid cell to convey pressure information.,Analog signal | Atom | Accordion,"An analog signal is any continuous-time signal representing some other quantity, i.e., analogous to another quantity. For example, in an analog audio signal, the instantaneous signal voltage varies continuously with the pressure of the sound waves.

In contrast, a digital signal represents the original time-varying quantity as a sampled sequence of quantized values. Digital sampling imposes some bandwidth and dynamic range constraints on the representation and adds quantization error.

The term ",False,True,1.0,0.5885044932365417,0.002709627151489258
emb_minilm,376,Hercule Poirot,How many short stories featuring Hercule Poirot were published between 1920 and 1975?,51 short stories,51,Hercule Poirot | Hercule Poirot | Hercule Poirot,"Hercule Poirot (, ) is a fictional Belgian detective created by British writer Agatha Christie. Poirot is one of Christie's most famous and long-running characters, appearing in 33 novels, two plays (Black Coffee and Alibi), and 51 short stories published between 1920 and 1975.

Poirot has been portrayed on radio, in film and on television by various actors, including Austin Trevor, John Moffatt, Albert Finney, Peter Ustinov, Ian Holm, Tony Randall, Alfred Molina, Orson Welles, David Suchet, Ken",False,True,0.3333333333333333,0.6998019814491272,0.9898695880547166
emb_minilm,377,Hercule Poirot,What are the titles of the two plays in which Hercule Poirot appears?,Black Coffee and Alibi,Two plays in which Hercule Poirot appears are Black Coffee and Alibi.,Hercule Poirot | Hercule Poirot | Hercule Poirot,"He has certainly retired at the time of Three Act Tragedy (1935) but he does not enjoy his retirement and repeatedly takes cases thereafter when his curiosity is engaged. He continues to employ his secretary, Miss Lemon, at the time of the cases retold in Hickory Dickory Dock and Dead Man's Folly, which take place in the mid-1950s. It is, therefore, better to assume that Christie provided no authoritative chronology for Poirot's retirement but assumed that he could either be an active detective,",False,True,1.0,0.9286632537841797,3.933906555175781e-06
emb_minilm,378,Miss Marple,In which village does Miss Marple live?,St. Mary Mead,St. Mary Mead,Miss Marple | Miss Marple | Miss Marple,"Miss Jane Marple is a fictional character in Agatha Christie's crime novels and short stories. Miss Marple lives in the village of St. Mary Mead and acts as an amateur consulting detective. Often characterized as an elderly spinster, she is one of Christie's best-known characters and has been portrayed numerous times on screen. Her first appearance was in a short story published in The Royal Magazine in December 1927, ""The Tuesday Night Club"", which later became the first chapter of The Thirteen",False,True,1.0,0.8152871131896973,0.9913725424557924
emb_minilm,379,Miss Marple,What is the title of the short story in which Miss Marple first appeared?,The Tuesday Night Club,"""The Tuesday Night Club""",Miss Marple | Miss Marple | Miss Marple,"Miss Jane Marple is a fictional character in Agatha Christie's crime novels and short stories. Miss Marple lives in the village of St. Mary Mead and acts as an amateur consulting detective. Often characterized as an elderly spinster, she is one of Christie's best-known characters and has been portrayed numerous times on screen. Her first appearance was in a short story published in The Royal Magazine in December 1927, ""The Tuesday Night Club"", which later became the first chapter of The Thirteen",False,True,1.0,0.8853246569633484,0.885185606777668
emb_minilm,380,April,How many days long is the month of April?,30 days,The month of April is 30 days long.,April | April | April,"April is the fourth month of the year in the Gregorian and Julian calendars. It is the first of four months to have a length of 30 days, and the second of five months to have a length of less than 31 days.

April is commonly associated with the season of spring in the Northern Hemisphere, and autumn in the Southern Hemisphere, where it is the seasonal equivalent to October in the Northern Hemisphere and vice versa.

History 

The Romans gave this month the Latin name Aprilis but the derivation o",False,True,1.0,0.9405421614646912,4.8160552978515625e-05
emb_minilm,381,April,To which goddess was April sacred in Roman tradition?,Venus,"According to the provided context, April was sacred to the goddess Venus in Roman tradition.",April | April | April,"April is the fourth month of the year in the Gregorian and Julian calendars. It is the first of four months to have a length of 30 days, and the second of five months to have a length of less than 31 days.

April is commonly associated with the season of spring in the Northern Hemisphere, and autumn in the Southern Hemisphere, where it is the seasonal equivalent to October in the Northern Hemisphere and vice versa.

History 

The Romans gave this month the Latin name Aprilis but the derivation o",False,True,1.0,0.9563180804252625,0.00010597705841064453
emb_minilm,382,August,How many months have a length of 31 days according to the passage?,Seven months.,"According to the passage, there are two months that have a length of 31 days:

1. August - This month is specifically mentioned as having 31 days.
2. March - While not explicitly stated to have exactly 31 days, it is described as having 31 days in the context of the passage.

Therefore, based solely on the information provided in the given text, there are **two** months that have a length of 31 days.",August | April | April,"Commonly repeated lore has it that August has 31 days because Augustus wanted his month to match the length of Julius Caesar's July, but this is an invention of the 13th century scholar Johannes de Sacrobosco. Sextilis in fact had 31 days before it was renamed, and it was not chosen for its length.

Symbols 

  August's birthstones are the peridot, sardonyx, and spinel. Its birth flower is the gladiolus or poppy, meaning beauty, strength of character, love, marriage and family. The Western zodia",False,True,0.5,0.47445163130760193,0.060584962368011475
emb_minilm,383,August,What was the original Latin name for the month of August?,Sextilis.,The original Latin name for the month of August was Augustus.,August | April | April,"Commonly repeated lore has it that August has 31 days because Augustus wanted his month to match the length of Julius Caesar's July, but this is an invention of the 13th century scholar Johannes de Sacrobosco. Sextilis in fact had 31 days before it was renamed, and it was not chosen for its length.

Symbols 

  August's birthstones are the peridot, sardonyx, and spinel. Its birth flower is the gladiolus or poppy, meaning beauty, strength of character, love, marriage and family. The Western zodia",False,True,0.0,0.34110814332962036,2.09808349609375e-05
emb_minilm,384,Aaron,"According to the Book of Numbers, how old was Aaron when he died?",123 years,"According to the Book of Numbers, Aaron died at 123 years of age.",Aaron | Aaron | Aaron,"According to Abrahamic religions, Aaron (  or  ) was a prophet, a high priest, and the elder brother of Moses. Information about Aaron comes exclusively from religious texts such as the Hebrew Bible, the New Testament (Luke, Acts, and Hebrews), and the Quran.

The Hebrew Bible relates that, unlike Moses, who grew up in the Egyptian royal court, Aaron and his elder sister Miriam remained with their kinsmen in the northeastern region of the Nile Delta. When Moses first confronted the Egyptian king",False,True,1.0,0.97145676612854,9.274482727050781e-05
emb_minilm,385,Aaron,"According to the passage, where did Aaron die as stated in the Book of Numbers?",on Mount Hor,"According to the passage, Aaron died on Mount Hor, as stated in the Book of Numbers.",Aaron | Aaron | Aaron,"said Moses; ""and then follow me."" Aaron did as commanded; and they entered the cave, where was prepared a bed around which angels stood. ""Go lie down upon thy bed, my brother,"" Moses continued; and Aaron obeyed without a murmur. Then his soul departed as if by a kiss from God. The cave closed behind Moses as he left; and he went down the hill with Eleazar, with garments rent, and crying: ""Alas, Aaron, my brother! thou, the pillar of supplication of Israel!"" When the Israelites cried in bewilderm",False,True,1.0,0.946373462677002,0.0012496709823608398
emb_minilm,386,April 6,In what year did Julius Caesar defeat Caecilius Metellus Scipio and Marcus Porcius Cato at the Battle of Thapsus?,46 BC,"The information provided does not include details about Julius Caesar defeating Caecilius Metellus Scipio and Marcus Porcius Cato at the Battle of Thapsus. Therefore, based solely on the given context, there is insufficient data to determine the specific year of this historical event.",August 2 | August 9 | Alps,"Events

Pre-1600
338 BC – A Macedonian army led by Philip II defeated the combined forces of Athens and Thebes in the Battle of Chaeronea, securing Macedonian hegemony in Greece and the Aegean.
216 BC – The Carthaginian army led by Hannibal defeats a numerically superior Roman army at the Battle of Cannae.
49 BC – Caesar, who marched to Spain earlier in the year leaving Marcus Antonius in charge of Italy, defeats Pompey's general Afranius and Petreius in Ilerda (Lerida) north of the Ebro river.
",False,False,0.0,0.8356868028640747,0.05791813135147095
emb_minilm,387,April 6,Which dynasty was established by King Buddha Yodfa Chulaloke (Rama I) of Siam?,the Chakri dynasty,"Based on the information provided, King Buddha Yodfa Chulaloke (Rama I) of Siam established the Rattanakosin Kingdom.",Ashoka | Asia | Ashoka,"The date of the Buddha's death is itself a matter of debate, and the North Indian tradition states that Ashoka ruled a hundred years after the Buddha's death, which has led to further debates about the date.

Assuming that the Sri Lankan tradition is correct, and assuming that the Buddha died in 483 BCE – a date proposed by several scholars – Ashoka must have ascended the throne in 265 BCE. The Puranas state that Ashoka's father Bindusara reigned for 25 years, not 28 years as specified in the Sr",False,False,0.0,0.015188762918114662,0.0013458728790283203
emb_minilm,388,April 12,What flag was adopted as the flag of English and Scottish ships in 1606?,The Union Flag,The Union Flag was adopted as the flag of English and Scottish ships in 1606.,April 12 | American Revolutionary War | Alexander Graham Bell,"Events

Pre-1600
 240 – Shapur I becomes co-emperor of the Sasanian Empire with his father Ardashir I.
 467 – Anthemius is elevated to Emperor of the Western Roman Empire.
 627 – King Edwin of Northumbria is converted to Christianity by Paulinus, bishop of York.
1012 – Duke Oldřich of Bohemia deposes and blinds his brother Jaromír, who flees to Poland.
1204 – The Crusaders of the Fourth Crusade breach the walls of Constantinople and enter the city, which they completely occupy the following day.",False,True,1.0,0.9620620608329773,0.00017130374908447266
emb_minilm,389,April 12,"Which battle marked the beginning of the American Civil War on April 12, 1861?",The Battle of Fort Sumter,"The Battle of Fort Sumter in Charleston Harbor, South Carolina, marked the beginning of the American Civil War on April 12, 1861.",American Civil War | American Civil War | April 6,"The American Civil War (April 12, 1861 – May 26, 1865; also known by other names) was a civil war in the United States between the Union (""the North"") and the Confederacy (""the South""), formed by states that had seceded from the Union. The cause of the war was the dispute over whether slavery would be permitted to expand into the western territories, leading to more slave states, or be prevented from doing so, which many believed would place slavery on a course of ultimate extinction.

Decades o",False,False,1.0,0.08019173890352249,0.0032986998558044434
emb_minilm,390,April 15,"What was published in London on April 15, 1755?",Samuel Johnson's A Dictionary of the English Language is published in London.,"Samuel Johnson's A Dictionary of the English Language was published in London on April 15, 1755.",August 22 | April 15 | August 6,"1610)
1680 – John George II, Elector of Saxony (b. 1613)
1681 – Philippe Delano, Dutch Plymouth Colony settler (b. 1602)
1701 – John Granville, 1st Earl of Bath, English soldier and politician, Lord Lieutenant of Ireland (b. 1628)
1711 – Louis François, duc de Boufflers, French general (b. 1644)
1752 – William Whiston, English mathematician, historian, and theologian (b. 1667)
1773 – George Lyttelton, 1st Baron Lyttelton, English poet and politician, Chancellor of the Exchequer (b. 1709)
1793 – ",False,True,1.0,0.5375227332115173,0.00048029422760009766
emb_minilm,391,April 15,"Which battle on April 15, 1632 involved Swedes under Gustavus Adolphus defeating the Holy Roman Empire?",Battle of Rain,Battle of Rain,April 15 | August 22 | Attila,"Events

Pre-1600
 769 – The Lateran Council ends by condemning the Council of Hieria and anathematizing its iconoclastic rulings.
1071 – Bari, the last Byzantine possession in southern Italy, is surrendered to Robert Guiscard.
1450 – Battle of Formigny: Toward the end of the Hundred Years' War, the French attack and nearly annihilate English forces, ending English domination in Northern France.

1601–1900
1632 – Battle of Rain: Swedes under Gustavus Adolphus defeat the Holy Roman Empire during t",False,True,1.0,0.7068530917167664,0.9844712866470218
emb_minilm,392,April 30,"What significant event involving George Washington occurred on April 30, 1789?","On the balcony of Federal Hall on Wall Street in New York City, George Washington takes the oath of office to become the first President of the United States.","George Washington did not attend the Constitutional Convention in 1787. The information about him attending the Constitutional Convention is incorrect based on historical records. Therefore, there is no significant event involving George Washington occurring on April 30, 1789 according to the given context.",American Revolutionary War | American Revolutionary War | Articles of Confederation,"These measures rallied the other colonies, 12 of which sent delegates to the First Continental Congress in Philadelphia in early September 1774 to protest the measures and deliberate on potential responses. The Congress drafted a Petition to the King asking for peace, and threatened a boycott of British goods known as the Continental Association if the Intolerable Acts were not withdrawn. The British attempted to disarm the Americans and the resulting fighting at the Battle of Lexington on April",False,False,0.1111111111111111,0.019546028226614,0.09442687034606934
emb_minilm,393,April 30,"What transaction took place on April 30, 1803, that expanded the United States?","The United States purchases the Louisiana Territory from France for $15 million, more than doubling the size of the young nation.","The transaction that took place on April 30, 1803, that expanded the United States was the purchase of the Louisiana Territory from France through the Louisiana Purchase.",American Revolutionary War | American Revolutionary War | American Revolutionary War,"By 1790, 15 years later, its population had grown to over 73,000.

Britain's extended post-war policy for the U.S. continued to try to establish an Indian buffer state below the Great Lakes as late as 1814 during the War of 1812. The formally acquired western American lands continued to be populated by a dozen or so American Indian tribes that had been British allies for the most part. Though British forts on their lands had been ceded to either the French or the British prior to the creation of",False,False,0.35714285714285715,0.020162684842944145,0.0001888871192932129
emb_minilm,394,August 22,"Which battle on August 22, 1485 marked the end of the House of Plantagenet?",The Battle of Bosworth Field.,"The Battle of Bosworth Field on August 22, 1485 marked the end of the House of Plantagenet.",American Revolutionary War | American Revolutionary War | American Revolutionary War,"The Patriots now held the initiative in the south, with the exception of a raid on Richmond led by Benedict Arnold in January 1781. Greene led Cornwallis on a series of countermarches around North Carolina; by early March, the British were exhausted and short of supplies and Greene felt strong enough to fight the Battle of Guilford Court House on March 15. Although victorious, Cornwallis suffered heavy casualties and retreated to Wilmington, North Carolina seeking supplies and reinforcements.

T",False,False,1.0,0.011654866859316826,0.00014889240264892578
emb_minilm,395,August 22,"In what year did James Cook name and land on Possession Island, claiming the east coast of Australia for Britain as New South Wales?",1770.,"James Cook named and landed on Possession Island, claiming the east coast of Australia for Britain as New South Wales in 1770.",Adelaide | August 22 | Alexander Graham Bell,"The first governor 
proclaimed the commencement of colonial government in South Australia on 28 December 1836, near The Old Gum Tree in what is now the suburb of Glenelg North. The event is commemorated in South Australia as Proclamation Day. The site of the colony's capital was surveyed and laid out by Colonel William Light, the first surveyor-general of South Australia, with his own original, unique, topographically sensitive design. The city was named after Queen Adelaide.

Adelaide was estab",False,True,1.0,0.9735648036003113,0.00014483928680419922
emb_minilm,396,August 27,Which battle resulted in Emmanuel Philibert becoming Duke of Savoy?,The Battle of St. Quentin,The Battle of Chalons in 1429 resulted in Emmanuel Philibert becoming Duke of Savoy.,August 2 | American Revolutionary War | August 22,"Events

Pre-1600
338 BC – A Macedonian army led by Philip II defeated the combined forces of Athens and Thebes in the Battle of Chaeronea, securing Macedonian hegemony in Greece and the Aegean.
216 BC – The Carthaginian army led by Hannibal defeats a numerically superior Roman army at the Battle of Cannae.
49 BC – Caesar, who marched to Spain earlier in the year leaving Marcus Antonius in charge of Italy, defeats Pompey's general Afranius and Petreius in Ilerda (Lerida) north of the Ebro river.
",False,False,0.3333333333333333,0.01555720902979374,3.266334533691406e-05
emb_minilm,397,August 27,Which two states signed the Treaty of Nerchinsk?,Russia and the Qing Empire,"Based on the provided information, there is no mention of any treaties involving the signing of two specific states. The text discusses historical events such as the American Revolutionary War and the Treaty of Amity and Commerce between France and the United States, but does not provide details about the Treaty of Nerchinsk or the states involved in it. Therefore, the correct answer cannot be determined from the given context.",Articles of Confederation | American Revolutionary War | American (word),"Under the Articles, the states retained sovereignty over all governmental functions not specifically relinquished to the national Congress, which was empowered to make war and peace, negotiate diplomatic and commercial agreements with foreign countries, and to resolve disputes between the states. The document also stipulates that its provisions ""shall be inviolably observed by every state"" and that ""the Union shall be perpetual"".

Summary of the purpose and content of each of the 13 articles:
 E",False,False,0.0,0.2697520852088928,0.23784130811691284
emb_minilm,398,Alcohol (chemistry),What functional group must be bound to a saturated carbon atom for a compound to be classified as an alcohol in chemistry?,A hydroxyl (OH) functional group.,A hydroxy group (OH) must be bound to a saturated carbon atom for a compound to be classified as an alcohol in chemistry.,Alcohol (chemistry) | Alkane | Alkane,"If a higher priority group is present (such as an aldehyde, ketone, or carboxylic acid), then the prefix hydroxy-is used, e.g., as in 1-hydroxy-2-propanone (). Compounds having more than one hydroxy group are called polyols. They are named using suffixes -diol, -triol, etc., following a list of the position numbers of the hydroxyl groups, as in propane-1,2-diol for CH3CH(OH)CH2OH (propylene glycol).

In cases where the hydroxy group is bonded to an sp2 carbon on an aromatic ring, the molecule is",False,True,0.5,0.8055787682533264,0.004520893096923828
emb_minilm,399,Alcohol (chemistry),Which ancient natural philosophers are noted in the passage as knowing the flammable nature of wine exhalations?,"Aristotle, Theophrastus, and Pliny the Elder.","Aristotle, Theophrastus, and Pliny the Elder are noted in the passage as knowing the flammable nature of wine exhalations.",Alcohol (chemistry) | Alchemy | Alcohol (chemistry),"In chemistry, an alcohol is a type of organic compound that carries at least one hydroxyl () functional group  bound to a saturated carbon atom. Alcohols range from the simple, like methanol and ethanol, to complex, like sucrose and cholesterol. The presence of an OH group strongly modifies the properties of hydrocarbons, conferring hydrophilic (water-loving) properties.  The OH group provides a site at which many reactions can occur.

History
The flammable nature of the exhalations of wine was ",False,True,1.0,0.9605693817138672,0.00010037422180175781
emb_minilm,400,Achill Island,What is the name of the bridge that connects Achill Island to the mainland?,Michael Davitt Bridge,Michael Davitt Bridge,Achill Island | Achill Island | Achill Island,"Achill Island (; ) is the largest of the Irish isles and lies off the west coast of Ireland in County Mayo. It has a population of 2,345. Its area is . Achill is attached to the mainland by Michael Davitt Bridge, between the villages of Achill Sound and Polranny. A bridge was first completed here in 1887. Other centres of population include the villages of Keel, Dooagh, Dooega, Dooniver, and Dugort. The parish's main Gaelic football pitch and secondary school are on the mainland at Polranny. Ear",False,True,1.0,0.9042086005210876,0.9859363734722137
emb_minilm,401,Achill Island,In what year was the first bridge completed that links Achill Island to the mainland?,1887,The first bridge completed that links Achill Island to the mainland was in 1887.,Achill Island | Achill Island | Achill Island,"Achill Island (; ) is the largest of the Irish isles and lies off the west coast of Ireland in County Mayo. It has a population of 2,345. Its area is . Achill is attached to the mainland by Michael Davitt Bridge, between the villages of Achill Sound and Polranny. A bridge was first completed here in 1887. Other centres of population include the villages of Keel, Dooagh, Dooega, Dooniver, and Dugort. The parish's main Gaelic football pitch and secondary school are on the mainland at Polranny. Ear",False,True,1.0,0.955413281917572,3.790855407714844e-05
emb_minilm,402,Allen Ginsberg,What was the name of Allen Ginsberg's lifelong partner?,Peter Orlovsky,"The information provided does not mention any specific partner for Allen Ginsberg. Therefore, the correct response to the question ""What was the name of Allen Ginsberg's lifelong partner?"" based solely on the given context is:

None",Allen Ginsberg | Allen Ginsberg | Allen Ginsberg,"""Raising the Consciousness? Re-visiting Allen Ginsberg's 1965 trip to Liverpool"", chapter in Centre of the Creative Universe: Liverpool and the Avant Garde, edited by Christoph Grunenberg and Robert Knifton. Liverpool & Chicago: Liverpool University Press & Chicago University Press, 2007,  (pbk);  (hc)
 Young, Allen Gay Sunshine interview with Allen Ginsberg. Grey Fox Press, 1974. 
 First Thought is Best Thought, an interview with Allen Ginsberg, in Scottish International Volume 6, September 197",False,True,0.0,0.1322084367275238,0.30938875675201416
emb_minilm,403,Allen Ginsberg,"In what year did San Francisco police and US Customs seize copies of ""Howl""?",1956,"San Francisco police and US Customs seized copies of ""Howl"" in 1956.",Allen Ginsberg | Allen Ginsberg | Allen Ginsberg,"Irwin Allen Ginsberg (; June 3, 1926 – April 5, 1997) was an American poet and writer. As a student at Columbia University in the 1940s, he began friendships with Lucien Carr, William S. Burroughs and Jack Kerouac, forming the core of the Beat Generation. He vigorously opposed militarism, economic materialism, and sexual repression, and he embodied various aspects of this counterculture with his views on drugs, sex, multiculturalism, hostility to bureaucracy, and openness to Eastern religions.

",False,True,1.0,0.981414258480072,0.0001609325408935547
emb_minilm,404,Algebraically closed field,Which field is given as an example of a field that is not algebraically closed because the polynomial x^2 + 1 has no solution in it?,The field of real numbers.,The field of real numbers is given as an example of a field that is not algebraically closed because the polynomial \( x^2 + 1 \) has no solution in it.,Algebraically closed field | Algebraic number | Algebraically closed field,"In mathematics, a field  is algebraically closed if every non-constant polynomial in  (the univariate polynomial ring with coefficients in ) has a root in .

Examples
As an example, the field of real numbers is not algebraically closed, because the polynomial equation  has no solution in real numbers, even though all its coefficients (1 and 0) are real.  The same argument proves that no subfield of the real field is algebraically closed; in particular, the field of rational numbers is not algebr",False,True,1.0,0.42768874764442444,0.001775205135345459
emb_minilm,405,Algebraically closed field,"According to the passage, why is no finite field algebraically closed?",Because the polynomial (x − a1)(x − a2) ⋯ (x − an) + 1 has no zero in the field.,"According to the passage, no finite field F is algebraically closed because if a1, a2, ..., an are the elements of F, then the polynomial (x − a1)(x − a2)...(x − an) + 1 has no zero in F. This demonstrates that there exists at least one non-zero polynomial of positive degree that does not have a root in the finite field F.",Algebraically closed field | Algebraically closed field | Algebraically closed field,"In mathematics, a field  is algebraically closed if every non-constant polynomial in  (the univariate polynomial ring with coefficients in ) has a root in .

Examples
As an example, the field of real numbers is not algebraically closed, because the polynomial equation  has no solution in real numbers, even though all its coefficients (1 and 0) are real.  The same argument proves that no subfield of the real field is algebraically closed; in particular, the field of rational numbers is not algebr",False,True,1.0,0.9462451338768005,0.09252363443374634
emb_minilm,406,August 6,"In what year was the Battle of Meloria, in which the Republic of Pisa was defeated by the Republic of Genoa?",1284,"The Battle of Meloria, in which the Republic of Pisa was defeated by the Republic of Genoa, occurred in 1284.",August 6 | August 9 | August 2,"Events

Pre-1600
1284 – The Republic of Pisa is defeated in the Battle of Meloria by the Republic of Genoa, thus losing its naval dominance in the Mediterranean.
1538 – Bogotá, Colombia, is founded by Gonzalo Jiménez de Quesada.

1601–1900
1661 – The Treaty of The Hague is signed by Portugal and the Dutch Republic.
1777 – American Revolutionary War: The bloody Battle of Oriskany prevents American relief of the Siege of Fort Stanwix.
1787 – Sixty proof sheets of the Constitution of the United Sta",False,True,1.0,0.979656457901001,6.556510925292969e-06
emb_minilm,407,August 6,Which treaty was signed by Portugal and the Dutch Republic in 1661?,The Treaty of The Hague,The treaty signed by Portugal and the Dutch Republic in 1661 was the Peace of Methuen.,Aruba | Angola | American Revolutionary War,"They continued to trade with their French, English, and Swedish neighbors across the border. Only in extreme situations did their shared heritage become more important than making money. For example, when the islands faced famine due to a series of dry seasons, Stuyvesant came to the rescue by sending a ship with food just in time.

The troubled relationship between the Curaçao islands and New Netherland came to a sudden end in 1664. At that time, even though a war between England and the United",False,False,0.5,0.011552794836461544,0.0001615285873413086
emb_minilm,408,Anatoly Karpov,During which years did Anatoly Karpov serve as a three-time FIDE World Champion?,"1993, 1996, 1998","During the years 1993, 1996, and 1998, Anatoly Karpov served as a three-time FIDE World Champion.",Anatoly Karpov | Anatoly Karpov | Anatoly Karpov,"Anatoly Yevgenyevich Karpov (; born May 23, 1951) is a Russian and former Soviet chess grandmaster, former World Chess Champion, ⁣and politician. He was the 12th World Chess Champion from 1975 to 1985, a three-time FIDE World Champion (1993, 1996, 1998), twice World Chess champion as a member of the USSR team (1985, 1989), and a six-time winner of Chess Olympiads as a member of the USSR team (1972, 1974, 1980, 1982, 1986, 1988). The International Association of Chess Press awarded him nine Chess",False,True,1.0,0.810112714767456,9.608268737792969e-05
emb_minilm,409,Anatoly Karpov,How many Chess Oscars was Karpov awarded by the International Association of Chess Press?,nine,Nine,Anatoly Karpov | Anatoly Karpov | Anatoly Karpov,"Anatoly Yevgenyevich Karpov (; born May 23, 1951) is a Russian and former Soviet chess grandmaster, former World Chess Champion, ⁣and politician. He was the 12th World Chess Champion from 1975 to 1985, a three-time FIDE World Champion (1993, 1996, 1998), twice World Chess champion as a member of the USSR team (1985, 1989), and a six-time winner of Chess Olympiads as a member of the USSR team (1972, 1974, 1980, 1982, 1986, 1988). The International Association of Chess Press awarded him nine Chess",False,True,1.0,0.5817437171936035,0.7461852431297302
emb_minilm,410,Aspect ratio,"According to the passage, how is the aspect ratio of a rectangle defined in terms of its sides?","It is the ratio of its longer side to its shorter side—the ratio of width to height when the rectangle is oriented as a ""landscape"".","According to the passage, the aspect ratio of a rectangle is defined as the ratio of its longer side to its shorter side.",Aspect ratio | Aspect ratio | Aspect ratio,"The aspect ratio of a geometric shape is the ratio of its sizes in different dimensions. For example, the aspect ratio of a rectangle is the ratio of its longer side to its shorter side—the ratio of width to height, when the rectangle is oriented as a ""landscape"".

The aspect ratio is most often expressed as two integer numbers separated by a colon (x:y), less commonly as a simple or decimal fraction. The values x and y do not represent actual widths and heights but, rather, the proportion betwe",False,True,0.5555555555555556,0.9632919430732727,0.0017444491386413574
emb_minilm,411,Aspect ratio,What format is most often used to express an aspect ratio?,As two integer numbers separated by a colon (x:y).,An aspect ratio is most often expressed as a pair of integers separated by a colon (x:y).,Aspect ratio | Aspect ratio | Aspect ratio,"The aspect ratio of a geometric shape is the ratio of its sizes in different dimensions. For example, the aspect ratio of a rectangle is the ratio of its longer side to its shorter side—the ratio of width to height, when the rectangle is oriented as a ""landscape"".

The aspect ratio is most often expressed as two integer numbers separated by a colon (x:y), less commonly as a simple or decimal fraction. The values x and y do not represent actual widths and heights but, rather, the proportion betwe",False,True,0.5714285714285714,0.9760200381278992,0.0025758743286132812
emb_minilm,412,Auto racing,What time and date did the first prearranged match race between two self‑powered road vehicles occur?,"4:30 A.M. on August 30, 1867","The first prearranged match race between two self-powered road vehicles occurred on August 30, 1867, between Ashton-under-Lyne and Old Trafford, England.",Auto racing | Auto racing | Audi,"Auto racing (also known as car racing, motor racing, or automobile racing) is a motorsport involving the racing of automobiles for competition.

Auto racing has existed since the invention of the automobile. Races of various sorts were organised, with the first recorded as early as 1867. Many of the earliest events were effectively reliability trials, aimed at proving these new machines were a practical mode of transport, but soon became an important way for automobile makers to demonstrate thei",False,True,0.6,0.9708765149116516,6.210803985595703e-05
emb_minilm,413,Auto racing,"How many competitors entered the Paris‑to‑Rouen motoring competition organized on July 22, 1894?",One hundred and two competitors,One hundred and two competitors paid a 10-franc entrance fee.,Auto racing | Auto racing | Auto racing,"With auto construction and racing dominated by France, the French automobile club ACF staged a number of major international races, usually from or to Paris, connecting with another major city, in France or elsewhere in Europe.

Aspendale Racecourse, in Australia, was the world's first purpose-built motor racing circuit, opening in January 1906. The pear-shaped track was close to a mile in length, with slightly banked curves and a gravel surface of crushed cement.

Brooklands, in Surrey, England",False,True,1.0,0.9856012463569641,0.02275913953781128
emb_minilm,414,Anarcho-capitalism,"What is the earliest known publication that used the term ""anarchocapitalism"" and in which magazine did it appear?","Karl Hess's essay ""The Death of Politics"" published by Playboy in March 1969.","The earliest known publication that used the term ""anarchocapitalism"" was Karl Hess's essay titled ""The Death of Politics,"" which was published in March 1969 by Playboy Magazine.",Anarcho-capitalism | Anarchism | Anarchism,"Anarcho-capitalism (colloquially: ancap or '""an-cap""') is an anti-statist, libertarian political philosophy and economic theory that seeks to abolish centralized states in favor of stateless societies with systems of private property enforced by private agencies, the non-aggression principle, free markets and self-ownership, which extends the concept to include control of private property as part of the self. In the absence of statute, anarcho-capitalists hold that society tends to contractually",False,True,1.0,0.8522359728813171,0.00010979175567626953
emb_minilm,415,Anarcho-capitalism,"According to the passage, which private entities would enforce private property in a theoretical anarcho-capitalist society?",Private defense agencies and/or insurance companies selected by customers.,"In a theoretical anarcho-capitalist society, private defense agencies and/or insurance companies selected by customers would enforce private property.",Anarcho-capitalism | Anarcho-capitalism | Anarcho-capitalism,"Rothbard also supported the expropriation of nominally ""private property"" if it is the result of state-initiated force such as businesses that receive grants and subsidies. Rothbard further proposed that businesses who receive at least 50% of their funding from the state be confiscated by the workers, writing: ""What we libertarians object to, then, is not government per se but crime, what we object to is unjust or criminal property titles; what we are for is not 'private' property per se but jus",False,True,1.0,0.9913040399551392,0.008396685123443604
emb_minilm,416,August 9,"Which battle on August 9, 48 BC resulted in Julius Caesar decisively defeating Pompey?",The Battle of Pharsalus.,The Battle of Pharsalus.,August 2 | Alps | August 9,"Events

Pre-1600
338 BC – A Macedonian army led by Philip II defeated the combined forces of Athens and Thebes in the Battle of Chaeronea, securing Macedonian hegemony in Greece and the Aegean.
216 BC – The Carthaginian army led by Hannibal defeats a numerically superior Roman army at the Battle of Cannae.
49 BC – Caesar, who marched to Spain earlier in the year leaving Marcus Antonius in charge of Italy, defeats Pompey's general Afranius and Petreius in Ilerda (Lerida) north of the Ebro river.
",False,True,1.0,0.9223445057868958,0.0008592605590820312
emb_minilm,417,August 9,"What treaty was signed on August 9, 1842 that established the United States–Canada border east of the Rocky Mountains?",The Webster–Ashburton Treaty.,"The treaty signed on August 9, 1842 that established the United States-Canada border east of the Rocky Mountains is known as the Oregon Treaty. This treaty resolved disputes regarding the division of the Oregon Country between the United States and Great Britain, establishing the current borders of the states of Washington, Oregon, Idaho, Montana, Wyoming, and parts of Alaska.",Alberta | American Revolutionary War | American Revolutionary War,"Other North American fur traders formed the North West Company (NWC) of Montreal to compete with the HBC in 1779. The NWC occupied the northern part of Alberta territory. Peter Pond built Fort Athabasca on Lac la Biche in 1778. Roderick Mackenzie built Fort Chipewyan on Lake Athabasca ten years later in 1788. His cousin, Sir Alexander Mackenzie, followed the North Saskatchewan River to its northernmost point near Edmonton, then setting northward on foot, trekked to the Athabasca River, which he ",False,False,0.3333333333333333,0.007700659334659576,0.023848116397857666
emb_minilm,418,Aristophanes,What are the approximate years of Aristophanes' lifespan?,c. 446 – c. 386 BC,"Based on the given context, Aristophanes lived approximately from 446 BCE to 386 BCE. Specifically:

- Born in 446 BCE
- Died in 386 BCE",Ancient philosophy | Aristophanes | Aristotle,"Classical Greek philosophers
 Socrates (469 – 399 BCE)
 Euclid of Megara (450 – 380 BCE)
 Antisthenes (445 – 360 BCE)
 Aristippus (435 – 356 BCE)
 Plato (428 – 347 BCE)
 Speusippus (407 – 339 BCE)
 Diogenes of Sinope (400 – 325 BCE)
 Xenocrates (396 – 314 BCE)
 Aristotle (384 – 322 BCE)
 Stilpo (380 – 300 BCE)
 Theophrastus (370 – 288 BCE)

Hellenistic philosophy
 Pyrrho (365 – 275 BCE)
 Epicurus (341 – 270 BCE)
 Metrodorus of Lampsacus (the younger) (331 – 278 BCE)
 Zeno of Citium (333 – 263 BC",False,True,0.5,0.2940669059753418,0.19034749269485474
emb_minilm,419,Aristophanes,How many of Aristophanes' plays survive virtually complete?,Eleven of his forty plays survive virtually complete.,"Three of Aristophanes' plays survive virtually complete: The Acharnians, The Knights, and Frogs.",Aristophanes | Aristophanes | Aristophanes,"Similarly, the hero in The Acharnians complains about Cleon ""dragging me into court"" over ""last year's play.""

Comments made by the Chorus referring to Aristophanes in The Clouds have been interpreted as evidence that he can hardly have been more than 18 years old when his first play The Banqueters was produced. The second parabasis in Wasps appears to indicate that he reached some kind of temporary accommodation with Cleon following either the controversy over The Babylonians or a subsequent co",False,True,0.6666666666666666,0.21199946105480194,0.0008311271667480469
emb_minilm,420,Albert Schweitzer,When was Albert Schweitzer born?,14 January 1875,Albert Schweitzer was born on 14 January 1875.,Albert Schweitzer | Albert Schweitzer | Albert Schweitzer,"Modern edition with foreword by L. Forrow (Syracuse University Press, 2002).

See also
List of peace activists
Cultural depictions of Albert Schweitzer
Helene Bresslau Schweitzer

Notes

References

Citations

Sources 

  (translation of Zwischen Wasser und Urwald, 1921)

Further reading
 
 
 Bartolf, Christian; Gericke, Marion; Miething, Dominique (2020): Dr. Albert Schweitzer: ""My Address to the People"" – Commitment against Nuclear War. Berlin: Freie Universität Berlin, Gandhi-Informations-Zen",False,True,1.0,0.9714909791946411,1.2159347534179688e-05
emb_minilm,421,Albert Schweitzer,For which philosophy did Albert Schweitzer receive the 1952 Nobel Peace Prize?,"""Reverence for Life""",For Reverence for Life.,Albert Schweitzer | Albert Schweitzer | Albert Schweitzer,"Ludwig Philipp Albert Schweitzer  (; 14 January 1875 – 4 September 1965) was an Alsatian polymath. He was a theologian, organist, musicologist, writer, humanitarian, philosopher, and physician. A Lutheran minister, Schweitzer challenged both the secular view of Jesus as depicted by the historical-critical method current at this time, as well as the traditional Christian view. His contributions to the interpretation of Pauline Christianity concern the role of Paul's mysticism of ""being in Christ""",False,True,1.0,0.9446592330932617,0.0009418129920959473
emb_minilm,422,Austrian school of economics,Which economists are credited with originating the Austrian School in Vienna?,"Carl Menger, Eugen von Böhm-Bawerk, Friedrich von Wieser, and others.","Carl Menger, Eugen von Böhm-Bawerk, Friedrich von Wieser, and others are credited with originating the Austrian School in Vienna.",Austrian school of economics | Austrian school of economics | Austrian school of economics,"The Austrian School is a heterodox school of economic thought that advocates strict adherence to methodological individualism, the concept that social phenomena result exclusively from the motivations and actions of individuals. Austrian school theorists hold that economic theory should be exclusively derived from basic principles of human action.

The Austrian School originated in Vienna with the work of Carl Menger, Eugen von Böhm-Bawerk, Friedrich von Wieser, and others. It was methodological",False,True,1.0,0.9808138012886047,0.0007495284080505371
emb_minilm,423,Austrian school of economics,"In which year did Friedrich Hayek share the Nobel Memorial Prize in Economic Sciences, and with whom?","1974, with Gunnar Myrdal.",Friedrich Hayek shared the 1974 Nobel Memorial Prize in Economic Sciences with Gunnar Myrdal.,Austrian school of economics | Austrian school of economics | Alfred Nobel,"The Austrian School is a heterodox school of economic thought that advocates strict adherence to methodological individualism, the concept that social phenomena result exclusively from the motivations and actions of individuals. Austrian school theorists hold that economic theory should be exclusively derived from basic principles of human action.

The Austrian School originated in Vienna with the work of Carl Menger, Eugen von Böhm-Bawerk, Friedrich von Wieser, and others. It was methodological",False,True,1.0,0.9761441349983215,4.0531158447265625e-06
emb_minilm,424,Abscess,What are the common signs and symptoms of an abscess?,"Redness, pain, warmth, and swelling.","The common signs and symptoms of an abscess include:

- Redness
- Heat
- Swelling
- Pain
- Loss of function",Abscess | Abscess | Abscess,"An abscess is a collection of pus that has built up within the tissue of the body. Signs and symptoms of abscesses include redness, pain, warmth, and swelling. The swelling may feel fluid-filled when pressed. The area of redness often extends beyond the swelling. Carbuncles and boils are types of abscess that often involve hair follicles, with carbuncles being larger.

They are usually caused by a bacterial infection. Often many different types of bacteria are involved in a single infection. In ",False,True,0.75,0.9434203505516052,0.14080816507339478
emb_minilm,425,Abscess,Which bacteria is most commonly present in many areas of the world as a cause of abscesses?,Methicillin-resistant Staphylococcus aureus.,Methicillin-resistant Staphylococcus aureus (MRSA) is the most commonly present bacteria in many areas of the world as a cause of abscesses.,Abscess | Abscess | Abscess,"An abscess is a collection of pus that has built up within the tissue of the body. Signs and symptoms of abscesses include redness, pain, warmth, and swelling. The swelling may feel fluid-filled when pressed. The area of redness often extends beyond the swelling. Carbuncles and boils are types of abscess that often involve hair follicles, with carbuncles being larger.

They are usually caused by a bacterial infection. Often many different types of bacteria are involved in a single infection. In ",False,True,1.0,0.4577367305755615,0.003343939781188965
emb_minilm,426,Aalborg Municipality,What was the population of Aalborg Municipality on 1 January 2023?,"222,571","The population of Aalborg Municipality on 1 January 2023 was 222,571.",Aalborg Municipality | Aalborg Municipality | Aalborg Municipality,"Kommunedata (Municipal Data)
 Municipal mergers and neighbors: Eniro map with named municipalities
 Aalborg in figures 2008, a publication from Aalborg Municipality.

External links

About Aalborg from Nordjyske Medier
Aalborg Municipality's official website
VisitAalborg (Aalborg Tourist Office)
Website for Aalborg Municipality's former Municipality Reformation Board
Public Transport in Aalborg and surroundings
Searchable map

 
Aalborg
Municipalities of the North Jutland Region
Municipalities o",False,True,1.0,0.969142735004425,3.337860107421875e-06
emb_minilm,427,Aalborg Municipality,Which municipalities joined Aalborg municipality on 1 January 2007 to form the new Aalborg municipality?,"Hals, Nibe, and Sejlflod","Hals, Nibe, and Sejlflod joined Aalborg municipality on 1 January 2007 to form the new Aalborg municipality.",Aalborg Municipality | Aalborg Municipality | Aalborg Municipality,"Kommunedata (Municipal Data)
 Municipal mergers and neighbors: Eniro map with named municipalities
 Aalborg in figures 2008, a publication from Aalborg Municipality.

External links

About Aalborg from Nordjyske Medier
Aalborg Municipality's official website
VisitAalborg (Aalborg Tourist Office)
Website for Aalborg Municipality's former Municipality Reformation Board
Public Transport in Aalborg and surroundings
Searchable map

 
Aalborg
Municipalities of the North Jutland Region
Municipalities o",False,True,1.0,0.9746749401092529,0.00011241436004638672
emb_minilm,428,Aarhus,In what year was Aarhus granted market town privileges?,1441,Aarhus was granted market town privileges in 1441.,Aarhus | Aarhus | Aarhus,"The Church clearly had the upper hand in the Aarhus region during medieval times, and the large bishopric of Aarhus prospered and expanded territory, reaching as far as Viborg in extent. In 1441, Christopher III issued the oldest known charter granting market town status, although similar privileges may have existed as far back as the 12th century. The charter is the first official recognition of the town as a regional power and is by some considered Aarhus's birth certificate.

The commercial a",False,True,1.0,0.9608892202377319,5.3048133850097656e-05
emb_minilm,429,Aarhus,When was the first railway line in Jutland built in Aarhus?,1862,The first railway line in Jutland was built in Aarhus in 1862.,Aarhus | Aarhus | Aarhus,"Aarhus (, , ; officially spelled Århus from 1948 until 1 January 2011) is the second-largest city in Denmark and the seat of Aarhus Municipality. It is located on the eastern shore of Jutland in the Kattegat sea and approximately  northwest of Copenhagen.

Dating back to the late 8th century, Aarhus was founded as a harbour settlement at the mouth of the Aarhus River and quickly became a trade hub. The first Christian church was built here around the year 900 and later in the Viking Age the town",False,True,1.0,0.9659589529037476,1.2278556823730469e-05
emb_minilm,430,Amateur,What terms does the passage use to describe amateurs and their pursuits?,"popular, informal, self-taught, user-generated, DIY, and hobbyist.","The passage uses several terms to describe amateurs and their pursuits:

- **Amateur**: Described as someone pursuing an avocation independently of their main source of income.
- **Popular**: Used to characterize the nature of amateur pursuits.
- **Informal**: Characterized by the absence of formal training.
- **Self-taught**: Indicates that amateurs learn through personal experience and observation.
- **User-generated**: Referring to content produced by individuals without formal instruction.
- **DIY**: Short for Do-It-Yourself, indicating that amateurs create or modify things themselves.
- **Hobbyist**: Another term for someone engaged in an activity as a pastime.
- **Dilettante**: Someone with a superficial interest in various subjects.
- **Pro-Am**: Term describing activities where",Amateur | A Modest Proposal | Amateur,"An amateur () is generally considered a person who pursues an avocation independent from their source of income. Amateurs and their pursuits are also described as popular, informal, self-taught, user-generated, DIY, and hobbyist.

History 

Historically, the amateur was considered to be the ideal balance between pure intent, open mind, and the interest or passion for a subject. That ideology spanned many different fields of interest. It may have its roots in the ancient Greek philosophy of amate",False,True,1.0,0.7251373529434204,0.08464401960372925
emb_minilm,431,Amateur,"Which three individuals are cited as examples of ""gentleman amateurs"" in the passage?","Francis Bacon, Isaac Newton, and Sir Robert Cotton, 1st Baronet, of Connington.","Francis Bacon, Isaac Newton, and Sir Robert Cotton, 1st Baronet, of Connington.",Amateur | Albert Camus | A Modest Proposal,"An amateur () is generally considered a person who pursues an avocation independent from their source of income. Amateurs and their pursuits are also described as popular, informal, self-taught, user-generated, DIY, and hobbyist.

History 

Historically, the amateur was considered to be the ideal balance between pure intent, open mind, and the interest or passion for a subject. That ideology spanned many different fields of interest. It may have its roots in the ancient Greek philosophy of amate",False,True,1.0,0.9277198314666748,0.05276519060134888
emb_minilm,432,Alexis Carrel,In what year was Alexis Carrel awarded the Nobel Prize in Physiology or Medicine?,1912,1912,Alexis Carrel | Alexis Carrel | Alexis Carrel,"Alexis Carrel (; 28 June 1873 – 5 November 1944) was a French surgeon and biologist who was awarded the Nobel Prize in Physiology or Medicine in 1912 for pioneering vascular suturing techniques. He invented the first perfusion pump with Charles Lindbergh opening the way to organ transplantation. Carrel was also a pioneer in transplantology and thoracic surgery. He is known for his leading role in implementing eugenic policies in Vichy France.

Biography 
Born in Sainte-Foy-lès-Lyon, Rhône, Carre",False,True,1.0,0.9209250807762146,0.9988948192913085
emb_minilm,433,Alexis Carrel,Who collaborated with Alexis Carrel to invent the first perfusion pump?,Charles Lindbergh,Charles Lindbergh collaborated with Alexis Carrel to invent the first perfusion pump.,Alexis Carrel | Alexis Carrel | Alexis Carrel,"Alexis Carrel (; 28 June 1873 – 5 November 1944) was a French surgeon and biologist who was awarded the Nobel Prize in Physiology or Medicine in 1912 for pioneering vascular suturing techniques. He invented the first perfusion pump with Charles Lindbergh opening the way to organ transplantation. Carrel was also a pioneer in transplantology and thoracic surgery. He is known for his leading role in implementing eugenic policies in Vichy France.

Biography 
Born in Sainte-Foy-lès-Lyon, Rhône, Carre",False,True,1.0,0.9614791870117188,6.67572021484375e-06
emb_minilm,434,All Souls' Day,On what date is All Souls' Day observed by certain Christian denominations?,2 November,All Souls' Day is observed by certain Christian denominations on 2 November.,All Souls' Day | All Souls' Day | All Souls' Day,"All Souls' Day, also called The Commemoration of All the Faithful Departed, is a day of prayer and remembrance for the faithful departed, observed by certain Christian denominations on 2 November. Through prayer, intercessions, alms and visits to cemeteries, people commemorate the poor souls in purgatory and gain them indulgences.

In Western Christianity, including Roman Catholicism and certain parts of Lutheranism and Anglicanism, All Souls' Day is the third day of Allhallowtide, after All Sai",False,True,1.0,0.9841899275779724,8.940696716308594e-06
emb_minilm,435,All Souls' Day,What is the German term for All Souls' Day?,Allerseelen,"The German term for All Souls' Day is **Todesnacht** (literally ""Night of Death"").",All Souls' Day | All Souls' Day | All Souls' Day,"All Souls' Day, also called The Commemoration of All the Faithful Departed, is a day of prayer and remembrance for the faithful departed, observed by certain Christian denominations on 2 November. Through prayer, intercessions, alms and visits to cemeteries, people commemorate the poor souls in purgatory and gain them indulgences.

In Western Christianity, including Roman Catholicism and certain parts of Lutheranism and Anglicanism, All Souls' Day is the third day of Allhallowtide, after All Sai",False,True,0.0,0.3814741373062134,0.00045031309127807617
emb_minilm,436,Anatole France,When was Anatole France born?,16 April 1844,"Anatole France was born on August 13, 1844.",August 13 | Aphrodite | April 12,"1921)
2018 – Jim Neidhart, American wrestler (b. 1955)
2021 – Nanci Griffith, American singer-songwriter (b. 1953)

Holidays and observances
Christian feast day:
Benedetto Sinigardi
Benildus Romançon
Centola and Helen
Cassian of Imola
Clara Maass (Lutheran Church)
Fachtna of Rosscarbery
Florence Nightingale, Octavia Hill  (Lutheran Church)
Herulph
Hippolytus of Rome
Jeremy Taylor (Anglican Communion)
John Berchmans
Junian of Mairé
Blessed Marco d'Aviano
Maximus the Confessor
Nerses Glaietsi (Cat",False,False,0.3333333333333333,0.01063484139740467,1.5497207641601562e-06
emb_minilm,437,Anatole France,What position was Anatole France appointed to in 1876?,librarian for the French Senate,The position Anatole France was appointed to in 1876 was Poet Laureate.,Andorra | Anatole France | August 6,"In 1848, Fromental Halévy had premiered the opera Le Val d'Andorre to great success in Europe, where the national consciousness of the valleys was exposed in the romantic work during the Peninsular War.

20th and 21st century: Modernisation of the country and the Constitutional Andorra

In 1933 France occupied Andorra following social unrest which occurred before elections due to the Revolution of 1933 and the FHASA strikes (Vagues de FHASA); the revolt led by Joves Andorrans (a labour union gro",False,True,0.0,0.055111564695835114,4.0531158447265625e-05
emb_minilm,438,André Gide,In which year was André Gide awarded the Nobel Prize in Literature?,1947,1947,André Gide | André Gide | André Gide,"655–678 in Alan Sheridan, André Gide: A Life in the Present. Harvard, 1999.

External links

 Website of the Catherine Gide Foundation, held by Catherine Gide, his daughter.
 Center for Gidian Studies
 
 
 
List of Works
 
 André Gide at Goodreads
 Amis d'André Gide in French Period newspaper articles on Gide interface in French''
 André  Gide, 1947 Nobel Laureate for Literature
 André Gide: A Brief Introduction
 Gide at Maderia in Jersey, 1901–07
 

1869 births
1951 deaths
Writers from Paris
Fr",False,True,1.0,0.9073391556739807,0.9992591943591833
emb_minilm,439,André Gide,"According to the passage, how many books did André Gide write?",more than fifty books,More than fifty books,André Gide | André Gide | André Gide,"André Paul Guillaume Gide (; 22 November 1869 – 19 February 1951) was a French author whose writings spanned a wide variety of styles and topics. He was awarded the 1947 Nobel Prize in Literature. Gide's career ranged from his beginnings in the symbolist movement, to criticising imperialism between the two World Wars. The author of more than fifty books, he was described in his obituary in The New York Times as ""France's greatest contemporary man of letters"" and ""judged the greatest French write",False,True,1.0,0.9695031046867371,0.9186993315815926
emb_minilm,440,Algorithms for calculating variance,What key difficulty is mentioned in the passage regarding the design of good algorithms for calculating variance?,"Formulas for the variance may involve sums of squares, which can lead to numerical instability as well as to arithmetic overflow when dealing with large values.","Key difficulties mentioned in the passage regarding the design of good algorithms for calculating variance include:

1. Numerical instability caused by formulas involving sums of squares.
2. Arithmetic overflow issues when working with large values.",Algorithms for calculating variance | Analysis of variance | Algorithms for calculating variance,"Algorithms for calculating variance play a major role in computational statistics. A key difficulty in the design of good algorithms for this problem is that formulas for the variance may involve sums of squares, which can lead to numerical instability as well as to arithmetic overflow when dealing with large values.

Naïve algorithm
A formula for calculating the variance of an entire population of size N is:

Using Bessel's correction to calculate an unbiased estimate of the population variance",False,True,0.625,0.9721713662147522,0.014559566974639893
emb_minilm,441,Algorithms for calculating variance,"According to the passage, how can the naïve algorithm be adapted to compute the variance of a finite population?",By simply dividing by n instead of n − 1 on the last line.,"According to the passage, the naïve algorithm can be adapted to compute the variance of a finite population by dividing the sum by \( n \) instead of \( n - 1 \) on the last line.",Algorithms for calculating variance | Algorithms for calculating variance | Algorithms for calculating variance,"Algorithms for calculating variance play a major role in computational statistics. A key difficulty in the design of good algorithms for this problem is that formulas for the variance may involve sums of squares, which can lead to numerical instability as well as to arithmetic overflow when dealing with large values.

Naïve algorithm
A formula for calculating the variance of an entire population of size N is:

Using Bessel's correction to calculate an unbiased estimate of the population variance",False,True,0.8571428571428571,0.8637644052505493,0.004150032997131348
emb_minilm,442,Almond,What type of fruit is the almond according to the passage?,A drupe,The almond is a drupe.,Almond | Almond | Almond,"The leaves are  long, with a serrated margin and a  petiole.

The flowers are white to pale pink,  diameter with five petals, produced singly or in pairs and appearing before the leaves in early spring. Almond grows best in Mediterranean climates with warm, dry summers and mild, wet winters. The optimal temperature for their growth is between  and the tree buds have a chilling requirement of 200 to 700 hours below  to break dormancy.

Almonds begin bearing an economic crop in the third year afte",False,True,1.0,0.9808820486068726,4.112720489501953e-05
emb_minilm,443,Almond,Which region produces over half of the world's almond supply?,California,California produces over half of the world's almond supply.,Almond | Almond | Almond,"Regulations related to water supplies are changing so some growers have destroyed their current almond orchards to replace with either younger trees or a different crop such as pistachio that needs less water.

Sustainability strategies implemented by the Almond Board of California and almond farmers include:
 tree and soil health, and other farming practices
 minimizing dust production during the harvest
 bee health
 irrigation guidelines for farmers
 food safety
 use of waste biomass as coprod",False,True,1.0,0.9830603003501892,0.00012242794036865234
emb_minilm,444,Demographics of Antigua and Barbuda,"According to the 2011 census, what was the estimated resident population of Antigua and Barbuda?","86,295","According to the 2011 census, the estimated resident population of Antigua and Barbuda was 86,295.",Demographics of Antigua and Barbuda | Demographics of Antigua and Barbuda | Demographics of Antigua and Barbuda,"This article is a demography of the population of Antigua and Barbuda including population density, ethnicity, religious affiliations and other aspects of the population.

Population

According to the 2011 census the estimated resident population of Antigua and Barbuda was 86,295.
The estimated population of  is  ().

Vital statistics

Structure of the population

Ethnic groups
The population of Antigua and Barbuda, is predominantly black (91.0%) or mixed (4.4%). 1.9% of the population is white ",False,True,1.0,0.9674939513206482,4.3272972106933594e-05
emb_minilm,445,Demographics of Antigua and Barbuda,What percentage of Antigua and Barbuda's population is identified as black?,91.0%,91.0%,Demographics of Antigua and Barbuda | Demographics of Antigua and Barbuda | Demographics of Antigua and Barbuda,"This article is a demography of the population of Antigua and Barbuda including population density, ethnicity, religious affiliations and other aspects of the population.

Population

According to the 2011 census the estimated resident population of Antigua and Barbuda was 86,295.
The estimated population of  is  ().

Vital statistics

Structure of the population

Ethnic groups
The population of Antigua and Barbuda, is predominantly black (91.0%) or mixed (4.4%). 1.9% of the population is white ",False,True,1.0,0.6834012866020203,0.9164093285799026
emb_minilm,446,Politics of Antigua and Barbuda,Who appoints the governor-general of Antigua and Barbuda?,The sovereign of Antigua and Barbuda,The sovereign of Antigua and Barbuda appoints the governor-general.,Politics of Antigua and Barbuda | Antigua and Barbuda | Politics of Antigua and Barbuda,"The politics of Antigua and Barbuda takes place in a framework of a unitary parliamentary representative democratic monarchy, wherein the sovereign of Antigua and Barbuda is the head of state, appointing a governor-general to act as vice-regal representative in the nation. A prime minister is appointed by the governor-general as the head of government, and of a multi-party system; the prime minister advises the governor-general on the appointment of a Council of Ministers. Executive power is exe",False,True,1.0,0.9891421794891357,7.164478302001953e-05
emb_minilm,447,Politics of Antigua and Barbuda,How many members are in the Senate of Antigua and Barbuda's Parliament?,Seventeen,The Senate of Antigua and Barbuda's Parliament has 17 appointed members.,Politics of Antigua and Barbuda | Politics of Antigua and Barbuda | Antigua and Barbuda,"Legislative branch

Antigua and Barbuda elects on national level a legislature. Parliament has two chambers. The House of Representatives has 19 members: 17 members elected for a five-year term in single-seat constituencies, and 2 ex officio members (president and speaker). The Senate has 17 appointed members. The prime minister is the leader of the majority party in the House and conducts affairs of state with the cabinet. The prime minister and the cabinet are responsible to the Parliament. El",False,True,0.0,0.9794855117797852,0.00023418664932250977
emb_minilm,448,Antigua and Barbuda Defence Force,How many personnel are in the Antigua and Barbuda Defence Force?,245 personnel,245 personnel,Antigua and Barbuda Defence Force | Antigua and Barbuda Defence Force | Antigua and Barbuda,"The Antigua and Barbuda Defence Force (ABDF) is the armed forces of Antigua and Barbuda. The ABDF has responsibility for several different roles: internal security, prevention of drug smuggling, the protection and support of fishing rights, prevention of marine pollution, search and rescue, ceremonial duties, assistance to government programs, provision of relief during natural disasters, assistance in the maintenance of essential services, and support of the police in maintaining law and order.",False,True,1.0,0.96907639503479,0.8774767890572548
emb_minilm,449,Antigua and Barbuda Defence Force,What are the names and classes of the two patrol boats listed in the Coast Guard's flotilla?,"P-01 Liberta, a 19.81-metre Commercial Cruiser-class patrol boat, and P-02 Palmetto, a SeaArk Boats Dauntless-class patrol boat",The two patrol boats listed in the Coast Guard's flotilla are the Namacurra-class harbour patrol boats.,Azerbaijani Armed Forces | Angolan Armed Forces | Anguilla,"Nowadays, Russia covers the area from the Armavir Radar Station.

Navy
The main naval base of the Soviet Union in the Caspian Sea was based in Baku. When the Soviet Union collapsed, Azerbaijan inherited the naval base and parts of the Caspian Sea Flotilla. The Azerbaijan Navy has about 2,200 personnel. In 2010, the navy had a Petya class light frigate, Qusar (G 121), and a number of patrol craft, including one Turk class, Araz, P 223, one Brya (Project 722) class, P 218, one Shelon (Project 1388",False,False,0.1875,0.4187452495098114,2.6345252990722656e-05
emb_minilm,450,Antisemitism,What phenomenon describes Jews who perpetrate antisemitism against their own group?,"auto-antisemitism (i.e., self-hating Jews)","Auto-antisemitism, also known as self-hating Jews, describes Jews who perpetrate antisemitism against their own group.",Antisemitism | Antisemitism | Antisemitism,"Antisemitism (also spelled anti-semitism or anti-Semitism) is hostility to, prejudice towards, or discrimination against Jews. This sentiment is a form of racism, and a person who harbours it is called an antisemite. Though antisemitism is overwhelmingly perpetrated by non-Jews, it may occasionally be perpetrated by Jews in a phenomenon known as auto-antisemitism (i.e., self-hating Jews). Primarily, antisemitic tendencies may be motivated by negative sentiment towards Jews as a people or by nega",False,True,0.7142857142857143,0.8979601263999939,0.0025458931922912598
emb_minilm,451,Antisemitism,What are the two primary motivations behind antisemitic tendencies as described in the passage?,Negative sentiment towards Jews as a people (racial antisemitism) and negative sentiment towards Jews with regard to Judaism (religious antisemitism),"According to the passage, there are two primary motivations behind antisemitic tendencies:

1. Negative sentiment towards Jews as a people.
2. Negative sentiment towards Jews with regard to Judaism.",Antisemitism | Antisemitism | Antisemitism,"Cultural antisemitism
Louis Harap defines cultural antisemitism as ""that species of anti-Semitism that charges the Jews with corrupting a given culture and attempting to supplant or succeeding in supplanting the preferred culture with a uniform, crude, ""Jewish"" culture."" Similarly, Eric Kandel characterizes cultural antisemitism as being based on the idea of ""Jewishness"" as a ""religious or cultural tradition that is acquired through learning, through distinctive traditions and education."" Accord",False,True,0.7,0.96356600522995,0.044931650161743164
emb_minilm,452,Economy of Azerbaijan,What was Azerbaijan's GDP growth rate in 2006?,34.6%,Azerbaijan's GDP growth rate in 2006 was 34.6%.,Economy of Azerbaijan | Economy of Azerbaijan | Economy of Armenia,"The economy of Azerbaijan has completed its post-Soviet transition into a major oil-based economy (with the completion of the Baku-Tbilisi-Ceyhan Pipeline), from one where the state played the major role. The transition to oil production led to remarkable growth figures as projects came online; reaching 26.4% in 2005 (second highest GDP growth in the world in 2005 only to Equatorial Guinea) and 34.6% in 2006 (world highest) before subsiding to 10.8% and 9.3% in 2008 and 2009 respectively. The re",False,True,1.0,0.9373770952224731,6.210803985595703e-05
emb_minilm,453,Economy of Azerbaijan,What was the budget deficit as a percentage of GDP in 2000?,1.3% of GDP,"Based on the information provided in the context, there is no specific data given regarding the budget deficit as a percentage of GDP for any particular year, including 2000. The context only provides general economic indicators and does not include detailed financial data for individual years. Therefore, I cannot determine what the budget deficit was as a percentage of GDP in 2000 based solely on the information provided.",Economy of Azerbaijan | Economy of American Samoa | Economy of Armenia,"Poverty

Other economic indicators
Data from CIA World Factbook unless noted otherwise

Investment (gross fixed)
17% of GDP (2011 est.)

Household income or consumption by percentage share
 lowest 10%: 3.4%
 highest 10%: 27.4% (2008)

Inflation rate (consumer prices)
1.1% (2012 est.)

Agriculture
 utilized agricultural land:  (2011)
 total wood resources: 144,2 million cubic metres
 crops: cotton, grain, rice, grapes, fruit, vegetables, tea, tobacco
 livestock products: beef, mutton, poultry, mi",False,True,0.3333333333333333,0.8536866903305054,0.3002324104309082
emb_minilm,454,Geography of Azerbaijan,What is the approximate total land area of Azerbaijan?,"approximately 86,600 square kilometers","Approximately 86,600 square kilometers.",Geography of Azerbaijan | Geography of Azerbaijan | Azerbaijan,"Azerbaijan is a country in the Caucasus region, situated at the juncture of Eastern Europe and West Asia. Three physical features dominate Azerbaijan: the Caspian Sea, whose shoreline forms a natural boundary to the east; the Greater Caucasus mountain range to the north; and the extensive flatlands at the country's center. About the size of Portugal or the US state of Maine, Azerbaijan has a total land area of approximately 86,600 square kilometers, less than 1% of the land area of the former So",False,True,1.0,0.9774684906005859,0.271348237991333
emb_minilm,455,Geography of Azerbaijan,Which autonomous republic of Azerbaijan is separated from the rest of the country by a strip of Armenian territory?,Nakhchivan Autonomous Republic,Nakhchivan Autonomous Republic,Azerbaijan | Geography of Azerbaijan | Azerbaijan,"Azerbaijan (, ; , ), officially the Republic of Azerbaijan, is a transcontinental country located at the boundary of Eastern Europe and West Asia. It is a part of the South Caucasus region and is bounded by the Caspian Sea to the east, Russia (Republic of Dagestan) to the north, Georgia to the northwest, Armenia and Turkey to the west, and Iran to the south. Baku is the capital and largest city.

The Azerbaijan Democratic Republic proclaimed its independence from the Transcaucasian Democratic Fe",False,True,1.0,0.8686270713806152,0.9907140349969268
emb_minilm,456,Foreign relations of Azerbaijan,How many United Nations member states does Azerbaijan maintain diplomatic relations with?,185 United Nations member states,Azerbaijan maintains diplomatic relations with 185 United Nations member states.,Azerbaijan | Foreign relations of Azerbaijan | Foreign relations of Azerbaijan,"It was established on 10 April 1997. The administrative department is not a part of the president's office but manages the financial, technical and pecuniary activities of both the president and his office.

Foreign relations

The short-lived Azerbaijan Democratic Republic succeeded in establishing diplomatic relations with six countries, sending diplomatic representatives to Germany and Finland. The process of international recognition of Azerbaijan's independence from the collapsing Soviet Uni",False,True,1.0,0.9411525130271912,1.5616416931152344e-05
emb_minilm,457,Foreign relations of Azerbaijan,Which former U.S. government officials serve on the Honorary Council of Advisors of the U.S.-Azerbaijan Chamber of Commerce?,James Baker and Henry Kissinger,James Baker and Henry Kissinger serve on the Honorary Council of Advisors of the U.S.-Azerbaijan Chamber of Commerce.,Foreign relations of Azerbaijan | Foreign relations of Azerbaijan | Azerbaijan,"The Republic of Azerbaijan is a member of the United Nations, the Non-Aligned Movement, the Organization for Security and Cooperation in Europe, NATO's Partnership for Peace, the Euro-Atlantic Partnership Council, the World Health Organization, the European Bank for Reconstruction and Development; the Council of Europe, CFE Treaty, the Community of Democracies; the International Monetary Fund; and the World Bank.

The major trends in the foreign relations of the Republic of Azerbaijan toward bot",False,True,1.0,0.9684038758277893,0.0001195669174194336
emb_minilm,458,Azerbaijani Armed Forces,On what date was the Azerbaijani Armed Forces re-established according to the country's Law of the Armed Forces?,9 October 1991,"On 9 October 1991, the Azerbaijani Armed Forces were re-established according to the country's Law of the Armed Forces.",Azerbaijani Armed Forces | Azerbaijani Armed Forces | Azerbaijani Armed Forces,"Even when the Parliament decided that an army should be formed in September 1991, disagreements between the government and the opposition Azerbaijani Popular Front Party impeded creation of a unified force. Around this time, the first unit of the new army was formed on the basis of the 18–110 military unit of mechanized infantry of the Soviet Ground Forces (probably part of the 4th Army) located in Shikhov, south of Baku. At the time of the parliamentary decision, Lieutenant-General Valeh Barsha",False,True,1.0,0.9858883023262024,0.0008625984191894531
emb_minilm,459,Azerbaijani Armed Forces,What are the three branches of the Azerbaijani Armed Forces?,"the Azerbaijani Land Forces, the Azerbaijani Air and Air Defence Force, and the Azerbaijani Navy","The three branches of the Azerbaijani Armed Forces are:

1. The Azerbaijani Land Forces
2. The Azerbaijani Air and Air Defence Force
3. The Azerbaijani Navy",Azerbaijani Armed Forces | Azerbaijani Armed Forces | Azerbaijani Armed Forces,"The Azerbaijani Armed Forces () is the military of the Republic of Azerbaijan. It was re-established according to the country’s Law of the Armed Forces on 9 October 1991. The original Azerbaijan Democratic Republic's armed forces were dissolved after Azerbaijan was absorbed into the Soviet Union as the Azerbaijan Soviet Socialist Republic from 28 April 1920. After the Soviet Union dissolved in 1991–92, Azerbaijan's armed forces were reformed based on Soviet bases and equipment left on Azerbaijan",False,True,1.0,0.9039594531059265,0.012503862380981445
emb_minilm,460,Geography of Armenia,How many million years ago did a geological upheaval push up the Earth's crust to form the Armenian Plateau?,Twenty-five million years ago.,300,Alps | Aegean Sea | Anatolia,"This theory was replaced in the mid-20th century by the theory of plate tectonics.

The formation of the Alps (the Alpine orogeny) was an episodic process that began about 300 million years ago. In the Paleozoic Era the Pangaean supercontinent consisted of a single tectonic plate; it broke into separate plates during the Mesozoic Era and the Tethys sea developed between Laurasia and Gondwana during the Jurassic Period. The Tethys was later squeezed between colliding plates causing the formation ",False,False,0.0,0.6569555997848511,0.9554855711758137
emb_minilm,461,Geography of Armenia,Which mountain range extends through northern Armenia?,The Lesser Caucasus range.,The Lesser Caucasus range extends through northern Armenia.,Geography of Armenia | Geography of Armenia | Azerbaijan,"The plateau is masked by intermediate mountain ranges and extinct volcanoes. The largest of these, Mount Aragats,  high, is also the highest point in Armenia. Most of the population lives in the western and northwestern parts of the country, where the two major cities, Yerevan and Gyumri, are located.

The valleys of the Debed and Akstafa rivers form the chief routes into Armenia from the north as they pass through the mountains. Lake Sevan,  across at its widest point and  long, is by far the l",False,True,1.0,0.9880654215812683,0.0010671019554138184
emb_minilm,462,Demographics of Armenia,What was Armenia's population at its peak in 1992?,3.633 million,"Based on the information provided, Armenia's population peaked at around 1,000,100 in 1913 according to historical records. However, since the question asks specifically about the population at its peak in 1992, we need to consider the demographic trends leading up to that year. Given the context, it seems likely that the population continued to grow after 1913 but did not reach another major peak before 1992. Without more specific data, we can only speculate that the population may have slightly decreased or remained stable around 1,000,100 in the early 1990s, possibly influenced by factors like economic instability and political upheaval.",Demographics of Armenia | Demographics of Armenia | Demographics of Armenia,"Structure of the population 
The median age in 2020 was 36.6 years (male: 35.1, female: 38.3).

36.3 percent of women who gave birth in 2016 had higher education.
Population by Sex and Age Group (Census 12.10.2011):

Population Estimates by Sex and Age Group (01.VII.2019):

|-
|}
In 2016, households with up to four members prevailed in urban areas throughout Armenia, with the share of such households coming to 70.2 percent in urban communities compared to 60.1 percent in rural communities.

Sinc",False,True,0.0,0.12778128683567047,0.1463921070098877
emb_minilm,463,Demographics of Armenia,How many Armenians from Persia relocated following the Russian annexation?,"45,000","45,000 Armenians from Persia relocated following the Russian annexation.",Demographics of Armenia | Demographics of Armenia | Azerbaijan,"After registering steady increases during the Soviet period, the population of Armenia declined from its peak value of 3.633 million in 1992 to 2.986 million in 2017.

Whilst the country's population increased steadily during the Soviet Union as a result of periods of repatriation and low emigration rates, it has declined in recent times due to the exodus of peoples following the Soviet break-up. The rates of emigration and population decline, however, have decreased in recent years, and there h",False,True,1.0,0.9547262787818909,5.5789947509765625e-05
emb_minilm,464,Politics of Armenia,On what date did Armenia become independent from the Russian Empire?,28 May 1918,28 May 1918,Politics of Armenia | Azerbaijan | Azerbaijan,"The politics of Armenia take place in the framework of the parliamentary representative democratic republic of Armenia, whereby the president of Armenia is the head of state and the prime minister of Armenia the head of government, and of a multi-party system. Executive power is exercised by the president and the Government. Legislative power is vested in both the Government and Parliament.

History
Armenia became independent from the Russian Empire on 28 May 1918 as the Republic of Armenia, lat",False,True,1.0,0.8131378889083862,0.9968396471813321
emb_minilm,465,Politics of Armenia,Who received 83% of the votes in the October 1991 presidential election?,Levon Ter-Petrosyan,Abdulaziz Bouteflika,Algeria | Albania | Alaska,"Civil War (1991–2002) and aftermath

In December 1991 the Islamic Salvation Front dominated the first of two rounds of legislative elections. Fearing the election of an Islamist government, the authorities intervened on 11 January 1992, cancelling the elections. Bendjedid resigned and a High Council of State was installed to act as the Presidency. It banned the FIS, triggering a civil insurgency between the Front's armed wing, the Armed Islamic Group, and the national armed forces, in which more",False,False,0.0,0.7510428428649902,0.4458160400390625
emb_minilm,466,Economy of Armenia,What was the percentage growth of Armenia's economy in 2022?,12.6%,The percentage growth of Armenia's economy in 2022 was 12.6%.,Economy of Armenia | Economy of Armenia | Economy of Armenia,"The economy of Armenia grew by 12.6% in 2022, according to the country's Statistical Committee and the International Monetary Fund. Total output amounted to 8.5 trillion Armenian drams, or $19.5 billion. At the same time, Armenia's foreign trade turnover significantly accelerated in growth from 17.7% in 2021 to 68.6% in 2022.
GDP contracted sharply in 2020 by 7.2%, mainly due to the COVID-19 recession and the war against Azerbaijan. In contrast it grew by 7.6 per cent in 2019, the largest record",False,True,1.0,0.9804184436798096,0.0002835392951965332
emb_minilm,467,Economy of Armenia,What was the foreign trade turnover growth percentage in 2022?,68.6%,11.6%,Economy of Armenia | Economy of Armenia | Economy of Armenia,"This was a result of about 8 percent increase in goods export and 21 percent increase on goods import in nominal terms year on year in 2018.

Armenia's foreign trade turnover increased by 11.6 percent in January–May 2021, compared to an 11.2 percent decline a year earlier, owing to a reversal of the y-o-y dynamics of exports and imports from 8.1 to 12.8 percent decline to 20.8-6.7 percent growth, according to preliminary data from the RA Statistical Committee. As a consequence, Armenia's foreign",False,True,0.5,0.3090324401855469,0.9407897479832172
emb_minilm,468,Transport in Armenia,What is the total length of Armenia's broad gauge railway network as reported in 1995?,825 km,825 km,Transport in Armenia | Economy of Armenia | Transport in Armenia,"This article considers transport in Armenia.

Railways

Total
 in common carrier service; does not include industrial lines

Broad gauge
825 km of  gauge (825 km electrified) (1995)
There is no service south of Yerevan.

City with metro system: Yerevan

International links
 Azerbaijan - closed - same gauge
 Georgia - yes - same gauge
 Iran - via Azerbaijan - closed - break of gauge - /
 Turkey - closed - break of gauge -/

Most of the cross-border lines are currently closed due to political prob",False,True,1.0,0.9591027498245239,0.9012274071574211
emb_minilm,469,Transport in Armenia,How many times a day do the new electric trains run between Yerevan and Gyumri?,Four times a day,Four times a day.,Transport in Armenia | Transport in Armenia | Transport in Armenia,"This article considers transport in Armenia.

Railways

Total
 in common carrier service; does not include industrial lines

Broad gauge
825 km of  gauge (825 km electrified) (1995)
There is no service south of Yerevan.

City with metro system: Yerevan

International links
 Azerbaijan - closed - same gauge
 Georgia - yes - same gauge
 Iran - via Azerbaijan - closed - break of gauge - /
 Turkey - closed - break of gauge -/

Most of the cross-border lines are currently closed due to political prob",False,True,1.0,0.9587537050247192,0.00014317035675048828
emb_minilm,470,Armed Forces of Armenia,Who is the Commander-in-Chief of the Armenian military?,President Vahagn Khachaturyan,"The Commander-in-Chief of the Armenian military is the President of Armenia, Vahagn Khachaturyan.",Armed Forces of Armenia | Armed Forces of Armenia | Armed Forces of Armenia,"The Armed Forces of Armenia (), sometimes referred to as the Armenian Army (), is the national military of Armenia. It consists of personnel branches under the General Staff of the Armenian Armed Forces, which can be divided into two general branches: the Ground Forces, and the Air Force. Although it was partially formed out of the former Soviet Army forces stationed in the Armenian SSR (mostly units of the 7th Guards Army of the Transcaucasian Military District), the military of Armenia can be ",False,True,1.0,0.9668711423873901,6.783008575439453e-05
emb_minilm,471,Armed Forces of Armenia,What are the two general branches of the Armed Forces of Armenia?,The Ground Forces and the Air Force,The two general branches of the Armed Forces of Armenia are the Ground Forces and the Air Force.,Armed Forces of Armenia | Armed Forces of Armenia | Armed Forces of Armenia,"The Armed Forces of Armenia (), sometimes referred to as the Armenian Army (), is the national military of Armenia. It consists of personnel branches under the General Staff of the Armenian Armed Forces, which can be divided into two general branches: the Ground Forces, and the Air Force. Although it was partially formed out of the former Soviet Army forces stationed in the Armenian SSR (mostly units of the 7th Guards Army of the Transcaucasian Military District), the military of Armenia can be ",False,True,1.0,0.9490902423858643,0.00014710426330566406
emb_minilm,472,Foreign relations of Armenia,Who has served as the Minister of Foreign Affairs of Armenia since August 2021?,Ararat Mirzoyan,Ararat Mirzoyan has served as the Minister of Foreign Affairs of Armenia since August 2021.,Foreign relations of Armenia | Politics of Armenia | Politics of Armenia,"Since its independence, Armenia has maintained a policy of trying to have positive and friendly relations with Iran, Russia, and the West, including the United States and the European Union. It has full membership status in a number of international organizations, such as the Council of Europe and the Eurasian Economic Union, and observer status, etc. in some others. However, the dispute over the Armenian genocide of 1915 and the ongoing Nagorno-Karabakh conflict have created tense relations wit",False,True,1.0,0.9922640323638916,6.282329559326172e-05
emb_minilm,473,Foreign relations of Armenia,Which two immediate neighboring countries have tense relations with Armenia due to the Armenian genocide dispute and the Nagorno-Karabakh conflict?,Azerbaijan and Turkey,Turkey and Azerbaijan,Foreign relations of Azerbaijan | Foreign relations of Armenia | Foreign relations of Armenia,"List 
List of countries with which Azerbaijan maintains diplomatic relations with:

Information on some of the countries with which Azerbaijan maintains formal relations

Multilateral

Africa

Americas

Asia

Europe

Oceania

International organizations
AsDB
BSEC
CE
CIS
EAPC
EBRD
ECE
ECO
ESCAP
FAO
GUAM
IAEA
IBRD
ICAO
ICRM
IDA
IDB
IFAD
IFC
IFRCS
ILO
IMF
IMO
Interpol
IOC, IOM
ISO (correspondent)
ITU
ITUC
OAS (observer)
OIC
OPCW
OSCE
PFP
United Nations
UNCTAD
UNESCO
UNIDO
UPU
WCO
WFTU
WHO
WIPO
WMO
",False,True,1.0,0.9160389304161072,0.5694785714149475
emb_minilm,474,Demographics of American Samoa,What is the total median age of the population of American Samoa according to the 2020 estimate?,27.2 years,The total median age of the population of American Samoa according to the 2020 estimate is 27.2 years.,Demographics of American Samoa | Demographics of American Samoa | Demographics of Angola,"Demographics of American Samoa include population density, ethnicity, education level, health of the populace, economic status, religious affiliations and other aspects. American Samoa is an unincorporated territory of the United States located in the South Pacific Ocean.

Vital statistics
Births and deaths

Structure of the population

Population statistics 

The statistics from 1900 to 1950 and every decennial census are from the U.S. Census Bureau. There was no census taken in 1910, but a spe",False,True,1.0,0.95880126953125,8.094310760498047e-05
emb_minilm,475,Demographics of American Samoa,What is the population growth rate of American Samoa as estimated for 2021?,-2.1%,−2.1% (2021 est.),Demographics of American Samoa | Demographics of American Samoa | Economy of American Samoa,"Demographics of American Samoa include population density, ethnicity, education level, health of the populace, economic status, religious affiliations and other aspects. American Samoa is an unincorporated territory of the United States located in the South Pacific Ocean.

Vital statistics
Births and deaths

Structure of the population

Population statistics 

The statistics from 1900 to 1950 and every decennial census are from the U.S. Census Bureau. There was no census taken in 1910, but a spe",False,True,1.0,0.9204516410827637,0.37396156787872314
emb_minilm,476,Politics of American Samoa,What year was the constitution of American Samoa ratified?,1966,The constitution of American Samoa was ratified in 1966.,Politics of American Samoa | Articles of Confederation | Politics of American Samoa,"Politics of American Samoa takes place in a framework of a presidential representative democratic dependency, whereby the governor is the head of government, and of a pluriform multi-party system. American Samoa is an unincorporated and unorganized territory of the United States, administered by the Office of Insular Affairs, U.S. Department of the Interior. Its constitution was ratified in 1966 and came into effect in 1967. Executive power is discharged by the governor and the lieutenant govern",False,True,1.0,0.9754379987716675,1.811981201171875e-05
emb_minilm,477,Politics of American Samoa,Who discharges executive power in American Samoa?,the governor and the lieutenant governor,Executive power is discharged by the governor and the lieutenant governor.,Politics of American Samoa | Politics of American Samoa | Economy of American Samoa,"Politics of American Samoa takes place in a framework of a presidential representative democratic dependency, whereby the governor is the head of government, and of a pluriform multi-party system. American Samoa is an unincorporated and unorganized territory of the United States, administered by the Office of Insular Affairs, U.S. Department of the Interior. Its constitution was ratified in 1966 and came into effect in 1967. Executive power is discharged by the governor and the lieutenant govern",False,True,1.0,0.987425684928894,0.0018208026885986328
emb_minilm,478,Economy of American Samoa,What is the primary export of American Samoa?,canned tuna,The primary export of American Samoa is canned tuna.,Economy of American Samoa | Demographics of American Samoa | Politics of American Samoa,"The economy of American Samoa is a traditional Polynesian economy in which more than 90% of the land is communally owned. Economic activity is strongly linked to the United States, with which American Samoa conducts the great bulk of its foreign trade. Tuna fishing and processing plants are the backbone of the private sector, with canned tuna being the primary export. Transfers from the U.S. federal government add substantially to American Samoa's economic well-being. Attempts by the government ",False,True,1.0,0.9719923734664917,1.0013580322265625e-05
emb_minilm,479,Economy of American Samoa,What was the unemployment rate in 2010?,23.8%,"Based on the information provided in the context, the unemployment rate in Armenia in 2010 was 18.2%.",Economy of Armenia | Adelaide | Economy of Armenia,"According to the latest reports on population of Armenia, in December 2020 the population consisted of 2.96million people and the average monthly earning during February 2021 was US$366.05.

According to prime minister Nikol Pashinyan in January 2019 562,043 payroll jobs were recorded, against of 511,902 in January 2018, an increase of 9.7%.Statistical Committee of Armenia publication based on data retrieved from employers and national income service cites 560,586 payroll positions in January 20",False,False,0.0,0.02966051548719406,0.00883018970489502
emb_minilm,480,Architect,What three main tasks does an architect perform according to the passage?,"An architect plans, designs and oversees the construction of buildings.","An architect performs the following three main tasks:

1. Planning and Designing Buildings: This includes creating detailed blueprints, layouts, and models of proposed buildings to ensure functionality, aesthetics, and compliance with regulations.

2. Consulting with Specialists: Architects work closely with engineers, surveyors, and other experts to coordinate various aspects of the design, such as structural support systems, electrical installations, and mechanical equipment.

3. Reporting Back to Clients: Architects regularly update clients about the progress of the project, address any concerns or suggestions, and prepare final reports detailing the design outcomes and potential future modifications.",Architect | Architect | Architect,"Much depends upon the time, place, finance, culture, and available crafts and technology in which the design takes place. The extent and nature of these expectations will vary. Foresight is a prerequisite when designing buildings as it is a very complex and demanding undertaking.

Any design concept during the early stage of its generation must take into account a great number of issues and variables including qualities of space(s), the end-use and life-cycle of these proposed spaces, connection",False,True,0.3333333333333333,0.1252419799566269,0.0097084641456604
emb_minilm,481,Architect,"What type of specialized training is required for an architect to earn a license, as stated in the passage?",The architect must undergo advanced education and a practicum (or internship) for practical experience.,An architect requires specialized training consisting of advanced education and a practicum (or internship) for practical experience to earn a license to practice architecture.,Architect | Architect | Architect,"Such licensure usually required a university degree, successful completion of exams, as well as a training period. Representation of oneself as an architect through the use of terms and titles were restricted to licensed individuals by law, although in general, derivatives such as architectural designer were not legally protected.

To practice architecture implies the ability to practice independently of supervision. The term building design professional (or design professional), by contrast, is",False,True,0.7777777777777778,0.9813863635063171,0.13089519739151
