config,qid,title,question,gold_answer,answer,retrieved_titles,top_chunk,abstained,gold_retrieved,answer_recall,faith_hhem,faith_deberta
hybrid,0,Anarchism,"According to the passage, where on the political spectrum is anarchism placed?","On the farthest left of the political spectrum, usually described as the libertarian wing of the socialist movement (libertarian socialism).",Anarchism is usually placed on the far-left of the political spectrum.,Anarchism | Anarchism | Anarchism,"A component especially of individualist anarchism, philosophical anarchism may tolerate the existence of a minimal state but claims that citizens have no moral obligation to obey government when it conflicts with individual autonomy. Anarchism pays significant attention to moral arguments since ethics have a central role in anarchist philosophy. Anarchism's emphasis on anti-capitalism, egalitarianism, and for the extension of community and individuality sets it apart from anarcho-capitalism and ",False,True,0.36363636363636365,0.9873824715614319,0.00228726863861084
hybrid,1,Anarchism,Which revolutions does the passage say anarchists have taken part in?,"The Paris Commune, the Russian Civil War and the Spanish Civil War.","The passage mentions that anarchists have taken part in several revolutions, most notably in the Paris Commune, the Russian Civil War, and the Spanish Civil War.",Anarchism | Anarchism | Anarchism,"Anarchism is a political philosophy and movement that is skeptical of all justifications for authority and seeks to abolish the institutions it claims maintain unnecessary coercion and hierarchy, typically including nation-states, and capitalism. Anarchism advocates for the replacement of the state with stateless societies and voluntary free associations. As a historically left-wing movement, this reading of anarchism is placed on the farthest left of the political spectrum, usually described as",False,True,1.0,0.9911106824874878,0.014227092266082764
hybrid,2,Albedo,What is the numerical range of albedo and what do the values 0 and 1 represent?,"Albedo is measured on a scale from 0 to 1; 0 corresponds to a black body that absorbs all incident radiation, and 1 corresponds to a body that reflects all incident radiation.","The numerical range of albedo is approximately between 0 and 1. Values closer to 0 indicate a substance that absorbs most of the incoming radiation, while values closer to 1 indicate a substance that reflects most of the incoming radiation.",Albedo | Albedo | Albedo,"Terrestrial albedo

Any albedo in visible light falls within a range of about 0.9 for fresh snow to about 0.04 for charcoal, one of the darkest substances. Deeply shadowed cavities can achieve an effective albedo approaching the zero of a black body. When seen from a distance, the ocean surface has a low albedo, as do most forests, whereas desert areas have some of the highest albedos among landforms. Most land areas are in an albedo range of 0.1 to 0.4. The average albedo of Earth is about 0.3.",False,True,0.46153846153846156,0.8795869946479797,0.02368950843811035
hybrid,3,Albedo,For which wavelength range is albedo most often given due to measurement constraints?,"Albedo is often given for the spectrum between 0.3 and 3 μm, which includes visible light (0.4–0.7 μm).","Albedo is most often given for the spectrum in which most solar energy reaches the surface, typically between 0.3 and 3 μm.",Albedo | Albedo | Albedo,"Albedo (; ) is the fraction of sunlight that is diffusely reflected by a body. It is measured on a scale from 0 (corresponding to a black body that absorbs all incident radiation) to 1 (corresponding to a body that reflects all incident radiation).

Surface albedo is defined as the ratio of radiosity Je to the irradiance Ee (flux per unit area) received by a surface. The proportion reflected is not only determined by properties of the surface itself, but also by the spectral and angular distribu",False,True,0.6153846153846154,0.9776921272277832,0.06638741493225098
hybrid,4,A,"What are the two forms of the lowercase version of the letter ""A""?",the double-storey a and single-storey ɑ,"The two forms of the lowercase version of the letter ""A"" are:

1. Double-storey a
2. Single-storey ɑ",A | A | A,"A, or a, is the first letter and the first vowel of the Latin alphabet, used in the modern English alphabet, the alphabets of other western European languages and others worldwide. Its name in English is a (pronounced ), plural aes. It is similar in shape to the Ancient Greek letter Alpha, from which it derives. The uppercase version consists of the two slanting sides of a triangle, crossed in the middle by a horizontal bar. The lowercase version can be written in two forms: the double-storey a ",False,True,1.0,0.48814764618873596,0.21617698669433594
hybrid,5,A,"What is the earliest known certain ancestor of the letter ""A""?","aleph (also written 'aleph), the first letter of the Phoenician alphabet","The earliest known certain ancestor of the letter ""A"" is aleph, which is the first letter of the Phoenician alphabet.",A | A | Arabic,"A, or a, is the first letter and the first vowel of the Latin alphabet, used in the modern English alphabet, the alphabets of other western European languages and others worldwide. Its name in English is a (pronounced ), plural aes. It is similar in shape to the Ancient Greek letter Alpha, from which it derives. The uppercase version consists of the two slanting sides of a triangle, crossed in the middle by a horizontal bar. The lowercase version can be written in two forms: the double-storey a ",False,True,0.7142857142857143,0.9708428978919983,1.7523765563964844e-05
hybrid,6,Alabama,What is the capital of Alabama?,Montgomery,The capital of Alabama is Montgomery.,Alabama | Alabama | Alabama,"The United States Congress created the Alabama Territory on March 3, 1817. St. Stephens, now abandoned, served as the territorial capital from 1817 to 1819.

Alabama was admitted as the 22nd state on December 14, 1819, with Congress selecting Huntsville as the site for the first Constitutional Convention. From July5 to August 2, 1819, delegates met to prepare the new state constitution. Huntsville served as temporary capital from 1819 to 1820, when the seat of government moved to Cahaba in Dalla",False,True,1.0,0.9708006978034973,4.7206878662109375e-05
hybrid,7,Alabama,Which city is the largest in Alabama by population and area?,Huntsville,Huntsville is the largest city in Alabama by population and area.,Alabama | Alabama | Alabama,"Alabama () is a state in the Southeastern region of the United States, bordered by Tennessee to the north; Georgia to the east; Florida and the Gulf of Mexico to the south; and Mississippi to the west. Alabama is the 30th largest by area and the 24th-most populous of the U.S. states.

Alabama is nicknamed the Yellowhammer State, after the state bird. Alabama is also known as the ""Heart of Dixie"" and the ""Cotton State"". The state tree is the longleaf pine, and the state flower is the camellia. Al",False,True,1.0,0.9625925421714783,4.100799560546875e-05
hybrid,8,Achilles,Who were Achilles' parents according to the passage?,"The Nereid Thetis and Peleus, king of Phthia.",Thetis and Peleus,Achilles | Achilles | Achilles,"In the later vase paintings presenting the death of Achilles, the arrow (or in many cases, arrows) hit his torso.

Peleus entrusted Achilles to Chiron, who lived on Mount Pelion and was known as the most righteous of the Centaurs, to be reared. In some accounts, Achilles' original name was ""Ligyron"" and he was later named Achilles by his tutor Chiron. According to Homer, Achilles grew up in Phthia with his childhood companion Patroclus. Homer further writes that Achilles taught Patroclus what he",False,True,0.4,0.5090686082839966,0.6228322088718414
hybrid,9,Achilles,Who is said to have killed Achilles near the end of the Trojan War?,"Paris, who shot him with an arrow.","Paris, who shot him with an arrow.",Achilles | Achilles | Achilles,"In Greek mythology, Achilles ( ) or Achilleus () was a hero of the Trojan War who was known as being the greatest of all the Greek warriors. A central character in Homer's Iliad, he was the son of the Nereid Thetis and Peleus, king of Phthia and famous Argonaut. Achilles was raised in Phthia along his childhood companion Patroclus and received his education by the centaur Chiron. In the Iliad, he is presented as the commander of the mythical tribe of the Myrmidons. 

Achilles' most notable feat ",False,True,1.0,0.9651060104370117,0.00034058094024658203
hybrid,10,Abraham Lincoln,What are the birth and death dates of Abraham Lincoln?,"February 12, 1809 – April 15, 1865","The birth date of Abraham Lincoln is February 12, 1809, and the death date is April 15, 1865.",Abraham Lincoln | Abraham Lincoln | Abraham Lincoln,"His Gettysburg Address came to be seen as one of the greatest and most influential statements of American national purpose. Lincoln closely supervised the strategy and tactics in the war effort, including the selection of generals, and implemented a naval blockade of the South's trade. He suspended habeas corpus in Maryland and elsewhere, and averted British intervention by defusing the Trent Affair. In 1863, he issued the Emancipation Proclamation, which declared the slaves in the states ""in re",False,True,1.0,0.0689757689833641,0.00010275840759277344
hybrid,11,Abraham Lincoln,Which act angered Lincoln in 1854 and prompted him to re-enter politics?,The Kansas–Nebraska Act,The Kansas–Nebraska Act angered Abraham Lincoln in 1854 and prompted him to re-enter politics.,Abraham Lincoln | Abraham Lincoln | Abraham Lincoln,"Instead of holding Lincoln in contempt of court as expected, the judge, a Democrat, reversed his ruling and admitted the testimony into evidence, resulting in Harrison's acquittal.

Republican politics (1854–1860)

Emergence as Republican leader

The debate over the status of slavery in the territories failed to alleviate tensions between the slave-holding South and the free North, with the failure of the Compromise of 1850, a legislative package designed to address the issue. In his 1852 eulogy",False,True,1.0,0.9849276542663574,0.00037479400634765625
hybrid,12,Aristotle,In which city was Aristotle born?,Stagira,Stagira,Aristotle | Aristotle | Aristotle,"Aristotle (;  Aristotélēs, ; 384–322 BC) was an Ancient Greek philosopher and polymath. His writings cover a broad range of subjects spanning the natural sciences, philosophy, linguistics, economics, politics, psychology and the arts. As the founder of the Peripatetic school of philosophy in the Lyceum in Athens, he began the wider Aristotelian tradition that followed, which set the groundwork for the development of modern science.

Little is known about Aristotle's life. He was born in the city",False,True,1.0,0.5956056118011475,0.8079157173633575
hybrid,13,Aristotle,Who requested Aristotle to tutor Alexander the Great?,Philip II of Macedon,Philip II of Macedon requested Aristotle to tutor Alexander the Great.,Aristotle | Alexander the Great | Aristotle,"After the death of Hermias, Aristotle travelled with his pupil Theophrastus to the island of Lesbos, where together they researched the botany and zoology of the island and its sheltered lagoon. While in Lesbos, Aristotle married Pythias, either Hermias's adoptive daughter or niece. They had a daughter, whom they also named Pythias. In 343 BC, Aristotle was invited by Philip II of Macedon to become the tutor to his son Alexander.

Aristotle was appointed as the head of the royal Academy of Maced",False,True,1.0,0.9503434896469116,0.00011551380157470703
hybrid,14,An American in Paris,"When and where was the New York premiere of ""An American in Paris"" held?","December 13, 1928, in Carnegie Hall.","The New York premiere of ""An American in Paris"" was held on December 13, 1928, in Carnegie Hall, with Walter Damrosch conducting the New York Philharmonic.",An American in Paris | An American in Paris | An American in Paris,"An American in Paris is a jazz-influenced symphonic poem (or tone poem) for orchestra by American composer George Gershwin first performed in 1928. It was inspired by the time that Gershwin had spent in Paris and evokes the sights and energy of the French capital during the .

Gershwin scored the piece for the standard instruments of the symphony orchestra plus celesta, saxophones, and automobile horns. He brought back four Parisian taxi horns for the New York premiere of the composition, which ",False,True,1.0,0.9634442329406738,0.00026422739028930664
hybrid,15,An American in Paris,"Who conducted the New York Philharmonic at the premiere of ""An American in Paris""?",Walter Damrosch.,"Walter Damrosch conducted the New York Philharmonic at the premiere of ""An American in Paris"".",An American in Paris | An American in Paris | An American in Paris,"An American in Paris is a jazz-influenced symphonic poem (or tone poem) for orchestra by American composer George Gershwin first performed in 1928. It was inspired by the time that Gershwin had spent in Paris and evokes the sights and energy of the French capital during the .

Gershwin scored the piece for the standard instruments of the symphony orchestra plus celesta, saxophones, and automobile horns. He brought back four Parisian taxi horns for the New York premiere of the composition, which ",False,True,1.0,0.970434308052063,0.0001398324966430664
hybrid,16,Academy Award for Best Production Design,In which year was the award category renamed to Best Production Design?,2012,The award category was renamed to Best Production Design in 2012 for the 85th Academy Awards.,Academy Award for Best Production Design | Academy Awards | Academy Award for Best Production Design,"The Academy Award for Best Production Design recognizes achievement for art direction in film. The category's original name was Best Art Direction, but was changed to its current name in 2012 for the 85th Academy Awards. This change resulted from the Art Directors' branch of the Academy of Motion Picture Arts and Sciences (AMPAS) being renamed the Designers' branch. Since 1947, the award is shared with the set decorators. It is awarded to the best interior design in a film.

The films below are ",False,True,1.0,0.9637541770935059,7.140636444091797e-05
hybrid,17,Academy Award for Best Production Design,Since what year has the Academy Award for Best Production Design been shared with set decorators?,1947,"Since 1947, the award is shared with the set decorators.",Academy Award for Best Production Design | Academy Awards | Academy Award for Best Production Design,"The Academy Award for Best Production Design recognizes achievement for art direction in film. The category's original name was Best Art Direction, but was changed to its current name in 2012 for the 85th Academy Awards. This change resulted from the Art Directors' branch of the Academy of Motion Picture Arts and Sciences (AMPAS) being renamed the Designers' branch. Since 1947, the award is shared with the set decorators. It is awarded to the best interior design in a film.

The films below are ",False,True,1.0,0.9697064757347107,2.6464462280273438e-05
hybrid,18,Academy Awards,On what date was the first Academy Awards presentation held?,"May 16, 1929","The first Academy Awards presentation was held on May 16, 1929.",Academy Awards | Academy Awards | Academy Awards,"The Academy Awards, mainly known as the Oscars, are awards for artistic and technical merit for the film industry. They are presented annually by the Academy of Motion Picture Arts and Sciences located in Beverly Hills, California, United States, in recognition of excellence in cinematic achievements as assessed by the Academy's voting membership. The Academy Awards are regarded by many as the most prestigious, significant awards in the entertainment industry in the United States and worldwide. ",False,True,1.0,0.9373109936714172,3.707408905029297e-05
hybrid,19,Academy Awards,At which hotel was the post-awards party held after the first Academy Awards?,Mayfair Hotel,The post-awards party was held at the Mayfair Hotel.,Academy Awards | Academy Awards | Academy Awards,"The Academy Awards, mainly known as the Oscars, are awards for artistic and technical merit for the film industry. They are presented annually by the Academy of Motion Picture Arts and Sciences located in Beverly Hills, California, United States, in recognition of excellence in cinematic achievements as assessed by the Academy's voting membership. The Academy Awards are regarded by many as the most prestigious, significant awards in the entertainment industry in the United States and worldwide. ",False,True,1.0,0.9588214159011841,8.463859558105469e-06
hybrid,20,Actrius,"In what year was the film ""Actrius"" produced?",1996,"The film ""Actrius"" was produced in 1996.",Actrius | Andrei Tarkovsky | Alfred Hitchcock,"Actresses (Catalan: Actrius) is a 1997 Catalan language Spanish drama film produced and directed by Ventura Pons and based on the award-winning stage play E.R. by Josep Maria Benet i Jornet. The film has no male actors, with all roles played by females. The film was produced in 1996.

Synopsis 
In order to prepare herself to play a role commemorating the life of legendary actress Empar Ribera, young actress (Mercè Pons) interviews three established actresses who had been the Ribera's pupils: the",False,True,1.0,0.9825837016105652,3.063678741455078e-05
hybrid,21,Actrius,Which actress portrayed the character Glòria Marc in the film?,Núria Espert,Núria Espert portrayed the character Glòria Marc in the film.,Actrius | Miss Marple | Actrius,"Actresses (Catalan: Actrius) is a 1997 Catalan language Spanish drama film produced and directed by Ventura Pons and based on the award-winning stage play E.R. by Josep Maria Benet i Jornet. The film has no male actors, with all roles played by females. The film was produced in 1996.

Synopsis 
In order to prepare herself to play a role commemorating the life of legendary actress Empar Ribera, young actress (Mercè Pons) interviews three established actresses who had been the Ribera's pupils: the",False,True,1.0,0.9629953503608704,1.2159347534179688e-05
hybrid,22,Animalia (book),In what year was the original edition of Animalia first published?,1986,The original edition of Animalia was first published in 1986.,Animalia (book) | Animal Farm | Animal Farm,"Animalia is an illustrated children's book by Graeme Base. It was originally published in 1986, followed by a tenth anniversary edition in 1996, and a 25th anniversary edition in 2012. Over four million copies have been sold worldwide. A special numbered and signed anniversary edition was also published in 1996, with an embossed gold jacket.

Synopsis
Animalia is an alliterative alphabet book and contains twenty-six illustrations, one for each letter of the alphabet. Each illustration features a",False,True,1.0,0.9757876992225647,1.1682510375976562e-05
hybrid,23,Animalia (book),How many copies of Animalia have been sold worldwide?,Over four million copies,Over four million copies have been sold worldwide.,Animalia (book) | Asteroids (video game) | ABBA,"Animalia is an illustrated children's book by Graeme Base. It was originally published in 1986, followed by a tenth anniversary edition in 1996, and a 25th anniversary edition in 2012. Over four million copies have been sold worldwide. A special numbered and signed anniversary edition was also published in 1996, with an embossed gold jacket.

Synopsis
Animalia is an alliterative alphabet book and contains twenty-six illustrations, one for each letter of the alphabet. Each illustration features a",False,True,1.0,0.9908772110939026,0.001775205135345459
hybrid,24,International Atomic Time,How many atomic clocks are used in the weighted average that defines International Atomic Time (TAI)?,over 450 atomic clocks,Over 450 atomic clocks are used in the weighted average that defines International Atomic Time (TAI).,International Atomic Time | International Atomic Time | International Atomic Time,"International Atomic Time (abbreviated TAI, from its French name ) is a high-precision atomic coordinate time standard based on the notional passage of proper time on Earth's geoid. TAI is a weighted average of the time kept by over 450 atomic clocks in over 80 national laboratories worldwide. It is a continuous scale of time, without leap seconds, and it is the principal realisation of Terrestrial Time (with a fixed offset of epoch). It is the basis for Coordinated Universal Time (UTC), which i",False,True,1.0,0.9742259979248047,0.0009472966194152832
hybrid,25,International Atomic Time,By how many seconds does Coordinated Universal Time (UTC) currently lag behind TAI?,exactly 37 seconds behind TAI,Coordinated Universal Time (UTC) is currently exactly 37 seconds behind International Atomic Time (TAI).,International Atomic Time | International Atomic Time | International Atomic Time,"International Atomic Time (abbreviated TAI, from its French name ) is a high-precision atomic coordinate time standard based on the notional passage of proper time on Earth's geoid. TAI is a weighted average of the time kept by over 450 atomic clocks in over 80 national laboratories worldwide. It is a continuous scale of time, without leap seconds, and it is the principal realisation of Terrestrial Time (with a fixed offset of epoch). It is the basis for Coordinated Universal Time (UTC), which i",False,True,1.0,0.9218862652778625,0.0007408261299133301
hybrid,26,Altruism,"Who popularized the word ""altruism"" and possibly coined it?",The French philosopher Auguste Comte.,"The word ""altruism"" was popularized (and possibly coined) by the French philosopher Auguste Comte in French, as ""anti-égoïsme.""",Altruism | Altruism | Altruism,"Altruism is the principle and practice of concern for the well-being and/or happiness of other humans or animals. While objects of altruistic concern vary, it is an important moral value in many cultures and religions. It may be considered a synonym of selflessness, the opposite of selfishness.

The word altruism was popularized (and possibly coined) by the French philosopher Auguste Comte in French, as , for an antonym of egoism. He derived it from the Italian , which in turn was derived from L",False,True,1.0,0.05689309164881706,0.006877124309539795
hybrid,27,Altruism,"What does the Latin word ""alteri,"" from which ""altruism"" is derived, mean?","""Other people"" or ""somebody else"".","The Latin word ""alteri,"" from which ""altruism"" is derived, means ""other people"" or ""somebody else.""",Altruism | Altruism | Altruism,"Altruism is the principle and practice of concern for the well-being and/or happiness of other humans or animals. While objects of altruistic concern vary, it is an important moral value in many cultures and religions. It may be considered a synonym of selflessness, the opposite of selfishness.

The word altruism was popularized (and possibly coined) by the French philosopher Auguste Comte in French, as , for an antonym of egoism. He derived it from the Italian , which in turn was derived from L",False,True,1.0,0.8365264534950256,0.0029121041297912598
hybrid,28,Ayn Rand,In what year did Ayn Rand move to the United States?,1926,1926,Ayn Rand | Ayn Rand | Ayn Rand,"She was 12 when the October Revolution and the rule of the Bolsheviks under Vladimir Lenin disrupted her family's lives. Her father's pharmacy was nationalized, and the family fled to the city of Yevpatoria in Crimea, which was initially under the control of the White Army during the Russian Civil War. After graduating high school there in June 1921, she returned with her family to Petrograd (as Saint Petersburg was then named), where they faced desperate conditions, occasionally nearly starving",False,True,1.0,0.6409434080123901,0.9961829502135515
hybrid,29,Ayn Rand,What novel did Ayn Rand publish in 1957?,Atlas Shrugged,"Ayn Rand published her best-selling work, the novel Atlas Shrugged, in 1957.",Ayn Rand | Ayn Rand | Ayn Rand,"Alice O'Connor (born Alisa Zinovyevna Rosenbaum; , 1905 – March 6, 1982), better known by her pen name Ayn Rand (), was a Russian-born American writer and public philosopher. She is known for her fiction and for developing a philosophical system she named Objectivism. Born and educated in Russia, she moved to the United States in 1926. After two early novels that were initially unsuccessful and two Broadway plays, she achieved fame with her 1943 novel, The Fountainhead. In 1957, Rand published h",False,True,1.0,0.977897047996521,6.258487701416016e-05
hybrid,30,Alain Connes,When was Alain Connes born?,1 April 1947,Alain Connes was born on 1 April 1947.,Alain Connes | Alain Connes | Alain Connes,"Alain Connes (; born 1 April 1947 in Draguignan) is a French mathematician, known for his contributions to the study of operator algebras and noncommutative geometry. He is a professor at the , , Ohio State University and Vanderbilt University. He was awarded the Fields Medal in 1982.

Career
Alain Connes attended high school at  in Marseille, and was then a student of the classes préparatoires in . Between 1966 and 1970 he studed at École normale supérieure in Paris, and in 1973 he obtained a P",False,True,1.0,0.9683959484100342,1.1682510375976562e-05
hybrid,31,Alain Connes,What award did Alain Connes receive in 1982?,Fields Medal,The Fields Medal,Alain Connes | Alain Connes | Alain Connes,"He also introduced cyclic cohomology in the early 1980s as a first step in the study of noncommutative differential geometry.

He was a member of Nicolas Bourbaki.

Awards and honours

Connes was awarded the Peccot-Vimont Prize in 1976, the Ampère Prize in 1980, the Fields Medal in 1982, the Clay Research Award in 2000 and the Crafoord Prize in 2001. The French National Centre for Scientific Research granted him the silver medal in 1977 and the gold medal in 2004.

He was an invited speaker at t",False,True,1.0,0.9115312695503235,0.9726495016366243
hybrid,32,Allan Dwan,What was Allan Dwan's birth name?,Joseph Aloysius Dwan,Joseph Aloysius Dwan,Allan Dwan | Allan Dwan | Allan Dwan,"Allan Dwan (born Joseph Aloysius Dwan; April 3, 1885 – December 28, 1981) was a pioneering Canadian-born American motion picture director, producer, and screenwriter.

Early life
Born Joseph Aloysius Dwan in Toronto, Ontario, Canada, Dwan was the younger son of commercial traveler of woolen clothing Joseph Michael Dwan (1857–1917) and his wife Mary Jane Dwan (née Hunt). The family moved to the United States when he was seven years old on December 4, 1892, by ferry from Windsor to Detroit, accord",False,True,1.0,0.8274779915809631,0.9878762448206544
hybrid,33,Allan Dwan,In what year did Allan Dwan become the founding president of the East Coast chapter of the Motion Picture Directors Association?,1917,1917,Allan Dwan | Allan Dwan | Allan Dwan,"Allan Dwan (born Joseph Aloysius Dwan; April 3, 1885 – December 28, 1981) was a pioneering Canadian-born American motion picture director, producer, and screenwriter.

Early life
Born Joseph Aloysius Dwan in Toronto, Ontario, Canada, Dwan was the younger son of commercial traveler of woolen clothing Joseph Michael Dwan (1857–1917) and his wife Mary Jane Dwan (née Hunt). The family moved to the United States when he was seven years old on December 4, 1892, by ferry from Windsor to Detroit, accord",False,True,1.0,0.41189640760421753,0.9994663071702234
hybrid,34,Algeria,What is the capital and largest city of Algeria?,Algiers,Algiers,Algeria | Algeria | Algeria,"Algeria, officially the People's Democratic Republic of Algeria, is a country in North Africa. Algeria is bordered to the northeast by Tunisia; to the east by Libya; to the southeast by Niger; to the southwest by Mali, Mauritania, and Western Sahara; to the west by Morocco; and to the north by the Mediterranean Sea. It is considered part of the Maghreb region of North Africa. It has a semi-arid geography, with most of the population living in the fertile north and the Sahara dominating the geogr",False,True,1.0,0.774211585521698,0.9960160297341645
hybrid,35,Algeria,What is the population of Algeria as stated in the passage?,44 million,"The population of Algeria, according to the given text, is 44 million.",Algeria | Algeria | Algeria,"Algeria, officially the People's Democratic Republic of Algeria, is a country in North Africa. Algeria is bordered to the northeast by Tunisia; to the east by Libya; to the southeast by Niger; to the southwest by Mali, Mauritania, and Western Sahara; to the west by Morocco; and to the north by the Mediterranean Sea. It is considered part of the Maghreb region of North Africa. It has a semi-arid geography, with most of the population living in the fertile north and the Sahara dominating the geogr",False,True,1.0,0.9783889651298523,3.731250762939453e-05
hybrid,36,List of Atlas Shrugged characters,What position does Dagny Taggart hold at Taggart Transcontinental?,She is vice-president in Charge of Operations for Taggart Transcontinental.,Dagny Taggart holds the position of Top Co-ordinator at Taggart Transcontinental.,List of Atlas Shrugged characters | List of Atlas Shrugged characters | List of Atlas Shrugged characters,"Laura Bradford is an actress and Kip Chalmers' mistress. She is one of the passengers on his train, and dies in the Taggart Tunnel disaster.
Bill Brent is the chief dispatcher for the Colorado Division of Taggart Transcontinental, who tries to prevent the Taggart Tunnel disaster.
Cherryl Brooks is a dime store shopgirl who marries James Taggart after a chance encounter in her store the night the John Galt Line was falsely deemed his greatest success. She marries him thinking he is the heroic per",False,True,0.2857142857142857,0.8939893841743469,9.059906005859375e-06
hybrid,37,List of Atlas Shrugged characters,What is the full name of Francisco d'Anconia as given in the passage?,Francisco Domingo Carlos Andres Sebastián d'Anconia,Francisco Domingo Carlos Andres Sebastián d'Anconia,Ankara | List of Atlas Shrugged characters | Ankara,"In 303, Ancyra was one of the towns where the co-emperors Diocletian and his deputy Galerius launched their anti-Christian persecution. In Ancyra, their first target was the 38-year-old Bishop of the town, whose name was Clement. Clement's life describes how he was taken to Rome, then sent back, and forced to undergo many interrogations and hardship before he, and his brother, and various companions were put to death. The remains of the church of St. Clement can be found today in a building just",False,True,1.0,0.8482680320739746,0.9382372871041298
hybrid,38,Anthropology,Which subfield of anthropology studies how language influences social life?,Linguistic anthropology,Linguistic anthropology,Anthropology | Anthropology | Anthropology,"Comparison across cultures is a key element of method in sociocultural anthropology, including the industrialized (and de-industrialized) West. The Standard Cross-Cultural Sample (SCCS) includes 186 such cultures.

Biological

Biological anthropology and physical anthropology are synonymous terms to describe anthropological research focused on the study of humans and non-human primates in their biological, evolutionary, and demographic dimensions. It examines the biological and social factors th",False,True,1.0,0.9613833427429199,0.9810037724673748
hybrid,39,Anthropology,"In which regions is archaeological anthropology considered a branch of anthropology, and how is it viewed in Europe?","It is considered a branch of anthropology in North America and Asia, while in Europe it is viewed as a discipline in its own right or grouped under other related disciplines such as history and palaeontology.","Archeological anthropology is considered a branch of anthropology in North America and Asia. In Europe, it is viewed as a discipline in its own right or grouped under other related disciplines, such as history and palaeontology.",Anthropology | Anthropology | Anthropology,"Anthropology is the scientific study of humanity, concerned with human behavior, human biology, cultures, societies, and linguistics, in both the present and past, including past human species. Social anthropology studies patterns of behavior, while cultural anthropology studies cultural meaning, including norms and values. A portmanteau term sociocultural anthropology is commonly used today. Linguistic anthropology studies how language influences social life. Biological or physical anthropology",False,True,0.95,0.9836841821670532,0.788338840007782
hybrid,40,Agricultural science,Who conducted experiments on the use of gypsum as a fertilizer in the 18th century?,Johann Friedrich Mayer,Johann Friedrich Mayer conducted experiments on the use of gypsum (hydrated calcium sulphate) as a fertilizer in the 18th century.,Agricultural science | Agriculture | Alchemy,"Agricultural science (or agriscience for short) is a broad multidisciplinary field of biology that encompasses the parts of exact, natural, economic and social sciences that are used in the practice and understanding of agriculture. Professionals of the agricultural science are called agricultural scientists or agriculturists.

History

In the 18th century, Johann Friedrich Mayer conducted experiments on the use of gypsum (hydrated calcium sulphate) as a fertilizer.

In 1843, John Bennet Lawes a",False,True,1.0,0.9854251742362976,0.0002942681312561035
hybrid,41,Agricultural science,"Which 1887 act used the term ""agricultural science"" and began a scientific revolution in United States agriculture?",The Hatch Act of 1887,"The 1887 Hatch Act of the United States used the term ""agricultural science"" and began a scientific revolution in U.S. agriculture.",Agricultural science | Agriculture | Agriculture,"Agricultural science (or agriscience for short) is a broad multidisciplinary field of biology that encompasses the parts of exact, natural, economic and social sciences that are used in the practice and understanding of agriculture. Professionals of the agricultural science are called agricultural scientists or agriculturists.

History

In the 18th century, Johann Friedrich Mayer conducted experiments on the use of gypsum (hydrated calcium sulphate) as a fertilizer.

In 1843, John Bennet Lawes a",False,True,1.0,0.978192925453186,6.949901580810547e-05
hybrid,42,Alchemy,Which regions historically practiced alchemy according to the passage?,"China, India, the Muslim world, and Europe.","According to the passage, alchemy was historically practiced in several regions including:

1. **China**: Alchemy was closely connected to Taoism and Indian alchemy with the Dharmic faiths.
2. **India**: Similar connections existed between Indian alchemy and the Dharmic faiths.
3. **Muslim World**: Alchemy developed its philosophical system mostly independently but was influenced by various Western religions.
4. **Europe**: Alchemy flourished in Europe after the 12th-century translations of medieval Islamic works on science and the rediscovery of Aristotelian philosophy. This led to a flourishing tradition of Latin alchemy, which played a significant role in the development of early modern science, particularly chemistry and medicine.

These regions collectively contributed significantly to the historical development and evolution of alchemy",Alchemy | Alchemy | Alchemy,"Alchemy (from Arabic: al-kīmiyā; from Ancient Greek: χυμεία, khumeía) is an ancient branch of natural philosophy, a philosophical and protoscientific tradition that was historically practiced in China, India, the Muslim world, and Europe. In its Western form, alchemy is first attested in a number of pseudepigraphical texts written in Greco-Roman Egypt during the first few centuries AD.

Alchemists attempted to purify, mature, and perfect certain materials. Common aims were chrysopoeia, the trans",False,True,1.0,0.6975706219673157,0.019493937492370605
hybrid,43,Alchemy,What were common aims of alchemists mentioned in the passage?,"Chrysopoeia (transmuting base metals like lead into noble metals such as gold), creating an elixir of immortality, and creating panaceas able to cure any disease.","Common aims of alchemists mentioned in the passage included:

1. Transmuting base metals into noble metals (especially gold).
2. Creating an elixir of immortality.
3. Creating panaceas (cures for diseases).",Alchemy | Alchemy | Alchemy,"Literary alchemy appears throughout the history of English literature from Shakespeare to J. K. Rowling, and also the popular Japanese manga Fullmetal Alchemist. Here, characters or plot structure follow an alchemical magnum opus. In the 14th century, Chaucer began a trend of alchemical satire that can still be seen in recent fantasy works like those of the late Sir Terry Pratchett.

Visual artists had a similar relationship with alchemy. While some of them used alchemy as a source of satire, ot",False,True,0.5555555555555556,0.9760318398475647,0.010818421840667725
hybrid,44,Alien,Which 1979 film in the Alien franchise was directed by Ridley Scott?,Alien (film),"The 1979 film in the Alien franchise directed by Ridley Scott is called ""Alien"".",Alien | Alien | Alien,"Alien primarily refers to:
 Alien (law), a person in a country who is not a national of that country
 Enemy alien, the above in times of war
 Extraterrestrial life, life which does not originate from Earth
 Specifically, a lifeform with extraterrestrial intelligence
 For fictional extraterrestrial life, see Extraterrestrials in fiction
 Introduced species, a species not native to its environment

Alien(s), or The Alien(s) may also refer to:

Science and technology 
 AliEn (ALICE Environment), a ",False,True,1.0,0.9906564950942993,4.76837158203125e-07
hybrid,45,Alien,What is AliEn (ALICE Environment) described as in the passage?,a grid framework,A grid framework,Alien | Allegiance | Alien,"Alien primarily refers to:
 Alien (law), a person in a country who is not a national of that country
 Enemy alien, the above in times of war
 Extraterrestrial life, life which does not originate from Earth
 Specifically, a lifeform with extraterrestrial intelligence
 For fictional extraterrestrial life, see Extraterrestrials in fiction
 Introduced species, a species not native to its environment

Alien(s), or The Alien(s) may also refer to:

Science and technology 
 AliEn (ALICE Environment), a ",False,True,1.0,0.9960399866104126,0.663396418094635
hybrid,46,Astronomer,What are the two main types of astronomers described in the passage?,Observational and theoretical.,Observational and theoretical.,Astronomer | Amateur astronomy | Astronomer,"An astronomer is a scientist in the field of astronomy who focuses their studies on a specific question or field outside the scope of Earth. They observe astronomical objects such as stars, planets, moons, comets and galaxies – in either observational (by analyzing the data) or theoretical astronomy. Examples of topics or fields astronomers study include planetary science, solar astronomy, the origin or evolution of stars, or the formation of galaxies. A related but distinct subject is physical ",False,True,1.0,0.9816993474960327,0.045099616050720215
hybrid,47,Astronomer,"Which subject studies the Universe as a whole, according to the passage?",Physical cosmology.,Physical cosmology,Astronomer | Arthur Schopenhauer | Anaximander,"An astronomer is a scientist in the field of astronomy who focuses their studies on a specific question or field outside the scope of Earth. They observe astronomical objects such as stars, planets, moons, comets and galaxies – in either observational (by analyzing the data) or theoretical astronomy. Examples of topics or fields astronomers study include planetary science, solar astronomy, the origin or evolution of stars, or the formation of galaxies. A related but distinct subject is physical ",False,True,1.0,0.9752623438835144,0.9397476762533188
hybrid,48,ASCII,In what year was the first edition of the ASCII standard published?,1963,The first edition of the ASCII standard was published in 1963.,ASCII | ASCII | ASCII,"ASCII ( ), abbreviated from American Standard Code for Information Interchange, is a character encoding standard for electronic communication. ASCII codes represent text in computers, telecommunications equipment, and other devices. Because of technical limitations of computer systems at the time it was invented, ASCII has just 128 code points, of which only 95 are , which severely limited its scope. Modern computer systems have evolved to use Unicode, which has millions of code points, but the ",False,True,1.0,0.960527777671814,1.0132789611816406e-05
hybrid,49,ASCII,Which organization prefers the name US-ASCII for this character encoding?,The Internet Assigned Numbers Authority (IANA),The Internet Assigned Numbers Authority (IANA) prefers the name US-ASCII for this character encoding.,ASCII | ASCII | ASCII,"ASCII ( ), abbreviated from American Standard Code for Information Interchange, is a character encoding standard for electronic communication. ASCII codes represent text in computers, telecommunications equipment, and other devices. Because of technical limitations of computer systems at the time it was invented, ASCII has just 128 code points, of which only 95 are , which severely limited its scope. Modern computer systems have evolved to use Unicode, which has millions of code points, but the ",False,True,1.0,0.9630897641181946,0.0005804300308227539
hybrid,50,Animation,"In traditional animation, on what type of sheets are images drawn or painted by hand?",transparent celluloid sheets (cels),"In traditional animation, images are drawn or painted by hand on transparent celluloid sheets called cels.",Animation | Animation | Animation,"Animators, like all artists, necessarily have individual styles, but must subordinate their individuality in a consistent way to whatever style is employed on a particular film. Since the early 1980s, teams of about 500 to 600 people, of whom 50 to 70 are animators, typically have created feature-length animated films. It is relatively easy for two or three artists to match their styles; synchronizing those of dozens of artists is more difficult.

This problem is usually solved by having a separ",False,True,1.0,0.9914074540138245,0.0030693411827087402
hybrid,51,Animation,What does the abbreviation CGI stand for according to the passage?,computer-generated imagery,"The passage does not explicitly state what the abbreviation CGI stands for. It mentions CGI as an acronym for Computer Graphics Interchange, but does not provide additional details beyond that. Therefore, based solely on the given context, we cannot definitively determine what CGI stands for.",Abbreviation | Abbreviation | Abbreviation,"An abbreviation (from Latin , meaning short) is a shortened form of a word or phrase, by any method. It may consist of a group of letters or words taken from the full version of the word or phrase; for example, the word abbreviation itself can be abbreviated as abbr., abbrv., or abbrev.; NPO, for nil (or nothing) per (by) os (mouth) is an abbreviated medical instruction. It may also consist of initials only, a mixture of initials and words, or words or letters representing words in another langu",False,False,0.3333333333333333,0.15587037801742554,0.29330331087112427
hybrid,52,Apollo,Who are Apollo's parents according to the passage?,Zeus and Leto,Leto and Asteria,Apollo | Apollo | Apollo,"Chiron would later become a great teacher himself.

Asclepius in his childhood gained much knowledge pertaining to medicinal arts from his father. However, he was later entrusted to Chiron for further education.

Anius, Apollo's son by Rhoeo, was abandoned by his mother soon after his birth. Apollo brought him up and educated him in mantic arts. Anius later became the priest of Apollo and the king of Delos.

Iamus was the son of Apollo and Evadne. When Evadne went into labour, Apollo sent the Mo",False,True,0.5,0.9017051458358765,0.7460002303123474
hybrid,53,Apollo,What name is Apollo known by in Greek-influenced Etruscan mythology?,Apulu,"In Greek-influenced Etruscan mythology, Apollo is known as Apulu.",Apollo | Apollo | Apollo,"Apollo or Apollon is one of the  Olympian deities in classical Greek and Roman religion and Greek and Roman mythology. Apollo has been recognized as a god of archery, music and dance, truth and prophecy, healing and diseases, the Sun and light, poetry, and more. One of the most important and complex of the Greek gods, he is the son of Zeus and Leto, and the twin brother of Artemis, goddess of the hunt. He is considered to be the most beautiful god and is represented as the ideal of the kouros (e",False,True,1.0,0.9865054488182068,2.181529998779297e-05
hybrid,54,Andre Agassi,In what year did Andre Agassi first reach the world No. 1 ranking?,1995,1995,Andre Agassi | Andre Agassi | Andre Agassi,"Andre Kirk Agassi ( ; born April 29, 1970) is an American former world No. 1 tennis player. He is an eight-time major champion and an Olympic gold medalist, as well as a runner-up in seven other majors. Agassi is widely considered one of the greatest tennis players of all time.

Agassi is the second of five men to achieve the career Grand Slam in the Open Era and the fifth of eight overall to make the achievement. He is also the first of two men to achieve the career Golden Slam (career Grand Sl",False,True,1.0,0.48004794120788574,0.9974540523253381
hybrid,55,Andre Agassi,How many Masters titles did Andre Agassi win?,17,"According to the provided context, Andre Agassi won 17 Masters titles.",Andre Agassi | Andre Agassi | Andre Agassi,"At this time Agassi was also in a failing marriage with actress, model, and socialite Brooke Shields and had lost interest in the game. He won no top-level titles, and his ranking sank to No. 141 on November 10, 1997, prompting many to believe that his run as one of the sport's premier competitors was over and he would never again win any significant tournaments.

1998–2003: Return to glory and Career Super Slam

In 1998, Agassi began a rigorous conditioning program and worked his way back up th",False,True,1.0,0.9576877355575562,2.2530555725097656e-05
hybrid,56,Austroasiatic languages,How many Austroasiatic languages does Ethnologue identify?,168,Ethnologue identifies 168 Austroasiatic languages.,Austroasiatic languages | Austroasiatic languages | Austroasiatic languages,"The Austroasiatic languages   are a large language family spoken throughout mainland Southeast Asia, South Asia and East Asia. These languages are natively spoken by the majority of the population in Vietnam and Cambodia, and by minority populations scattered throughout parts of Thailand, Laos, India, Myanmar, Malaysia, Bangladesh, Nepal, and southern China. Approximately 117 million people speak an Austroasiatic language, of which more than two-thirds are Vietnamese speakers. Of the Austroasiat",False,True,1.0,0.9819676876068115,1.2874603271484375e-05
hybrid,57,Austroasiatic languages,"Which Austroasiatic languages are presently considered national languages of sovereign states, and in which countries are they official?",Vietnamese in Vietnam and Khmer in Cambodia,"Vietnamese and Khmer are presently considered national languages of sovereign states, with Vietnamese being the national language of Vietnam and Khmer being the national language of Cambodia.",Austroasiatic languages | Austroasiatic languages | Austroasiatic languages,"The Austroasiatic languages   are a large language family spoken throughout mainland Southeast Asia, South Asia and East Asia. These languages are natively spoken by the majority of the population in Vietnam and Cambodia, and by minority populations scattered throughout parts of Thailand, Laos, India, Myanmar, Malaysia, Bangladesh, Nepal, and southern China. Approximately 117 million people speak an Austroasiatic language, of which more than two-thirds are Vietnamese speakers. Of the Austroasiat",False,True,1.0,0.9865447878837585,0.0006095170974731445
hybrid,58,Afroasiatic languages,Approximately how many languages are included in the Afroasiatic language family?,about 400 languages,Approximately 400 languages are included in the Afroasiatic language family.,Afroasiatic languages | Afroasiatic languages | Afroasiatic languages,"The Afroasiatic languages (or Afro-Asiatic, sometimes Afrasian), also known as Hamito-Semitic or Semito-Hamitic, are a language family (or ""phylum"") of about 400 languages spoken predominantly in West Asia, North Africa, the Horn of Africa, and parts of the Sahara and Sahel. Over 500 million people are native speakers of an Afroasiatic language, constituting the fourth-largest language family after Indo-European, Sino-Tibetan, and Niger–Congo. Most linguists divide the family into six branches: ",False,True,0.6666666666666666,0.9930260181427002,0.0001366138458251953
hybrid,59,Afroasiatic languages,"Which Afroasiatic language has the greatest number of native speakers, and roughly how many does it have?","Arabic, with around 300 million native speakers","The Afroasiatic language with the greatest number of native speakers is Arabic, with approximately 300 million native speakers.",Afroasiatic languages | Afroasiatic languages | Afroasiatic languages,"The Afroasiatic languages (or Afro-Asiatic, sometimes Afrasian), also known as Hamito-Semitic or Semito-Hamitic, are a language family (or ""phylum"") of about 400 languages spoken predominantly in West Asia, North Africa, the Horn of Africa, and parts of the Sahara and Sahel. Over 500 million people are native speakers of an Afroasiatic language, constituting the fourth-largest language family after Indo-European, Sino-Tibetan, and Niger–Congo. Most linguists divide the family into six branches: ",False,True,0.8333333333333334,0.9468463659286499,6.449222564697266e-05
hybrid,60,Andorra,Who are the two co‑princes that currently head Andorra?,"the bishop of Urgell in Catalonia, Spain and the president of France","The two co-princes that currently head Andorra are:

- The Bishop of Urgell in Catalonia, Spain
- The President of France",Andorra | Andorra | Andorra,"In 1989 the Principality signed an agreement with the European Economic Community to regularize trade relations.

Its political system was modernized in 1993 after the Andorran constitutional referendum, when the constitution was drafted by the co-princes and the General Council and approved on 14 March by 74.2% of voters, with a 76% turnout. The first elections under the new constitution were held later in the year. The same year, Andorra became a member of the United Nations and the Council of",False,True,1.0,0.9611030220985413,0.0010649561882019043
hybrid,61,Andorra,What is the official language of Andorra?,Catalan,The official language of Andorra is Catalan.,Andorra | Andorra | Andorra,"Languages

According to mother tongue percentage statistics by the Andorran Government released in 2018:

The historic and official language is Catalan, a Romance language. The Andorran government encourages the use of Catalan. It funds a Commission for Catalan Toponymy in Andorra (Catalan: ), and provides free Catalan classes to assist immigrants. Andorran television and radio stations use Catalan.

Because of immigration, historical links, and close geographic proximity, Spanish, Portuguese an",False,True,1.0,0.9802013039588928,9.918212890625e-05
hybrid,62,Arithmetic mean,What is the arithmetic mean defined as in mathematics and statistics?,It is the sum of a collection of numbers divided by the count of numbers in the collection.,The arithmetic mean is defined as the sum of a collection of numbers divided by the count of numbers in the collection. It is also known as the mean or average.,Arithmetic mean | Arithmetic mean | Arithmetic mean,"In mathematics and statistics, the arithmetic mean ( ), arithmetic average, or just the mean or average (when the context is clear) is the sum of a collection of numbers divided by the count of numbers in the collection. The collection is often a set of results from an experiment, an observational study, or a survey. The term ""arithmetic mean"" is preferred in some mathematics and statistics contexts because it helps distinguish it from other types of means, such as geometric and harmonic.

In ad",False,True,1.0,0.9795851707458496,0.2522919178009033
hybrid,63,Arithmetic mean,"Why is the term ""arithmetic mean"" preferred in some mathematics and statistics contexts?","Because it helps distinguish it from other types of means, such as geometric and harmonic.","The term ""arithmetic mean"" is preferred in some mathematics and statistics contexts because it helps distinguish it from other types of means, such as geometric and harmonic, which might otherwise cause confusion.",Arithmetic mean | Arithmetic mean | Arithmetic mean,"In mathematics and statistics, the arithmetic mean ( ), arithmetic average, or just the mean or average (when the context is clear) is the sum of a collection of numbers divided by the count of numbers in the collection. The collection is often a set of results from an experiment, an observational study, or a survey. The term ""arithmetic mean"" is preferred in some mathematics and statistics contexts because it helps distinguish it from other types of means, such as geometric and harmonic.

In ad",False,True,1.0,0.6949424743652344,0.06114315986633301
hybrid,64,American Football Conference,How many teams are in each conference of the NFL?,Each conference contains 16 teams.,There are 16 teams in each conference of the NFL.,American Football Conference | American Football Conference | American Football Conference,"The American Football Conference (AFC) is one of the two conferences of the National Football League (NFL), the highest professional level of American football in the United States. The AFC and its counterpart, the National Football Conference (NFC), each contain 16 teams with 4 divisions. Both conferences were created as part of the 1970 merger between the National Football League, and the American Football League (AFL). All ten of the AFL teams, and three NFL teams, became members of the new A",False,True,0.8,0.9799219369888306,7.510185241699219e-05
hybrid,65,American Football Conference,Which team is the current AFC champion and which team did they defeat in the 2022 AFC Championship Game?,"The Kansas City Chiefs are the current AFC champions, and they defeated the Cincinnati Bengals.","The current AFC champion is the Kansas City Chiefs, who defeated the Cincinnati Bengals in the 2022 AFC Championship Game for their third conference championship.",American Football Conference | American Football Conference | American Football Conference,"The American Football Conference (AFC) is one of the two conferences of the National Football League (NFL), the highest professional level of American football in the United States. The AFC and its counterpart, the National Football Conference (NFC), each contain 16 teams with 4 divisions. Both conferences were created as part of the 1970 merger between the National Football League, and the American Football League (AFL). All ten of the AFL teams, and three NFL teams, became members of the new A",False,True,0.8,0.9813597202301025,1.704692840576172e-05
hybrid,66,Animal Farm,On what date was Animal Farm first published in England?,17 August 1945,Animal Farm was first published in England on 17 August 1945.,Animal Farm | Animal Farm | Animal Farm,"Animal Farm is a beast fable, in the form of a satirical allegorical novella, by George Orwell, first published in England on 17 August 1945. It tells the story of a group of anthropomorphic farm animals who rebel against their human farmer, hoping to create a society where the animals can be equal, free, and happy. Ultimately, the rebellion is betrayed and, under the dictatorship of a pig named Napoleon, the farm ends up in a state as bad as it was before.

According to Orwell, Animal Farm refl",False,True,1.0,0.9849498271942139,6.556510925292969e-06
hybrid,67,Animal Farm,What is the name of the pig who becomes the dictator after the rebellion?,Napoleon,Snowball,Animal Farm | List of Atlas Shrugged characters | Animal Farm,"His skull being put on revered public display recalls Lenin, whose embalmed body was left in indefinite repose. By the end of the book, the skull is reburied.
 Napoleon – ""A large, rather fierce-looking Berkshire boar, the only Berkshire on the farm, not much of a talker, but with a reputation for getting his own way"". An allegory of Joseph Stalin, Napoleon is the leader of Animal Farm.
 Snowball – Napoleon's rival and original head of the farm after Jones's overthrow. His life parallels that of",False,True,0.0,0.8085265755653381,0.9890342596918344
hybrid,68,Amphibian,How many living orders are in the subclass Lissamphibia?,"Three (Anura, Urodela, and Gymnophiona).","There are three living orders in the subclass Lissamphibia: Anura (frogs), Caudata (salamanders), and Gymnophiona (caecilians).",Amphibian | Alismatales | Amphibian,"The numbers of species cited above follows Frost and the total number of known (living) amphibian species as of March 31, 2019, is exactly 8,000, of which nearly 90% are frogs.

With the phylogenetic classification, the taxon Labyrinthodontia has been discarded as it is a polyparaphyletic group without unique defining features apart from shared primitive characteristics. Classification varies according to the preferred phylogeny of the author and whether they use a stem-based or a node-based cla",False,True,0.75,0.9182742834091187,0.0026061534881591797
hybrid,69,Amphibian,What secondary respiratory surface do some small terrestrial salamanders and frogs rely on entirely?,Their skin.,Some small terrestrial salamanders and frogs rely on cutaneous gas exchange entirely.,Amphibian | Anatomy | Amphibian,"Most amphibians swallow their prey whole without much chewing so they possess voluminous stomachs. The short oesophagus is lined with cilia that help to move the food to the stomach and mucus produced by glands in the mouth and pharynx eases its passage. The enzyme chitinase produced in the stomach helps digest the chitinous cuticle of arthropod prey.

Amphibians possess a pancreas, liver and gall bladder. The liver is usually large with two lobes. Its size is determined by its function as a gly",False,True,0.0,0.5524197220802307,6.604194641113281e-05
hybrid,70,Alaska,What was Alaska's population as of 2020?,"736,081","733,391",Alaska | Alaska | Alaska,"Owing to the low population density, most of the land is located in the Unorganized Borough. As the name implies, it has no intermediate borough government but is administered directly by the state government. In 2000, 57.71% of Alaska's area has this status, with 13.05% of the population.

Anchorage merged the city government with the Greater Anchorage Area Borough in 1975 to form the Municipality of Anchorage, containing the city proper and the communities of Eagle River, Chugiak, Peters Creek",False,True,0.0,0.6458384990692139,0.9900250788778067
hybrid,71,Alaska,What is the state capital of Alaska?,Juneau,The state capital of Alaska is Juneau.,Alaska | Alaska | Alaska,"Alaska ( ) is a non-contiguous U.S. state on the northwest extremity of North America. It borders British Columbia and Yukon in Canada to the east and it shares a western maritime border in the Bering Strait with Russia's Chukotka Autonomous Okrug. The Chukchi and Beaufort Seas of the Arctic Ocean lie to the north and the Pacific Ocean lies to the south. Technically a semi-exclave of the U.S., Alaska is the largest exclave in the world.

Alaska is the largest U.S. state by area, comprising more ",False,True,1.0,0.972657322883606,4.971027374267578e-05
hybrid,72,Agriculture,What proportion of the world's farmland is operated by the largest one percent of farms?,more than 70 percent,Over 70 percent of the world's farmland is operated by the largest one percent of farms.,Agriculture | Agriculture | Agriculture,"Agriculture encompasses crop and livestock production, aquaculture, fisheries and forestry for food and non-food products. Agriculture was the key development in the rise of sedentary human civilization, whereby farming of domesticated species created food surpluses that enabled people to live in cities. While humans started gathering grains at least 105,000 years ago, nascent farmers only began planting them around 11,500 years ago. Sheep, goats, pigs and cattle were domesticated around 10,000 ",False,True,0.5,0.9797847270965576,0.0009528994560241699
hybrid,73,Agriculture,Approximately how many years ago did nascent farmers begin planting grains?,"around 11,500 years ago","Nascent farmers began planting grains approximately 11,500 years ago.",Agriculture | Agriculture | Agriculture,"Environmental issues include contributions to climate change, depletion of aquifers, deforestation, antibiotic resistance, and other agricultural pollution. Agriculture is both a cause of and sensitive to environmental degradation, such as biodiversity loss, desertification, soil degradation, and climate change, all of which can cause decreases in crop yield. Genetically modified organisms are widely used, although some countries ban them.

Etymology and scope 

The word agriculture is a late Mi",False,True,0.8,0.9857228398323059,0.0006336569786071777
hybrid,74,Aldous Huxley,In which city did Aldous Huxley live from 1937 until his death?,Los Angeles,Los Angeles,Aldous Huxley | Aldous Huxley | Aldous Huxley,"Aldous Leonard Huxley ( ; 26 July 1894 – 22 November 1963) was an English writer and philosopher. His bibliography spans nearly 50 books, including novels and non-fiction works, as well as essays, narratives, and poems.

Born into the prominent Huxley family, he graduated from Balliol College, Oxford, with an undergraduate degree in English literature. Early in his career, he published short stories and poetry and edited the literary magazine Oxford Poetry, before going on to publish travel writ",False,True,1.0,0.7844004034996033,0.9404078088700771
hybrid,75,Aldous Huxley,How many times was Aldous Huxley nominated for the Nobel Prize in Literature?,nine times,Nine,Aldous Huxley | Aldous Huxley | Aldous Huxley,"Aldous Leonard Huxley ( ; 26 July 1894 – 22 November 1963) was an English writer and philosopher. His bibliography spans nearly 50 books, including novels and non-fiction works, as well as essays, narratives, and poems.

Born into the prominent Huxley family, he graduated from Balliol College, Oxford, with an undergraduate degree in English literature. Early in his career, he published short stories and poetry and edited the literary magazine Oxford Poetry, before going on to publish travel writ",False,True,0.5,0.31494665145874023,0.5898197293281555
hybrid,76,Ada,Which Ada is a town and municipality in Serbia?,"Ada, Serbia","Ada, Serbia, a town and municipality",Ada | Aalborg Municipality | Ada (programming language),"Ada may refer to:

Places

Africa
 Ada Foah, a town in Ghana
 Ada (Ghana parliament constituency)
 Ada, Osun, a town in Nigeria

Asia
 Ada, Urmia, a village in West Azerbaijan Province, Iran
 Ada, Karaman, a village in Karaman Province, Turkey

Europe
 Ada, Bosnia and Herzegovina, a village
 Ada, Croatia, a village
 Ada, Serbia, a town and municipality
 Ada Ciganlija or Ada, a river island artificially turned into a peninsula in Belgrade, Serbia

United States 
 Ada, Alabama, an unincorporated c",False,True,1.0,0.9948185086250305,0.31837916374206543
hybrid,77,Ada,Ada County is located in which U.S. state?,Idaho,Ada County is located in the U.S. state of Idaho.,Ada | Alabama | Alaska,"Ada may refer to:

Places

Africa
 Ada Foah, a town in Ghana
 Ada (Ghana parliament constituency)
 Ada, Osun, a town in Nigeria

Asia
 Ada, Urmia, a village in West Azerbaijan Province, Iran
 Ada, Karaman, a village in Karaman Province, Turkey

Europe
 Ada, Bosnia and Herzegovina, a village
 Ada, Croatia, a village
 Ada, Serbia, a town and municipality
 Ada Ciganlija or Ada, a river island artificially turned into a peninsula in Belgrade, Serbia

United States 
 Ada, Alabama, an unincorporated c",False,True,1.0,0.987438976764679,1.0967254638671875e-05
hybrid,78,Aberdeen (disambiguation),"In which African country is Aberdeen, Eastern Cape located?",South Africa,"Aberdeen, Eastern Cape, South Africa is located in South Africa.",Aberdeen (disambiguation) | Aberdeen (disambiguation) | Aberdeenshire,"Aberdeen may also refer to:

Places

Africa 
 Aberdeen, Sierra Leone
 Aberdeen, Eastern Cape, South Africa

Asia

Hong Kong 
 Aberdeen, Hong Kong, an area and town on southwest Hong Kong Island
 Aberdeen Channel, a channel between Ap Lei Chau (Aberdeen Island) and Nam Long Shan on the Hong Kong Island in Hong Kong
 Aberdeen Country Park, a country park in Hong Kong Island
 Aberdeen floating village, at Aberdeen Harbour, containing approximately 600 junks, which house an estimated 6,000 people
 A",False,True,1.0,0.9840616583824158,2.4437904357910156e-05
hybrid,79,Aberdeen (disambiguation),What is the estimated number of people living in the junks of Aberdeen floating village?,"approximately 6,000 people","6,000",Aberdeen (disambiguation) | Aberdeenshire | Aberdeenshire,"Aberdeen may also refer to:

Places

Africa 
 Aberdeen, Sierra Leone
 Aberdeen, Eastern Cape, South Africa

Asia

Hong Kong 
 Aberdeen, Hong Kong, an area and town on southwest Hong Kong Island
 Aberdeen Channel, a channel between Ap Lei Chau (Aberdeen Island) and Nam Long Shan on the Hong Kong Island in Hong Kong
 Aberdeen Country Park, a country park in Hong Kong Island
 Aberdeen floating village, at Aberdeen Harbour, containing approximately 600 junks, which house an estimated 6,000 people
 A",False,True,0.5,0.956824779510498,0.9890342596918344
hybrid,80,Algae,What term is used for algae that are carried by water?,Phytoplankton,"Plankton, specifically phytoplankton.",Algae | Algae | Algae,"Algae (, ; : alga ) is an informal term for a large and diverse group of photosynthetic, eukaryotic organisms. It is a polyphyletic grouping that includes species from multiple distinct clades. Included organisms range from unicellular microalgae, such as Chlorella, Prototheca and the diatoms, to multicellular forms, such as the giant kelp, a large brown alga which may grow up to  in length. Most are aquatic and lack many of the distinct cell and tissue types, such as stomata, xylem and phloem t",False,True,1.0,0.9847966432571411,0.015424609184265137
hybrid,81,Algae,Which algae have secondary chloroplasts derived from an endosymbiotic red alga?,Diatoms and brown algae,Diatoms and brown algae have secondary chloroplasts derived from an endosymbiotic red alga.,Algae | Algae | Algae,"Algae (, ; : alga ) is an informal term for a large and diverse group of photosynthetic, eukaryotic organisms. It is a polyphyletic grouping that includes species from multiple distinct clades. Included organisms range from unicellular microalgae, such as Chlorella, Prototheca and the diatoms, to multicellular forms, such as the giant kelp, a large brown alga which may grow up to  in length. Most are aquatic and lack many of the distinct cell and tissue types, such as stomata, xylem and phloem t",False,True,1.0,0.9903222918510437,0.0029121041297912598
hybrid,82,Analysis of variance,Who developed analysis of variance (ANOVA)?,Ronald Fisher,Ronald Fisher developed analysis of variance (ANOVA).,Analysis of variance | Analysis of variance | Analysis of variance,"Analysis of variance (ANOVA) is a collection of statistical models and their associated estimation procedures (such as the ""variation"" among and between groups) used to analyze the differences among means. ANOVA was developed by the statistician Ronald Fisher. ANOVA is based on the law of total variance, where the observed variance in a particular variable is partitioned into components attributable to different sources of variation. In its simplest form, ANOVA provides a statistical test of whe",False,True,1.0,0.9846404790878296,0.00025409460067749023
hybrid,83,Analysis of variance,On what law is ANOVA based?,the law of total variance,ANOVA is based on the law of total variance.,Analysis of variance | Analysis of variance | Analysis of variance,"Analysis of variance (ANOVA) is a collection of statistical models and their associated estimation procedures (such as the ""variation"" among and between groups) used to analyze the differences among means. ANOVA was developed by the statistician Ronald Fisher. ANOVA is based on the law of total variance, where the observed variance in a particular variable is partitioned into components attributable to different sources of variation. In its simplest form, ANOVA provides a statistical test of whe",False,True,1.0,0.9801178574562073,0.0006744861602783203
hybrid,84,Alkane,What type of carbon–carbon bonds are found in alkanes according to the passage?,All carbon–carbon bonds in alkanes are single bonds.,"According to the passage, the type of carbon-carbon bonds found in alkanes are single bonds.",Alkane | Alkane | Alkane,"Molecular geometry

The molecular structure of the alkanes directly affects their physical and chemical characteristics. It is derived from the electron configuration of carbon, which has four valence electrons. The carbon atoms in alkanes are described as sp3 hybrids; that is to say that, to a good approximation, the valence electrons are in orbitals directed towards the corners of a tetrahedron which are derived from the combination of the 2s orbital and the three 2p orbitals. Geometrically, t",False,True,0.8,0.9790713787078857,0.00018519163131713867
hybrid,85,Alkane,"According to the passage, what hybridization do carbon atoms have in an alkane?",Each carbon atom in an alkane is sp3‑hybridized.,Carbon atoms in alkanes are sp3-hybridized.,Alkane | Alkane | Alkane,"In organic chemistry, an alkane, or paraffin (a historical trivial name that also has other meanings), is an acyclic saturated hydrocarbon. In other words, an alkane consists of hydrogen and carbon atoms arranged in a tree structure in which all the carbon–carbon bonds are single. Alkanes have the general chemical formula . The alkanes range in complexity from the simplest case of methane (), where n = 1 (sometimes called the parent molecule), to arbitrarily large and complex molecules, like pen",False,True,0.5,0.9861590266227722,4.112720489501953e-05
hybrid,86,Appellate procedure in the United States,"According to the passage, what is the purpose of filing a petition for review in most appeals?",To overturn the lower court's decision.,"According to the passage, the purpose of filing a petition for review in most appeals is to overturn the lower court's decision.",Appellate procedure in the United States | Appellate procedure in the United States | Appellate procedure in the United States,"United States appellate procedure involves the rules and regulations for filing appeals in state courts and federal courts. The nature of an appeal can vary greatly depending on the type of case and the rules of the court in the jurisdiction where the case was prosecuted. There are many types of standard of review for appeals, such as de novo and abuse of discretion. However, most appeals begin when a party files a petition for review to a higher court for the purpose of overturning the lower co",False,True,1.0,0.9778237342834473,0.0004381537437438965
hybrid,87,Appellate procedure in the United States,What alternative names for appellate courts are mentioned in the passage?,"Appeals courts, courts of appeals, superior courts, or supreme courts.","The alternative names for appellate courts mentioned in the passage are:

1. Court of appeal(s)
2. Court of appeals
3. Court of second instance
4. Second instance court
5. Court of errors (or court of errors and appeals)

These terms refer to different ways of referring to appellate courts depending on the specific jurisdiction and legal tradition.",Appellate court | Appellate court | Appellate procedure in the United States,"However, appeals may be costly, and the appellate court must find an error on the part of the court below that justifies upsetting the verdict. Therefore, only a small proportion of trial court decisions result in appeals. Some appellate courts, particularly supreme courts, have the power of discretionary review, meaning that they can decide whether they will hear an appeal brought in a particular case.

Institutional titles 
Many U.S. jurisdictions title their appellate court a court of appeal ",False,True,0.5,0.7770889401435852,0.019794762134552002
hybrid,88,Appellate court,What alternative names for an appellate court are given in the passage?,"court of appeal(s), appeal court, court of second instance or second instance court","The alternative names for an appellate court mentioned in the passage are:

1. Court of appeal(s)
2. Court of appeals
3. Court of second instance
4. Second instance court
5. Court of errors (or court of errors and appeals)

These terms refer to different ways of referring to an appellate court depending on the specific jurisdiction and legal tradition.",Appellate court | Appellate court | Appellate procedure in the United States,"However, appeals may be costly, and the appellate court must find an error on the part of the court below that justifies upsetting the verdict. Therefore, only a small proportion of trial court decisions result in appeals. Some appellate courts, particularly supreme courts, have the power of discretionary review, meaning that they can decide whether they will hear an appeal brought in a particular case.

Institutional titles 
Many U.S. jurisdictions title their appellate court a court of appeal ",False,True,1.0,0.8009732961654663,0.021677374839782715
hybrid,89,Appellate court,"According to the passage, how does an appellate court review an issue of fact?",It generally looks for clear error and gives deference to the trial court's findings.,"According to the passage, an appellate court reviews an issue of fact by giving deference to the trial court's findings. Specifically, the text states:

""When reviewing an issue of fact, an appellate court ordinarily gives deference to the trial court's findings.""

Additionally, the passage mentions that the appellate court looks for ""clear error"" when reviewing factual findings. Clear error means that the appellate court considers the trial court's factual determinations to be incorrect if they lack sufficient support in the record or if they are clearly contrary to the weight of the evidence.",Appellate procedure in the United States | Appellate court | Appellate procedure in the United States,"In some cases, an appellate court may review a lower court decision ""de novo"" (or completely), challenging even the lower court's findings of fact.  This might be the proper standard of review, for example, if the lower court resolved the case by granting a pre-trial motion to dismiss or motion for summary judgment which is usually based only upon written submissions to the trial court and not on any trial testimony.

Another situation is where appeal is by way of ""re-hearing"". Certain jurisdict",False,True,0.9,0.03323320299386978,0.17845427989959717
hybrid,90,Arraignment,Who reads out the indictment during arraignment in Australia?,The clerk of the court reads out the indictment.,"During arraignment in Australia, the clerk of the court reads out the indictment.",Arraignment | Arraignment | Arraignment,"Arraignment is a formal reading of a criminal charging document in the presence of the defendant, to inform them of the charges against them. In response to arraignment, in some jurisdictions, the accused is expected to enter a plea; in other jurisdictions, no plea is required. Acceptable pleas vary among jurisdictions, but they generally include guilty, not guilty, and the peremptory pleas, or pleas in bar, setting out reasons why a trial cannot proceed. Pleas of nolo contendere ('no contest') ",False,True,1.0,0.9775993824005127,0.005301952362060547
hybrid,91,Arraignment,"In British Columbia, what pleas are the defendant asked to enter for each charge during arraignment?",The defendant is asked whether they plead guilty or not guilty.,"In British Columbia, the defendant is asked whether they plead guilty or not guilty to each charge during arraignment.",Arraignment | Arraignment | Arraignment,"Arraignment is a formal reading of a criminal charging document in the presence of the defendant, to inform them of the charges against them. In response to arraignment, in some jurisdictions, the accused is expected to enter a plea; in other jurisdictions, no plea is required. Acceptable pleas vary among jurisdictions, but they generally include guilty, not guilty, and the peremptory pleas, or pleas in bar, setting out reasons why a trial cannot proceed. Pleas of nolo contendere ('no contest') ",False,True,1.0,0.9684664011001587,0.032713115215301514
hybrid,92,America the Beautiful,"Who wrote the lyrics for ""America the Beautiful""?",Katharine Lee Bates,"Katharine Lee Bates wrote the lyrics for ""America the Beautiful.""",America the Beautiful | America the Beautiful | America the Beautiful,"""America the Beautiful"" is a patriotic American song. Its lyrics were written by Katharine Lee Bates and its music was composed by church organist and choirmaster Samuel A. Ward at Grace Episcopal Church in Newark, New Jersey. The two never met.

Bates wrote the words as a poem, originally entitled ""Pikes Peak"". It was first published in the Fourth of July 1895 edition of the church periodical, The Congregationalist. At that time, the poem was entitled ""America"".

Ward had initially composed the",False,True,1.0,0.9417230486869812,6.866455078125e-05
hybrid,93,America the Beautiful,"In what year was the combination of Ward's melody and Bates's poem first entitled ""America the Beautiful""?",1910,1910,America the Beautiful | America the Beautiful | America the Beautiful,"""America the Beautiful"" is a patriotic American song. Its lyrics were written by Katharine Lee Bates and its music was composed by church organist and choirmaster Samuel A. Ward at Grace Episcopal Church in Newark, New Jersey. The two never met.

Bates wrote the words as a poem, originally entitled ""Pikes Peak"". It was first published in the Fourth of July 1895 edition of the church periodical, The Congregationalist. At that time, the poem was entitled ""America"".

Ward had initially composed the",False,True,1.0,0.5491271615028381,0.9997005552868359
hybrid,94,Assistive technology,What activities are listed as examples of activities of daily living (ADLs) in the passage?,"toileting, mobility (ambulation), eating, bathing, dressing, grooming, and personal device care.","Feeding, toileting, dressing, grooming, and bathing.",Assistive technology | Assistive technology | Adventure,"; AOTA, 2014), occupations include areas related to all basic and instrumental activities of daily living (ADLs), rest and sleep, education, work, play, leisure and social participation. Occupational therapists have the specialized skill of employing assistive technology (AT) in the improvement and maintenance of optimal, functional participation in occupations. The application of AT enables an individual to adapt aspects of the environment, that may otherwise be challenging, to the user in orde",False,True,0.4,0.9742534756660461,0.39452165365219116
hybrid,95,Assistive technology,What assistive technology does the passage say students who have challenges writing or keyboarding can use?,voice recognition software.,Students who have challenges writing or keyboarding can use voice recognition software instead.,Assistive technology | Assistive technology | Assistive technology,"In 2004, during the reauthorization period for IDEA, the National Instructional Material Access Center (NIMAC) was created which provided a repository of accessible text including publisher's textbooks to students with a qualifying disability.  Files provided are in XML format and used as a starting platform for braille readers, screen readers, and other digital text software.  IDEA defines assistive technology as follows: ""any item, piece of equipment, or product system, whether acquired commer",False,True,1.0,0.9851373434066772,6.92605972290039e-05
hybrid,96,Abacus,What is another name for the abacus mentioned in the passage?,a counting frame,"An alternative name for the abacus mentioned in the passage is ""counting frame"".",Abacus | Abacus | Abacus,"Etymology
The word abacus dates to at least AD 1387 when a Middle English work borrowed the word from Latin that described a sandboard abacus. The Latin word is derived from ancient Greek  (abax) which means something without a base, and colloquially, any piece of rectangular material.  Alternatively, without reference to ancient texts on etymology, it has been suggested that it means ""a square tablet strewn with dust"", or ""drawing-board covered with dust (for the use of mathematics)"" (the exact",False,True,1.0,0.9739986062049866,0.0002148747444152832
hybrid,97,Abacus,"In Roman and East Asian abacuses, what does the top deck represent?",fives,"In Roman and East Asian abacuses, the top deck represents fives.",Abacus | Abacus | Abacus,"There are two beads on each rod in the upper deck and five beads each in the bottom one, to represent numbers in a bi-quinary coded decimal-like system. The beads are usually rounded and made of hardwood. The beads are counted by moving them up or down towards the beam; beads moved toward the beam are counted, while those moved away from it are not. One of the top beads is 5, while one of the bottom beads is 1. Each rod has a number under it, showing the place value. The suanpan can be reset to ",False,True,1.0,0.9649962186813354,4.7206878662109375e-05
hybrid,98,Acid,What are the two categories of acids described in the passage?,Brønsted–Lowry acids (proton donors) and Lewis acids (which form a covalent bond with an electron pair).,"The two categories of acids described in the passage are:

1. **Arrhenius Acids**: These are substances that increase the concentration of H+ ions in water upon dissolution. Common examples include hydrochloric acid (HCl) and nitric acid (HNO3).

2. **Lewis Acids**: These are species that accept a pair of electrons from another species, acting as electron pair acceptors. Boron trifluoride (BF3) is an example of a Lewis acid.",Acid | Acid | Acid,"Strong acids and some concentrated weak acids are corrosive, but there are exceptions such as carboranes and boric acid.

The second category of acids are Lewis acids, which form a covalent bond with an electron pair. An example is boron trifluoride (BF3), whose boron atom has a vacant orbital that can form a covalent bond by sharing a lone pair of electrons on an atom in a base, for example the nitrogen atom in ammonia (NH3). Lewis considered this as a generalization of the Brønsted definition,",False,True,0.3333333333333333,0.8613767623901367,0.005910992622375488
hybrid,99,Acid,"According to the passage, what pH value characterizes an aqueous solution of an acid?",A pH less than 7.,An aqueous solution of an acid has a pH less than 7.,Acid | Acid | Acid,"An acid is a molecule or ion capable of either donating a proton (i.e. hydrogen ion, H+), known as a Brønsted–Lowry acid, or forming a covalent bond with an electron pair, known as a Lewis acid.

The first category of acids are the proton donors, or Brønsted–Lowry acids. In the special case of aqueous solutions, proton donors form the hydronium ion H3O+ and are known as Arrhenius acids. Brønsted and Lowry generalized the Arrhenius theory to include non-aqueous solvents. A Brønsted or Arrhenius a",False,True,1.0,0.9709543585777283,0.0020229220390319824
hybrid,100,Bitumen,What is the largest natural deposit of bitumen in the world and how much is it estimated to contain?,"The Pitch Lake of southwest Trinidad, estimated to contain 10 million tons.","The largest natural deposit of bitumen in the world is the Pitch Lake of southwest Trinidad, which is estimated to contain approximately 10 million tons.",Bitumen | Bitumen | Bitumen,"These bituminous sands contain  of commercially established oil reserves, giving Canada the third largest oil reserves in the world. Although historically it was used without refining to pave roads, nearly all of the output is now used as raw material for oil refineries in Canada and the United States.

The world's largest deposit of natural bitumen, known as the Athabasca oil sands, is located in the McMurray Formation of Northern Alberta. This formation is from the early Cretaceous, and is com",False,True,1.0,0.9869996905326843,0.0016452670097351074
hybrid,101,Bitumen,What percentage of annual bitumen production is destined for road construction?,70%,70% of annual bitumen production is destined for road construction.,Bitumen | Bitumen | Bitumen,"The remaining 5% of bitumen is used mainly for sealing and insulating purposes in a variety of building materials, such as pipe coatings, carpet tile backing and paint. Bitumen is applied in the construction and maintenance of many structures, systems, and components, such as the following:

 Highways
 Airport runways
 Footways and pedestrian ways
 Car parks
 Racetracks
 Tennis courts
 Roofing
 Damp proofing
 Dams
 Reservoir and pool linings
 Soundproofing
 Pipe coatings
 Cable coatings
 Paints
",False,True,1.0,0.9873314499855042,0.00024062395095825195
hybrid,102,American National Standards Institute,Where are the headquarters of the American National Standards Institute (ANSI) located?,"Washington, D.C.","The headquarters of the American National Standards Institute (ANSI) are in Washington, D.C.",American National Standards Institute | American National Standards Institute | American National Standards Institute,"The American National Standards Institute (ANSI  ) is a private nonprofit organization that oversees the development of voluntary consensus standards for products, services, processes, systems, and personnel in the United States. The organization also coordinates U.S. standards with international standards so that American products can be used worldwide.

ANSI accredits standards that are developed by representatives of other standards organizations, government agencies, consumer groups, compani",False,True,1.0,0.9599426984786987,0.00028246641159057617
hybrid,103,American National Standards Institute,What sources fund the ANSI annual operating budget?,"The sale of publications, membership dues and fees, accreditation services, fee-based programs, and international standards programs.","The American National Standards Institute (ANSI) annually operates its budget through several funding sources including the sale of publications, membership dues and fees, accreditation services, fee-based programs, and international standards programs.",American National Standards Institute | American National Standards Institute | American National Standards Institute,"The American National Standards Institute (ANSI  ) is a private nonprofit organization that oversees the development of voluntary consensus standards for products, services, processes, systems, and personnel in the United States. The organization also coordinates U.S. standards with international standards so that American products can be used worldwide.

ANSI accredits standards that are developed by representatives of other standards organizations, government agencies, consumer groups, compani",False,True,1.0,0.9716443419456482,0.37473350763320923
hybrid,104,Apollo 11,When did the Apollo 11 Lunar Module Eagle land on the Moon?,"July 20, 1969, at 20:17 UTC.","July 20, 1969",Apollo 11 | Apollo 11 | Apollo 11,"Apollo 11 (July 16–24, 1969) was the American spaceflight that first landed humans on the Moon. Commander Neil Armstrong and Lunar Module Pilot Buzz Aldrin landed the Apollo Lunar Module Eagle on July 20, 1969, at 20:17 UTC, and Armstrong became the first person to step onto the Moon's surface six hours and 39 minutes later, on July 21 at 02:56 UTC. Aldrin joined him 19 minutes later, and they spent about two and a quarter hours together exploring the site they had named Tranquility Base upon la",False,True,0.6,0.9090599417686462,0.9989453757880256
hybrid,105,Apollo 11,How long were Armstrong and Aldrin on the Moon's surface before lifting off to rejoin Columbia?,"21 hours, 36 minutes.",Two and a half hours.,Apollo 11 | Apollo 11 | Apollo 11,"Apollo 11 (July 16–24, 1969) was the American spaceflight that first landed humans on the Moon. Commander Neil Armstrong and Lunar Module Pilot Buzz Aldrin landed the Apollo Lunar Module Eagle on July 20, 1969, at 20:17 UTC, and Armstrong became the first person to step onto the Moon's surface six hours and 39 minutes later, on July 21 at 02:56 UTC. Aldrin joined him 19 minutes later, and they spent about two and a quarter hours together exploring the site they had named Tranquility Base upon la",False,True,0.25,0.9330610632896423,0.0498197078704834
hybrid,106,Apollo 8,On what dates did Apollo 8 take place?,"December 21–27, 1968","Apollo 8 took place on December 21–27, 1968.",Apollo 11 | Apollo 8 | Apollo 8,"In October 1968, Apollo 7 evaluated the command module in Earth orbit, and in December Apollo 8 tested it in lunar orbit. In March 1969, Apollo 9 put the lunar module through its paces in Earth orbit, and in May Apollo 10 conducted a ""dress rehearsal"" in lunar orbit. By July 1969, all was in readiness for Apollo 11 to take the final step onto the Moon.

The Soviet Union appeared  to be winning the Space Race by beating the US to firsts, but its early lead was overtaken by the US Gemini program a",False,True,1.0,0.9851816296577454,9.572505950927734e-05
hybrid,107,Apollo 8,How many times did the Apollo 8 crew orbit the Moon?,ten times,The Apollo 8 crew orbited the Moon ten times.,Apollo 8 | Apollo 11 | Apollo 8,"Apollo 8 (December 21–27, 1968) was the first crewed spacecraft to leave low Earth orbit and the first human spaceflight to reach the Moon. The crew orbited the Moon ten times without landing, and then departed safely back to Earth. These three astronauts—Frank Borman, James Lovell, and William Anders—were the first humans to witness and photograph the far side of the Moon and an Earthrise.

Apollo 8 launched on December 21, 1968, and was the second crewed spaceflight mission flown in the United",False,True,1.0,0.9813631772994995,1.2516975402832031e-05
hybrid,108,Astronaut,What term is typically used for astronauts fielded by Russia or the Soviet Union?,cosmonauts,The term typically used for astronauts fielded by Russia or the Soviet Union is cosmonaut.,Astronaut | Apollo 8 | Astronaut,"An astronaut (from the Ancient Greek  (), meaning 'star', and  (), meaning 'sailor') is a person trained, equipped, and deployed by a human spaceflight program to serve as a commander or crew member aboard a spacecraft. Although generally reserved for professional space travelers, the term is sometimes applied to anyone who travels into space, including scientists, politicians, journalists, and tourists.

""Astronaut"" technically applies to all human space travelers regardless of nationality. How",False,True,0.0,0.9881325364112854,2.3603439331054688e-05
hybrid,109,Astronaut,How many astronauts have flown in space since 1961?,600 astronauts,600 astronauts have flown in space since 1961.,Astronaut | Astronaut | Apollo 8,"An astronaut (from the Ancient Greek  (), meaning 'star', and  (), meaning 'sailor') is a person trained, equipped, and deployed by a human spaceflight program to serve as a commander or crew member aboard a spacecraft. Although generally reserved for professional space travelers, the term is sometimes applied to anyone who travels into space, including scientists, politicians, journalists, and tourists.

""Astronaut"" technically applies to all human space travelers regardless of nationality. How",False,True,1.0,0.9779605269432068,1.800060272216797e-05
hybrid,110,A Modest Proposal,"In what year was ""A Modest Proposal"" written and published anonymously by Jonathan Swift?",1729.,"""A Modest Proposal"" was written and published anonymously by Jonathan Swift in 1729.",A Modest Proposal | A Modest Proposal | A Modest Proposal,"A Modest Proposal For preventing the Children of Poor People From being a Burthen to Their Parents or Country, and For making them Beneficial to the Publick, commonly referred to as A Modest Proposal, is a Juvenalian satirical essay written and published anonymously by Jonathan Swift in 1729.

The essay suggests that the impoverished Irish might ease their economic troubles by selling their children as food to rich gentlemen and ladies. This satirical hyperbole mocked heartless attitudes towards",False,True,1.0,0.9783570170402527,6.67572021484375e-06
hybrid,111,A Modest Proposal,"According to the passage, what does the phrase ""a modest proposal"" allude to in English writing?",It is now conventionally an allusion to this style of straight-faced satire.,"According to the passage, the phrase ""a modest proposal"" alludes to Jonathan Swift's satirical essay ""A Modest Proposal,"" which is considered one of the greatest examples of sustained irony in the history of the English language.",A Modest Proposal | A Modest Proposal | A Modest Proposal,"A Modest Proposal For preventing the Children of Poor People From being a Burthen to Their Parents or Country, and For making them Beneficial to the Publick, commonly referred to as A Modest Proposal, is a Juvenalian satirical essay written and published anonymously by Jonathan Swift in 1729.

The essay suggests that the impoverished Irish might ease their economic troubles by selling their children as food to rich gentlemen and ladies. This satirical hyperbole mocked heartless attitudes towards",False,True,0.0,0.9871972799301147,0.005312204360961914
hybrid,112,Alkali metal,Which chemical elements are listed as the alkali metals in the passage?,"Lithium (Li), sodium (Na), potassium (K), rubidium (Rb), caesium (Cs), and francium (Fr).","Lithium (Li), Sodium (Na), Potassium (K), Rubidium (Rb), Cesium (Cs), Francium (Fr)",Alkali metal | Alkali metal | Alkali metal,"The alkali metals consist of the chemical elements lithium (Li), sodium (Na), potassium (K), rubidium (Rb), caesium (Cs), and francium (Fr). Together with hydrogen they constitute group 1, which lies in the s-block of the periodic table. All alkali metals have their outermost electron in an s-orbital: this shared electron configuration results in their having very similar characteristic properties. Indeed, the alkali metals provide the best example of group trends in properties in the periodic t",False,True,0.9166666666666666,0.9585257172584534,0.6966810822486877
hybrid,113,Alkali metal,What is the charge on the cations formed when alkali metals lose their outermost electron?,+1,The charge on the cations formed when alkali metals lose their outermost electron is +1.,Alkali metal | Alkali metal | Alkali metal,"Because of the shielding effect, when an atom has more than one electron shell, each electron feels electric repulsion from the other electrons as well as electric attraction from the nucleus. In the alkali metals, the outermost electron only feels a net charge of +1, as some of the nuclear charge (which is equal to the atomic number) is cancelled by the inner electrons; the number of inner electrons of an alkali metal is always one less than the nuclear charge. Therefore, the only factor which ",False,True,1.0,0.9687734246253967,0.0019916892051696777
hybrid,114,Alphabet,Which script is identified in the passage as the first fully phonemic alphabet and the ancestor of most modern alphabets?,the Proto-Sinaitic script,The Proto-Sinaitic script is identified in the passage as the first fully phonemic alphabet and the ancestor of most modern alphabets.,Alphabet | Alphabet | Abjad,"An alphabet is a standardized set of basic written graphemes (called letters) representing phonemes, units of sounds that distinguish words, of certain spoken languages. Not all writing systems represent language in this way; in a syllabary, each character represents a syllable, and logographic systems use characters to represent words, morphemes, or other semantic units.

The Egyptians have created the first alphabet in a technical sense. The short uniliteral signs are used to write pronunciati",False,True,1.0,0.9755181074142456,0.0005274415016174316
hybrid,115,Alphabet,Name three modern alphabets that the passage says descended from the Phoenician alphabet.,"Arabic, Greek, Latin","Three modern alphabets that the passage says descended from the Phoenician alphabet are:

1. Arabic
2. Hebrew
3. Syriac",Abjad | Alphabet | Aramaic alphabet,"Also, it may be taken as suggesting that consonantal alphabets, in contrast to e.g. the Greek alphabet, were not yet true alphabets. Florian Coulmas, a critic of Daniels and of the abjad terminology, argues that this terminology can confuse alphabets with ""transcription systems"", and that there is no reason to relegate the Hebrew, Aramaic or Phoenician alphabets to second-class status as an ""incomplete alphabet"".
However, Daniels's terminology has found acceptance in the linguistic community.

O",False,True,0.3333333333333333,0.12690645456314087,0.00806206464767456
hybrid,116,Atomic number,What does the atomic number (symbol Z) equal for ordinary nuclei composed of protons and neutrons?,"It equals the proton number (np), the number of protons found in the nucleus of every atom of that element.",The atomic number (symbol Z) of an ordinary nucleus composed of protons and neutrons is equal to the proton number (np) or the number of protons found in the nucleus of every atom of that element.,Atomic number | Atomic number | Atom,"The atomic number or nuclear charge number (symbol Z) of a chemical element is the charge number of an atomic nucleus. For ordinary nuclei composed of protons and neutrons, this is equal to the proton number (np) or the number of protons found in the nucleus of every atom of that element. The atomic number can be used to uniquely identify ordinary chemical elements. In an ordinary uncharged atom, the atomic number is also equal to the number of electrons.

For an ordinary atom which contains pro",False,True,0.9,0.9867128133773804,0.004867494106292725
hybrid,117,Atomic number,"In an ordinary uncharged atom, what is the atomic number equal to?",It is also equal to the number of electrons.,"In an ordinary uncharged atom, the atomic number is equal to the number of protons found in the nucleus of every atom of that element.",Atomic number | Atom | Atom,"The atomic number or nuclear charge number (symbol Z) of a chemical element is the charge number of an atomic nucleus. For ordinary nuclei composed of protons and neutrons, this is equal to the proton number (np) or the number of protons found in the nucleus of every atom of that element. The atomic number can be used to uniquely identify ordinary chemical elements. In an ordinary uncharged atom, the atomic number is also equal to the number of electrons.

For an ordinary atom which contains pro",False,True,0.5,0.9757469892501831,0.010776758193969727
hybrid,118,Anatomy,Into what two parts is the discipline of anatomy divided?,macroscopic and microscopic parts.,The discipline of anatomy is divided into macroscopic and microscopic parts.,Anatomy | Anatomy | Anatomy,"Anatomy () is the branch of biology concerned with the study of the structure of organisms and their parts. Anatomy is a branch of natural science that deals with the structural organization of living things. It is an old science, having its beginnings in prehistoric times. Anatomy is inherently tied to developmental biology, embryology, comparative anatomy, evolutionary biology, and phylogeny, as these are the processes by which anatomy is generated, both over immediate and long-term timescales",False,True,1.0,0.986753523349762,0.0003420114517211914
hybrid,119,Anatomy,Which advanced imaging techniques have recently increased in use for visualizing the body's structures?,MRI and CT scans.,"Recent advancements in advanced imaging techniques include MRI (magnetic resonance imaging), CT scans (computed tomography), and ultrasound imaging. These methods have significantly enhanced our ability to visualize internal structures in the body, providing unprecedented detail compared to previous technologies like X-rays.",Anatomy | Anatomy | Amateur astronomy,"It was the advent of microscopy that opened up an understanding of the building blocks that constituted living tissues. Technical advances in the development of achromatic lenses increased the resolving power of the microscope and around 1839, Matthias Jakob Schleiden and Theodor Schwann identified that cells were the fundamental unit of organization of all living things. Study of small structures involved passing light through them and the microtome was invented to provide sufficiently thin sli",False,True,1.0,0.8338500261306763,0.25446265935897827
hybrid,120,Andrei Tarkovsky,When did Andrei Tarkovsky die?,29 December 1986,Andrei Tarkovsky died in 1986.,Andrei Tarkovsky | Andrei Tarkovsky | Andrei Tarkovsky,"He was also nominated for the Palme d'Or three times.
 In 1987, the BAFTA Award for Best Foreign Language Film of the British Academy of Film and Television Arts for The Sacrifice.

Under the influence of Glasnost and Perestroika, Tarkovsky was finally recognized in the Soviet Union in the Autumn of 1986, shortly before his death, by a retrospective of his films in Moscow. After his death, an entire issue of the film magazine Iskusstvo Kino was devoted to Tarkovsky. In their obituaries, the film",False,True,0.3333333333333333,0.954811692237854,2.1219253540039062e-05
hybrid,121,Andrei Tarkovsky,Which of Tarkovsky's films earned him the Golden Lion at the Venice Film Festival?,Ivan's Childhood,Ivan's Childhood earned Andrei Tarkovsky the Golden Lion at the Venice Film Festival.,Andrei Tarkovsky | Andrei Tarkovsky | Andrei Tarkovsky,"Andrei Arsenyevich Tarkovsky (; 4 April 1932 – 29 December 1986) was a Russian film director and screenwriter. Widely considered one of the greatest and most influential directors in cinema history, Tarkovsky's films explore spiritual and metaphysical themes, and are noted for their slow pacing and long takes, dreamlike visual imagery, and preoccupation with nature and memory.

Tarkovsky studied film at Moscow's VGIK under filmmaker Mikhail Romm, and subsequently directed his first five features",False,True,1.0,0.9606264233589172,2.491474151611328e-05
hybrid,122,Abel,Who killed Abel according to the passage?,Cain,Cain killed Abel out of jealousy.,Abel | Abel | Abel,"Abel is a Biblical figure in the Book of Genesis within Abrahamic religions. He was the younger brother of Cain, and the younger son of Adam and Eve, the first couple in Biblical history. He was a shepherd who offered his firstborn flock up to God as an offering. God accepted his offering but not his brother's. Cain then killed Abel out of jealousy. 

According to Genesis, this was the first murder in the history of mankind.

Life and death

Interpretations

Jewish and Christian interpretations
",False,True,1.0,0.9903196096420288,0.001026153564453125
hybrid,123,Abel,What was Abel's occupation?,He was a shepherd,Abel was a shepherd.,Abel | Abel | Abel,"Abel is a Biblical figure in the Book of Genesis within Abrahamic religions. He was the younger brother of Cain, and the younger son of Adam and Eve, the first couple in Biblical history. He was a shepherd who offered his firstborn flock up to God as an offering. God accepted his offering but not his brother's. Cain then killed Abel out of jealousy. 

According to Genesis, this was the first murder in the history of mankind.

Life and death

Interpretations

Jewish and Christian interpretations
",False,True,0.5,0.9947191476821899,9.465217590332031e-05
hybrid,124,Animal (disambiguation),What is the full title of the book listed under 'Books and publications'?,Animal: The Definitive Visual Guide to The World's WildLife,"The full title of the book listed under 'Books and publications' is ""Rebma"".",A. E. van Vogt | Amber Diceless Roleplaying Game | Abbreviation,"Although Van Vogt averaged a new book title every ten months from 1951 to 1961, none of them were entirely new content; they were all fix-ups, collections of previously published stories, expansions of previously published short stories to novel length, or republications of previous books under new titles and all based on story material written and originally published between 1939 and 1950. Examples include The Weapon Shops of Isher (1951), The Mixed Men (1952), The War Against the Rull (1959),",False,False,0.0,0.4852644205093384,6.258487701416016e-05
hybrid,125,Animal (disambiguation),Which American professional wrestler used the ring name 'Road Warrior Animal'?,Joseph Michael Laurinaitis,"Joseph Michael Laurinaitis, who was born in 1960 and died in 2020, used the ring name 'Road Warrior Animal'.",Animal (disambiguation) | August 22 | Animal (disambiguation),"An animal is a multicellular, eukaryotic organism of the kingdom Animalia or Metazoa.

Animal, Animals, or The Animal may also refer to:

People
 The Animal (nickname), a list of people nicknamed ""The Animal"" or ""Animal""
 Animal Hamaguchi, a ring name of Japanese retired professional wrestler Heigo Hamaguchi (born 1947)
 Road Warrior Animal or Animal, ring names of American professional wrestler Joseph Michael Laurinaitis (1960–2020)

Books and publications
 Animal (book), full title Animal: The",False,True,1.0,0.523369312286377,0.000506281852722168
hybrid,126,Aardwolf,What is the scientific name of the aardwolf?,Proteles cristatus,The scientific name of the aardwolf is Proteles cristatus.,Aardwolf | Aardwolf | Aardwolf,"The aardwolf (Proteles cristatus) is an insectivorous species of hyena, native to East and Southern Africa. Its name means ""earth-wolf"" in Afrikaans and Dutch. It is also called the maanhaar-jackal (Afrikaans for ""mane-jackal""), termite-eating hyena and civet hyena, based on its habit of secreting substances from its anal gland, a characteristic shared with the African civet.

Unlike many of its relatives in the order Carnivora, the aardwolf does not hunt large animals. It eats insects and their",False,True,1.0,0.9673646688461304,1.4901161193847656e-05
hybrid,127,Aardwolf,How many termites can an aardwolf lap up during a single night?,"as many as 300,000 termites","An aardwolf can consume up to 250,000 termites per night using its long, sticky tongue.",Aardwolf | Aardvark | Aardwolf,"They typically will only use one or two dens at a time, rotating through all of their dens every six months. During the summer, they may rest outside their den during the night and sleep underground during the heat of the day.

Aardwolves are not fast runners nor are they particularly adept at fighting off predators. Therefore, when threatened, the aardwolf may attempt to mislead its foe by doubling back on its tracks. If confronted, it may raise its mane in an attempt to appear more menacing. I",False,True,0.5,0.9806384444236755,0.03416478633880615
hybrid,128,Adobe,What two main components compose adobe as a building material?,Earth and organic materials.,Adobe as a building material is primarily composed of soil and organic materials.,Adobe | Adobe | Adobe,"Typically the soils of the Southwest United States, where such construction has been widely used, are an adequate composition.

Material properties

Adobe walls are load bearing, i.e. they carry their own weight into the foundation rather than by another structure, hence the adobe must have sufficient compressive strength. In the United States, most building codes call for a minimum compressive strength of 300 lbf/in2 (2.07 newton/mm2) for the adobe block. Adobe construction should be designed s",False,True,0.6666666666666666,0.7966251969337463,0.001466512680053711
hybrid,129,Adobe,To what time period has adobe architecture been dated?,"Before 5,100 B.C.","Adobe architecture has been dated to before 5,100 B.C.",Adobe | Adobe | Adobe,"Adobe ( ; ) is a building material made from earth and organic materials.  is Spanish for mudbrick. In some English-speaking regions of Spanish heritage, such as the Southwestern United States, the term is used to refer to any kind of earthen construction, or various architectural styles like Pueblo Revival or Territorial Revival. Most adobe buildings are similar in appearance to cob and rammed earth buildings. Adobe is among the earliest building materials, and is used throughout the world.

Ad",False,True,1.0,0.9801694750785828,0.008985459804534912
hybrid,130,Adventure,Which British adventurer is cited as using adventures to draw global sustainability lessons for schoolchildren?,Jason Lewis,Jason Lewis is cited as using adventures to draw global sustainability lessons for schoolchildren.,Adventure | Adventure | Alvin Toffler,"An adventure is an exciting experience or undertaking that is typically bold, sometimes risky. Adventures may be activities with danger such as traveling, exploring, skydiving, mountain climbing, scuba diving, river rafting, or other extreme sports. Adventures are often undertaken to create psychological arousal or in order to achieve a greater goal, such as the pursuit of knowledge that can only be obtained by such activities.

Motivation
Adventurous experiences create psychological arousal, wh",False,True,1.0,0.9889580011367798,4.6253204345703125e-05
hybrid,131,Adventure,"According to the passage, what does adventure education intentionally use challenging experiences for?",learning,"According to the passage, adventure education intentionally uses challenging experiences for learning.",Adventure | Adventure | Antisemitism,"An adventure is an exciting experience or undertaking that is typically bold, sometimes risky. Adventures may be activities with danger such as traveling, exploring, skydiving, mountain climbing, scuba diving, river rafting, or other extreme sports. Adventures are often undertaken to create psychological arousal or in order to achieve a greater goal, such as the pursuit of knowledge that can only be obtained by such activities.

Motivation
Adventurous experiences create psychological arousal, wh",False,True,1.0,0.9902344942092896,7.963180541992188e-05
hybrid,132,Asia,What is the land area of Asia in square kilometers?,more than 44 million square kilometers,The land area of Asia is more than 44 million square kilometers.,Asia | Area | Asia,"Asia ( ,  ) is the largest continent in the world by both land area and population. It covers an area of more than 44 million square kilometers, about 30% of Earth's total land area and 8% of Earth's total surface area. The continent, which has long been home to the majority of the human population, was the site of many of the first civilizations. Its 4.7 billion people constitute roughly 60% of the world's population, having more people than all other continents combined.

Asia shares the landm",False,True,1.0,0.9901755452156067,0.0022127628326416016
hybrid,133,Asia,What proportion of the world's population lives in Asia?,roughly 60%,60%,Asia | Asia | Asia,"Asia ( ,  ) is the largest continent in the world by both land area and population. It covers an area of more than 44 million square kilometers, about 30% of Earth's total land area and 8% of Earth's total surface area. The continent, which has long been home to the majority of the human population, was the site of many of the first civilizations. Its 4.7 billion people constitute roughly 60% of the world's population, having more people than all other continents combined.

Asia shares the landm",False,True,0.5,0.878109872341156,0.873808279633522
hybrid,134,Aruba,What is the capital of Aruba?,Oranjestad,Oranjestad,Aruba | Aruba | Aruba,"Aruba ( ,  or , ), officially the Country of Aruba (; ), is a constituent country of the Kingdom of the Netherlands physically located in the mid-south of the Caribbean Sea, about  north of the Venezuelan peninsula of Paraguaná  and  northwest of Curaçao. It measures  long from its northwestern to its southeastern end and  across at its widest point. Together with Bonaire and Curaçao, Aruba forms a group referred to as the ABC islands. Collectively, these and the other three Dutch substantial is",False,True,1.0,0.8249257206916809,0.977756330743432
hybrid,135,Aruba,In what year did Aruba become a constituent country within the Kingdom of the Netherlands?,1986,1986,Aruba | Aruba | Aruba,"Aruba ( ,  or , ), officially the Country of Aruba (; ), is a constituent country of the Kingdom of the Netherlands physically located in the mid-south of the Caribbean Sea, about  north of the Venezuelan peninsula of Paraguaná  and  northwest of Curaçao. It measures  long from its northwestern to its southeastern end and  across at its widest point. Together with Bonaire and Curaçao, Aruba forms a group referred to as the ABC islands. Collectively, these and the other three Dutch substantial is",False,True,1.0,0.8932522535324097,0.9980807625688612
hybrid,136,Articles of Confederation,On what date did the Articles of Confederation come into force?,"March 1, 1781","March 1, 1781",Articles of Confederation | Articles of Confederation | Articles of Confederation,"The Articles of Confederation and Perpetual Union was an agreement among the 13 states of the United States, formerly the Thirteen Colonies, that served as the nation's first frame of government. It was debated by the Second Continental Congress at Independence Hall in Philadelphia between July 1776 and November 1777, and finalized by the Congress on November 15, 1777. It came into force on March 1, 1781, after being ratified by all 13 colonial states. A guiding principle of the Articles was the",False,True,1.0,0.8839340806007385,0.9755536317825317
hybrid,137,Articles of Confederation,Which body debated the Articles of Confederation at Independence Hall in Philadelphia?,the Second Continental Congress,The Second Continental Congress debated the Articles of Confederation at Independence Hall in Philadelphia.,Articles of Confederation | Articles of Confederation | Articles of Confederation,"The Articles of Confederation and Perpetual Union was an agreement among the 13 states of the United States, formerly the Thirteen Colonies, that served as the nation's first frame of government. It was debated by the Second Continental Congress at Independence Hall in Philadelphia between July 1776 and November 1777, and finalized by the Congress on November 15, 1777. It came into force on March 1, 1781, after being ratified by all 13 colonial states. A guiding principle of the Articles was the",False,True,1.0,0.9753247499465942,4.1365623474121094e-05
hybrid,138,Atlantic Ocean,What percentage of Earth's surface does the Atlantic Ocean cover?,Approximately 17%.,Approximately 24% of Earth's surface is covered by the Atlantic Ocean.,Atlantic Ocean | Atlantic Ocean | Atlantic Ocean,"The Atlantic Ocean is the second-largest of the world's five oceans, with an area of about . It covers approximately 17% of Earth's surface and about 24% of its water surface area. It is known to separate the ""Old World"" of Africa, Europe, and Asia from the ""New World"" of the Americas in the European perception of the World.

Through its separation of Europe, Africa, and Asia from the Americas, the Atlantic Ocean has played a central role in the development of human society, globalization, and t",False,True,0.5,0.9669530987739563,0.0015337467193603516
hybrid,139,Atlantic Ocean,Which European powers are mentioned as colonizing the Americas after Columbus's expedition?,"Portugal, Spain, France, and the United Kingdom.","Portugal, Spain, France, and the United Kingdom are mentioned as colonizing the Americas after Columbus's expedition.",Atlantic Ocean | Atlantic Ocean | Aruba,"The Atlantic Ocean is the second-largest of the world's five oceans, with an area of about . It covers approximately 17% of Earth's surface and about 24% of its water surface area. It is known to separate the ""Old World"" of Africa, Europe, and Asia from the ""New World"" of the Americas in the European perception of the World.

Through its separation of Europe, Africa, and Asia from the Americas, the Atlantic Ocean has played a central role in the development of human society, globalization, and t",False,True,1.0,0.8792804479598999,0.00012195110321044922
hybrid,140,Arthur Schopenhauer,When was Arthur Schopenhauer born?,22 February 1788,Arthur Schopenhauer was born on 22 February 1788.,Arthur Schopenhauer | Arthur Schopenhauer | Arthur Schopenhauer,"Arthur Schopenhauer ( , ; 22 February 1788 – 21 September 1860) was a German philosopher. He is best known for his 1818 work The World as Will and Representation (expanded in 1844), which characterizes the phenomenal world as the manifestation of a blind and irrational noumenal will. Building on the transcendental idealism of Immanuel Kant (1724–1804), Schopenhauer developed an atheistic metaphysical and ethical system that rejected the contemporaneous ideas of German idealism. He was among the ",False,True,1.0,0.9678226709365845,1.239776611328125e-05
hybrid,141,Arthur Schopenhauer,What is the title of Schopenhauer's 1818 work?,The World as Will and Representation,The World as Will and Representation,Arthur Schopenhauer | Arthur Schopenhauer | Arthur Schopenhauer,"Schopenhauer was immediately impressed by the Upanishads (he called them ""the production of the highest human wisdom"", and believed that they contained superhuman concepts) and the Buddha, and put them on a par with Plato and Kant. He continued his studies by reading the Bhagavad Gita, an amateurish German journal Asiatisches Magazin and Asiatick Researches by the Asiatic Society. Schopenhauer held a profound respect for Indian philosophy; although he loved Hindu texts, he never revered a Buddhi",False,True,1.0,0.9200313687324524,0.6552808880805969
hybrid,142,Angola,What is the capital and most populous city of Angola?,Luanda,Luanda,Angola | Angola | Angola,"Angola ( ; ; , ), officially the Republic of Angola (), is a country on the west-central coast of Southern Africa. It is the second-largest Lusophone (Portuguese-speaking) country in both total area and population (behind Brazil in both cases), and is the seventh-largest country in Africa. It is bordered by Namibia to the south, the Democratic Republic of the Congo to the north, Zambia to the east, and the Atlantic Ocean to the west. Angola has an exclave province, the province of Cabinda, that ",False,True,1.0,0.831062912940979,0.9809308424592018
hybrid,143,Angola,In what year did Angola achieve independence?,1975,1975,Angola | Economy of Angola | Angola,"Angola ( ; ; , ), officially the Republic of Angola (), is a country on the west-central coast of Southern Africa. It is the second-largest Lusophone (Portuguese-speaking) country in both total area and population (behind Brazil in both cases), and is the seventh-largest country in Africa. It is bordered by Namibia to the south, the Democratic Republic of the Congo to the north, Zambia to the east, and the Atlantic Ocean to the west. Angola has an exclave province, the province of Cabinda, that ",False,True,1.0,0.5755205750465393,0.9947493588551879
hybrid,144,Demographics of Angola,"According to the 2014 census, what was Angola's total population?","25,789,024 inhabitants","According to the 2014 census, Angola's total population was 25,789,024 inhabitants.",Angola | Demographics of Angola | Angola,"Demographics

Angola has a population of 24,383,301 inhabitants according to the preliminary results of its 2014 census, the first one conducted or carried out since 15 December 1970. It is composed of Ovimbundu (language Umbundu) 37%, Ambundu (language Kimbundu) 23%, Bakongo 13%, and 32% other ethnic groups (including the Chokwe, the Ovambo, the Ganguela and the Xindonga) as well as about 2% mulattos (mixed European and African), 1.6% Chinese and 1% European. The Ambundu and Ovimbundu ethnic gr",False,True,1.0,0.9570196270942688,7.486343383789062e-05
hybrid,145,Demographics of Angola,"Which ethnic group represents the largest percentage of Angola's population, and what is that percentage?","The Ovimbundu, representing 37% of the population","The Ovimbundu ethnic group represents the largest percentage of Angola's population, at 37%.",Angola | Demographics of Angola | Demographics of Angola,"Demographics

Angola has a population of 24,383,301 inhabitants according to the preliminary results of its 2014 census, the first one conducted or carried out since 15 December 1970. It is composed of Ovimbundu (language Umbundu) 37%, Ambundu (language Kimbundu) 23%, Bakongo 13%, and 32% other ethnic groups (including the Chokwe, the Ovambo, the Ganguela and the Xindonga) as well as about 2% mulattos (mixed European and African), 1.6% Chinese and 1% European. The Ambundu and Ovimbundu ethnic gr",False,True,0.75,0.6555593013763428,0.00011599063873291016
hybrid,146,Politics of Angola,How many parliamentarians are elected to Angola's National Assembly?,220,220,Politics of Angola | Politics of Angola | Angola,"José Eduardo dos Santos stepped down as President of Angola after 38 years in 2017, being peacefully succeeded by João Lourenço, Santos' chosen successor.

Legislative branch
The National Assembly (Assembleia Nacional) has 223 members, elected for a four-year term, 130 members by proportional representation, 90 members in provincial districts, and 3 members to represent Angolans abroad. The general elections in 1997 were rescheduled for 5 September 2008. The ruling party MPLA won 82% (191 seats ",False,True,1.0,0.7267591953277588,0.9883352806791663
hybrid,147,Politics of Angola,Which two highest bodies of the judiciary have the majority of their members appointed by the President together with the parliament?,the Constitutional Court and the Supreme Court,"Based on the provided context, the two highest bodies of the judiciary in Angola are:

1. The Constitutional Court
2. The Supreme Court

These two bodies are mentioned specifically as having their members appointed by the President together with the parliament.",Politics of Angola | Azerbaijan | Politics of Angola,"José Eduardo dos Santos stepped down as President of Angola after 38 years in 2017, being peacefully succeeded by João Lourenço, Santos' chosen successor.

Legislative branch
The National Assembly (Assembleia Nacional) has 223 members, elected for a four-year term, 130 members by proportional representation, 90 members in provincial districts, and 3 members to represent Angolans abroad. The general elections in 1997 were rescheduled for 5 September 2008. The ruling party MPLA won 82% (191 seats ",False,True,1.0,0.8183104991912842,0.04836106300354004
hybrid,148,Economy of Angola,What was Angola's reported annual average GDP growth from 2001 to 2010?,11.1 percent,"According to the provided information, Angola's economy had an average GDP growth of 11.1% between 2001 and 2010.",Angola | Economy of Angola | Angola,"Since independence, oil and diamonds have been the most important economic resource. Smallholder and plantation agriculture dramatically dropped in the Angolan Civil War, but began to recover after 2002.

Angola's economy has in recent years moved on from the disarray caused by a quarter-century of Angolan civil war to become the fastest-growing economy in Africa and one of the fastest-growing in the world, with an average GDP growth of 20% between 2005 and 2007. In the period 2001–10, Angola ha",False,True,0.6666666666666666,0.802632212638855,0.00330507755279541
hybrid,149,Economy of Angola,"In 2017, what percentage of Angola's government revenue was accounted for by the oil sector?",64 percent,"In 2017, the oil sector accounted for 90% of Angola's government revenue.",Economy of Angola | Economy of Angola | Angola,"In January 2007 Angola became a member of OPEC. Under the Lourenço since 2017, the country has made efforts to incentive investments and reverse declining production, resulting in fresh investments made by international oil companies.

Chevron Corporation, TotalEnergies., ExxonMobil, Eni, and BP all operate in the country and represent a vast majority of daily production.

Block 17, operated by TotalEnergies, is Angola's biggest producing asset and is known as the Golden Block. The French major ",False,True,0.0,0.6358073353767395,6.330013275146484e-05
hybrid,150,Angolan Armed Forces,Who has been the Chief of the General Staff of the Angolan Armed Forces since 2018?,António Egídio de Sousa Santos,António Egídio de Sousa Santos has been the Chief of the General Staff of the Angolan Armed Forces since 2018.,Angolan Armed Forces | Angolan Armed Forces | Angola,"The Angolan Armed Forces () or FAA is the military of Angola. The FAA consist of the Angolan Army (), the Angolan Navy () and the National Air Force of Angola (). Reported total manpower in 2021 was about 107,000.  The FAA is headed by the Chief of the General Staff António Egídio de Sousa Santos since 2018, who reports to the minister of National Defense, currently João Ernesto dos Santos.

History

Roots 
The FAA succeeded to the previous People's Armed Forces for the Liberation of Angola (FAP",False,True,1.0,0.9651244878768921,0.0002835392951965332
hybrid,151,Angolan Armed Forces,On what date were the Angolan Armed Forces created?,9 October 1991,The Angolan Armed Forces were created on 9 October 1991.,Angolan Armed Forces | Angolan Armed Forces | Angola,"The Angolan Armed Forces () or FAA is the military of Angola. The FAA consist of the Angolan Army (), the Angolan Navy () and the National Air Force of Angola (). Reported total manpower in 2021 was about 107,000.  The FAA is headed by the Chief of the General Staff António Egídio de Sousa Santos since 2018, who reports to the minister of National Defense, currently João Ernesto dos Santos.

History

Roots 
The FAA succeeded to the previous People's Armed Forces for the Liberation of Angola (FAP",False,True,1.0,0.9745817184448242,2.7060508728027344e-05
hybrid,152,Albert Sidney Johnston,In which three armies did Albert Sidney Johnston serve as a general?,"the Texian Army, the United States Army, and the Confederate States Army.","The text states that Albert Sidney Johnston served as a general in three different armies:

1. The Texian Army
2. The United States Army
3. The Confederate States Army",Albert Sidney Johnston | Albert Sidney Johnston | Albert Sidney Johnston,"Albert Sidney Johnston (February 2, 1803 – April 6, 1862) served as a general in three different armies: the Texian Army, the United States Army, and the Confederate States Army. He saw extensive combat during his 34-year military career, fighting actions in the Black Hawk War, the Texas-Indian Wars, the Mexican–American War, the Utah War, and the American Civil War.

Considered by Confederate States President Jefferson Davis to be the finest general officer in the Confederacy before the later e",False,True,1.0,0.9540063142776489,0.06626647710800171
hybrid,153,Albert Sidney Johnston,On what date was Albert Sidney Johnston killed at the Battle of Shiloh?,"April 6, 1862.","April 6, 1862",Albert Sidney Johnston | Albert Sidney Johnston | Albert Sidney Johnston,"Albert Sidney Johnston (February 2, 1803 – April 6, 1862) served as a general in three different armies: the Texian Army, the United States Army, and the Confederate States Army. He saw extensive combat during his 34-year military career, fighting actions in the Black Hawk War, the Texas-Indian Wars, the Mexican–American War, the Utah War, and the American Civil War.

Considered by Confederate States President Jefferson Davis to be the finest general officer in the Confederacy before the later e",False,True,1.0,0.8446568250656128,0.9983896425692365
hybrid,154,Android (robot),"In which publication does the Oxford English Dictionary trace the earliest use of the term ""androides""?",Ephraim Chambers' 1728 Cyclopaedia,"The Oxford English Dictionary traces the earliest use of the term ""androides"" in Ephraim Chambers' 1728 Cyclopaedia.",Android (robot) | Arabic | A,"An android is a humanoid robot or other artificial being often made from a flesh-like material. Historically, androids were completely within the domain of science fiction and frequently seen in film and television, but advances in robot technology now allow the design of functional and realistic humanoid robots.

Terminology

The Oxford English Dictionary traces the earliest use (as ""Androides"") to Ephraim Chambers' 1728 Cyclopaedia, in reference to an automaton that St. Albertus Magnus alleged",False,True,1.0,0.9665919542312622,5.3882598876953125e-05
hybrid,155,Android (robot),"In what year did the term ""android"" appear in US patents referring to miniature human-like toy automatons?",1863,"The term ""android"" appeared in US patents referring to miniature human-like toy automatons in 1863.",Android (robot) | Android (robot) | Android (robot),"An android is a humanoid robot or other artificial being often made from a flesh-like material. Historically, androids were completely within the domain of science fiction and frequently seen in film and television, but advances in robot technology now allow the design of functional and realistic humanoid robots.

Terminology

The Oxford English Dictionary traces the earliest use (as ""Androides"") to Ephraim Chambers' 1728 Cyclopaedia, in reference to an automaton that St. Albertus Magnus alleged",False,True,1.0,0.9641962647438049,3.790855407714844e-05
hybrid,156,Alberta,What is the capital of Alberta?,Edmonton,The capital of Alberta is Edmonton.,Alberta | Alberta | Alberta,"Alberta ( ) is one of the thirteen provinces and territories of Canada. It is a part of Western Canada and is one of the three prairie provinces. Alberta is bordered by British Columbia to the west, Saskatchewan to the east, the Northwest Territories to the north, and the U.S. state of Montana to the south. It is one of the only two landlocked provinces in Canada, with Saskatchewan being the other. The eastern part of the province is occupied by the Great Plains, while the western part borders t",False,True,1.0,0.9847583770751953,0.0001055002212524414
hybrid,157,Alberta,Which U.S. state borders Alberta to the south?,Montana,Montana,Alberta | Alberta | Alberta,"Alberta's southern border is the 49th parallel north, which separates it from the U.S. state of Montana. The 60th parallel north divides Alberta from the Northwest Territories. The 110th meridian west separates it from the province of Saskatchewan; while on the west its boundary with British Columbia follows the 120th meridian west south from the Northwest Territories at 60°N until it reaches the Continental Divide at the Rocky Mountains, and from that point follows the line of peaks marking the",False,True,1.0,0.5237841010093689,0.9921080153435469
hybrid,158,List of anthropologists,Which anthropologist is listed under the letter B and has the name Franz Boas?,Franz Boas,Franz Boas,Anthropology | Anthropology | Anthropology,"Lewis 2004).
 That ethnographic work is often ahistorical, writing about people as if they were ""out of time"" in an ""ethnographic present"" (Johannes Fabian, Time and Its Other).
 In his article ""The Misrepresentation of Anthropology and Its Consequence"", Herbert S. Lewis critiqued older anthropological works that presented other cultures as if they were strange and unusual. While the findings of those researchers should not be discarded, the field should learn from its mistakes.

Cultural relati",False,False,1.0,0.9101141691207886,0.9885362032800913
hybrid,159,List of anthropologists,Who is the anthropologist listed under the letter D with the first name Wade?,Wade Davis,The anthropologist listed under the letter D with the first name Wade is David W. Whitten.,Aardvark | Anthropology | Asteroid,"The aardvark ( ; Orycteropus afer) is a medium-sized, burrowing, nocturnal mammal native to Africa. It is the only living species of the order Tubulidentata, although other prehistoric species and genera of Tubulidentata are known. Unlike most other insectivores, it has a long snout, similar to that of a pig, which is used to sniff out food.

The aardvark is found over much of the southern two-thirds of the African continent, avoiding areas that are mainly rocky. A nocturnal feeder, it subsists ",False,False,0.5,0.011844093911349773,6.198883056640625e-06
hybrid,160,Actinopterygii,What class is the sister class to Actinopterygii?,Sarcopterygii (lobe-finned fish),Sarcopterygii,Actinopterygii | Actinopterygii | Amphibian,"The latter include mostly terrestrial species but also groups that became secondarily aquatic (e.g. Whales and Dolphins). Tetrapods evolved from a group of bony fish during the Devonian period. Approximate divergence dates for the different actinopterygian clades (in millions of years, mya) are from Near et al., 2012.

The polypterids (bichirs and reedfish) are the sister lineage of all other actinopterygians, the Acipenseriformes (sturgeons and paddlefishes) are the sister lineage of Neopterygi",False,True,0.25,0.6191120147705078,0.9988027887884527
hybrid,161,Actinopterygii,Approximately what percentage of actinopterygian species are teleosts?,~99%,Approximately 99% of actinopterygian species are teleosts.,Actinopterygii | Actinopterygii | Actinopterygii,"The latter include mostly terrestrial species but also groups that became secondarily aquatic (e.g. Whales and Dolphins). Tetrapods evolved from a group of bony fish during the Devonian period. Approximate divergence dates for the different actinopterygian clades (in millions of years, mya) are from Near et al., 2012.

The polypterids (bichirs and reedfish) are the sister lineage of all other actinopterygians, the Acipenseriformes (sturgeons and paddlefishes) are the sister lineage of Neopterygi",False,True,1.0,0.9845936298370361,3.9458274841308594e-05
hybrid,162,Albert Einstein,When was Albert Einstein born?,14 March 1879,Albert Einstein was born on 14 March 1879.,Albert Einstein | Albert Einstein | Albert Einstein,"Secondly, he attempted to devise a unified field theory by generalizing his geometric theory of gravitation to include electromagnetism too. As a result, he became increasingly isolated from the mainstream of modern physics.

Born in the German Empire, Einstein moved to Switzerland in 1895, forsaking his German citizenship (as a subject of the Kingdom of Württemberg) the following year. In 1897, at the age of seventeen, he enrolled in the mathematics and physics teaching diploma program at the S",False,True,1.0,0.9804154634475708,6.210803985595703e-05
hybrid,163,Albert Einstein,For what discovery did Einstein receive the 1921 Nobel Prize in Physics?,for his discovery of the law of the photoelectric effect,"For his discovery of the law of the photoelectric effect, Einstein received the 1921 Nobel Prize in Physics.",Albert Einstein | Albert Einstein | Albert Einstein,"Albert Einstein ( ; ; 14 March 1879 – 18 April 1955) was a German-born theoretical physicist who is widely held to be one of the greatest and most influential scientists of all time. Best known for developing the theory of relativity, Einstein also made important contributions to quantum mechanics, and was thus a central figure in the revolutionary reshaping of the scientific understanding of nature that modern physics accomplished in the first decades of the twentieth century. His mass–energy e",False,True,1.0,0.9872855544090271,0.00042551755905151367
hybrid,164,Afghanistan,What is the capital and largest city of Afghanistan?,Kabul,The capital and largest city of Afghanistan is Kabul.,Afghanistan | Afghanistan | Afghanistan,"Afghanistan, officially the Islamic Emirate of Afghanistan, is a landlocked country located at the crossroads of Central Asia and South Asia. Referred to as the Heart of Asia, it is bordered by Pakistan to the east and south, Iran to the west, Turkmenistan to the northwest, Uzbekistan to the north, Tajikistan to the northeast, and China to the northeast and east. Occupying  of land, the country is predominantly mountainous with plains in the north and the southwest, which are separated by the Hi",False,True,1.0,0.9860710501670837,0.00014483928680419922
hybrid,165,Afghanistan,"According to the World Population review, what is Afghanistan's population?",40.2 million,"According to the World Population review, Afghanistan's population is 40.2 million.",Afghanistan | Afghanistan | Afghanistan,"Afghanistan, officially the Islamic Emirate of Afghanistan, is a landlocked country located at the crossroads of Central Asia and South Asia. Referred to as the Heart of Asia, it is bordered by Pakistan to the east and south, Iran to the west, Turkmenistan to the northwest, Uzbekistan to the north, Tajikistan to the northeast, and China to the northeast and east. Occupying  of land, the country is predominantly mountainous with plains in the north and the southwest, which are separated by the Hi",False,True,1.0,0.9680168032646179,5.245208740234375e-05
hybrid,166,Albania,Which countries share land borders with Albania?,"Montenegro, Kosovo, North Macedonia, and Greece.","Montenegro to the northwest, Kosovo to the northeast, North Macedonia to the east and Greece to the south.",Albania | Albania | Albania,"Albania ( ;  or ), officially the Republic of Albania (), is a country in Southeast Europe. The country is located in the Balkans on the Adriatic and Ionian Seas within the Mediterranean Sea and shares land borders with Montenegro to the northwest, Kosovo to the northeast, North Macedonia to the east and Greece to the south. Spanning an area of , it displays a varied range of climatic, geological, hydrological and morphological conditions. The country's landscapes range from rugged snow-capped m",False,True,1.0,0.9680593609809875,0.5018463134765625
hybrid,167,Albania,What is the capital and largest city of Albania?,Tirana.,The capital and largest city of Albania is Tirana.,Albania | Albania | Albania,"Albania ( ;  or ), officially the Republic of Albania (), is a country in Southeast Europe. The country is located in the Balkans on the Adriatic and Ionian Seas within the Mediterranean Sea and shares land borders with Montenegro to the northwest, Kosovo to the northeast, North Macedonia to the east and Greece to the south. Spanning an area of , it displays a varied range of climatic, geological, hydrological and morphological conditions. The country's landscapes range from rugged snow-capped m",False,True,1.0,0.9844083189964294,1.7523765563964844e-05
hybrid,168,Allah,"According to the passage, from which Arabic phrase is the word “Allah” thought to be derived, and what does that phrase mean?","It is thought to be derived by contraction from al‑ilāh, which means “the god.”","According to the passage, the word ""Allah"" is thought to be derived from the Arabic phrase ""al-ilāh,"" which means ""the god.""",Allah | Allah | Allah,"Allah (; , , ) is the common Arabic word for God. In the English language, the word generally refers to God in Islam. The word is thought to be derived by contraction from al-ilāh, which means ""the god"", and is linguistically related to the Aramaic words Elah and Syriac  (ʼAlāhā) and the Hebrew word El (Elohim) for God.

The word Allah has been used by Arabic people of different religions since pre-Islamic times. The pre-Islamic Arabs worshipped a supreme deity whom they called Allah, alongside ",False,True,0.875,0.9719056487083435,0.0023781657218933105
hybrid,169,Allah,Name three non‑Muslim religious communities mentioned in the passage that use the term “Allah” to refer to God.,"Judaeo‑Arabic‑speaking Jews, Arab Christians, and Bábists.","Based on the provided context, three non-Muslim religious communities that use the term ""Allah"" to refer to God include:

1. Bábists
2. Baháʼís
3. Mandaeans",Allah | Allah | Allah,"Allah (; , , ) is the common Arabic word for God. In the English language, the word generally refers to God in Islam. The word is thought to be derived by contraction from al-ilāh, which means ""the god"", and is linguistically related to the Aramaic words Elah and Syriac  (ʼAlāhā) and the Hebrew word El (Elohim) for God.

The word Allah has been used by Arabic people of different religions since pre-Islamic times. The pre-Islamic Arabs worshipped a supreme deity whom they called Allah, alongside ",False,True,0.25,0.2584463059902191,0.12727248668670654
hybrid,170,Azerbaijan,What is the capital and largest city of Azerbaijan?,Baku,Baku is the capital and largest city of Azerbaijan.,Azerbaijan | Geography of Azerbaijan | Ankara,"Azerbaijan (, ; , ), officially the Republic of Azerbaijan, is a transcontinental country located at the boundary of Eastern Europe and West Asia. It is a part of the South Caucasus region and is bounded by the Caspian Sea to the east, Russia (Republic of Dagestan) to the north, Georgia to the northwest, Armenia and Turkey to the west, and Iran to the south. Baku is the capital and largest city.

The Azerbaijan Democratic Republic proclaimed its independence from the Transcaucasian Democratic Fe",False,True,1.0,0.9760605692863464,1.2278556823730469e-05
hybrid,171,Azerbaijan,On what date did the modern Republic of Azerbaijan proclaim its independence?,30 August 1991,"On 30 August 1991, the modern Republic of Azerbaijan proclaimed its independence.",Azerbaijan | Azerbaijan | Azerbaijan,"Azerbaijan (, ; , ), officially the Republic of Azerbaijan, is a transcontinental country located at the boundary of Eastern Europe and West Asia. It is a part of the South Caucasus region and is bounded by the Caspian Sea to the east, Russia (Republic of Dagestan) to the north, Georgia to the northwest, Armenia and Turkey to the west, and Iran to the south. Baku is the capital and largest city.

The Azerbaijan Democratic Republic proclaimed its independence from the Transcaucasian Democratic Fe",False,True,1.0,0.9793065786361694,0.0001404285430908203
hybrid,172,Amateur astronomy,What types of celestial objects or events do amateur astronomers monitor as part of citizen science?,"Variable stars, double stars, sunspots, and occultations of stars by the Moon or asteroids.","Amateur astronomers monitor several types of celestial objects and events as part of citizen science, including:

- Monitoring variable stars
- Observing double stars
- Tracking sunspots
- Measuring the light spectrum emitted from astronomical objects

Additionally, they participate in activities such as:

- Discovering transient astronomical events like comets, galactic novae, or supernovae in other galaxies.
- Participating in asteroid tracking efforts.
- Observing lunar occultations to study the shape of asteroids and the terrain on the Moon's surface.
- Searching for overlooked phenomena like Kreutz Sungrazers in digital images and data collected by Earth and space-based observatories.",Amateur astronomy | Amateur astronomy | Amateur astronomy,"Amateur astronomy is a hobby where participants enjoy observing or imaging celestial objects in the sky using the unaided eye, binoculars, or telescopes. Even though scientific research may not be their primary goal, some amateur astronomers make contributions in doing citizen science, such as by monitoring variable stars, double stars, sunspots, or occultations of stars by the Moon or asteroids, or by discovering transient astronomical events, such as comets, galactic novae or supernovae in oth",False,True,1.0,0.8131900429725647,0.05877655744552612
hybrid,173,Amateur astronomy,Do amateur astronomers use astronomy as their primary source of income or support?,"No, they do not use the field of astronomy as their primary source of income or support.","No, amateur astronomers do not use astronomy as their primary source of income or support.",Amateur astronomy | Amateur astronomy | Amateur astronomy,"Amateur astronomy is a hobby where participants enjoy observing or imaging celestial objects in the sky using the unaided eye, binoculars, or telescopes. Even though scientific research may not be their primary goal, some amateur astronomers make contributions in doing citizen science, such as by monitoring variable stars, double stars, sunspots, or occultations of stars by the Moon or asteroids, or by discovering transient astronomical events, such as comets, galactic novae or supernovae in oth",False,True,0.8,0.9884458780288696,0.000644981861114502
hybrid,174,Aikido,In approximately how many countries is Aikido practiced?,around 140 countries,Around 140 countries.,Aikido | Aikido | Aikido,"Aikido ( ,  , , ) is a modern Japanese martial art that is split into many different styles, including Iwama Ryu, Iwama Shin Shin Aiki Shuren Kai, Shodokan Aikido, Yoshinkan, Renshinkai, Aikikai and Ki Aikido. Aikido is now practiced in around 140 countries. It was originally developed by Morihei Ueshiba, as a synthesis of his martial studies, philosophy and religious beliefs. Ueshiba's goal was to create an art that practitioners could use to defend themselves while also protecting their attack",False,True,1.0,0.9727339744567871,0.005957186222076416
hybrid,175,Aikido,Who originally developed Aikido?,Morihei Ueshiba,Morihei Ueshiba originally developed Aikido.,Aikido | Aikido | Aikido,"Aikido ( ,  , , ) is a modern Japanese martial art that is split into many different styles, including Iwama Ryu, Iwama Shin Shin Aiki Shuren Kai, Shodokan Aikido, Yoshinkan, Renshinkai, Aikikai and Ki Aikido. Aikido is now practiced in around 140 countries. It was originally developed by Morihei Ueshiba, as a synthesis of his martial studies, philosophy and religious beliefs. Ueshiba's goal was to create an art that practitioners could use to defend themselves while also protecting their attack",False,True,1.0,0.983627438545227,4.57763671875e-05
hybrid,176,Art,What are the three classical branches of visual art in the Western tradition?,"painting, sculpture, and architecture","Painting, sculpture, and architecture.",Art | Art | Art,"Art is a diverse range of human activity, and its resulting product, that involves creative or imaginative talent expressive of technical proficiency, beauty, emotional power, or conceptual ideas.

There is no generally agreed definition of what constitutes art, and its interpretation has varied greatly throughout history and across cultures. In the Western tradition, the three classical branches of visual art are painting, sculpture, and architecture. Theatre, dance, and other performing arts, ",False,True,1.0,0.9588812589645386,0.01714378595352173
hybrid,177,Art,Until which century was art referred to as any skill or mastery and not differentiated from crafts or sciences?,the 17th century,"Until the 17th century, art was referred to as any skill or mastery and was not differentiated from crafts or sciences.",Art | Art | Art,"Art is a diverse range of human activity, and its resulting product, that involves creative or imaginative talent expressive of technical proficiency, beauty, emotional power, or conceptual ideas.

There is no generally agreed definition of what constitutes art, and its interpretation has varied greatly throughout history and across cultures. In the Western tradition, the three classical branches of visual art are painting, sculpture, and architecture. Theatre, dance, and other performing arts, ",False,True,1.0,0.9827600717544556,0.00029546022415161133
hybrid,178,Agnostida,Into which two suborders is the order Agnostida divided?,Agnostina and Eodiscina,The order Agnostida is divided into two suborders - Agnostina and Eodiscina.,Agnostida | Asparagales | Asparagales,"Agnostida are an order of extinct arthropods which have classically been seen as a group of highly modified trilobites, though some recent research has doubted this placement. Regardless, they appear to be close relatives as part of the Artiopoda. They are present in the Lower Cambrian fossil record along with trilobites from the Redlichiida, Corynexochida, and Ptychopariida orders, and were highly diverse throughout the Cambrian. Agnostidan diversity severely declined during the Cambrian-Ordovi",False,True,1.0,0.9286338686943054,4.780292510986328e-05
hybrid,179,Agnostida,In which geological period did the last agnostidans go extinct?,Late Ordovician,The last agnostidans went extinct in the Late Ordovician.,Agnostida | Amphibian | Agnostida,"Agnostida are an order of extinct arthropods which have classically been seen as a group of highly modified trilobites, though some recent research has doubted this placement. Regardless, they appear to be close relatives as part of the Artiopoda. They are present in the Lower Cambrian fossil record along with trilobites from the Redlichiida, Corynexochida, and Ptychopariida orders, and were highly diverse throughout the Cambrian. Agnostidan diversity severely declined during the Cambrian-Ordovi",False,True,1.0,0.9563963413238525,6.794929504394531e-06
hybrid,180,Abortion,What percentage of all pregnancies end in a miscarriage or spontaneous abortion according to the passage?,Approximately 30% to 40% of all pregnancies.,"According to the passage, between 15% and 30% of known pregnancies end in clinically apparent miscarriage, depending upon the age and health of the pregnant woman.",Abortion | Abortion | Abortion,"Specific procedures may also be selected due to legality, regional availability, and doctor or a woman's personal preference. Reasons for procuring induced abortions are typically characterized as either therapeutic or elective. An abortion is medically referred to as a therapeutic abortion when it is performed to save the life of the pregnant woman; to prevent harm to the woman's physical or mental health; to terminate a pregnancy where indications are that the child will have a significantly i",False,True,0.4,0.9663115739822388,0.06307721138000488
hybrid,181,Abortion,"According to the passage, how does the risk of maternal mortality in the United States after an induced abortion compare to the risk after childbirth?",The risk of maternal mortality is 14 times lower after an induced abortion than after childbirth.,"According to the passage, the risk of maternal mortality is 14 times lower after an induced abortion than after childbirth in the United States.",Abortion | Abortion | Abortion,"Abortion is the termination of a pregnancy by removal or expulsion of an embryo or fetus. An abortion that occurs without intervention is known as a miscarriage or ""spontaneous abortion""; these occur in approximately 30% to 40% of all pregnancies. When deliberate steps are taken to end a pregnancy, it is called an induced abortion, or less frequently ""induced miscarriage"". The unmodified word abortion generally refers to an induced abortion. The reasons why women have abortions are diverse and v",False,True,1.0,0.9432588219642639,0.022629261016845703
hybrid,182,American Revolutionary War,On what date did the American Revolutionary War end?,"September 3, 1783","The American Revolutionary War officially ended on September 3, 1783, with the signing of the Treaty of Paris.",American Revolutionary War | American Revolutionary War | American Civil War,"The American Revolutionary War (April 19, 1775 – September 3, 1783), also known as the Revolutionary War or American War of Independence, was the military conflict of the American Revolution in which American Patriot forces under George Washington's command defeated the British, resulting in the Treaty of Paris (1783) recognizing the independence and sovereignty of the United States. Fighting began on April 19, 1775, at the Battles of Lexington and Concord. The war was formalized and intensified",False,True,1.0,0.6999588012695312,0.013273835182189941
hybrid,183,American Revolutionary War,Which two European kingdoms eventually supported the American patriot forces?,The Kingdom of France and the Kingdom of Spain,Kingdom of France and the Kingdom of Spain,American Revolutionary War | American Revolutionary War | American Revolutionary War,"Patriots generally supported independence from Britain and a new national union in Congress, while Loyalists remained faithful to British rule. Estimates of numbers vary, one suggestion being the population as a whole was split evenly between committed Patriots, committed Loyalists, and those who were indifferent. Others calculate the split as 40% Patriot, 40% neutral, 20% Loyalist, but with considerable regional variations.

At the onset of the war, the Second Continental Congress realized defe",False,True,1.0,0.9308500289916992,0.4829549193382263
hybrid,184,Ampere,What is the symbol used for the unit ampere?,A,The symbol used for the unit ampere is A.,Ampere | Ampere | Ampere,"The ampere ( ,  ; symbol: A), often shortened to amp, is the unit of electric current in the International System of Units (SI).  One ampere is equal to 1 coulomb moving past a point in 1 second, or  electrons' worth of charge moving past a point in 1 second. It is named after French mathematician and physicist André-Marie Ampère (1775–1836), considered the father of electromagnetism along with Danish physicist Hans Christian Ørsted.

As of the 2019 redefinition of the SI base units, the ampere ",False,True,,0.9841282963752747,8.320808410644531e-05
hybrid,185,Ampere,"According to the passage, how much charge moving past a point in one second defines one ampere?",1 coulomb,One ampere is equal to 1 coulomb moving past a point in 1 second.,Ampere | Ampere | Ampere,"The ampere ( ,  ; symbol: A), often shortened to amp, is the unit of electric current in the International System of Units (SI).  One ampere is equal to 1 coulomb moving past a point in 1 second, or  electrons' worth of charge moving past a point in 1 second. It is named after French mathematician and physicist André-Marie Ampère (1775–1836), considered the father of electromagnetism along with Danish physicist Hans Christian Ørsted.

As of the 2019 redefinition of the SI base units, the ampere ",False,True,1.0,0.9906377792358398,0.0015669465065002441
hybrid,186,Algorithm,What term is used for algorithms that incorporate random input?,randomized algorithms,Randomized algorithms incorporate random input.,Algorithm | Algorithm | Algorithm,"In mathematics and computer science, an algorithm () is a finite sequence of rigorous instructions, typically used to solve a class of specific problems or to perform a computation. Algorithms are used as specifications for performing calculations and data processing. More advanced algorithms can use conditionals to divert the code execution through various routes (referred to as automated decision-making) and deduce valid inferences (referred to as automated reasoning), achieving automation eve",False,True,1.0,0.9879283308982849,0.0003612041473388672
hybrid,187,Algorithm,"Which computer scientist used human characteristic terms such as ""memory"", ""search"", and ""stimulus"" as metaphors for machines?",Alan Turing,"Alan Turing used human characteristic terms such as ""memory"", ""search"", and ""stimulus"" as metaphors for machines.",Artificial intelligence | Algorithm | Artificial intelligence,"Artificial intelligence (AI) is the intelligence of machines or software, as opposed to the intelligence of humans or animals. It is also the field of study in computer science that develops and studies intelligent machines. ""AI"" may also refer to the machines themselves.

AI technology is widely used throughout industry, government and science. Some high-profile applications are: advanced web search engines (e.g., Google Search), recommendation systems (used by YouTube, Amazon, and Netflix), un",False,True,1.0,0.9870598316192627,0.00022870302200317383
hybrid,188,Annual plant,What is an annual plant defined as in the passage?,"A plant that completes its life cycle, from germination to the production of seeds, within one growing season, and then dies.","An annual plant is a plant that completes its life cycle, from germination to the production of seeds, within one growing season, and then dies.",Annual plant | Annual plant | Agriculture,"An annual plant is a plant that completes its life cycle, from germination to the production of seeds, within one growing season, and then dies. The length of growing seasons and period in which they take place vary according to geographical location, and may not correspond to the four traditional seasonal divisions of the year.

Description
With respect to the traditional seasons, annual plants are generally categorized into summer annuals and winter annuals. Summer annuals germinate during spr",False,True,1.0,0.987501859664917,0.5082695186138153
hybrid,189,Annual plant,How long does it take oilseed rapa to complete a seed‑to‑seed life cycle under a bank of fluorescent lamps?,About five weeks.,About five weeks under a bank of fluorescent lamps.,Annual plant | Asparagales | Annual plant,"An annual plant is a plant that completes its life cycle, from germination to the production of seeds, within one growing season, and then dies. The length of growing seasons and period in which they take place vary according to geographical location, and may not correspond to the four traditional seasonal divisions of the year.

Description
With respect to the traditional seasons, annual plants are generally categorized into summer annuals and winter annuals. Summer annuals germinate during spr",False,True,1.0,0.9661548137664795,0.0020506978034973145
hybrid,190,Atlas (disambiguation),What is the Atlas that is described as an Ancient Greek Titanic deity?,Atlas (mythology),"The Atlas that is described as an Ancient Greek Titanic deity is Atlas of mythology, who was an Ancient Greek Titan.",Atlas (disambiguation) | Apollo | Atlantic Ocean,"An atlas is a collection of maps.

Atlas may also refer to:

Mythology
 Atlas (mythology), an Ancient Greek Titanic deity
 Atlas, the first legendary king of Atlantis
 Atlas of Mauretania, a legendary king

Places

United States
 Atlas, California
 Atlas, Illinois
 Atlas, Texas
 Atlas, West Virginia
 Atlas, Wisconsin
 Atlas District, in Washington, D.C.
 Atlas Peak AVA, a California wine region
 Atlas Township, Michigan

Other places
 Atlas Cinema, a historic movie theatre in Istanbul, Turkey
 A",False,True,1.0,0.9920490384101868,1.0848045349121094e-05
hybrid,191,Atlas (disambiguation),"Which Atlas is a historic movie theatre located in Istanbul, Turkey?",Atlas Cinema,Atlas Cinema,Ankara | Ankara | Atlas (disambiguation),"Ankara ( ,  ; ), historically known as Ancyra and Angora, is the capital of Turkey. Located in the central part of Anatolia, the city has a population of 5.1 million in its urban center and 5.7 million in Ankara Province, making it Turkey's second-largest city after Istanbul, but first by the urban area (2,767 km2).

Serving as the capital of the ancient Celtic state of Galatia (280–64 BC), and later of the Roman province with the same name (25 BC–7th century), the city is very old, with various",False,True,1.0,0.9401674270629883,0.8087478578090668
hybrid,192,Mouthwash,What is the primary intended function of most mouthwashes?,They are antiseptic solutions intended to reduce the microbial load in the mouth.,"The primary intended function of most mouthwashes is to reduce the microbial load in the mouth, thereby helping to prevent and control various oral conditions such as cavities, gingivitis, and bad breath.",Mouthwash | Mouthwash | Mouthwash,"They have been found effective in reducing halitosis, and are being used in several commercial mouthwashes.

Fluoride (anticavity)
Anti-cavity mouthwashes use sodium fluoride to protect against tooth decay. Fluoride-containing mouthwashes are used as prevention for dental caries for individuals who are considered at higher risk for tooth decay, whether due to xerostomia related to salivary dysfunction or side effects of medication, to not drinking fluoridated water, or to being physically unable",False,True,0.625,0.47272077202796936,0.004085958003997803
hybrid,193,Mouthwash,What effect can rinsing with water or mouthwash after brushing with a fluoride toothpaste have on salivary fluoride?,"It can reduce the availability of salivary fluoride, which can lower the anti‑cavity re‑mineralization and antibacterial effects of fluoride.",Rinsing with water or mouthwash after brushing with a fluoride toothpaste can reduce the availability of salivary fluoride.,Mouthwash | Mouthwash | Mouthwash,"Mouthwash, mouth rinse, oral rinse, or mouth bath is a liquid which is held in the mouth passively or swirled around the mouth by contraction of the perioral muscles and/or movement of the head, and may be gargled, where the head is tilted back and the liquid bubbled at the back of the mouth.

Usually mouthwashes are antiseptic solutions intended to reduce the microbial load in the mouth, although other mouthwashes might be given for other reasons such as for their analgesic, anti-inflammatory o",False,True,0.4166666666666667,0.9819122552871704,0.12315452098846436
hybrid,194,Alexander the Great,At what age did Alexander III of Macedon succeed his father Philip II to the throne?,20,Alexander III of Macedon succeeded his father Philip II to the throne at the age of 20.,Alexander the Great | Alexander the Great | Alexander the Great,"Alexander III of Macedon (; 20/21 July 356 BC – 10/11 June 323 BC), commonly known as Alexander the Great, was a king of the ancient Greek kingdom of Macedon. He succeeded his father Philip II to the throne in 336 BC at the age of 20, and spent most of his ruling years conducting a lengthy military campaign throughout Western Asia and Egypt. By the age of 30, he had created one of the largest empires in history, stretching from Greece to northwestern India. He was undefeated in battle and is wid",False,True,1.0,0.9861976504325867,2.574920654296875e-05
hybrid,195,Alexander the Great,In which year did Alexander invade the Achaemenid Persian Empire?,334 BC,334 BC,Alexander the Great | Alexander the Great | Alexander the Great,"The end of Thebes cowed Athens, leaving all of Greece temporarily at peace. Alexander then set out on his Asian campaign, leaving Antipater as regent.

Conquest of the Achaemenid Persian Empire

Asia Minor

After his victory at the Battle of Chaeronea (338 BC), Philip II began the work of establishing himself as hēgemṓn () of a league which according to Diodorus was to wage a campaign against the Persians for the sundry grievances Greece suffered in 480 and free the Greek cities of the western c",False,True,1.0,0.8282420039176941,0.9826076552271843
hybrid,196,Alfred Korzybski,What is Alfred Korzybski's best known dictum?,The map is not the territory,"His best known dictum is ""The map is not the territory.""",Alfred Korzybski | Alfred Korzybski | Alfred Korzybski,"Alfred Habdank Skarbek Korzybski (, ; July 3, 1879 – March 1, 1950) was a Polish-American independent scholar who developed a field called general semantics, which he viewed as both distinct from, and more encompassing than, the field of semantics. He argued that human knowledge of the world is limited both by the human nervous system and the languages humans have developed, and thus no one can have direct access to reality, given that the most we can know is that which is filtered through the b",False,True,1.0,0.9729189276695251,0.00038373470306396484
hybrid,197,Alfred Korzybski,In what year did Alfred Korzybski move to North America?,1916,1916,Alfred Korzybski | Alfred Korzybski | Alfred Korzybski,"Alfred Habdank Skarbek Korzybski (, ; July 3, 1879 – March 1, 1950) was a Polish-American independent scholar who developed a field called general semantics, which he viewed as both distinct from, and more encompassing than, the field of semantics. He argued that human knowledge of the world is limited both by the human nervous system and the languages humans have developed, and thus no one can have direct access to reality, given that the most we can know is that which is filtered through the b",False,True,1.0,0.4848572909832001,0.9907856341451406
hybrid,198,Asteroids (video game),Who designed the arcade game Asteroids?,Lyle Rains and Ed Logg,Lyle Rains and Ed Logg designed the arcade game Asteroids.,Asteroids (video game) | Asteroids (video game) | Asteroids (video game),"Asteroids is a space-themed multidirectional shooter arcade video game designed by Lyle Rains and Ed Logg released in November 1979 by Atari, Inc. The player controls a single spaceship in an asteroid field which is periodically traversed by flying saucers. The object of the game is to shoot and destroy the asteroids and saucers, while not colliding with either, or being hit by the saucers' counter-fire. The game becomes harder as the number of asteroids increases.

Asteroids was conceived durin",False,True,1.0,0.986409068107605,4.267692565917969e-05
hybrid,199,Asteroids (video game),How many upright and cocktail cabinets of Asteroids were sold?,"47,840 upright cabinets and 8,725 cocktail cabinets","According to the provided information, 47,840 upright cabinets and 8,725 cocktail cabinets of Asteroids were sold.",Asteroids (video game) | Asteroids (video game) | Asteroid,"Ports
Asteroids was released for the Atari VCS (later renamed the Atari 2600) and Atari 8-bit family in 1981, then the Atari 7800 in 1986. A port for the Atari 5200, identical to the Atari 8-bit computer version, was in development in 1982, but was not published. The Atari 7800 version was a launch title and includes cooperative play; the asteroids have colorful textures and the ""heartbeat"" sound effect remains intact. 

Programmers Brad Stewart and Bob Smith were unable to fit the Atari VCS por",False,True,1.0,0.9490954875946045,0.005587399005889893
hybrid,200,Asparagales,"In which year was the order Asparagales first put forward, and who proposed it?",It was first put forward by Huber in 1977.,The order Asparagales was first put forward by Huber in 1977.,Asparagales | Asparagales | Asparagales,"The typical 'Arabidopsis-type' sequence of bases has been fully or partially replaced by other sequences, with the 'human-type' predominating.
 Other apomorphic characters of the order according to Stevens are: the presence of chelidonic acid, anthers longer than wide, tapetal cells bi- to tetra-nuclear, tegmen not persistent, endosperm helobial, and loss of mitochondrial gene sdh3.

Taxonomy

As circumscribed within the Angiosperm Phylogeny Group system Asparagales is the largest order within t",False,True,1.0,0.9431406259536743,3.2186508178710938e-06
hybrid,201,Asparagales,"According to the APG circumscription, how many families, genera, and species are included in Asparagales?","Asparagales includes 14 families, 1,122 genera, and about 36,000 species.","According to the APG circumscription, Asparagales includes 14 families, 1,122 genera, and about 36,000 species.",Asparagales | Asparagales | Asparagales,"Asparagales (asparagoid lilies) is an order of plants in modern classification systems such as the Angiosperm Phylogeny Group (APG) and the Angiosperm Phylogeny Web. The order takes its name from the type family Asparagaceae and is placed in the monocots amongst the lilioid monocots. The order has only recently been recognized in classification systems. It was first put forward by Huber in 1977 and later taken up in the Dahlgren system of 1985 and then the APG in 1998, 2003 and 2009. Before this",False,True,1.0,0.9542570114135742,0.0002123713493347168
hybrid,202,Alismatales,How many species are included in the Alismatales order?,"about 4,500 species","About 4,500 species are included in the Alismatales order.",Alismatales | Alismatales | Alismatales,"The Alismatales (alismatids) are an order of flowering plants including about 4,500 species. Plants assigned to this order are mostly tropical or aquatic. Some grow in fresh water, some in marine habitats. Perhaps the most important food crop in the order is the corm of the taro plant, Colocasia esculenta.

Description
The Alismatales comprise herbaceous flowering plants of often aquatic and marshy habitats, and the only monocots known to have green embryos other than the Amaryllidaceae. They al",False,True,1.0,0.9789157509803772,0.00020736455917358398
hybrid,203,Alismatales,What is the most important food crop in the Alismatales order?,"the corm of the taro plant, Colocasia esculenta","The most important food crop in the Alismatales order is the corm of the taro plant, Colocasia esculenta.",Alismatales | Alismatales | Agriculture,"The Alismatales (alismatids) are an order of flowering plants including about 4,500 species. Plants assigned to this order are mostly tropical or aquatic. Some grow in fresh water, some in marine habitats. Perhaps the most important food crop in the order is the corm of the taro plant, Colocasia esculenta.

Description
The Alismatales comprise herbaceous flowering plants of often aquatic and marshy habitats, and the only monocots known to have green embryos other than the Amaryllidaceae. They al",False,True,1.0,0.9731971621513367,0.00018519163131713867
hybrid,204,Apiales,Which well‑known members are included in the order Apiales?,"carrots, celery, parsley, and Hedera helix (English ivy).","Well-known members of the order Apiales include carrots, celery, parsley, and English ivy.",Apiales | Apiaceae | Asparagales,"The Apiales are an order of flowering plants. The families are those recognized in the APG III system. This is typical of the newer classifications, though there is some slight variation and in particular, the Torriceliaceae may also be divided.

Under this definition, well-known members include carrots, celery, parsley, and Hedera helix (English ivy).

The order Apiales is placed within the asterid group of eudicots as circumscribed by the APG III system. Within the asterids, Apiales belongs to",False,True,0.7142857142857143,0.9630265235900879,0.0001195669174194336
hybrid,205,Apiales,"Within the asterids, to which unranked group does the order Apiales belong?",the campanulids.,"Within the asterids, the order Apiales belongs to an unranked group called the campanulids.",Apiales | Alismatales | Apiaceae,"The Apiales are an order of flowering plants. The families are those recognized in the APG III system. This is typical of the newer classifications, though there is some slight variation and in particular, the Torriceliaceae may also be divided.

Under this definition, well-known members include carrots, celery, parsley, and Hedera helix (English ivy).

The order Apiales is placed within the asterid group of eudicots as circumscribed by the APG III system. Within the asterids, Apiales belongs to",False,True,1.0,0.9722418785095215,0.00019949674606323242
hybrid,206,Asterales,What nutrient storage molecule do Asterales use instead of starch?,oligosaccharide inulin,Astellales use oligosaccharide inulin as a nutrient storage molecule instead of starch.,Asterales | Asterales | Asteraceae,"Asterales () is an order of dicotyledonous flowering plants that includes the large family Asteraceae (or Compositae) known for composite flowers made of florets, and ten families related to the Asteraceae. While asterids in general are characterized by fused petals, composite flowers consisting of many florets create the false appearance of separate petals (as found in the rosids).

The order is cosmopolitan (plants found throughout most of the world including desert and frigid zones), and incl",False,True,1.0,0.9798886179924011,0.00027865171432495117
hybrid,207,Asterales,"What are the two growth forms, besides herbaceous species, that are present in the order Asterales?",trees and shrubs,"The two growth forms, besides herbaceous species, that are present in the order Asterales are trees and shrubs.",Asterales | Asteraceae | Asterales,"Asterales () is an order of dicotyledonous flowering plants that includes the large family Asteraceae (or Compositae) known for composite flowers made of florets, and ten families related to the Asteraceae. While asterids in general are characterized by fused petals, composite flowers consisting of many florets create the false appearance of separate petals (as found in the rosids).

The order is cosmopolitan (plants found throughout most of the world including desert and frigid zones), and incl",False,True,1.0,0.7396915555000305,0.00014829635620117188
hybrid,208,Asteroid,What are the three classification types of asteroids mentioned in the passage?,"C-type, M-type, and S-type.","The three classification types of asteroids mentioned in the passage are:

1. C-type - Carbonaceous (carbon-rich)
2. S-type - Silicaceous (stony)
3. M-type - Metallic",Asteroid | Asteroid | Asteroid,"Sometimes these horseshoe objects temporarily become quasi-satellites for a few decades or a few hundred years, before returning to their earlier status. Both Earth and Venus are known to have quasi-satellites.

Such objects, if associated with Earth or Venus or even hypothetically Mercury, are a special class of Aten asteroids. However, such objects could be associated with the outer planets as well.

Spectral classification 

In 1975, an asteroid taxonomic system based on color, albedo, and sp",False,True,1.0,0.6345971822738647,0.0283014178276062
hybrid,209,Asteroid,What percentage of Earth's Moon's mass does the total mass of all asteroids represent?,3%,3%,Asteroid | Asteroid | Asteroid,"On some rare occasions, a near-Earth asteroid may briefly become visible without technical aid; see 99942 Apophis.

The mass of all the objects of the asteroid belt, lying between the orbits of Mars and Jupiter, is estimated to be , ≈ 3.25% of the mass of the Moon. Of this, Ceres comprises , about 40% of the total. Adding in the next three most massive objects, Vesta (11%), Pallas (8.5%), and Hygiea (3–4%), brings this figure up to a bit over 60%, whereas the next seven most-massive asteroids br",False,True,1.0,0.5702847242355347,0.8568122833967209
hybrid,210,Allocution,What is an allocution according to the passage?,A formal statement made to the court by the defendant who has been found guilty prior to being sentenced.,"According to the passage, an allocution is a formal statement made to the court by the defendant who has been found guilty prior to being sentenced. It is part of the criminal procedure in some jurisdictions using common law.",Allocution | Arraignment | American (word),"An allocution, or allocutus, is a formal statement made to the court by the defendant who has been found guilty prior to being sentenced. It is part of the criminal procedure in some jurisdictions using common law.

Concept 
An allocution allows the defendant to explain why the sentence should be lenient. In plea bargains, an allocution may be required of the defendant. The defendant explicitly admits specifically and in detail the actions and their reasons in exchange for a reduced sentence.

I",False,True,1.0,0.9853628873825073,0.6409730315208435
hybrid,211,Allocution,"In Australia, who uses the term allocutus and how is it phrased?","It is used by the Clerk of Arraigns or another formal associate of the court, phrased as, ""Prisoner at the Bar, you have been found Guilty by a jury of your peers of the offense of XYZ. Do you have anything to say as to why the sentence of this Court should not now be passed upon you?""","In Australia, the term ""allocutus"" is used by the Clerk of Arraigns or another formal associate of the court. It is generally phrased as, ""Prisoner at the Bar, you have been found Guilty by a jury of your peers of the offense of XYZ. Do you have anything to say as to why the sentence of this Court should not now be passed upon you?""",Allocution | The Ashes | Atlantic Ocean,"An allocution, or allocutus, is a formal statement made to the court by the defendant who has been found guilty prior to being sentenced. It is part of the criminal procedure in some jurisdictions using common law.

Concept 
An allocution allows the defendant to explain why the sentence should be lenient. In plea bargains, an allocution may be required of the defendant. The defendant explicitly admits specifically and in detail the actions and their reasons in exchange for a reduced sentence.

I",False,True,1.0,0.9592100977897644,0.6451757848262787
hybrid,212,Affidavit,What is an affidavit as defined in the passage?,A written statement voluntarily made by an affiant or deponent under an oath or affirmation which is administered by a person authorized by law.,An affidavit is a written statement voluntarily made by an affiant or deponent under an oath or affirmation which is administered by a person who is authorized to do so by law.,Affidavit | Affidavit | Affidavit,"An  ( ; Medieval Latin for ""he has declared under oath"") is a written statement voluntarily made by an affiant or deponent under an oath or affirmation which is administered by a person who is authorized to do so by law. Such a statement is witnessed as to the authenticity of the affiant's signature by a taker of oaths, such as a notary public or commissioner of oaths. An affidavit is a type of verified statement or showing, or in other words, it contains a verification, which means that it is m",False,True,1.0,0.9897817373275757,0.6139312088489532
hybrid,213,Affidavit,Who may witness the authenticity of the affiant's signature according to the passage?,"A taker of oaths, such as a notary public or commissioner of oaths.","According to the passage, witnesses to the authenticity of the affiant's signature include a taker of oaths, such as a notary public or commissioner of oaths.",Affidavit | Affidavit | Affidavit,"An  ( ; Medieval Latin for ""he has declared under oath"") is a written statement voluntarily made by an affiant or deponent under an oath or affirmation which is administered by a person who is authorized to do so by law. Such a statement is witnessed as to the authenticity of the affiant's signature by a taker of oaths, such as a notary public or commissioner of oaths. An affidavit is a type of verified statement or showing, or in other words, it contains a verification, which means that it is m",False,True,1.0,0.9908961653709412,0.05834585428237915
hybrid,214,Aries (constellation),What is the area of the Aries constellation in square degrees?,441 square degrees,The area of the Aries constellation is 441 square degrees.,Aries (constellation) | Aries (constellation) | Aries (constellation),"Aries  is one of the constellations of the zodiac. It is located in the Northern celestial hemisphere between Pisces to the west and Taurus to the east. The name Aries is Latin for ram. Its old astronomical symbol is  (♈︎). It is one of the 48 constellations described by the 2nd century astronomer Ptolemy, and remains one of the 88 modern constellations.  It is a mid-sized constellation ranking 39th in overall size, with an area of 441 square degrees (1.1% of the celestial sphere).

Aries has re",False,True,1.0,0.9703385829925537,3.552436828613281e-05
hybrid,215,Aries (constellation),What rank does Aries hold in overall size among constellations?,39th,Aries ranks 39th in overall size among constellations.,Aries (constellation) | Aries (constellation) | Aries (constellation),"Aries  is one of the constellations of the zodiac. It is located in the Northern celestial hemisphere between Pisces to the west and Taurus to the east. The name Aries is Latin for ram. Its old astronomical symbol is  (♈︎). It is one of the 48 constellations described by the 2nd century astronomer Ptolemy, and remains one of the 88 modern constellations.  It is a mid-sized constellation ranking 39th in overall size, with an area of 441 square degrees (1.1% of the celestial sphere).

Aries has re",False,True,1.0,0.9782253503799438,1.1682510375976562e-05
hybrid,216,Aquarius (constellation),"What is the apparent magnitude of Beta Aquarii, the brightest star in Aquarius?",2.9,"The apparent magnitude of Beta Aquarii, the brightest star in Aquarius, is 2.9.",Aquarius (constellation) | Aquarius (constellation) | Aquarius (constellation),"The two brightest stars, α Aquarii and β Aquarii, are luminous yellow supergiants, of spectral types G0Ib and G2Ib respectively, that were once hot blue-white B-class main sequence stars 5 to 9 times as massive as the Sun. The two are also moving through space perpendicular to the plane of the Milky Way. Just shading α, β Aquarii is the brightest star in Aquarius with apparent  It also has the proper name of Sadalsuud. Having cooled and swollen to around 50 times the Sun's diameter, it is around",False,True,1.0,0.9823871850967407,3.3736228942871094e-05
hybrid,217,Aquarius (constellation),What title is given to Aquarius in the Babylonian star catalogues?,The Great One,"""The Great One""",Aquarius (constellation) | Aquarius (constellation) | Aquarius (constellation),"Aquarius is an equatorial constellation of the zodiac, between Capricornus and Pisces. Its name is Latin for ""water-carrier"" or ""cup-carrier"", and its old astronomical symbol is  (♒︎), a representation of water. Aquarius is one of the oldest of the recognized constellations along the zodiac (the Sun's apparent path). It was one of the 48 constellations listed by the 2nd century astronomer Ptolemy, and it remains one of the 88 modern constellations. It is found in a region often called the Sea du",False,True,1.0,0.9400820732116699,0.92234256118536
hybrid,218,Anime,When did the earliest commercial Japanese animations date to?,1917,The earliest commercial Japanese animations date to 1917.,Anime | Anime | Anime,"Puppets of the bunraku theater and ukiyo-e prints are considered ancestors of characters of most Japanese animations. Finally, mangas were a heavy inspiration for anime. Cartoonists Kitzawa Rakuten and Okamoto Ippei used film elements in their strips.

Pioneers 

Animation in Japan began in the early 20th century, when filmmakers started to experiment with techniques pioneered in France, Germany, the United States, and Russia. A claim for the earliest Japanese animation is Katsudō Shashin (), a ",False,True,1.0,0.9568324089050293,0.00015473365783691406
hybrid,219,Anime,Which cartoonist's works contributed to the emergence of a characteristic anime art style in the 1960s?,Osamu Tezuka,Osamu Tezuka's works contributed to the emergence of a characteristic anime art style in the 1960s.,Anime | Anime | Anime,"is hand-drawn and computer-generated animation originating from Japan. Outside Japan and in English, anime refers specifically to animation produced in Japan. However, in Japan and in Japanese,  (a term derived from a shortening of the English word animation) describes all animated works, regardless of style or origin. Many works of animation with a similar style to Japanese animation are also produced outside Japan. Video games sometimes also feature themes and artstyles that can be considered ",False,True,1.0,0.9762826561927795,4.398822784423828e-05
hybrid,220,Ankara,What are the historical names of Ankara?,Ancyra and Angora,Historical names of Ankara include Ancyra and Angora.,Ankara | Ankara | Ankara,"The area is also known for its pears, honey and Muscat grapes. Although situated in one of the driest regions of Turkey and surrounded mostly by steppe vegetation (except for the forested areas on the southern periphery), Ankara can be considered a green city in terms of green areas per inhabitant, at  per head.

Etymology 

The orthography of the name Ankara has varied over the ages. It has been identified with the Hittite cult center Ankuwaš,  although this remains a matter of debate. In class",False,True,1.0,0.9925829172134399,7.605552673339844e-05
hybrid,221,Ankara,On what date was the Grand National Assembly of Turkey established in Ankara?,23 April 1920,The Grand National Assembly of Turkey was established in Ankara on 23 April 1920.,Ankara | Ankara | Ankara,"Ankara ( ,  ; ), historically known as Ancyra and Angora, is the capital of Turkey. Located in the central part of Anatolia, the city has a population of 5.1 million in its urban center and 5.7 million in Ankara Province, making it Turkey's second-largest city after Istanbul, but first by the urban area (2,767 km2).

Serving as the capital of the ancient Celtic state of Galatia (280–64 BC), and later of the Roman province with the same name (25 BC–7th century), the city is very old, with various",False,True,1.0,0.9577906131744385,2.181529998779297e-05
hybrid,222,Arabic,In which century did Arabic emerge?,It emerged in the 1st century AD.,Arabic emerged in the 1st century AD.,Arabic | Arabic | Arabic,"This variety and both its classicizing and ""lay"" iterations have been termed Middle Arabic in the past, but they are thought to continue an Old Higazi register. It is clear that the orthography of the Qur'an was not developed for the standardized form of Classical Arabic; rather, it shows the attempt on the part of writers to record an archaic form of Old Higazi.

In the late 6th century AD, a relatively uniform intertribal ""poetic koine"" distinct from the spoken vernaculars developed based on t",False,True,1.0,0.9892761707305908,0.002070784568786621
hybrid,223,Arabic,Arabic is an official language of how many states?,It is an official language of 26 states and 1 disputed territory.,"According to the provided context, Arabic is an official language of 26 states and 1 disputed territory.",Arabic | Algeria | Arabic,"Arabic (,  ; ,   or ) is a Semitic language spoken primarily across the Arab world. Having emerged in the 1st century AD, it is named after the Arab people; the term ""Arab"" was initially used to describe those living in the Arabian Peninsula, as perceived by geographers from ancient Greece.

Since the 7th century, Arabic has been characterized by diglossia, with an opposition between a standard prestige language—i.e., Literary Arabic: Modern Standard Arabic (MSA) or Classical Arabic—and diverse ",False,True,1.0,0.9631950259208679,0.005119681358337402
hybrid,224,Alfred Hitchcock,How many Academy Award nominations did Alfred Hitchcock's films receive?,46,"Based on the provided context, Alfred Hitchcock's films received 46 Academy Award nominations.",Alfred Hitchcock | Alfred Hitchcock | Alfred Hitchcock,"Sir Alfred Joseph Hitchcock  (13 August 1899 – 29 April 1980) was an English film director, screenwriter, producer and editor. He is widely regarded as one of the most influential figures in the history of cinema. In a career spanning six decades, he directed over 50 feature films, many of which are still widely watched and studied today. Known as the ""Master of Suspense"", he became as well known as any of his actors thanks to his many interviews, his cameo roles in most of his films, and his ho",False,True,1.0,0.9852024912834167,0.00015842914581298828
hybrid,225,Alfred Hitchcock,What was the title of Alfred Hitchcock's directorial debut?,The Pleasure Garden,The Pleasure Garden,Alfred Hitchcock | Alfred Hitchcock | Alfred Hitchcock,"Sir Alfred Joseph Hitchcock  (13 August 1899 – 29 April 1980) was an English film director, screenwriter, producer and editor. He is widely regarded as one of the most influential figures in the history of cinema. In a career spanning six decades, he directed over 50 feature films, many of which are still widely watched and studied today. Known as the ""Master of Suspense"", he became as well known as any of his actors thanks to his many interviews, his cameo roles in most of his films, and his ho",False,True,1.0,0.8014255166053772,0.9839708544313908
hybrid,226,Anaconda,How many species of anacondas are currently recognized?,Four species,Four species are currently recognized.,Anaconda | Apiaceae | Alismatales,"Anacondas or water boas are a group of large snakes of the genus Eunectes. They are found in tropical South America. Four species are currently recognized.

Description
Although the name applies to a group of snakes, it is often used to refer only to one species, in particular, the common or green anaconda (Eunectes murinus), which is the largest snake in the world by weight, and the second longest after the reticulated python.

Etymology
The South American names anacauchoa and anacaona were sug",False,True,1.0,0.9899212121963501,5.2928924560546875e-05
hybrid,227,Anaconda,Which anaconda species is the largest snake in the world by weight?,the common or green anaconda (Eunectes murinus),The common or green anaconda (Eunectes murinus) is the largest snake in the world by weight.,Anaconda | Anaconda | Amphibian,"Anacondas or water boas are a group of large snakes of the genus Eunectes. They are found in tropical South America. Four species are currently recognized.

Description
Although the name applies to a group of snakes, it is often used to refer only to one species, in particular, the common or green anaconda (Eunectes murinus), which is the largest snake in the world by weight, and the second longest after the reticulated python.

Etymology
The South American names anacauchoa and anacaona were sug",False,True,1.0,0.9730667471885681,0.0003777742385864258
hybrid,228,Altaic languages,Which language families are included in the proposed Altaic language family according to the passage?,"The Turkic, Mongolic, and Tungusic language families, and possibly also the Japonic and Koreanic languages.","The proposed Altaic language family includes the Turkic, Mongolic, and Tungusic language families, as well as potentially the Japonic and Koreanic languages.",Altaic languages | Altaic languages | Altaic languages,"Altaic () is a controversial proposed language family that would include the Turkic, Mongolic and Tungusic language families and possibly also the Japonic and Koreanic languages. The hypothetical language family has long been rejected by most comparative linguists, although it continues to be supported by a small but stable scholarly minority. Speakers of the constituent languages are currently scattered over most of Asia north of 35° N and in some eastern parts of Europe, extending in longitude",False,True,0.8,0.9816012382507324,0.003343939781188965
hybrid,229,Altaic languages,In which century was the Altaic family first proposed?,In the 18th century.,The Altaic family was first proposed in the 18th century.,Altaic languages | Altaic languages | Altaic languages,"Altaic () is a controversial proposed language family that would include the Turkic, Mongolic and Tungusic language families and possibly also the Japonic and Koreanic languages. The hypothetical language family has long been rejected by most comparative linguists, although it continues to be supported by a small but stable scholarly minority. Speakers of the constituent languages are currently scattered over most of Asia north of 35° N and in some eastern parts of Europe, extending in longitude",False,True,1.0,0.9800598621368408,7.033348083496094e-06
hybrid,230,Austrian German,"In which year was the Österreichisches Wörterbuch, which formalized Austrian German, published?",1951,"The Österreichisches Wörterbuch, which formalized Austrian German, was published in 1951.",Austrian German | Austrian German | Austrian German,"Austrian German (), Austrian Standard German (ASG), Standard Austrian German (), Austrian High German (), or simply just Austrian (), is an official and standard variety of Standard High German written and spoken in Austria and Italian South Tyrol. It has the highest sociolinguistic prestige locally, as it is the variation used in the media and for other formal situations. In less formal situations, Austrians use Bavarian and Alemannic dialects, which are traditionally spoken but rarely written ",False,True,1.0,0.9691368341445923,5.125999450683594e-06
hybrid,231,Austrian German,Which language was adopted as the standard for Austrian German for pragmatic reasons?,The already-standardized chancellery language of Saxony (Sächsische Kanzleisprache or Meißner Kanzleideutsch).,"The language that was adopted as the standard for Austrian German for pragmatic reasons was the chancellery language of Saxony, which was based on the administrative language of the non-Austrian area of Meißen and Dresden.",Austrian German | Austrian German | Austrian German,"Austrian German (), Austrian Standard German (ASG), Standard Austrian German (), Austrian High German (), or simply just Austrian (), is an official and standard variety of Standard High German written and spoken in Austria and Italian South Tyrol. It has the highest sociolinguistic prestige locally, as it is the variation used in the media and for other formal situations. In less formal situations, Austrians use Bavarian and Alemannic dialects, which are traditionally spoken but rarely written ",False,True,0.36363636363636365,0.9590403437614441,0.12656909227371216
hybrid,232,Axiom of choice,Who formulated the axiom of choice and in what year?,Ernst Zermelo formulated the axiom of choice in 1904.,Ernst Zermelo formulated the axiom of choice in 1904.,Axiom of choice | Axiom of choice | Axiom of choice,"In mathematics, the axiom of choice, abbreviated AC or AoC, is an axiom of set theory equivalent to the statement that a Cartesian product of a collection of non-empty sets is non-empty. Informally put, the axiom of choice says that given any collection of sets, each containing at least one element, it is possible to construct a new set by arbitrarily choosing one element from each set, even if the collection is infinite. Formally, it states that for every indexed family  of nonempty sets, there",False,True,1.0,0.9539130330085754,0.00013768672943115234
hybrid,233,Axiom of choice,What does the axiom of choice formally state for every indexed family of nonempty sets?,"It states that for every indexed family of nonempty sets, there exists an indexed set such that for every index i, the ith element of the indexed set is an element of the ith set.","For every indexed family \( \{X_\alpha\}_{\alpha \in I} \) of nonempty sets, there exists an indexed set \( Y = \{y_\alpha\}_{\alpha \in I} \) such that \( y_\alpha \in X_\alpha \) for every \( \alpha \in I \).",Axiom of choice | Axiom of choice | Axiom of choice,"For an infinite collection of pairs of socks (assumed to have no distinguishing features), there is no obvious way to make a function that forms a set out of selecting one sock from each pair, without invoking the axiom of choice.

Although originally controversial, the axiom of choice is now used without reservation by most mathematicians, and it is included in the standard form of axiomatic set theory, Zermelo–Fraenkel set theory with the axiom of choice (ZFC). One motivation for this use is t",False,True,0.7142857142857143,0.03681453689932823,0.5150482654571533
hybrid,234,Attila,When did Attila die?,March 453,"According to the provided context, Attila died in March 453.",Attila | Attila | Attila,"Der Spiegel commented on 6 November 1948, that the Sword of Attila was hanging menacingly over Austria.

American writer Cecelia Holland wrote The Death of Attila (1973), a historical novel in which Attila appears as a powerful background figure whose life and death deeply affect the protagonists, a young Hunnic warrior and a Germanic one.

In modern Hungary and in Turkey, ""Attila"" and its Turkish variation ""Atilla"" are commonly used as a male first name. In Hungary, several public places are na",False,True,1.0,0.9645252227783203,0.0022083520889282227
hybrid,235,Attila,Which groups were part of the empire Attila led?,"Huns, Ostrogoths, Alans, and Bulgars","Based on the information provided in the context, the empire Attila led consisted of:

- Huns
- Ostrogoths
- Alans
- Bulgars

These groups were united under Attila's leadership during his reign and later became part of the empire he founded.",Attila | Attila | Attila,"Attila (  or  ; ), frequently called Attila the Hun, was the ruler of the Huns from 434 until his death, in March 453. He was also the leader of an empire consisting of Huns, Ostrogoths, Alans, and Bulgars, among others, in Central and Eastern Europe.

During his reign, he was one of the most feared enemies of the Western and Eastern Roman Empires. He crossed the Danube twice and plundered the Balkans but was unable to take Constantinople. In 441, he led an invasion of the Eastern Roman (Byzanti",False,True,1.0,0.825960636138916,0.0725051760673523
hybrid,236,Aegean Sea,Which straits connect the Aegean Sea to the Marmara Sea and the Black Sea?,The Dardanelles and the Bosphorus,The Dardanelles and the Bosphorus connect the Aegean Sea to the Marmara Sea and the Black Sea.,Aegean Sea | Aegean Sea | Aegean Sea,"One chain extends across the sea to Chios, another extends across Euboea to Samos, and a third extends across the Peloponnese and Crete to Rhodes, dividing the Aegean from the Mediterranean.

The bays and gulfs of the Aegean beginning at the South and moving clockwise include on Crete, the Mirabello, Almyros, Souda and Chania bays or gulfs, on the mainland the Myrtoan Sea to the west with the Argolic Gulf, the Saronic Gulf northwestward, the Petalies Gulf which connects with the South Euboic Sea",False,True,1.0,0.9182549715042114,0.0038022398948669434
hybrid,237,Aegean Sea,Which islands are included in the Dodecanese group?,"Rhodes, Kos, and Patmos","The Dodecanese group includes the following islands:

1. Rhodes
2. Kos
3. Patmos
4. Delos
5. Naxos",Aegean Sea | Aegean Sea | Archipelago,"When Theseus returned, he forgot these instructions, and Aegeus thought his son had died, so he drowned himself in the sea.

The sea was known in Latin as Mare Aegaeum while under the control of the Roman Empire. The Venetians, who ruled many Greek islands in the High and Late Middle Ages, popularized the name Archipelago (, meaning ""main sea"" or ""chief sea""), a name that held on in many European countries until the early modern period. In South Slavic languages, the Aegean is called White Sea (",False,True,1.0,0.8472668528556824,0.05910158157348633
hybrid,238,A Clockwork Orange (novel),Who is the author of A Clockwork Orange?,English writer Anthony Burgess,Anthony Burgess,A Clockwork Orange (novel) | A Clockwork Orange (novel) | A Clockwork Orange (novel),"""Clockwork Oranges"". In 1985. London: Hutchinson.  (extracts quoted here)

External links

 
 A Clockwork Orange at SparkNotes
 A Clockwork Orange  at Literapedia
 A Clockwork Orange (1962) |Last chapter |Anthony Burgess (1917–1993)

Comparisons with the Kubrick film adaptation
 Dalrymple, Theodore. ""A Prophetic and Violent Masterpiece"", City Journal
 Giola, Ted. ""A Clockwork Orange by Anthony Burgess""  at Conceptual Fiction 
 Priestley, Brenton. ""Of Clockwork Apples and Oranges: Burgess and Kub",False,True,0.5,0.9654222726821899,0.9983706912025809
hybrid,239,A Clockwork Orange (novel),In what year was A Clockwork Orange included on Time magazine's list of the 100 best English-language novels written since 1923?,2005,1962,A Clockwork Orange (novel) | A Clockwork Orange (novel) | A Clockwork Orange (novel),"A Clockwork Orange is a dystopian satirical black comedy novel by English writer Anthony Burgess, published in 1962. It is set in a near-future society that has a youth subculture of extreme violence. The teenage protagonist, Alex, narrates his violent exploits and his experiences with state authorities intent on reforming him. The book is partially written in a Russian-influenced argot called ""Nadsat"", which takes its name from the Russian suffix that is equivalent to '-teen' in English. Accord",False,True,0.0,0.9635447263717651,0.9992678186972626
hybrid,240,Amsterdam,What is the population of Amsterdam within the city proper?,"921,402","The population of Amsterdam within the city proper is 921,402.",Amsterdam | Amsterdam | Amsterdam,"An artificial forest, Amsterdamse Bos, is in the southwest. Amsterdam is connected to the North Sea through the long North Sea Canal.

Amsterdam is intensely urbanised, as is the Amsterdam metropolitan area surrounding the city. Comprising  of land, the city proper has 4,457 inhabitants per km2 and 2,275 houses per km2. Parks and nature reserves make up 12% of Amsterdam's land area.

Water
Amsterdam has more than  of canals, most of which are navigable by boat. The city's three main canals are t",False,True,1.0,0.9716423153877258,1.3113021850585938e-05
hybrid,241,Amsterdam,"Which area, annexed in 1921, is the oldest part of Amsterdam dating to the 9th century?",Sloten,"Sloten, annexed in 1921 by the municipality of Amsterdam, is the oldest part of the city, dating to the 9th century.",Amsterdam | Amsterdam | Amsterdam,"Amsterdam ( ,  , ; literally, ""The Dam on the River Amstel"") is the capital and most populated city of the Netherlands, with The Hague being the seat of government. It has a population of 921,402 within the city proper, 1,457,018 in the urban area and 2,480,394 in the metropolitan area. Located in the Dutch province of North Holland, Amsterdam is colloquially referred to as the ""Venice of the North"", for its large number of canals, now designated a UNESCO World Heritage Site.

Amsterdam was foun",False,True,1.0,0.9695172905921936,0.00023418664932250977
hybrid,242,Museum of Work,In which city is the Museum of Work located?,"Norrköping, Sweden.","The Museum of Work is located in Norrköping, Sweden.",Museum of Work | Amsterdam | Amsterdam,"The Museum of Work (Arbetets museum) is a museum located in Norrköping, Sweden. The museum is located in the Strykjärn (Clothes iron), a former weaving mill in the old industrial area on the Motala ström river in the city centre of Norrköping. The former textile factory Holmens Bruk (sv) operated in the building from 1917 to 1962.

The museum documents work and everyday life by collecting personal stories about people's professional lives from both the past and the present. The museum's archive ",False,True,1.0,0.9830210208892822,0.00011146068572998047
hybrid,243,Museum of Work,Since what year has the museum housed the EWK – Center for Political Illustration Art?,2009.,"Since 2009, the museum has housed the EWK – Center for Political Illustration Art.",Museum of Work | Museum of Work | Amsterdam,"The exhibition also consisted of presentations of the working life museums in Sweden and a number of rooms with themes such as: leisure, world, living and consumption.

Framtidsland (Future country) 
In 2014, the exhibition was inaugurated that takes by where Industriland ends: Future country. It is an exhibition that investigates what a sustainable society is will be part of the museum's exhibitions until 2019. The exhibition consists of materials that are designed based on conversations betwee",False,True,1.0,0.9782664179801941,0.00010514259338378906
hybrid,244,Audi,Where is Audi AG headquartered?,"Ingolstadt, Bavaria, Germany.","Ingolstadt, Bavaria, Germany",Audi | Audi | Audi,"Audi AG () is a German automotive manufacturer of luxury vehicles headquartered in Ingolstadt, Bavaria, Germany. A subsidiary of the Volkswagen Group, Audi produces vehicles in nine production facilities worldwide.

The origins of the company are complex, dating back to the early 20th century and the initial enterprises (Horch and the Audiwerke) founded by engineer August Horch (1868–1951). Two other manufacturers (DKW and Wanderer) also contributed to the foundation of Auto Union in 1932. The m",False,True,1.0,0.9232441186904907,0.8686597347259521
hybrid,245,Audi,In how many production facilities worldwide does Audi produce vehicles?,Nine.,Nine,Audi | Audi | Audi,"Audi AG () is a German automotive manufacturer of luxury vehicles headquartered in Ingolstadt, Bavaria, Germany. A subsidiary of the Volkswagen Group, Audi produces vehicles in nine production facilities worldwide.

The origins of the company are complex, dating back to the early 20th century and the initial enterprises (Horch and the Audiwerke) founded by engineer August Horch (1868–1951). Two other manufacturers (DKW and Wanderer) also contributed to the foundation of Auto Union in 1932. The m",False,True,1.0,0.6353250741958618,0.9323917701840401
hybrid,246,Aircraft,"What is the science of aviation, including designing and building aircraft, called?",Aeronautics.,"The science of aviation, including designing and building aircraft, is called aeronautics.",Aircraft | Aircraft | Aircraft,"An aircraft (: aircraft) is a vehicle that is able to fly by gaining support from the air. It counters the force of gravity by using either static lift or the dynamic lift of an airfoil, or, in a few cases, direct downward thrust from its engines. Common examples of aircraft include airplanes, helicopters, airships (including blimps), gliders, paramotors, and hot air balloons.

The human activity that surrounds aircraft is called aviation. The science of aviation, including designing and buildin",False,True,1.0,0.9779480695724487,0.00010347366333007812
hybrid,247,Aircraft,Into how many eras is the history of aircraft divided?,Five.,Five,Aircraft | Aircraft | Aircraft,"An aircraft (: aircraft) is a vehicle that is able to fly by gaining support from the air. It counters the force of gravity by using either static lift or the dynamic lift of an airfoil, or, in a few cases, direct downward thrust from its engines. Common examples of aircraft include airplanes, helicopters, airships (including blimps), gliders, paramotors, and hot air balloons.

The human activity that surrounds aircraft is called aviation. The science of aviation, including designing and buildin",False,True,1.0,0.751445472240448,0.48803937435150146
hybrid,248,Alfred Nobel,In what year was Alfred Nobel's invention dynamite patented?,1867,1867,Alfred Nobel | Alfred Nobel | Alfred Nobel,"Alfred Bernhard Nobel ( , ; 21 October 1833 – 10 December 1896) was a Swedish chemist, engineer, inventor, businessman, and philanthropist. He is known for creating dynamite as well as having bequeathed his fortune to establish the Nobel Prize. He also made several important contributions to science, holding 355 patents in his lifetime. Nobel's most famous invention was dynamite, an explosive using  nitroglycerin; it was patented in 1867.

Nobel displayed an early aptitude for science and learni",False,True,1.0,0.7566590905189514,0.9990340250660665
hybrid,249,Alfred Nobel,How many patents did Alfred Nobel hold during his lifetime?,355,"During his lifetime, Alfred Nobel held 355 patents.",Alfred Nobel | Alfred Nobel | Alfred Nobel,"Alfred Bernhard Nobel ( , ; 21 October 1833 – 10 December 1896) was a Swedish chemist, engineer, inventor, businessman, and philanthropist. He is known for creating dynamite as well as having bequeathed his fortune to establish the Nobel Prize. He also made several important contributions to science, holding 355 patents in his lifetime. Nobel's most famous invention was dynamite, an explosive using  nitroglycerin; it was patented in 1867.

Nobel displayed an early aptitude for science and learni",False,True,1.0,0.9757269024848938,2.193450927734375e-05
hybrid,250,Alexander Graham Bell,On what date was Alexander Graham Bell awarded the first U.S. patent for the telephone?,"March 7, 1876.","March 7, 1876",Alexander Graham Bell | Alexander Graham Bell | Alexander Graham Bell,"Alexander Graham Bell (, born Alexander Bell; March 3, 1847 – August 2, 1922) was a  Scottish-born inventor, scientist and engineer who is credited with patenting the first practical telephone. He also co-founded the American Telephone and Telegraph Company (AT&T) in 1885.

Bell's father, grandfather, and brother had all been associated with work on elocution and speech, and both his mother and wife were deaf; profoundly influencing Bell's life's work. His research on hearing and speech further ",False,True,1.0,0.8296164870262146,0.9991289344034158
hybrid,251,Alexander Graham Bell,"What position did Bell hold in the National Geographic Society, and during which years did he serve?","He was the second president, serving from January 7, 1898, until 1903.","Bell held the position of the second president of the National Geographic Society. He served in this role from January 7, 1898, until 1903.",Alexander Graham Bell | Alexander Graham Bell | Alexander Graham Bell,"The laboratory was also the site where he and his associate invented his ""proudest achievement"", ""the photophone"", the ""optical telephone"" which presaged fibre optical telecommunications while the Volta Bureau would later evolve into the Alexander Graham Bell Association for the Deaf and Hard of Hearing (the AG Bell), a leading center for the research and pedagogy of deafness.

In partnership with Gardiner Greene Hubbard, Bell helped establish the publication Science during the early 1880s. In 1",False,True,0.8888888888888888,0.9448068141937256,0.0001329183578491211
hybrid,252,Anatolia,"Which seas bound Anatolia to the north, south, and west?","The Black Sea to the north, the Mediterranean Sea to the south, and the Aegean Sea to the west.","The Sea of Marmara, the Bosporus strait, and the Dardanelles strait bound Anatolia to the north, south, and west.",Anatolia | Aegean Sea | Aegean Sea,"Anatolia, also known as Asia Minor, is a large peninsula in West Asia and is the western-most extension of continental Asia. The land mass of Anatolia constitutes most of the territory of contemporary Turkey. Geographically, the Anatolian region is bounded by the Turkish Straits to the north-west, the Black Sea to the north, the Armenian Highlands to the east, the Mediterranean Sea to the south, and the Aegean Sea to the west. Topographically, the Sea of Marmara connects the Black Sea with the A",False,True,0.5714285714285714,0.9784230589866638,0.06572467088699341
hybrid,253,Anatolia,What were the major Anatolian languages mentioned in the passage?,"Hittite, Luwian, and Lydian.","The major Anatolian languages mentioned in the passage were Hittite, Luwian, and Lydian.",Anatolia | Anatolia | Anatolia,"Anatolia, also known as Asia Minor, is a large peninsula in West Asia and is the western-most extension of continental Asia. The land mass of Anatolia constitutes most of the territory of contemporary Turkey. Geographically, the Anatolian region is bounded by the Turkish Straits to the north-west, the Black Sea to the north, the Armenian Highlands to the east, the Mediterranean Sea to the south, and the Aegean Sea to the west. Topographically, the Sea of Marmara connects the Black Sea with the A",False,True,1.0,0.9838470816612244,5.602836608886719e-05
hybrid,254,Apple Inc.,In which city is Apple Inc. headquartered?,"Cupertino, California","Cupertino, California",Apple Inc. | Apple Inc. | Apple Inc.,"Apple Inc. is an American multinational technology company headquartered in Cupertino, California. , Apple is the world's biggest company by market capitalization, and with  the largest technology company by 2022 revenue. , Apple is the fourth-largest personal computer vendor by unit sales; the largest manufacturing company by revenue; and the second-largest mobile phone manufacturer in the world. It is considered one of the Big Five American information technology companies, alongside Alphabet ",False,True,1.0,0.9022812247276306,0.9915380012243986
hybrid,255,Apple Inc.,Who were the three founders of Apple Computer Company?,"Steve Wozniak, Steve Jobs and Ronald Wayne","Steve Jobs, Steve Wozniak, and Ronald Wayne were the three founders of Apple Computer Company.",Apple Inc. | Apple Inc. | Apple Inc.,"When Jobs resigned in 2011 for health reasons, and died two months later, he was succeeded as CEO by Tim Cook.

Apple became the first publicly traded U.S. company to be valued at over $1 trillion in August 2018, then at $2 trillion in August 2020, and at $3 trillion in January 2022. In June 2023, it was valued at just over $3 trillion. The company receives criticism regarding the labor practices of its contractors, its environmental practices, and its business ethics, including anti-competitive",False,True,1.0,0.7780416011810303,0.00011909008026123047
hybrid,256,Aberdeenshire,Where is Aberdeenshire Council headquartered?,"Woodhill House, in Aberdeen.","Woodhill House, in Aberdeen.",Aberdeenshire | Aberdeenshire | Aberdeenshire,"Aberdeenshire (; ) is one of the 32 council areas of Scotland.

It takes its name from the County of Aberdeen, which has substantially different boundaries. The Aberdeenshire Council area includes all of the area of the historic counties of Aberdeenshire and Kincardineshire (except the area making up Aberdeen City council area), as well as part of Banffshire. The county boundaries are officially used for a few purposes, namely land registration and lieutenancy.

Aberdeenshire Council is headquar",False,True,1.0,0.9462971091270447,0.0279543399810791
hybrid,257,Aberdeenshire,Which historic counties' areas are included in the Aberdeenshire Council area?,"All of the area of the historic counties of Aberdeenshire and Kincardineshire (except the area making up Aberdeen City council area), as well as part of Banffshire.","The Aberdeenshire Council area includes all of the area of the historic counties of Aberdeenshire and Kincardineshire (except the area making up Aberdeen City council area), as well as part of Banffshire.",Aberdeenshire | Aberdeenshire | Aberdeenshire,"Aberdeenshire (; ) is one of the 32 council areas of Scotland.

It takes its name from the County of Aberdeen, which has substantially different boundaries. The Aberdeenshire Council area includes all of the area of the historic counties of Aberdeenshire and Kincardineshire (except the area making up Aberdeen City council area), as well as part of Banffshire. The county boundaries are officially used for a few purposes, namely land registration and lieutenancy.

Aberdeenshire Council is headquar",False,True,1.0,0.9665353894233704,0.2681741714477539
hybrid,258,Aztlan Underground,Which musical genres does Aztlan Underground combine in their music?,"Hip‑Hop, Punk Rock, Jazz, and electronic music with Chicano and Native American themes, and indigenous instrumentation.","Aztlan Underground combines Hip-Hop, Punk Rock, Jazz, and electronic music with Chicano and Native American themes, and indigenous instrumentation.",Aztlan Underground | Aztlan Underground | Accordion,"Aztlan Underground is a band from Los Angeles, California that combines Hip-Hop, Punk Rock, Jazz, and electronic music with Chicano and Native American themes, and indigenous instrumentation. They are often cited as progenitors of Chicano rap.

Background 
The band traces its roots to the late-1980s hardcore scene in the Eastside of Los Angeles. They have played rapcore, with elements of punk, hip hop, rock, funk, jazz, indigenous music, and spoken word. Indigenous drums, flutes, and rattles are",False,True,1.0,0.9921255707740784,0.0004512667655944824
hybrid,259,Aztlan Underground,In what year did Aztlan Underground appear on Culture Clash on Fox?,1993,1993,Aztlan Underground | Aztlan Underground | Andy Warhol,"Aztlan Underground is a band from Los Angeles, California that combines Hip-Hop, Punk Rock, Jazz, and electronic music with Chicano and Native American themes, and indigenous instrumentation. They are often cited as progenitors of Chicano rap.

Background 
The band traces its roots to the late-1980s hardcore scene in the Eastside of Los Angeles. They have played rapcore, with elements of punk, hip hop, rock, funk, jazz, indigenous music, and spoken word. Indigenous drums, flutes, and rattles are",False,True,1.0,0.6702516078948975,0.9988213279284537
hybrid,260,American Civil War,On what date did the American Civil War end?,"May 26, 1865","May 26, 1865, when Confederate Lt. Gen. Simon B. Buckner, acting for General Edmund Kirby Smith, signed a military convention surrendering the Confederate trans-Mississippi Department forces.",American Civil War | American Civil War | April 6,"It proved to be the largest surrender of Confederate forces. On May 4, all remaining Confederate forces in Alabama, Louisiana east of the Mississippi River, and Mississippi under Lieutenant General Richard Taylor surrendered.

The Confederate president, Jefferson Davis, was captured at Irwinville, Georgia on May 10, 1865.

On May 13, 1865, the last land battle of the war was fought at the Battle of Palmito Ranch in Texas.

On May 26, 1865, Confederate Lt. Gen. Simon B. Buckner, acting for Genera",False,True,1.0,0.9836949110031128,0.40353745222091675
hybrid,261,American Civil War,Who was the President of the Confederacy?,Jefferson Davis,Jefferson Davis was the President of the Confederacy.,American Civil War | Abraham Lincoln | Abraham Lincoln,"The Waterloo of the Confederacy 
Lee's army, thinned by desertion and casualties, was now much smaller than Grant's. One last Confederate attempt to break the Union hold on Petersburg failed at the decisive Battle of Five Forks (sometimes called ""the Waterloo of the Confederacy"") on April 1. This meant that the Union now controlled the entire perimeter surrounding Richmond-Petersburg, completely cutting it off from the Confederacy. Realizing that the capital was now lost, Lee's army and the Conf",False,True,1.0,0.9605324268341064,5.269050598144531e-05
hybrid,262,Andy Warhol,What are two of Andy Warhol's best‑known silkscreen paintings mentioned in the passage?,Campbell's Soup Cans (1962) and Marilyn Diptych (1962).,Campbell's Soup Cans (1962) and Marilyn Diptych (1962).,Andy Warhol | Andy Warhol | Andy Warhol,"Andy Warhol (; born Andrew Warhola Jr.; August 6, 1928 – February 22, 1987) was an American visual artist, film director, producer, and leading figure in the pop art movement. His works explore the relationship between artistic expression, advertising, and celebrity culture that flourished by the 1960s, and span a variety of media, including painting, silkscreening, photography, film, and sculpture. Some of his best-known works include the silkscreen paintings Campbell's Soup Cans (1962) and Mar",False,True,1.0,0.9621188044548035,0.014559566974639893
hybrid,263,Andy Warhol,Which experimental rock band did Andy Warhol manage and produce in the late 1960s?,The Velvet Underground.,The Velvet Underground,Andy Warhol | Andy Warhol | Andy Warhol,"Andy Warhol (; born Andrew Warhola Jr.; August 6, 1928 – February 22, 1987) was an American visual artist, film director, producer, and leading figure in the pop art movement. His works explore the relationship between artistic expression, advertising, and celebrity culture that flourished by the 1960s, and span a variety of media, including painting, silkscreening, photography, film, and sculpture. Some of his best-known works include the silkscreen paintings Campbell's Soup Cans (1962) and Mar",False,True,1.0,0.7387593984603882,0.9925393564626575
hybrid,264,Alp Arslan,"What does the nickname ""Alp Arslan"" mean in Turkish?",Heroic Lion,"The nickname ""Alp Arslan"" means ""Heroic Lion"" in Turkish.",Alp Arslan | Alp Arslan | Alp Arslan,"Alp Arslan, born Muhammad bin Dawud Chaghri, was the second sultan of the Seljuk Empire and great-grandson of Seljuk, the eponymous founder of the dynasty. He greatly expanded the Seljuk territory and consolidated his power, defeating rivals to the south and northwest, and his victory over the Byzantines at the Battle of Manzikert, in 1071, ushered in the Turkmen settlement of Anatolia. 

Muhammad bin Dawud Chaghri's military prowess and fighting skills earned him the nickname Alp Arslan, which ",False,True,1.0,0.9777333736419678,4.851818084716797e-05
hybrid,265,Alp Arslan,In what year did Alp Arslan win the Battle of Manzikert against the Byzantines?,1071,1071,Alp Arslan | Alp Arslan | Alp Arslan,"Alp Arslan, born Muhammad bin Dawud Chaghri, was the second sultan of the Seljuk Empire and great-grandson of Seljuk, the eponymous founder of the dynasty. He greatly expanded the Seljuk territory and consolidated his power, defeating rivals to the south and northwest, and his victory over the Byzantines at the Battle of Manzikert, in 1071, ushered in the Turkmen settlement of Anatolia. 

Muhammad bin Dawud Chaghri's military prowess and fighting skills earned him the nickname Alp Arslan, which ",False,True,1.0,0.742841362953186,0.9998313472460723
hybrid,266,American Film Institute,Who chairs the board of trustees of the American Film Institute?,Kathleen Kennedy,Kathleen Kennedy chairs the board of trustees of the American Film Institute.,American Film Institute | American Film Institute | American Film Institute,"The American Film Institute (AFI) is an American nonprofit film organization that educates filmmakers and honors the heritage of the motion picture arts in the United States. AFI is supported by private funding and public membership fees.

Leadership

The institute is composed of leaders from the film, entertainment, business, and academic communities. The board of trustees is chaired by Kathleen Kennedy and the board of directors chaired by Robert A. Daly guide the organization, which is led by",False,True,1.0,0.9749744534492493,1.3828277587890625e-05
hybrid,267,American Film Institute,In what year was the American Film Institute established?,1967,The American Film Institute was established in 1967.,American Film Institute | American Film Institute | American Film Institute,"The American Film Institute (AFI) is an American nonprofit film organization that educates filmmakers and honors the heritage of the motion picture arts in the United States. AFI is supported by private funding and public membership fees.

Leadership

The institute is composed of leaders from the film, entertainment, business, and academic communities. The board of trustees is chaired by Kathleen Kennedy and the board of directors chaired by Robert A. Daly guide the organization, which is led by",False,True,1.0,0.9245933294296265,7.748603820800781e-06
hybrid,268,Akira Kurosawa,"What was the title of Akira Kurosawa's directorial debut film released during World War II, and in what year was it released?","Sanshiro Sugata, 1943","The title of Akira Kurosawa's directorial debut film released during World War II was ""Sanshiro Sugata."" This film was released in 1945.",Akira Kurosawa | Akira Kurosawa | Akira Kurosawa,"The film premiered in Tokyo in April 1948 to rave reviews and was chosen by the prestigious Kinema Junpo critics poll as the best film of its year, the first of three Kurosawa movies to be so honored.

Kurosawa, with producer Sōjirō Motoki and fellow directors and friends Kajiro Yamamoto, Mikio Naruse and Senkichi Taniguchi, formed a new independent production unit called Film Art Association (Eiga Geijutsu Kyōkai). For this organization's debut work, and first film for Daiei studios, Kurosawa t",False,True,0.6666666666666666,0.7742030620574951,1.5497207641601562e-05
hybrid,269,Akira Kurosawa,Which Akira Kurosawa film won the Golden Lion at the 1951 Venice Film Festival?,Rashomon,Rashomon,Akira Kurosawa | Akira Kurosawa | Akira Kurosawa,"was a Japanese filmmaker and painter who directed 30 films in a career spanning over five decades. He is widely regarded as one of the greatest and most influential filmmakers in the history of cinema. Kurosawa displayed a bold, dynamic style, strongly influenced by Western cinema yet distinct from it; he was involved with all aspects of film production.

Kurosawa entered the Japanese film industry in 1936, following a brief stint as a painter. After years of working on numerous films as an assi",False,True,1.0,0.862718403339386,0.9593070447444916
hybrid,270,Ancient Egypt,Who is credited with the political unification of Upper and Lower Egypt around 3100 BC?,Menes (often identified with Narmer),Menes (often identified with Narmer) is credited with the political unification of Upper and Lower Egypt around 3100 BC.,Ancient Egypt | Ancient Egypt | Ancient Egypt,"Ancient Egypt was a civilization in Northeast Africa situated in the Nile Valley. Ancient Egyptian civilization followed prehistoric Egypt and coalesced around 3100BC (according to conventional Egyptian chronology) with the political unification of Upper and Lower Egypt under Menes (often identified with Narmer). The history of ancient Egypt occurred as a series of stable kingdoms, separated by periods of relative instability known as Intermediate Periods: the Old Kingdom of the Early Bronze Age",False,True,1.0,0.9782774448394775,0.00021654367446899414
hybrid,271,Ancient Egypt,"Which kingdom ruled Egypt after Alexander the Great's death until 30 BC, when it fell to the Roman Empire?",the Greek Ptolemaic Kingdom,"The Greek Ptolemaic Kingdom ruled Egypt after Alexander the Great's death until 30 BC, when it fell to the Roman Empire.",Alexander the Great | Ancient Egypt | Alexander the Great,"Alexander III of Macedon (; 20/21 July 356 BC – 10/11 June 323 BC), commonly known as Alexander the Great, was a king of the ancient Greek kingdom of Macedon. He succeeded his father Philip II to the throne in 336 BC at the age of 20, and spent most of his ruling years conducting a lengthy military campaign throughout Western Asia and Egypt. By the age of 30, he had created one of the largest empires in history, stretching from Greece to northwestern India. He was undefeated in battle and is wid",False,True,1.0,0.9564014077186584,0.0001925826072692871
hybrid,272,Analog Brothers,What is the title of the Analog Brothers' only album?,Pimp to Eat,The title of the Analog Brothers' only album is Pimp to Eat.,Analog Brothers | ABBA | Analog signal,"Analog Brothers were an experimental hip hop band featuring Tracy ""Ice-T"" Marrow (Ice Oscillator) on keyboards, drums and vocals, Keith ""Kool Keith"" Thornton (Keith Korg) on bass, strings and vocals, Marc Live (Marc Moog) on drums, violins and vocals, Christopher ""Black Silver"" Rodgers (Silver Synth) on synthesizer, lazar bell and vocals, and Rex Colonel ""Pimpin' Rex"" Doby Jr. (Rex Roland JX3P) on keyboards, vocals and production. Its album Pimp to Eat featured guest appearances by various membe",False,True,1.0,0.38747233152389526,4.5299530029296875e-06
hybrid,273,Analog Brothers,Which two members toured together as Black Ice in 2008?,Ice-T and Black Silver,Ice-T and Black Silver toured together as Black Ice in 2008.,Analog Brothers | ABBA | ABBA,"Analog Brothers were an experimental hip hop band featuring Tracy ""Ice-T"" Marrow (Ice Oscillator) on keyboards, drums and vocals, Keith ""Kool Keith"" Thornton (Keith Korg) on bass, strings and vocals, Marc Live (Marc Moog) on drums, violins and vocals, Christopher ""Black Silver"" Rodgers (Silver Synth) on synthesizer, lazar bell and vocals, and Rex Colonel ""Pimpin' Rex"" Doby Jr. (Rex Roland JX3P) on keyboards, vocals and production. Its album Pimp to Eat featured guest appearances by various membe",False,True,1.0,0.9741500616073608,1.728534698486328e-05
hybrid,274,Motor neuron diseases,Which specific motor neuron diseases are mentioned in the passage?,"Amyotrophic lateral sclerosis (ALS), progressive bulbar palsy (PBP), pseudobulbar palsy, progressive muscular atrophy (PMA), primary lateral sclerosis (PLS), spinal muscular atrophy (SMA) and monomelic amyotrophy (MMA), as well as some rarer variants resembling ALS.","The passage mentions several specific motor neuron diseases, including:

1. Amyotrophic lateral sclerosis (ALS)
2. Progressive bulbar palsy (PBP)
3. Pseudobulgar palsy
4. Progressive muscular atrophy (PMA)
5. Primary lateral sclerosis (PLS)
6. Spinal muscular atrophy (SMA)
7. Monomelic amyotrophy (MMA)

Additionally, the passage discusses other related conditions like:

8. Spinal muscular atrophies
9. Hereditary motor and sensory neuropathies

These diseases are grouped under the broader category of motor neuron disorders, though they are not specifically categorized as ""motor neuron diseases"" according to the ICD-11 classification.",Motor neuron diseases | Motor neuron diseases | Motor neuron diseases,"Terminology
In the United States and Canada, the term motor neuron disease usually refers to the group of disorders while amyotrophic lateral sclerosis is frequently called Lou Gehrig's disease. In the United Kingdom and Australia, the term motor neuron(e) disease is used for amyotrophic lateral sclerosis, although is not uncommon to refer to the entire group.

While MND refers to a specific subset of similar diseases, there are numerous other diseases of motor neurons that are referred to colle",False,True,0.75,0.4811844527721405,0.13712751865386963
hybrid,275,Motor neuron diseases,Does the passage state that there are approved treatments for most motor neuron disorders?,"No, the passage states that there are no approved treatments for the majority of motor neuron disorders, and care is mostly symptomatic.","No, the passage does not state that there are approved treatments for most motor neuron disorders.",Motor neuron diseases | Motor neuron diseases | Motor neuron diseases,"Motor neuron diseases or motor neurone diseases (MNDs) are a group of rare neurodegenerative disorders that selectively affect motor neurons, the cells which control voluntary muscles of the body. They include amyotrophic lateral sclerosis (ALS), progressive bulbar palsy (PBP), pseudobulbar palsy, progressive muscular atrophy (PMA), primary lateral sclerosis (PLS), spinal muscular atrophy (SMA) and monomelic amyotrophy (MMA), as well as some rarer variants resembling ALS.

Motor neuron diseases ",True,True,0.5833333333333334,,
hybrid,276,Abjad,"Who introduced the term ""abjad"" and in what year?",Peter T. Daniels introduced the term in 1990.,"Peter T. Daniels introduced the term ""abjad"" in 1990.",Abjad | Abjad | Abjad,"An abjad (, ; also abgad) is a writing system in which only consonants are represented, leaving vowel sounds to be inferred by the reader. This contrasts with alphabets, which provide graphemes for both consonants and vowels. The term was introduced in 1990 by Peter T. Daniels. Other terms for the same concept include: partial phonemic script, segmentally linear defective phonographic script, consonantary, consonant writing, and consonantal alphabet.

Impure abjads represent vowels with either o",False,True,1.0,0.9677619338035583,0.0007393956184387207
hybrid,277,Abjad,What are two vowel marking systems mentioned for abjads?,nikkud for Hebrew and ḥarakāt for Arabic.,Two vowel marking systems mentioned for abjads are nikkud for Hebrew and ḥarakāt for Arabic.,Abjad | Abjad | Abjad,"An abjad (, ; also abgad) is a writing system in which only consonants are represented, leaving vowel sounds to be inferred by the reader. This contrasts with alphabets, which provide graphemes for both consonants and vowels. The term was introduced in 1990 by Peter T. Daniels. Other terms for the same concept include: partial phonemic script, segmentally linear defective phonographic script, consonantary, consonant writing, and consonantal alphabet.

Impure abjads represent vowels with either o",False,True,1.0,0.9699952602386475,0.0036216378211975098
hybrid,278,Abugida,What is an abugida and how does it differ from a full alphabet and an abjad?,"An abugida is a segmental writing system in which consonant–vowel sequences are written as units; each unit is based on a consonant letter and vowel notation is secondary, like a diacritical mark. This contrasts with a full alphabet, in which vowels have status equal to consonants, and with an abjad, in which vowel marking is absent, partial, or optional.","An abugida is a segmental writing system in which consonant-vowel sequences are written as units, with each unit being based on a consonant letter and having a specific inherent or implicit vowel. Unlike a full alphabet, which treats vowels equally with consonants and includes separate symbols for vowels, an abugida uses diacritics to denote additional vowels. Additionally, unlike an abjad, which lacks vowel markings altogether, an abugida allows for vowel modification through diacritics.",Abugida | Abugida | Alphabet,"Ge'ez is one of several segmental writing systems in the world, others include Indic/Brahmic scripts and Canadian Aboriginal Syllabics. The word abugida is derived from the four letters, ä, bu, gi, and da, in much the same way that abecedary is derived from Latin letters a be ce de, abjad is derived from the Arabic a b j d, and alphabet is derived from the names of the two first letters in the Greek alphabet, alpha and beta. Abugida as a term in linguistics was proposed by Peter T. Daniels in hi",False,True,0.5806451612903226,0.5676172971725464,0.490281343460083
hybrid,279,Abugida,Which scholars introduced related concepts to the abugida and what terms did they use?,"James Germain Février (1948) introduced the term , David Diringer (1948) used the term semisyllabary, Fred Householder (1959) introduced the term pseudo-alphabet, Peter T. Daniels (1990) chose the Ethiopic term ""abugida"", Faber (1992) suggested ""segmentally coded syllabically linear phonographic script"", Bright (1992) used the term alphasyllabary, and Gnanadesikan and Rimzhim, Katz, & Fowler have suggested aksara or āksharik.","James Germain Février introduced the term ""abugida"" in 1948, while David Diringer used the term ""semisyllabary.""",Abugida | Abugida | Alchemy,"An abugida (, from Ge'ez: ), sometimes known as alphasyllabary, neosyllabary or pseudo-alphabet, is a segmental writing system in which consonant–vowel sequences are written as units; each unit is based on a consonant letter, and vowel notation is secondary, like a diacritical mark. This contrasts with a full alphabet, in which vowels have status equal to consonants, and with an abjad, in which vowel marking is absent, partial, or optional – in less formal contexts, all three types of script may",False,True,0.2926829268292683,0.8985685110092163,0.06159317493438721
hybrid,280,ABBA,In what year was ABBA formed in Stockholm?,1972,ABBA was formed in Stockholm in 1972.,ABBA | ABBA | ABBA,"ABBA ( , ; formerly named Björn & Benny, Agnetha & Anni-Frid or Björn & Benny, Agnetha & Frida) are  a Swedish pop supergroup formed in Stockholm in 1972 by Agnetha Fältskog, Björn Ulvaeus, Benny Andersson, and Anni-Frid Lyngstad. The group's name is an acronym of the first letters of their first names arranged as a palindrome. They are one of the most popular and successful musical groups of all time, and are one of the best-selling music acts in the history of popular music, topping the charts",False,True,1.0,0.9921030402183533,1.0132789611816406e-05
hybrid,281,ABBA,Which song did ABBA win the Eurovision Song Contest with?,Waterloo,"ABBA won the Eurovision Song Contest with the song ""Waterloo"".",ABBA | ABBA | ABBA,"ABBA ( , ; formerly named Björn & Benny, Agnetha & Anni-Frid or Björn & Benny, Agnetha & Frida) are  a Swedish pop supergroup formed in Stockholm in 1972 by Agnetha Fältskog, Björn Ulvaeus, Benny Andersson, and Anni-Frid Lyngstad. The group's name is an acronym of the first letters of their first names arranged as a palindrome. They are one of the most popular and successful musical groups of all time, and are one of the best-selling music acts in the history of popular music, topping the charts",False,True,1.0,0.9842557311058044,8.463859558105469e-06
hybrid,282,Allegiance,What is the definition of allegiance as given in the passage?,"An allegiance is a duty of fidelity said to be owed, or freely committed, by the people, subjects or citizens to their state or sovereign.","An allegiance is defined as a duty of fidelity said to be owed, or freely committed, by the people, subjects or citizens to their state or sovereign.",Allegiance | Allegiance | Allegiance,"An allegiance is a duty of fidelity said to be owed, or freely committed, by the people, subjects or citizens to their state or sovereign.

Etymology
The word allegiance comes from Middle English  (see Medieval Latin , ""a liegance""). The al- prefix was probably added through confusion with another legal term, allegeance, an ""allegation"" (the French  comes from the English). Allegiance is formed from ""liege,"" from Old French , ""liege, free"", of Germanic origin. The connection with Latin , ""to bin",False,True,1.0,0.9865328073501587,0.2504083514213562
hybrid,283,Allegiance,"According to the English doctrine described, how could a person lose their allegiance to the British crown?","They could never resign or lose it, except by act of parliament or by the recognition of the independence or the cession of the portion of British territory in which they resided.","According to the English doctrine described, a person could lose their allegiance to the British crown only by act of parliament or by the recognition of the independence or the cession of the portion of British territory in which they resided.",Allegiance | Allegiance | Allegiance,"A resident alien owed allegiance even when the protection of the crown was withdrawn owing to the occupation of an enemy, because the absence of the crown's protection was temporary and involuntary (de Jager v Attorney-General of Natal [1907] AC 326).

Legal allegiance was due when an alien took an oath of allegiance required for a particular office under the crown.

By the Naturalisation Act 1870, it was made possible for British subjects to renounce their nationality and allegiance, and the wa",False,True,0.8,0.9445419907569885,0.0909774899482727
hybrid,284,MessagePad,In what year was the MessagePad series developed by Apple for the Newton platform?,1993,1993,MessagePad | MessagePad | MessagePad,"The MessagePad is a discontinued series of personal digital assistant devices developed by Apple Computer for the Newton platform in 1993.  Some electronic engineering and the manufacture of Apple's MessagePad devices was undertaken in Japan by Sharp. The devices are based on the ARM 610 RISC processor and all featured handwriting recognition software and were developed and marketed by Apple. The devices run Newton OS.

History
The development of the Newton MessagePad first began with Apple's fo",False,True,1.0,0.7184078693389893,0.9946359433233738
hybrid,285,MessagePad,Which company performed some electronic engineering and manufacture of Apple's MessagePad devices in Japan?,Sharp,Sharp,MessagePad | MessagePad | MessagePad,"The MessagePad is a discontinued series of personal digital assistant devices developed by Apple Computer for the Newton platform in 1993.  Some electronic engineering and the manufacture of Apple's MessagePad devices was undertaken in Japan by Sharp. The devices are based on the ARM 610 RISC processor and all featured handwriting recognition software and were developed and marketed by Apple. The devices run Newton OS.

History
The development of the Newton MessagePad first began with Apple's fo",False,True,1.0,0.6297767758369446,0.9519079513847828
hybrid,286,A. E. van Vogt,What date did the Science Fiction Writers of America name A. E. van Vogt their 14th Grand Master?,1995 (presented 1996),"January 26, 1996",A. E. van Vogt | A. E. van Vogt | A. E. van Vogt,"Alfred Elton van Vogt  ( ; April 26, 1912 – January 26, 2000) was a Canadian-born American science fiction author. His fragmented, bizarre narrative style influenced later science fiction writers, notably Philip K. Dick. He was one of the most popular and influential practitioners of science fiction in the mid-twentieth century, the genre's so-called Golden Age, and one of the most complex. The Science Fiction Writers of America named him their 14th Grand Master in 1995 (presented 1996).

Early ",False,True,0.3333333333333333,0.31237009167671204,0.9954350194893777
hybrid,287,A. E. van Vogt,What language did van Vogt speak exclusively at home until he was four years old?,Plautdietsch,Plautdietsch,A. E. van Vogt | A. E. van Vogt | A. E. van Vogt,"Alfred Elton van Vogt  ( ; April 26, 1912 – January 26, 2000) was a Canadian-born American science fiction author. His fragmented, bizarre narrative style influenced later science fiction writers, notably Philip K. Dick. He was one of the most popular and influential practitioners of science fiction in the mid-twentieth century, the genre's so-called Golden Age, and one of the most complex. The Science Fiction Writers of America named him their 14th Grand Master in 1995 (presented 1996).

Early ",False,True,1.0,0.6229603290557861,0.9929198818281293
hybrid,288,Anna Kournikova,What was Anna Kournikova's highest singles ranking and in what year did she achieve it?,She reached No. 8 in the world in 2000.,"Anna Kournikova's highest singles ranking was No. 8, and she achieved this ranking on November 20, 2000.",Anna Kournikova | Anna Kournikova | Anna Kournikova,"She withdrew from Tokyo due to a sprained back suffered at the Australian Open and did not return to Tour until Miami. On 9 April, in what would be the final WTA match of her career, Kournikova dropped out in the first round of the Family Circle Cup in Charleston, due to a left adductor strain. Her singles world ranking was 67. She reached the semi-finals at the ITF tournament in Sea Island, before withdrawing from a match versus Maria Sharapova due to the adductor injury. She lost in the first ",False,True,0.6666666666666666,0.801243007183075,4.1365623474121094e-05
hybrid,289,Anna Kournikova,"Which television show did Anna Kournikova join as a new trainer for season 12, replacing Jillian Michaels?",The Biggest Loser.,"The television show that Anna Kournikova joined as a new trainer for season 12, replacing Jillian Michaels, was The Biggest Loser.",Anna Kournikova | Anna Kournikova | Anna Kournikova,"Anna Sergeyevna Kournikova (; born 7 June 1981) is a Russian former professional tennis player and American television personality. Her appearance  and celebrity status made her one of the best known tennis stars worldwide. At the peak of her fame, fans looking for images of Kournikova made her name one of the most common search strings on Google Search.

Despite never winning a singles title, she reached No. 8 in the world in 2000. She achieved greater success playing doubles, where she was at ",False,True,1.0,0.9277532696723938,7.62939453125e-06
hybrid,290,Alfons Maria Jakob,When was Alfons Maria Jakob born?,2 July 1884,Alfons Maria Jakob was born on 2 July 1884.,Alfons Maria Jakob | April 15 | August 2,"Alfons Maria Jakob (2 July 1884 – 17 October 1931) was a German neurologist who worked in the field of neuropathology.

He was born in Aschaffenburg, Bavaria and educated in medicine at the universities of Munich, Berlin, and Strasbourg, where he received his doctorate in 1908. During the following year, he began clinical work under the psychiatrist Emil Kraepelin and did laboratory work with Franz Nissl and Alois Alzheimer in Munich.

In 1911, by way of an invitation from Wilhelm Weygandt, he r",False,True,1.0,0.9577031135559082,3.5762786865234375e-06
hybrid,291,Alfons Maria Jakob,Which disease is named after Jakob and Creutzfeldt?,Creutzfeldt–Jakob disease,Creutzfeldt-Jakob disease,Alfons Maria Jakob | Acute disseminated encephalomyelitis | Motor neuron diseases,"Alfons Maria Jakob (2 July 1884 – 17 October 1931) was a German neurologist who worked in the field of neuropathology.

He was born in Aschaffenburg, Bavaria and educated in medicine at the universities of Munich, Berlin, and Strasbourg, where he received his doctorate in 1908. During the following year, he began clinical work under the psychiatrist Emil Kraepelin and did laboratory work with Franz Nissl and Alois Alzheimer in Munich.

In 1911, by way of an invitation from Wilhelm Weygandt, he r",False,True,1.0,0.7526638507843018,0.9655114747583866
hybrid,292,Agnosticism,"Who coined the word ""agnostic"" and in what year?",The English biologist Thomas Henry Huxley coined the word agnostic in 1869.,"Thomas Henry Huxley coined the word ""agnostic"" in 1869.",Agnosticism | Agnosticism | Agnosticism,"Smith rejects agnosticism as a third alternative to theism and atheism and promotes terms such as agnostic atheism (the view of those who do not hold a belief in the existence of any deity, but claim that the existence of a deity is unknown or inherently unknowable) and agnostic theism (the view of those who believe in the existence of a deity(s), but claim that the existence of a deity is unknown or inherently unknowable).

Etymology
Agnostic () was used by Thomas Henry Huxley in a speech at a ",False,True,0.7777777777777778,0.971591591835022,0.0002759099006652832
hybrid,293,Agnosticism,Which two ancient philosophers are mentioned as having expressed agnostic points of view?,Sanjaya Belatthaputta and Protagoras are the two ancient philosophers noted for expressing agnostic points of view.,Sanjaya Belatthaputta and Protagoras,Agnosticism | Agnosticism | Agnosticism,"Agnosticism is the view or belief that the existence of God, of the divine or the supernatural is unknown or unknowable. Another definition provided is the view that ""human reason is incapable of providing sufficient rational grounds to justify either the belief that God exists or the belief that God does not exist.""

The English biologist Thomas Henry Huxley coined the word agnostic in 1869. His general definition was that ""It is wrong for a man to say that he is certain of the objective truth ",False,True,0.2727272727272727,0.8568694591522217,0.9349912628531456
hybrid,294,Argon,What is the atomic number of argon?,18,18,Argon | Argon | Argon,"Argon is a chemical element with the symbol Ar and atomic number 18. It is in group 18 of the periodic table and is a noble gas. Argon is the third-most abundant gas in Earth's atmosphere, at 0.934% (9340 ppmv). It is more than twice as abundant as water vapor (which averages about 4000 ppmv, but varies greatly), 23 times as abundant as carbon dioxide (400 ppmv), and more than 500 times as abundant as neon (18 ppmv). Argon is the most abundant noble gas in Earth's crust, comprising 0.00015% of t",False,True,1.0,0.9160568118095398,0.9969484896864742
hybrid,295,Argon,What percentage of Earth's atmosphere is argon?,0.934% (9340 ppmv),0.934% by volume and 1.288% by mass of Earth's atmosphere.,Argon | Argon | Argon,"Argon is a chemical element with the symbol Ar and atomic number 18. It is in group 18 of the periodic table and is a noble gas. Argon is the third-most abundant gas in Earth's atmosphere, at 0.934% (9340 ppmv). It is more than twice as abundant as water vapor (which averages about 4000 ppmv, but varies greatly), 23 times as abundant as carbon dioxide (400 ppmv), and more than 500 times as abundant as neon (18 ppmv). Argon is the most abundant noble gas in Earth's crust, comprising 0.00015% of t",False,True,0.5,0.9587966799736023,0.6385817527770996
hybrid,296,Arsenic,What is the chemical symbol for arsenic?,As,The chemical symbol for arsenic is As.,Arsenic | Arsenic | Arsenic,"Arsenic is a chemical element with the symbol As and atomic number 33. Arsenic occurs in many minerals, usually in combination with sulfur and metals, but also as a pure elemental crystal. Arsenic is a metalloid. It has various allotropes, but only the grey form, which has a metallic appearance, is important to industry.

The primary use of arsenic is in alloys of lead (for example, in car batteries and ammunition). Arsenic is a common n-type dopant in semiconductor electronic devices. It is als",False,True,,0.9805759787559509,0.00011014938354492188
hybrid,297,Arsenic,What is the primary use of arsenic?,"in alloys of lead (for example, in car batteries and ammunition)",The primary use of arsenic is in alloys of lead.,Arsenic | Arsenic | Arsenic,"Arsenic is a chemical element with the symbol As and atomic number 33. Arsenic occurs in many minerals, usually in combination with sulfur and metals, but also as a pure elemental crystal. Arsenic is a metalloid. It has various allotropes, but only the grey form, which has a metallic appearance, is important to industry.

The primary use of arsenic is in alloys of lead (for example, in car batteries and ammunition). Arsenic is a common n-type dopant in semiconductor electronic devices. It is als",False,True,0.3333333333333333,0.9876841306686401,0.00010395050048828125
hybrid,298,Antimony,What is the chemical symbol and atomic number of antimony?,The chemical symbol is Sb and the atomic number is 51.,"The chemical symbol for antimony is Sb, and its atomic number is 51.",Antimony | Atomic number | Antimony,"Antimony is a chemical element with the symbol Sb () and atomic number 51. A lustrous gray metalloid, it is found in nature mainly as the sulfide mineral stibnite (Sb2S3). Antimony compounds have been known since ancient times and were powdered for use as medicine and cosmetics, often known by the Arabic name kohl. The earliest known description of the metalloid in the West was written in 1540 by Vannoccio Biringuccio.

China is the largest producer of antimony and its compounds, with most produ",False,True,1.0,0.9825441241264343,0.0003597736358642578
hybrid,299,Antimony,Which country is the largest producer of antimony and from which mine does most production come?,"China is the largest producer, with most production coming from the Xikuangshan Mine in Hunan.",China is the largest producer of antimony and most production comes from the Xikuangshan Mine in Hunan.,Antimony | Antimony | Antimony,"Antimony is a chemical element with the symbol Sb () and atomic number 51. A lustrous gray metalloid, it is found in nature mainly as the sulfide mineral stibnite (Sb2S3). Antimony compounds have been known since ancient times and were powdered for use as medicine and cosmetics, often known by the Arabic name kohl. The earliest known description of the metalloid in the West was written in 1540 by Vannoccio Biringuccio.

China is the largest producer of antimony and its compounds, with most produ",False,True,0.8888888888888888,0.9823549389839172,0.0018748641014099121
hybrid,300,Actinium,What oxidation state does actinium assume in nearly all its chemical compounds?,+3,"In nearly all its chemical compounds, actinium assumes the oxidation state +3.",Actinium | Actinium | Actinium,"Properties
Actinium is a soft, silvery-white, radioactive, metallic element. Its estimated shear modulus is similar to that of lead. Owing to its strong radioactivity, actinium glows in the dark with a pale blue light, which originates from the surrounding air ionized by the emitted energetic particles. Actinium has similar chemical properties to lanthanum and other lanthanides, and therefore these elements are difficult to separate when extracting from uranium ores. Solvent extraction and ion c",False,True,1.0,0.9802922606468201,0.001789093017578125
hybrid,301,Actinium,How much actinium-227 is found in one tonne of natural uranium ore?,about 0.2 milligrams,About 0.2 milligrams of actinium-227 is found in one tonne of natural uranium ore.,Actinium | Actinium | Actinium,"The isotopes of actinium range in atomic weight from 204 u () to 236 u ().

Occurrence and synthesis

Actinium is found only in traces in uranium ores – one tonne of uranium in ore contains about 0.2 milligrams of 227Ac – and in thorium ores, which contain about 5 nanograms of 228Ac per one tonne of thorium. The actinium isotope 227Ac is a transient member of the uranium-actinium series decay chain, which begins with the parent isotope 235U (or 239Pu) and ends with the stable lead isotope 207Pb.",False,True,1.0,0.9832438826560974,8.487701416015625e-05
hybrid,302,Americium,What is the atomic number of americium?,95,The atomic number of americium is 95.,Americium | Americium | Americium,"Americium is a synthetic radioactive chemical element with the symbol Am and atomic number 95. It is a transuranic member of the actinide series, in the periodic table located under the lanthanide element europium and was thus named after the United States by analogy.

Americium was first produced in 1944 by the group of Glenn T. Seaborg from Berkeley, California, at the Metallurgical Laboratory of the University of Chicago, as part of the Manhattan Project. Although it is the third element in t",False,True,1.0,0.962552547454834,3.0875205993652344e-05
hybrid,303,Americium,In what year was americium first produced?,1944,1944,Americium | Americium | Americium,"Americium is a synthetic radioactive chemical element with the symbol Am and atomic number 95. It is a transuranic member of the actinide series, in the periodic table located under the lanthanide element europium and was thus named after the United States by analogy.

Americium was first produced in 1944 by the group of Glenn T. Seaborg from Berkeley, California, at the Metallurgical Laboratory of the University of Chicago, as part of the Manhattan Project. Although it is the third element in t",False,True,1.0,0.88211590051651,0.9983058967627585
hybrid,304,Astatine,"What is the half-life of astatine-210, the most stable isotope of astatine?",8.1 hours,"The half-life of astatine-210, the most stable isotope of astatine, is 8.1 hours.",Astatine | Astatine | Astatine,"A beta decay mode has been found for all other astatine isotopes except for astatine-213, astatine-214, and astatine-216m. Astatine-210 and lighter isotopes exhibit beta plus decay (positron emission), astatine-216 and heavier isotopes exhibit beta minus decay, and astatine-212 decays via both modes, while astatine-211 undergoes electron capture.

The most stable isotope is astatine-210, which has a half-life of 8.1 hours. The primary decay mode is beta plus, to the relatively long-lived (in com",False,True,1.0,0.9822176098823547,0.00023323297500610352
hybrid,305,Astatine,Which three scientists first synthesized astatine in 1940?,"Dale R. Corson, Kenneth Ross MacKenzie, and Emilio G. Segrè","Dale R. Corson, Kenneth Ross MacKenzie, and Emilio Segrè",Astatine | Astatine | Astatine,"In 1942, Minder, in collaboration with the English scientist Alice Leigh-Smith, announced the discovery of another isotope of element 85, presumed to be the product of thorium A (polonium-216) beta decay. They named this substance ""anglo-helvetium"", but Karlik and Bernert were again unable to reproduce these results.

Later in 1940, Dale R. Corson, Kenneth Ross MacKenzie, and Emilio Segrè isolated the element at the University of California, Berkeley. Instead of searching for the element in natu",False,True,0.8888888888888888,0.8725650310516357,0.8415654003620148
hybrid,306,Atom,What percentage of an atom's mass is located in the nucleus?,More than 99.94% of an atom's mass is in the nucleus.,About 99.94%.,Atomic number | Atom | Atom,"The atomic number or nuclear charge number (symbol Z) of a chemical element is the charge number of an atomic nucleus. For ordinary nuclei composed of protons and neutrons, this is equal to the proton number (np) or the number of protons found in the nucleus of every atom of that element. The atomic number can be used to uniquely identify ordinary chemical elements. In an ordinary uncharged atom, the atomic number is also equal to the number of electrons.

For an ordinary atom which contains pro",False,True,0.25,0.9269117712974548,0.018055319786071777
hybrid,307,Atom,How many protons does an atom of sodium contain?,An atom that contains 11 protons is sodium.,An atom of sodium contains 11 protons.,Atom | Atom | Atomic number,"An atom is a particle that consists of a nucleus of protons and neutrons surrounded by an electromagnetically-bound cloud of electrons. The atom is the basic particle of the chemical elements, and the chemical elements are distinguished from each other by the number of protons that are in their atoms. For example, any atom that contains 11 protons is sodium, and any atom that contains 29 protons is copper. The number of neutrons defines the isotope of the element.

Atoms are extremely small, typ",False,True,1.0,0.9298603534698486,1.5735626220703125e-05
hybrid,308,Arable land,"According to the Food and Agriculture Organization of the United Nations, how many hectares of arable land existed worldwide in 2013?",1.407 billion hectares,"According to the Food and Agriculture Organization of the United Nations, in 2013, the world's arable land amounted to 1.407 billion hectares.",Arable land | Agriculture | Arable land,"Arable land (from the , ""able to be ploughed"") is any land capable of being ploughed and used to grow crops. Alternatively, for the purposes of agricultural statistics, the term often has a more precise definition: 

A more concise definition appearing in the Eurostat glossary similarly refers to actual rather than potential uses: ""land worked (ploughed or tilled) regularly, generally under a system of crop rotation"". In Britain, arable land has traditionally been contrasted with pasturable land",False,True,1.0,0.9603164196014404,0.0003076791763305664
hybrid,309,Arable land,How does the Eurostat glossary define arable land?,"""land worked (ploughed or tilled) regularly, generally under a system of crop rotation""","According to the Eurostat glossary, arable land is defined as:

""land worked (ploughed or tilled) regularly, generally under a system of crop rotation.""",Arable land | Arable land | Arable land,"Arable land (from the , ""able to be ploughed"") is any land capable of being ploughed and used to grow crops. Alternatively, for the purposes of agricultural statistics, the term often has a more precise definition: 

A more concise definition appearing in the Eurostat glossary similarly refers to actual rather than potential uses: ""land worked (ploughed or tilled) regularly, generally under a system of crop rotation"". In Britain, arable land has traditionally been contrasted with pasturable land",False,True,1.0,0.9759024977684021,0.2795826196670532
hybrid,310,Aluminium,What is the atomic number of aluminium?,13,The atomic number of aluminium is 13.,Aluminium | Aluminium | Aluminium,"Aluminium (aluminum in North American English) is a chemical element with the symbol Al and atomic number 13. Aluminium has a density lower than those of other common metals; about one-third that of steel. It has a great affinity towards oxygen, forming a protective layer of oxide on the surface when exposed to air. Aluminium visually resembles silver, both in its color and in its great ability to reflect light. It is soft, nonmagnetic and ductile. It has one stable isotope: 27Al, which is highl",False,True,1.0,0.9404404163360596,0.00016796588897705078
hybrid,311,Aluminium,Which stable isotope of aluminium is highly abundant?,27Al,The stable isotope of aluminium that is highly abundant is 27Al.,Aluminium | Aluminium | Aluminium,"Despite its prevalence in the environment, no living organism is known to use aluminium salts for metabolism, but aluminium is well tolerated by plants and animals. Because of the abundance of these salts, the potential for a biological role for them is of interest, and studies continue.

Physical characteristics

Isotopes 

Of aluminium isotopes, only  is stable. This situation is common for elements with an odd atomic number. It is the only primordial aluminium isotope, i.e. the only one that ",False,True,1.0,0.9810932278633118,0.0002561211585998535
hybrid,312,Advanced Chemistry,In what year was Advanced Chemistry founded?,1987,Advanced Chemistry was founded in 1987.,Advanced Chemistry | Alfred Nobel | Alchemy,"Advanced Chemistry is a German hip hop group from Heidelberg, a scenic city in Baden-Württemberg, South Germany. Advanced Chemistry was founded in 1987 by Toni L, Linguist, Gee-One, DJ Mike MD (Mike Dippon) and MC Torch. Each member of the group holds German citizenship, and Toni L, Linguist, and Torch are of Italian, Ghanaian, and Haitian backgrounds, respectively.

Influenced by North American socially conscious rap and the Native tongues movement, Advanced Chemistry is regarded as one of the ",False,True,1.0,0.9566836357116699,3.5881996154785156e-05
hybrid,313,Advanced Chemistry,What is the title of the song Advanced Chemistry released in November 1992?,Fremd im eigenen Land,"The title of the song Advanced Chemistry released in November 1992 is ""Fremd im eigenen Land"" (Foreign in your own nation).",Advanced Chemistry | Advanced Chemistry | Advanced Chemistry,"Advanced Chemistry is a German hip hop group from Heidelberg, a scenic city in Baden-Württemberg, South Germany. Advanced Chemistry was founded in 1987 by Toni L, Linguist, Gee-One, DJ Mike MD (Mike Dippon) and MC Torch. Each member of the group holds German citizenship, and Toni L, Linguist, and Torch are of Italian, Ghanaian, and Haitian backgrounds, respectively.

Influenced by North American socially conscious rap and the Native tongues movement, Advanced Chemistry is regarded as one of the ",False,True,1.0,0.967563807964325,0.00014090538024902344
hybrid,314,Anglican Communion,How many members does the Anglican Communion have according to the passage?,more than 85 million members,"According to the passage, the Anglican Communion has more than 85 million members within the Church of England and other autocephalous national and regional churches in full communion.",Anglican Communion | Anglican Communion | Anglicanism,"The Anglican Communion is the third largest Christian communion after the Roman Catholic and Eastern Orthodox churches. Founded in 1867 in London, the communion has more than 85 million members within the Church of England and other autocephalous national and regional churches in full communion. The traditional origins of Anglican doctrine are summarised in the Thirty-nine Articles (1571). The archbishop of Canterbury (, Justin Welby) in England acts as a focus of unity, recognised as  (""first a",False,True,1.0,0.988084614276886,0.07185131311416626
hybrid,315,Anglican Communion,In what year and city was the Anglican Communion officially organised at the Lambeth Conference?,1867 in London,The Anglican Communion was officially organised and recognised as such at the Lambeth Conference in 1867 in London.,Anglican Communion | Anglican Communion | Anglican Communion,"The Anglican Communion is the third largest Christian communion after the Roman Catholic and Eastern Orthodox churches. Founded in 1867 in London, the communion has more than 85 million members within the Church of England and other autocephalous national and regional churches in full communion. The traditional origins of Anglican doctrine are summarised in the Thirty-nine Articles (1571). The archbishop of Canterbury (, Justin Welby) in England acts as a focus of unity, recognised as  (""first a",False,True,1.0,0.985198438167572,0.000287473201751709
hybrid,316,Archipelago,"According to the passage, what ancient language roots compose the word ""archipelago""?","It is derived from the Ancient Greek ἄρχι- (""chief"") and πέλαγος (""sea"") through the Italian arcipelago.","According to the passage, the word ""archipelago"" is derived from the Ancient Greek words ἄρχι-(arkhi-) and πέλαγος (pélagos).",Archipelago | Athena | Apollo,"An archipelago ( ), sometimes called an island group or island chain, is a chain, cluster, or collection of islands, or sometimes a sea containing a small number of scattered islands.

Examples of archipelagos include: the Indonesian Archipelago, the Andaman and Nicobar Islands, the Lakshadweep Islands, the Galápagos Islands, the Japanese archipelago, the Philippine Archipelago, the Maldives, the Balearic Islands, the Åland Islands, The Bahamas, the Aegean Islands, the Hawaiian Islands, the Cana",False,True,0.375,0.9509309530258179,0.0016041398048400879
hybrid,317,Archipelago,Which region is given as an example of a place that has more than 700 islands forming an archipelago?,Scotland,Scotland is given as an example of a place that has more than 700 islands forming an archipelago.,Archipelago | Archipelago | Aegean Sea,"An archipelago ( ), sometimes called an island group or island chain, is a chain, cluster, or collection of islands, or sometimes a sea containing a small number of scattered islands.

Examples of archipelagos include: the Indonesian Archipelago, the Andaman and Nicobar Islands, the Lakshadweep Islands, the Galápagos Islands, the Japanese archipelago, the Philippine Archipelago, the Maldives, the Balearic Islands, the Åland Islands, The Bahamas, the Aegean Islands, the Hawaiian Islands, the Cana",False,True,1.0,0.9911324381828308,9.989738464355469e-05
hybrid,318,Author,"In a work for hire, who is considered the author of the work according to the passage?",The employer or commissioning party is considered the author of the work.,"According to the passage, in a work for hire, the employer or commissioning party is considered the author of the work, even if they did not write or otherwise create the work themselves.",Author | Author | Author,"In legal discourse, an author is the creator of an original work, whether that work is in written, graphic, or recorded medium. Thus, a sculptor, painter, or composer, is an author of their respective sculptures, paintings, or compositions, even though in common parlance, an author is often thought of as the writer of a book, article, play, or other written work. In the case of a work for hire, ""the employer or commissioning party is considered the author of the work"", even if they did not write",False,True,1.0,0.982584536075592,0.008396685123443604
hybrid,319,Author,What requirement did the United States Copyright Office state for a work to qualify as a work of 'authorship'?,A work must be created by a human being.,"According to the United States Copyright Office, a work qualifies as a work of 'authorship' if it was created by a human being.",Author | Author | Author,"In legal discourse, an author is the creator of an original work, whether that work is in written, graphic, or recorded medium. Thus, a sculptor, painter, or composer, is an author of their respective sculptures, paintings, or compositions, even though in common parlance, an author is often thought of as the writer of a book, article, play, or other written work. In the case of a work for hire, ""the employer or commissioning party is considered the author of the work"", even if they did not write",False,True,0.8,0.9713596105575562,0.006289958953857422
hybrid,320,Andrey Markov,When was Andrey Andreyevich Markov born?,14 June 1856,Andrey Andreyevich Markov was born on 14 June 1856.,Andrey Markov | Andrey Markov | Andrey Markov,"Andrey Andreyevich Markov (14 June 1856 – 20 July 1922) was a Russian mathematician best known for his work on stochastic processes. A primary subject of his research later became known as the Markov chain. He was also a strong, close to master-level chess player.

Markov and his younger brother Vladimir Andreevich Markov (1871–1897) proved the Markov brothers' inequality.
His son, another Andrey Andreyevich Markov (1903–1979), was also a notable mathematician, making contributions to constructi",False,True,1.0,0.9769949913024902,1.7523765563964844e-05
hybrid,321,Andrey Markov,What inequality did Andrey Markov and his brother prove?,the Markov brothers' inequality,The inequality that Andrey Markov and his younger brother Vladimir Andreyevich Markov proved is called the Markov brothers' inequality.,Andrey Markov | Andrey Markov | Andrey Markov,"Andrey Andreyevich Markov (14 June 1856 – 20 July 1922) was a Russian mathematician best known for his work on stochastic processes. A primary subject of his research later became known as the Markov chain. He was also a strong, close to master-level chess player.

Markov and his younger brother Vladimir Andreevich Markov (1871–1897) proved the Markov brothers' inequality.
His son, another Andrey Andreyevich Markov (1903–1979), was also a notable mathematician, making contributions to constructi",False,True,1.0,0.9803451895713806,0.0016041398048400879
hybrid,322,Angst,From which languages was the English word “angst” introduced?,"Danish, Norwegian, Dutch, and German.","The English word ""angst"" was introduced from the Danish, Norwegian, and Dutch word ""and,"" and the German word ""angst.""",Angst | Angst | Alps,"Angst is fear or anxiety (anguish is its Latinate equivalent, and the words anxious and anxiety are of similar origin). The dictionary definition for angst is a feeling of anxiety, apprehension, or insecurity.

Etymology
The word angst was introduced into English from the Danish, Norwegian, and Dutch word  and the German word . It is attested since the 19th century in English translations of the works of Søren Kierkegaard and Sigmund Freud. It is used in English to describe an intense feeling of",False,True,1.0,0.8747391104698181,0.016898691654205322
hybrid,323,Angst,Since which century has the word “angst” existed in German?,The 8th century.,"Since the 8th century, the word ""angst"" has existed in German.",Angst | Angst | Antisemitism,"Angst is fear or anxiety (anguish is its Latinate equivalent, and the words anxious and anxiety are of similar origin). The dictionary definition for angst is a feeling of anxiety, apprehension, or insecurity.

Etymology
The word angst was introduced into English from the Danish, Norwegian, and Dutch word  and the German word . It is attested since the 19th century in English translations of the works of Søren Kierkegaard and Sigmund Freud. It is used in English to describe an intense feeling of",False,True,1.0,0.9821869134902954,4.780292510986328e-05
hybrid,324,Anxiety,What is the primary difference between anxiety and fear as described in the passage?,"Fear is defined as the emotional response to a real threat, whereas anxiety is the anticipation of a future threat.","The primary difference between anxiety and fear, according to the passage, lies in their definitions:

- **Fear** is defined as the emotional response to a real or perceived immediate threat, typically involving a fight-or-flight reaction.
  
- **Anxiety**, on the other hand, is described as the anticipation of a future threat, often leading to nervous behavior such as pacing, somatic complaints, and rumination. It differs from fear because it does not necessarily involve a direct threat but rather the expectation of one.

In summary, fear is a reactive emotion triggered by actual or impending danger, while anxiety is a proactive anticipation of potential threats.",Anxiety | Anxiety | Anxiety,"Anxiety is an emotion which is characterized by an unpleasant state of inner turmoil and includes feelings of dread over anticipated events. Anxiety is different from fear in that fear is defined as the emotional response to a real threat, whereas anxiety is the anticipation of a future threat. It is often accompanied by nervous behavior such as pacing back and forth, somatic complaints, and rumination.

Anxiety is a feeling of uneasiness and worry, usually generalized and unfocused as an overre",False,True,0.9,0.9555581212043762,0.062216997146606445
hybrid,325,Anxiety,Name three physical symptoms that may accompany anxiety according to the passage.,"muscular tension, restlessness, and fatigue","Based on the provided context, here are three physical symptoms that may accompany anxiety:

1. Headache
2. Paresthesias (numbness or tingling sensation)
3. Vertigo (a spinning sensation)",Anxiety | Anxiety | Anxiety,"You feel an intense fear when you think of dying, or you may think of it more often than normal, or can't get it out of your mind.""

The physiological symptoms of anxiety may include:
Neurological, as headache, paresthesias, fasciculations, vertigo, or presyncope.
Digestive, as abdominal pain, nausea, diarrhea, indigestion, dry mouth, or bolus. Stress hormones released in an anxious state have an impact on bowel function and can manifest physical symptoms that may contribute to or exacerbate IBS",False,True,0.0,0.3746362030506134,0.08866232633590698
hybrid,326,A. A. Milne,What rank did Alan Alexander Milne hold in the Royal Warwickshire Regiment during the First World War?,lieutenant,Lieutenant,A. A. Milne | A. A. Milne | A. A. Milne,"His teammates included fellow writers J. M. Barrie, Arthur Conan Doyle and P. G. Wodehouse.

Milne joined the British Army in World War I and served as an officer in the Royal Warwickshire Regiment. He was commissioned into the 4th Battalion, Royal Warwickshire Regiment, on 1 February 1915 as a second lieutenant (on probation). His commission was confirmed on 20 December 1915. He served on the Somme as a signals officer from July-November 1916, but caught trench fever and was invalided back to E",False,True,1.0,0.871749222278595,0.7066967487335205
hybrid,327,A. A. Milne,To which library did Milne bequeath the original manuscripts of the Winnie-the-Pooh stories?,"the Wren Library at Trinity College, Cambridge","To which library did Milne bequeath the original manuscripts of the Winnie-the-Pooh stories? Answer: The original manuscripts of the Winnie-the-Pooh stories were bequeathed to the Wren Library at Trinity College, Cambridge, his alma mater.",A. A. Milne | A. A. Milne | A. A. Milne,"Alan Alexander Milne (; 18 January 1882 – 31 January 1956) was an English writer best known for his books about the teddy bear Winnie-the-Pooh, as well as for children's poetry. Milne was primarily a playwright before the huge success of Winnie-the-Pooh overshadowed all his previous work. Milne served in both World Wars, as a lieutenant in the Royal Warwickshire Regiment in the First World War and as a captain in the Home Guard in the Second World War.

Milne was the father of bookseller Christo",False,True,1.0,0.9781237244606018,0.0005004405975341797
hybrid,328,Asociación Alumni,In which division does the senior squad of Asociación Alumni currently compete?,"Top 12, the first division of the Unión de Rugby de Buenos Aires league system.",Top 12,Asociación Alumni | Asociación Alumni | American Football Conference,"Asociación Alumni, usually just Alumni, is an Argentine rugby union club located in Tortuguitas, Greater Buenos Aires. The senior squad currently competes at Top 12, the first division of the Unión de Rugby de Buenos Aires league system.

The club has ties with former football club Alumni because both were established by Buenos Aires English High School students.

History

Background

The first club with the name ""Alumni"" played association football, having been found in 1898 by students of Buen",False,True,0.16666666666666666,0.8689659237861633,0.9783846661448479
hybrid,329,Asociación Alumni,"Who proposed the name ""Alumni"" for the original football club?","Carlos Bowers, a former student of the Buenos Aires English High School.","Carlos Bowers proposed the name ""Alumni"" for the original football club.",Asociación Alumni | Asociación Alumni | Adelaide,"Asociación Alumni, usually just Alumni, is an Argentine rugby union club located in Tortuguitas, Greater Buenos Aires. The senior squad currently competes at Top 12, the first division of the Unión de Rugby de Buenos Aires league system.

The club has ties with former football club Alumni because both were established by Buenos Aires English High School students.

History

Background

The first club with the name ""Alumni"" played association football, having been found in 1898 by students of Buen",False,True,0.2222222222222222,0.9171165227890015,3.337860107421875e-05
hybrid,330,Axiom,"From which language does the term ""axiom"" originate, and what does it mean?","It comes from the Ancient Greek word (), meaning 'that which is thought worthy or fit' or 'that which commends itself as evident'.","The term ""axiom"" originates from the Greek word **áxios**, which means ""worthy,"" ""proper,"" or ""having (the same) value (as)."" In classical philosophy, an axiom is a statement that is considered self-evidently true without requiring proof.",Axiom | Axiom | Axiom,"These examples are metatheorems of our theory of mathematical logic since we are dealing with the very concept of proof itself. Aside from this, we can also have Existential Generalization:

Axiom scheme for Existential Generalization. Given a formula  in a first-order language , a variable  and a term  that is substitutable for  in , the below formula is universally valid.

Non-logical axioms
Non-logical axioms are formulas that play the role of theory-specific assumptions. Reasoning about two ",False,True,0.2727272727272727,0.8259083032608032,0.006692826747894287
hybrid,331,Axiom,What are the two categories of axioms in mathematics mentioned in the passage?,Logical axioms and non‑logical axioms.,"The two categories of axioms in mathematics mentioned in the passage are:

1. Logical axioms
2. Non-logical axioms

Logical axioms are statements that are assumed to be true without proof and form part of the foundational framework of a logical system. Non-logical axioms, on the other hand, are specific to a particular mathematical theory and provide the necessary assumptions to develop and understand that theory.",Axiom | Axiom | Axiom,"It was the early hope of modern logicians that various branches of mathematics, perhaps all of mathematics, could be derived from a consistent collection of basic axioms. An early success of the formalist program was Hilbert's formalization of Euclidean geometry, and the related demonstration of the consistency of those axioms.

In a wider context, there was an attempt to base all of mathematics on Cantor's set theory. Here, the emergence of Russell's paradox and similar antinomies of naïve set ",False,True,1.0,0.7749395966529846,0.011664748191833496
hybrid,332,Alpha,What numeric value does alpha have in the system of Greek numerals?,One.,One.,Alpha | Alpha | Alpha,"Alpha  (uppercase , lowercase ; , , or ) is the first letter of the Greek alphabet. In the system of Greek numerals, it has a value of one. Alpha is derived from the Phoenician letter aleph , which is the West Semitic word for ""ox"". Letters that arose from alpha include the Latin letter A and the Cyrillic letter А.

Uses

Greek
In Ancient Greek, alpha was pronounced  and could be either phonemically long ([aː]) or short ([a]). Where there is ambiguity, long and short alpha are sometimes written ",False,True,1.0,0.9353995323181152,0.124106764793396
hybrid,333,Alpha,Which letters are mentioned as having arisen from alpha?,The Latin letter A and the Cyrillic letter А.,Letters that arose from alpha include the Latin letter A and the Cyrillic letter А.,Alpha | Alpha | A,"Alpha  (uppercase , lowercase ; , , or ) is the first letter of the Greek alphabet. In the system of Greek numerals, it has a value of one. Alpha is derived from the Phoenician letter aleph , which is the West Semitic word for ""ox"". Letters that arose from alpha include the Latin letter A and the Cyrillic letter А.

Uses

Greek
In Ancient Greek, alpha was pronounced  and could be either phonemically long ([aː]) or short ([a]). Where there is ambiguity, long and short alpha are sometimes written ",False,True,1.0,0.9770903587341309,0.07985377311706543
hybrid,334,Alvin Toffler,What are Alvin Toffler's birth and death dates?,"He was born on October 4, 1928 and died on June 27, 2016.","Alvin Toffler was born on October 4, 1928, and he died on June 27, 2016.",Alvin Toffler | Alvin Toffler | Alvin Toffler,"No cause of death was given. He is buried at Westwood Memorial Park.

Bibliography
Alvin Toffler co-wrote his books with his wife Heidi.
 The Culture Consumers (1964) St. Martin's Press, 
 The Schoolhouse in the City (1968) Praeger (editors), 
 Future Shock (1970) Bantam Books, 
 The Futurists (1972) Random House (editors), 
 Learning for Tomorrow (1974) Random House (editors), 
 The Eco-Spasm Report (1975) Bantam Books, 
 The Third Wave (1980) Bantam Books, 
 Previews & Premises (1983) William ",False,True,1.0,0.5938332080841064,0.0001214742660522461
hybrid,335,Alvin Toffler,"What is the title of Alvin Toffler's first major book about the future, and how many copies has it sold?","The book is ""Future Shock"" and it has sold over 6 million copies.","The title of Alvin Toffler's first major book about the future is ""Future Shock"". According to the provided context, it has sold over 6 million copies worldwide.",Alvin Toffler | Alvin Toffler | Alvin Toffler,"Alvin Eugene Toffler (October 4, 1928 – June 27, 2016) was an American writer, futurist, and businessman known for his works discussing modern technologies, including the digital revolution and the communication revolution, with emphasis on their effects on cultures worldwide. He is regarded as one of the world's outstanding futurists.

Toffler was an associate editor of Fortune magazine. In his early works he focused on technology and its impact, which he termed ""information overload."" In 1970,",False,True,1.0,0.9856951832771301,0.0006071329116821289
hybrid,336,The Amazing Spider-Man,In what month and year did The Amazing Spider-Man series begin publication?,March 1963,The Amazing Spider-Man series began publication in March 1963.,The Amazing Spider-Man | The Amazing Spider-Man | The Amazing Spider-Man,"The Amazing Spider-Man is an ongoing American superhero comic book series featuring the Marvel Comics superhero Spider-Man as its title character and main protagonist. Being in the mainstream continuity of the franchise, it was the character's first title, launching seven months after his introduction in the final issue of Amazing Fantasy. The series began publication with a March 1963 cover date and has been published nearly continuously to date over six volumes with only one significant interr",False,True,1.0,0.9867718815803528,3.5762786865234375e-06
hybrid,337,The Amazing Spider-Man,How many issues had The Amazing Spider-Man reached by 2022?,900 issues,"By 2022, The Amazing Spider-Man had reached 900 issues.",The Amazing Spider-Man | The Amazing Spider-Man | The Amazing Spider-Man,"The Amazing Spider-Man is an ongoing American superhero comic book series featuring the Marvel Comics superhero Spider-Man as its title character and main protagonist. Being in the mainstream continuity of the franchise, it was the character's first title, launching seven months after his introduction in the final issue of Amazing Fantasy. The series began publication with a March 1963 cover date and has been published nearly continuously to date over six volumes with only one significant interr",False,True,1.0,0.9885699152946472,2.384185791015625e-05
hybrid,338,AM,"What does the abbreviation ""AM"" represent as a United States Navy hull classification symbol?",minesweeper,"The abbreviation ""AM"" represents a minesweeper in the United States Navy.",AM | Abbreviation | Abbreviation,"AM or Am may refer to:

Arts and entertainment

Music
 A minor, a minor scale in music
 A.M. (Chris Young album)
 A.M. (Wilco album)
 AM (Abraham Mateo album) 
 AM (Arctic Monkeys album)
 AM (musician), American musician
 Am, the A minor chord symbol
 Armeemarschsammlung (Army March Collection), catalog of German military march music
 Andrew Moore (musician), Canadian musician known as A.M.
 DJ AM, American DJ and producer
 Skengdo & AM, British hip hop duo

Television and radio
 AM (radio progr",False,True,1.0,0.9937505125999451,2.0623207092285156e-05
hybrid,339,AM,"Which musical group released an album titled ""AM"" that is listed in the passage?",AM (Arctic Monkeys album),"DJ AM, American DJ and producer",Afro Celt Sound System | AM | ABBA,"Afro Celt Sound System are a European and African group who fuse electronic music with traditional Gaelic and West African music. Afro Celt Sound System were formed in 1995 by producer-guitarist Simon Emmerson, and feature a wide range of guest artists. In 2003, they temporarily changed their name to Afrocelts before reverting to their original name.

Their albums have been released through Peter Gabriel's Real World Records, and they have frequently performed at WOMAD festivals worldwide. Their",False,True,0.25,0.9969084858894348,0.965867392718792
hybrid,340,Antigua and Barbuda,What is the capital city of Antigua and Barbuda?,"St. John's, Antigua","St. John's, Antigua, is the capital, major city, and largest port of Antigua and Barbuda.",Antigua and Barbuda | Antigua and Barbuda | Antigua and Barbuda,"Antigua and Barbuda (, ) is a sovereign island country in the Caribbean. It lies at the conjuncture of the Caribbean Sea and the Atlantic Ocean in the Leeward Islands part of the Lesser Antilles.

The country consists of two major islands, Antigua and Barbuda, which are approximately  apart, and several smaller islands, including Great Bird, Green, Guiana, Long, Maiden, Prickly Pear, York, and Redonda. The permanent population is approximately 97,120 ( estimates), with 97% residing in Antigua. S",False,True,1.0,0.9533400535583496,0.0343586802482605
hybrid,341,Antigua and Barbuda,When did Antigua and Barbuda gain full independence from the United Kingdom?,1 November 1981,Antigua and Barbuda gained full independence from the United Kingdom on 1 November 1981.,Antigua and Barbuda | Antigua and Barbuda | Antigua and Barbuda,"Part of the Leeward Islands colony, Antigua and Barbuda became part of the short-lived West Indies Federation from 1958 to 1962. Antigua and Barbuda subsequently became an associated state of the United Kingdom with full internal autonomy on 27 February 1967. The 1970s were dominated by discussions as to the islands' future and the rivalry between Vere Bird of the Antigua and Barbuda Labour Party (ABLP) (Premier from 1967 to 1971 and 1976 to 1981) and the Progressive Labour Movement (PLM) of Geo",False,True,1.0,0.9843531250953674,2.3365020751953125e-05
hybrid,342,Azincourt,In which department of France is the commune of Azincourt located?,Pas-de-Calais,Pas-de-Calais,Azincourt | Azincourt | Andorra,"Azincourt (), historically known in English as Agincourt ( ), is a commune in the Pas-de-Calais department in northern France. It is situated  north-west of Saint-Pol-sur-Ternoise on the D71 road between Hesdin and Fruges.

The Late Medieval Battle of Agincourt between the English and the French took place in the commune in 1415.

Toponym
The name is attested as Aisincurt in 1175, derived from a Germanic masculine name Aizo, Aizino and the early Northern French word curt (which meant a farm with",False,True,1.0,0.806627094745636,0.9988304898142815
hybrid,343,Azincourt,On what date was the Battle of Agincourt fought?,25 October 1415,"The Battle of Agincourt, also known as the Battle of Azincourt, was fought on 25 October 1415.",Azincourt | Azincourt | August 6,"Azincourt (), historically known in English as Agincourt ( ), is a commune in the Pas-de-Calais department in northern France. It is situated  north-west of Saint-Pol-sur-Ternoise on the D71 road between Hesdin and Fruges.

The Late Medieval Battle of Agincourt between the English and the French took place in the commune in 1415.

Toponym
The name is attested as Aisincurt in 1175, derived from a Germanic masculine name Aizo, Aizino and the early Northern French word curt (which meant a farm with",False,True,1.0,0.9303414821624756,0.00017529726028442383
hybrid,344,Albert Speer,When was Albert Speer appointed as Reich Minister of Armaments and War Production?,February 1942,Albert Speer was appointed as Reich Minister of Armaments and War Production on 8 February 1942.,Albert Speer | Albert Speer | Albert Speer,"Berthold Konrad Hermann Albert Speer (; ; 19 March 1905 – 1 September 1981) was a German architect who served as the Minister of Armaments and War Production in Nazi Germany during most of World War II. A close ally of Adolf Hitler, he was convicted at the Nuremberg trial and sentenced to 20 years in prison.

An architect by training, Speer joined the Nazi Party in 1931. His architectural skills made him increasingly prominent within the Party, and he became a member of Hitler's inner circle. Hi",False,True,1.0,0.8178209066390991,1.3113021850585938e-05
hybrid,345,Albert Speer,What length of prison sentence was Albert Speer given after the Nuremberg trial?,20 years in prison,Twenty years,Albert Speer | Albert Speer | Albert Speer,"Berthold Konrad Hermann Albert Speer (; ; 19 March 1905 – 1 September 1981) was a German architect who served as the Minister of Armaments and War Production in Nazi Germany during most of World War II. A close ally of Adolf Hitler, he was convicted at the Nuremberg trial and sentenced to 20 years in prison.

An architect by training, Speer joined the Nazi Party in 1931. His architectural skills made him increasingly prominent within the Party, and he became a member of Hitler's inner circle. Hi",False,True,0.3333333333333333,0.9246310591697693,0.8036365211009979
hybrid,346,Asteraceae,In what year were the Compositae first described?,1740,"The Compositae, originally named Asteraceae, were first described in 1740 by Dutch botanist Adriaan van Royen.",Asteraceae | Asteraceae | Asteraceae,"Taxonomy

History
Compositae, the original name for Asteraceae, were first described in 1740 by Dutch botanist Adriaan van Royen. Traditionally, two subfamilies were recognised: Asteroideae (or Tubuliflorae) and Cichorioideae (or Liguliflorae). The latter has been shown to be extensively paraphyletic, and has now been divided into 12 subfamilies, but the former still stands. The study of this family is known as synantherology.

Phylogeny

The phylogenetic tree of subfamilies presented below is b",False,True,1.0,0.9455969333648682,0.004399418830871582
hybrid,347,Asteraceae,How many known species does the family Asteraceae consist of?,"over 32,000 known species","Over 32,000 known species of flowering plants are included in the family Asteraceae.",Asteraceae | Asterales | Asteraceae,"The family Asteraceae (), with the original name Compositae, consists of over 32,000 known species of flowering plants in over 1,900 genera within the order Asterales. Commonly referred to as the aster, daisy, composite, or sunflower family, Compositae were first described in the year 1740. The number of species in Asteraceae is rivaled only by the Orchidaceae, and which is the larger family is unclear as the quantity of extant species in each family is unknown. 

Most species of Asteraceae are ",False,True,1.0,0.9852200746536255,0.004239857196807861
hybrid,348,Apiaceae,How many species are estimated to be in the Apiaceae family?,"More than 3,800 species.","More than 3,800 species are estimated to be in the Apiaceae family.",Apiaceae | Apiales | Apiaceae,"Apiaceae () or Umbelliferae is a family of mostly aromatic flowering plants named after the type genus Apium and commonly known as the celery, carrot or parsley family, or simply as umbellifers. It is the 16th-largest family of flowering plants, with more than 3,800 species in about 446 genera, including such well-known and economically important plants as ajwain, angelica, anise, asafoetida, caraway, carrot, celery, chervil, coriander, cumin, dill, fennel, lovage, cow parsley, parsley, parsnip ",False,True,1.0,0.9445300102233887,0.0002759099006652832
hybrid,349,Apiaceae,What common name is given to the Apiaceae family?,"It is commonly known as the celery, carrot or parsley family, or simply as umbellifers.","The common name given to the Apiaceae family is the celery, carrot or parsley family, or simply as umbellifers.",Apiales | Apiaceae | Apiaceae,"The Apiales are an order of flowering plants. The families are those recognized in the APG III system. This is typical of the newer classifications, though there is some slight variation and in particular, the Torriceliaceae may also be divided.

Under this definition, well-known members include carrots, celery, parsley, and Hedera helix (English ivy).

The order Apiales is placed within the asterid group of eudicots as circumscribed by the APG III system. Within the asterids, Apiales belongs to",False,True,0.75,0.9879531860351562,0.00038373470306396484
hybrid,350,Axon,What are the three groups of nerve fibers mentioned in the passage?,"Group A nerve fibers, group B nerve fibers, and group C nerve fibers.","The three groups of nerve fibers mentioned in the passage are Group A nerve fibers, Group B nerve fibers, and Group C nerve fibers.",Axon | Axon | Axon,"An axon (from Greek ἄξων áxōn, axis), or nerve fiber (or nerve fibre: see spelling differences), is a long, slender projection of a nerve cell, or neuron, in vertebrates, that typically conducts electrical impulses known as action potentials away from the nerve cell body. The function of the axon is to transmit information to different neurons, muscles, and glands. In certain sensory neurons (pseudounipolar neurons), such as those for touch and warmth, the axons are called afferent nerve fibers ",False,True,1.0,0.9524462819099426,0.001223146915435791
hybrid,351,Axon,Which groups of nerve fibers are myelinated according to the passage?,Groups A and B are myelinated.,"According to the passage, myelinated nerve fibers are classified into two main groups:

1. Group A nerve fibers, which are further divided into four subgroups: Aα, Aβ, Aγ, and Aδ.
2. Group B nerve fibers, which are not explicitly mentioned but are implied to exist alongside Group A fibers due to the mention of ""other"" classifications.

These groups include both sensory fibers and motor fibers.",Axon | Axon | Axon,"The numbers of axonal telodendria (the branching structures at the end of the axon) can also differ from one nerve fiber to the next. Axons in the central nervous system (CNS) typically show multiple telodendria, with many synaptic end points. In comparison, the cerebellar granule cell axon is characterized by a single T-shaped branch node from which two parallel fibers extend. Elaborate branching allows for the simultaneous transmission of messages to a large number of target neurons within a s",False,True,1.0,0.4052506685256958,0.14360755681991577
hybrid,352,Aramaic alphabet,"Which group adopted the Aramaic alphabet for writing Hebrew, displacing the Paleo‑Hebrew alphabet?",Jews,Jews (but not Samaritans),Aramaic alphabet | Aramaic alphabet | Aramaic alphabet,"Among the descendant scripts in modern use, the Jewish Hebrew alphabet bears the closest relation to the Imperial Aramaic script of the 5th century BC, with an identical letter inventory and, for the most part, nearly identical letter shapes. By contrast the Samaritan Hebrew script is directly descended from Proto-Hebrew/Phoenician script, which was in turn the ancestor of the Aramaic alphabet. The Aramaic alphabet was also an ancestor to the Nabataean alphabet, which in turn had the Arabic alph",False,True,1.0,0.960853099822998,0.7610948383808136
hybrid,353,Aramaic alphabet,What term did Peter T. Daniels use to describe writing systems like Aramaic that indicate consonants but not most vowels?,abjads,"Peter T. Daniels used the term ""abjad"" to describe writing systems like Aramaic that indicate consonants but not most vowels.",Aramaic alphabet | Abjad | Abugida,"The ancient Aramaic alphabet was used to write the Aramaic languages spoken by ancient Aramean pre-Christian tribes throughout the Fertile Crescent. It was also adopted by other peoples as their own alphabet when empires and their subjects underwent linguistic Aramaization during a language shift for governing purposes—a precursor to Arabization centuries later—including among Assyrians who permanently replaced their Akkadian language and its cuneiform script with Aramaic and its script, and amo",False,True,0.0,0.9896531701087952,6.473064422607422e-05
hybrid,354,Acute disseminated encephalomyelitis,What is the reported annual incidence of acute disseminated encephalomyelitis (ADEM) per million people?,"About 8 per 1,000,000 people per year.","The reported annual incidence of acute disseminated encephalomyelitis (ADEM) per million people is about 8 per 1,000,000.",Acute disseminated encephalomyelitis | Acute disseminated encephalomyelitis | Acute disseminated encephalomyelitis,"Acute disseminated encephalomyelitis (ADEM), or acute demyelinating encephalomyelitis, is a rare autoimmune disease marked by a sudden, widespread attack of inflammation in the brain and spinal cord. As well as causing the brain and spinal cord to become inflamed, ADEM also attacks the nerves of the central nervous system and damages their myelin insulation, which, as a result, destroys the white matter. The cause is often a trigger such as from viral infection or vaccinations.

ADEM's symptoms ",False,True,0.8571428571428571,0.8520792722702026,0.00028520822525024414
hybrid,355,Acute disseminated encephalomyelitis,What is the average age range of most reported ADEM cases?,Around 5 to 8 years old.,The average age range of most reported ADEM cases is 5 to 8 years old.,Acute disseminated encephalomyelitis | Acute disseminated encephalomyelitis | Acute disseminated encephalomyelitis,"Acute disseminated encephalomyelitis (ADEM), or acute demyelinating encephalomyelitis, is a rare autoimmune disease marked by a sudden, widespread attack of inflammation in the brain and spinal cord. As well as causing the brain and spinal cord to become inflamed, ADEM also attacks the nerves of the central nervous system and damages their myelin insulation, which, as a result, destroys the white matter. The cause is often a trigger such as from viral infection or vaccinations.

ADEM's symptoms ",False,True,0.8,0.9631333351135254,0.0006615519523620605
hybrid,356,Ataxia,What term is used to describe ataxia that is limited to one side of the body?,hemiataxia,Hemiataxia is the term used to describe ataxia that is limited to one side of the body.,Ataxia | Ataxia | Ataxia,"Ataxia (from Greek α- [a negative prefix] + -τάξις [order] = ""lack of order"") is a neurological sign consisting of lack of voluntary coordination of muscle movements that can include gait abnormality, speech changes, and abnormalities in eye movements, that indicates dysfunction of parts of the nervous system that coordinate movement, such as the cerebellum.

These nervous system dysfunctions occur in several different patterns, with different results and different possible causes. Ataxia can be",False,True,1.0,0.9930457472801208,0.000979304313659668
hybrid,357,Ataxia,What is the name for a mild degree of ataxia?,Dystaxia,Dystaxia is the term used for a mild degree of ataxia.,Ataxia | Ataxia | Ataxia,"Ataxia (from Greek α- [a negative prefix] + -τάξις [order] = ""lack of order"") is a neurological sign consisting of lack of voluntary coordination of muscle movements that can include gait abnormality, speech changes, and abnormalities in eye movements, that indicates dysfunction of parts of the nervous system that coordinate movement, such as the cerebellum.

These nervous system dysfunctions occur in several different patterns, with different results and different possible causes. Ataxia can be",False,True,1.0,0.9879466891288757,0.005050539970397949
hybrid,358,Ada Lovelace,"When was Augusta Ada King, Countess of Lovelace born and when did she die?",She was born on 10 December 1815 and died on 27 November 1852.,"Augusta Ada King, Countess of Lovelace was born on 10 December 1815 and died on 27 November 1852.",Ada Lovelace | Ada Lovelace | Ada Lovelace,"Augusta Ada King, Countess of Lovelace (née Byron; 10 December 1815 – 27 November 1852) was an English mathematician and writer, chiefly known for her work on Charles Babbage's proposed mechanical general-purpose computer, the Analytical Engine. She was the first to recognise that the machine had applications beyond pure calculation.

Ada Byron was the only legitimate child of poet Lord Byron and reformer Lady Byron. All Lovelace's half-siblings, Lord Byron's other children, were born out of wed",False,True,0.8888888888888888,0.794627845287323,6.532669067382812e-05
hybrid,359,Ada Lovelace,Who did Ada Lovelace marry and in what year did her husband become Earl of Lovelace?,"She married William King in 1835, and he was made Earl of Lovelace in 1838.","Ada Lovelace married William, 8th Baron King, in 1835. Her husband became Earl of Lovelace in 1838.",Ada Lovelace | Ada Lovelace | Ada Lovelace,"She was presented at Court at the age of seventeen ""and became a popular belle of the season"" in part because of her ""brilliant mind"". By 1834 Ada was a regular at Court and started attending various events. She danced often and was able to charm many people, and was described by most people as being dainty, although John Hobhouse, Byron's friend, described her as ""a large, coarse-skinned young woman but with something of my friend's features, particularly the mouth"". This description followed t",False,True,0.7,0.8939046859741211,0.00026744604110717773
hybrid,360,August Derleth,When was August Derleth born?,"February 24, 1909","August Derleth was born on February 24, 1909.",August Derleth | August Derleth | August Derleth,"David E. Schultz and S.T. Joshi (eds). Eccentric, Impractical Devils: The Letters of August Derleth and Clark Ashton Smith. NY: Hippocampus Press, 2020.

External links

 The August Derleth Society 
 A biography
 August Derleth Bibliography
 
 
 Derleth Collection guides at University of Wisconsin Libraries: papers; comics
 Derleth Collection guide at Syracuse University

Works
 
 
 
 

1909 births
1971 deaths
University of Wisconsin–Madison alumni
American short story writers
American mystery w",False,True,1.0,0.9272207617759705,2.5033950805664062e-06
hybrid,361,August Derleth,What fictional detective did Derleth create as a pastiche of Sherlock Holmes?,Solar Pons,Derleth created the fictional detective Solar Pons as a pastiche of Sherlock Holmes.,August Derleth | August Derleth | Hercule Poirot,"A close literary relative of the Sac Prairie Saga was Derleth's Wisconsin Saga, which comprises several historical novels.

Detective fiction and ""Solar Pons""
Detective fiction represented another substantial body of Derleth's work. Most notable among this work was a series of 70 stories in affectionate pastiche of Sherlock Holmes, whose creator, Sir Arthur Conan Doyle, he admired greatly. The stories feature a Holmes-styled British detective named Solar Pons, of 7B Praed Street in London. These",False,True,1.0,0.9875942468643188,2.1457672119140625e-06
hybrid,362,Alps,How many Alpine countries does the Alps stretch across?,Eight,The Alps stretch across eight Alpine countries.,Alps | Alps | Alps,"The Alps () are the highest and most extensive mountain range that is entirely in Europe, stretching approximately  across eight Alpine countries (from west to east): Monaco, France, Switzerland, Italy, Liechtenstein, Germany, Austria and Slovenia.

The Alpine arch extends from Nice on the western Mediterranean to Trieste on the Adriatic and Vienna at the beginning of the Pannonian Basin. The mountains were formed over tens of millions of years as the African and Eurasian tectonic plates collide",False,True,1.0,0.9786706566810608,8.153915405273438e-05
hybrid,363,Alps,Which mountain spans the French–Italian border and is the highest mountain in the Alps?,Mont Blanc,Mont Blanc,Alps | Alps | Alps,"The Alps () are the highest and most extensive mountain range that is entirely in Europe, stretching approximately  across eight Alpine countries (from west to east): Monaco, France, Switzerland, Italy, Liechtenstein, Germany, Austria and Slovenia.

The Alpine arch extends from Nice on the western Mediterranean to Trieste on the Adriatic and Vienna at the beginning of the Pannonian Basin. The mountains were formed over tens of millions of years as the African and Eurasian tectonic plates collide",False,True,1.0,0.8671795725822449,0.9962782915681601
hybrid,364,Albert Camus,In what year did Albert Camus receive the Nobel Prize in Literature?,1957,1957,Albert Camus | Albert Camus | Albert Camus,"Albert Camus ( ,  ; ; 7 November 1913 – 4 January 1960) was an Algerian-French  philosopher, author, dramatist, journalist, and political activist. He was the recipient of the 1957 Nobel Prize in Literature at the age of 44, the second-youngest recipient in history. His works include The Stranger, The Plague, The Myth of Sisyphus, The Fall, and The Rebel.

Camus was born in French Algeria to Pieds Noirs parents. He spent his childhood in a poor neighbourhood and later studied philosophy at the U",False,True,1.0,0.6661157011985779,0.9982691697077826
hybrid,365,Albert Camus,What position did Albert Camus hold at the newspaper Combat during World War II?,Editor-in-chief,"During World War II, Albert Camus held an active role at the newspaper Combat. Specifically, he worked as a journalist and editor of the banned newspaper.",Albert Camus | Albert Camus | Albert Camus,"Albert Camus ( ,  ; ; 7 November 1913 – 4 January 1960) was an Algerian-French  philosopher, author, dramatist, journalist, and political activist. He was the recipient of the 1957 Nobel Prize in Literature at the age of 44, the second-youngest recipient in history. His works include The Stranger, The Plague, The Myth of Sisyphus, The Fall, and The Rebel.

Camus was born in French Algeria to Pieds Noirs parents. He spent his childhood in a poor neighbourhood and later studied philosophy at the U",False,True,0.5,0.9638198614120483,0.016121864318847656
hybrid,366,Agatha Christie,How many detective novels did Agatha Christie write?,66,66,Agatha Christie | Agatha Christie | Agatha Christie,"Dame Agatha Mary Clarissa Christie, Lady Mallowan,  (; 15 September 1890 – 12 January 1976) was an English writer known for her 66 detective novels and 14 short story collections, particularly those revolving around fictional detectives Hercule Poirot and Miss Marple. She also wrote the world's longest-running play, the murder mystery The Mousetrap, which has been performed in the West End since 1952. A writer during the ""Golden Age of Detective Fiction"", Christie has been called the ""Queen of C",False,True,1.0,0.9261713624000549,0.9719392582774162
hybrid,367,Agatha Christie,In what year was Agatha Christie made a Dame (DBE) by Queen Elizabeth II?,1971,1971,Agatha Christie | Agatha Christie | Agatha Christie,"Dame Agatha Mary Clarissa Christie, Lady Mallowan,  (; 15 September 1890 – 12 January 1976) was an English writer known for her 66 detective novels and 14 short story collections, particularly those revolving around fictional detectives Hercule Poirot and Miss Marple. She also wrote the world's longest-running play, the murder mystery The Mousetrap, which has been performed in the West End since 1952. A writer during the ""Golden Age of Detective Fiction"", Christie has been called the ""Queen of C",False,True,1.0,0.8331174254417419,0.9994786637253128
hybrid,368,The Plague (novel),When was the cholera epidemic that Camus used as source material for The Plague?,1849,The cholera epidemic that Camus used as source material for The Plague occurred in 1849.,The Plague (novel) | The Plague (novel) | Albert Camus,"The Plague () is a 1947 absurdist novel by Albert Camus. It tells the story from the point of view of a narrator in the midst of a plague sweeping the French Algerian city of Oran. The narrator remains unknown until the start of the last chapter. The novel presents a snapshot of life in Oran as seen through the author's distinctive absurdist point of view.

Camus used as source material the cholera epidemic that killed a large proportion of Oran's population in 1849, but situated the novel in th",False,True,1.0,0.9334186315536499,8.225440979003906e-06
hybrid,369,The Plague (novel),How many cases were reported in the 1944 outbreak in Oran?,95 cases,95 cases,The Plague (novel) | Angola | The Plague (novel),"The Plague () is a 1947 absurdist novel by Albert Camus. It tells the story from the point of view of a narrator in the midst of a plague sweeping the French Algerian city of Oran. The narrator remains unknown until the start of the last chapter. The novel presents a snapshot of life in Oran as seen through the author's distinctive absurdist point of view.

Camus used as source material the cholera epidemic that killed a large proportion of Oran's population in 1849, but situated the novel in th",False,True,1.0,0.2569809854030609,0.9731898065656424
hybrid,370,Applied ethics,"In which decade did the field of applied ethics, as it appears today, emerge?",the early 1970s,"The field of applied ethics, as it appears today, emerged in the early 1970s.",Applied ethics | Applied ethics | Applied ethics,"Applied ethics is the practical aspect of moral considerations. It is ethics with respect to real-world actions and their moral considerations in private and public life, the professions, health, technology, law, and leadership. For example, bioethics is concerned with identifying the best approach to moral issues in the life sciences, such as euthanasia, the allocation of scarce health resources, or the use of human embryos in research. Environmental ethics is concerned with ecological issues s",False,True,1.0,0.9833762049674988,1.4543533325195312e-05
hybrid,371,Applied ethics,"According to the passage, what does business ethics include?",the duties of whistleblowers to the public and to their employers,"According to the passage, business ethics includes the duties of whistleblowers to the public and to their employers.",Applied ethics | Applied ethics | Applied ethics,"Applied ethics is the practical aspect of moral considerations. It is ethics with respect to real-world actions and their moral considerations in private and public life, the professions, health, technology, law, and leadership. For example, bioethics is concerned with identifying the best approach to moral issues in the life sciences, such as euthanasia, the allocation of scarce health resources, or the use of human embryos in research. Environmental ethics is concerned with ecological issues s",False,True,1.0,0.9923235177993774,0.006890416145324707
hybrid,372,Absolute value,"Who introduced the term ""module"" for the complex absolute value and in what year?",Jean-Robert Argand introduced the term module in 1806.,"Jean-Robert Argand introduced the term ""module"" for the complex absolute value in 1806.",Absolute value | Absolute value | Absolute value,"In mathematics, the absolute value or modulus of a real number ,  is the non-negative value  without regard to its sign. Namely,  if  is a positive number, and  if  is negative (in which case negating  makes  positive), and  For example, the absolute value of 3  and the absolute value of −3 is  The absolute value of a number may be thought of as its distance from zero.

Generalisations of the absolute value for real numbers occur in a wide variety of mathematical settings. For example, an absolu",False,True,1.0,0.9238869547843933,0.00016224384307861328
hybrid,373,Absolute value,What notation for absolute value was introduced by Karl Weierstrass and in what year?,Karl Weierstrass introduced the vertical bar notation (|x|) in 1841.,"Karl Weierstrass introduced the notation |x|, with a vertical bar on each side, for the absolute value of x. This notation was first used in 1841.",Absolute value | Absolute value | Absolute value,"In mathematics, the absolute value or modulus of a real number ,  is the non-negative value  without regard to its sign. Namely,  if  is a positive number, and  if  is negative (in which case negating  makes  positive), and  For example, the absolute value of 3  and the absolute value of −3 is  The absolute value of a number may be thought of as its distance from zero.

Generalisations of the absolute value for real numbers occur in a wide variety of mathematical settings. For example, an absolu",False,True,1.0,0.7844685912132263,0.020449399948120117
hybrid,374,Analog signal,What type of signal varies continuously with the pressure of sound waves?,An analog audio signal.,An analog signal varies continuously with the pressure of sound waves.,Acoustics | Analog signal | Acoustics,"Transduction processes are also of special importance to acoustics.

Fundamental concepts

Wave propagation: pressure levels 

In fluids such as air and water, sound waves propagate as disturbances in the ambient pressure level.  While this disturbance is usually small, it is still noticeable to the human ear.  The smallest sound that a person can hear, known as the threshold of hearing, is nine orders of magnitude smaller than the ambient pressure.  The loudness of these disturbances is related",False,True,0.6666666666666666,0.9791401624679565,0.002940654754638672
hybrid,375,Analog signal,What property does an aneroid barometer use to convey pressure information?,Rotary position.,The aneroid barometer uses the rotary position of the aneroid cell to convey pressure information.,Analog signal | Argon | Acoustics,"An analog signal is any continuous-time signal representing some other quantity, i.e., analogous to another quantity. For example, in an analog audio signal, the instantaneous signal voltage varies continuously with the pressure of the sound waves.

In contrast, a digital signal represents the original time-varying quantity as a sampled sequence of quantized values. Digital sampling imposes some bandwidth and dynamic range constraints on the representation and adds quantization error.

The term ",False,True,1.0,0.5885044932365417,0.007204830646514893
hybrid,376,Hercule Poirot,How many short stories featuring Hercule Poirot were published between 1920 and 1975?,51 short stories,51,Hercule Poirot | Agatha Christie | Hercule Poirot,"Hercule Poirot (, ) is a fictional Belgian detective created by British writer Agatha Christie. Poirot is one of Christie's most famous and long-running characters, appearing in 33 novels, two plays (Black Coffee and Alibi), and 51 short stories published between 1920 and 1975.

Poirot has been portrayed on radio, in film and on television by various actors, including Austin Trevor, John Moffatt, Albert Finney, Peter Ustinov, Ian Holm, Tony Randall, Alfred Molina, Orson Welles, David Suchet, Ken",False,True,0.3333333333333333,0.6998019814491272,0.9898695880547166
hybrid,377,Hercule Poirot,What are the titles of the two plays in which Hercule Poirot appears?,Black Coffee and Alibi,Black Coffee and Alibi,Hercule Poirot | Hercule Poirot | Hercule Poirot,"In 2021, L.A. Theatre Works produced an adaptation of The Murder on the Links, dramatised by Kate McAll. Alfred Molina starred as Poirot, with Simon Helberg as Hastings.

Video games 
The video game Agatha Christie - Hercule Poirot: The First Cases has Poirot voice acted by Will De Renzy-Martin.

Parodies and references 

Parodies of Hercule Poirot have appeared in a number of movies, including Revenge of the Pink Panther, where Poirot makes a cameo appearance in a mental asylum, portrayed by An",False,True,1.0,0.9021354913711548,0.8288002759218216
hybrid,378,Miss Marple,In which village does Miss Marple live?,St. Mary Mead,St. Mary Mead,Miss Marple | Miss Marple | Miss Marple,"Miss Jane Marple is a fictional character in Agatha Christie's crime novels and short stories. Miss Marple lives in the village of St. Mary Mead and acts as an amateur consulting detective. Often characterized as an elderly spinster, she is one of Christie's best-known characters and has been portrayed numerous times on screen. Her first appearance was in a short story published in The Royal Magazine in December 1927, ""The Tuesday Night Club"", which later became the first chapter of The Thirteen",False,True,1.0,0.8152871131896973,0.9913725424557924
hybrid,379,Miss Marple,What is the title of the short story in which Miss Marple first appeared?,The Tuesday Night Club,"""The Tuesday Night Club""",Miss Marple | Miss Marple | Miss Marple,"Miss Jane Marple is a fictional character in Agatha Christie's crime novels and short stories. Miss Marple lives in the village of St. Mary Mead and acts as an amateur consulting detective. Often characterized as an elderly spinster, she is one of Christie's best-known characters and has been portrayed numerous times on screen. Her first appearance was in a short story published in The Royal Magazine in December 1927, ""The Tuesday Night Club"", which later became the first chapter of The Thirteen",False,True,1.0,0.8853246569633484,0.885185606777668
hybrid,380,April,How many days long is the month of April?,30 days,The month of April is 30 days long.,April | April | April,"April is the fourth month of the year in the Gregorian and Julian calendars. It is the first of four months to have a length of 30 days, and the second of five months to have a length of less than 31 days.

April is commonly associated with the season of spring in the Northern Hemisphere, and autumn in the Southern Hemisphere, where it is the seasonal equivalent to October in the Northern Hemisphere and vice versa.

History 

The Romans gave this month the Latin name Aprilis but the derivation o",False,True,1.0,0.9405421614646912,4.8160552978515625e-05
hybrid,381,April,To which goddess was April sacred in Roman tradition?,Venus,Venus,April | Aphrodite | April,"April is the fourth month of the year in the Gregorian and Julian calendars. It is the first of four months to have a length of 30 days, and the second of five months to have a length of less than 31 days.

April is commonly associated with the season of spring in the Northern Hemisphere, and autumn in the Southern Hemisphere, where it is the seasonal equivalent to October in the Northern Hemisphere and vice versa.

History 

The Romans gave this month the Latin name Aprilis but the derivation o",False,True,1.0,0.7427704930305481,0.9873018013313413
hybrid,382,August,How many months have a length of 31 days according to the passage?,Seven months.,"According to the passage, there are seven months that have a length of 31 days:

1. January
2. March
3. May
4. June
5. September
6. November
7. December

These are the only months mentioned in the text that have exactly 31 days.",August | August | April,"Commonly repeated lore has it that August has 31 days because Augustus wanted his month to match the length of Julius Caesar's July, but this is an invention of the 13th century scholar Johannes de Sacrobosco. Sextilis in fact had 31 days before it was renamed, and it was not chosen for its length.

Symbols 

  August's birthstones are the peridot, sardonyx, and spinel. Its birth flower is the gladiolus or poppy, meaning beauty, strength of character, love, marriage and family. The Western zodia",False,True,1.0,0.03611241653561592,0.028328299522399902
hybrid,383,August,What was the original Latin name for the month of August?,Sextilis.,Sextilis,August | August | April,"August is the eighth month of the year in the Julian and Gregorian calendars, and the fifth of seven months to have a length of 31 days.

In the Southern Hemisphere, August is the seasonal equivalent of February in the Northern Hemisphere. In the Northern Hemisphere, August falls in the season of summer. In the Southern Hemisphere, the month falls during the season of winter. In many European countries, August is the holiday month for most workers. Numerous religious holidays occurred during Aug",False,True,1.0,0.8960416316986084,0.9980882307281718
hybrid,384,Aaron,"According to the Book of Numbers, how old was Aaron when he died?",123 years,"According to the Book of Numbers, Aaron died at 123 years of age.",Aaron | Aaron | Aaron,"According to Abrahamic religions, Aaron (  or  ) was a prophet, a high priest, and the elder brother of Moses. Information about Aaron comes exclusively from religious texts such as the Hebrew Bible, the New Testament (Luke, Acts, and Hebrews), and the Quran.

The Hebrew Bible relates that, unlike Moses, who grew up in the Egyptian royal court, Aaron and his elder sister Miriam remained with their kinsmen in the northeastern region of the Nile Delta. When Moses first confronted the Egyptian king",False,True,1.0,0.97145676612854,9.274482727050781e-05
hybrid,385,Aaron,"According to the passage, where did Aaron die as stated in the Book of Numbers?",on Mount Hor,"As stated in the Book of Numbers, Aaron died on Mount Hor.",Aaron | Aaron | Aaron,"According to Abrahamic religions, Aaron (  or  ) was a prophet, a high priest, and the elder brother of Moses. Information about Aaron comes exclusively from religious texts such as the Hebrew Bible, the New Testament (Luke, Acts, and Hebrews), and the Quran.

The Hebrew Bible relates that, unlike Moses, who grew up in the Egyptian royal court, Aaron and his elder sister Miriam remained with their kinsmen in the northeastern region of the Nile Delta. When Moses first confronted the Egyptian king",False,True,1.0,0.9281246662139893,2.384185791015625e-05
hybrid,386,April 6,In what year did Julius Caesar defeat Caecilius Metellus Scipio and Marcus Porcius Cato at the Battle of Thapsus?,46 BC,The Battle of Thapsus took place in 46 BC when Julius Caesar defeated Caecilius Metellus Scipio and Marcus Porcius Cato.,August 9 | April 6 | August 2,"Events

Pre-1600
48 BC – Caesar's Civil War: Battle of Pharsalus: Julius Caesar decisively defeats Pompey at Pharsalus and Pompey flees to Egypt.
 378 – Gothic War: Battle of Adrianople: A large Roman army led by Emperor Valens is defeated by the Visigoths. Valens is killed along with over half of his army.
1173 – Construction of the campanile of the Cathedral of Pisa (now known as the Leaning Tower of Pisa) begins; it will take two centuries to complete.
1329 – Quilon, the first Indian Christia",False,True,1.0,0.9701224565505981,0.0001881718635559082
hybrid,387,April 6,Which dynasty was established by King Buddha Yodfa Chulaloke (Rama I) of Siam?,the Chakri dynasty,"Based on the information provided in the context, there is no specific mention of King Buddha Yodfa Chulaloke (Rama I) of Siam establishing any dynasty. The context discusses historical figures like Ashoka and their reigns, but does not include Rama I of Siam. Therefore, the answer cannot be determined from the given information alone.",Ashoka | Ashoka | Ashoka,"The date of the Buddha's death is itself a matter of debate, and the North Indian tradition states that Ashoka ruled a hundred years after the Buddha's death, which has led to further debates about the date.

Assuming that the Sri Lankan tradition is correct, and assuming that the Buddha died in 483 BCE – a date proposed by several scholars – Ashoka must have ascended the throne in 265 BCE. The Puranas state that Ashoka's father Bindusara reigned for 25 years, not 28 years as specified in the Sr",False,False,0.5,0.38301578164100647,0.24503982067108154
hybrid,388,April 12,What flag was adopted as the flag of English and Scottish ships in 1606?,The Union Flag,The Union Flag was adopted as the flag of English and Scottish ships in 1606.,April 12 | Albania | Amsterdam,"Events

Pre-1600
 240 – Shapur I becomes co-emperor of the Sasanian Empire with his father Ardashir I.
 467 – Anthemius is elevated to Emperor of the Western Roman Empire.
 627 – King Edwin of Northumbria is converted to Christianity by Paulinus, bishop of York.
1012 – Duke Oldřich of Bohemia deposes and blinds his brother Jaromír, who flees to Poland.
1204 – The Crusaders of the Fourth Crusade breach the walls of Constantinople and enter the city, which they completely occupy the following day.",False,True,1.0,0.9620620608329773,0.00017130374908447266
hybrid,389,April 12,"Which battle marked the beginning of the American Civil War on April 12, 1861?",The Battle of Fort Sumter,"The Battle of Fort Sumter marked the beginning of the American Civil War on April 12, 1861.",American Civil War | American Civil War | American Civil War,"The American Civil War (April 12, 1861 – May 26, 1865; also known by other names) was a civil war in the United States between the Union (""the North"") and the Confederacy (""the South""), formed by states that had seceded from the Union. The cause of the war was the dispute over whether slavery would be permitted to expand into the western territories, leading to more slave states, or be prevented from doing so, which many believed would place slavery on a course of ultimate extinction.

Decades o",False,False,1.0,0.41731587052345276,0.00048410892486572266
hybrid,390,April 15,"What was published in London on April 15, 1755?",Samuel Johnson's A Dictionary of the English Language is published in London.,"Samuel Johnson's A Dictionary of the English Language was published in London on April 15, 1755.",April | April 15 | April,"He further states that the month was named after a goddess Eostre whose feast was in that month. It is also attested by Einhard in his work, Vita Karoli Magni.

St George's day is the twenty-third of the month; and St Mark's Eve, with its superstition that the ghosts of those who are doomed to die within the year will be seen to pass into the church, falls on the twenty-fourth.

In China the symbolic ploughing of the earth by the emperor and princes of the blood took place in their third month, ",False,True,1.0,0.5375227332115173,0.00048029422760009766
hybrid,391,April 15,"Which battle on April 15, 1632 involved Swedes under Gustavus Adolphus defeating the Holy Roman Empire?",Battle of Rain,"The Battle of Nördlingen took place on April 15, 1632, involving Swedish forces under Gustavus Adolphus defeating the Holy Roman Empire.",August 22 | August 6 | August 27,"Events

Pre-1600
 392 – Arbogast has Eugenius elected Western Roman Emperor.
 851 – Battle of Jengland: Erispoe defeats Charles the Bald near the Breton town of Jengland.
1138 – Battle of the Standard between Scotland and England.
1485 – The Battle of Bosworth Field occurs; Richard III dies, marking the end of the House of Plantagenet.
1559 – Spanish archbishop Bartolomé Carranza is arrested for heresy.

1601–1900
1614 – Fettmilch Uprising: Jews are expelled from Frankfurt, Holy Roman Empire, fo",False,False,0.5,0.016478080302476883,0.00036406517028808594
hybrid,392,April 30,"What significant event involving George Washington occurred on April 30, 1789?","On the balcony of Federal Hall on Wall Street in New York City, George Washington takes the oath of office to become the first President of the United States.","George Washington took the oath of office to become the first President of the United States on April 30, 1789.",April 1 | April 30 | American Revolutionary War,"Events

Pre-1600
 527 – Byzantine Emperor Justin I names his nephew Justinian I as co-ruler and successor to the throne.
1081 – Alexios I Komnenos overthrows the Byzantine emperor Nikephoros III Botaneiates, and, after his troops spend three days extensively looting Constantinople, is formally crowned on April 4.
1572 – In the Eighty Years' War, the Watergeuzen capture Brielle from the Seventeen Provinces, gaining the first foothold on land for what would become the Dutch Republic.

1601–1900
17",False,True,0.5,0.35885345935821533,0.005240499973297119
hybrid,393,April 30,"What transaction took place on April 30, 1803, that expanded the United States?","The United States purchases the Louisiana Territory from France for $15 million, more than doubling the size of the young nation.","The Louisiana Purchase took place on April 30, 1803, that expanded the United States.",April 30 | American Revolutionary War | Articles of Confederation,"Events

Pre-1600
311 – The Diocletianic Persecution of Christians in the Roman Empire ends.
1315 – Enguerrand de Marigny is hanged at the instigation of Charles, Count of Valois.
1492 – Spain gives Christopher Columbus his commission of exploration. He is named admiral of the ocean sea, viceroy and governor of any territory he discovers. 
1513 – Edmund de la Pole, Yorkist pretender to the English throne, is executed on the orders of Henry VIII.
1557 – Mapuche leader Lautaro is killed by Spanish ",False,True,0.21428571428571427,0.09304162859916687,0.00012099742889404297
hybrid,394,August 22,"Which battle on August 22, 1485 marked the end of the House of Plantagenet?",The Battle of Bosworth Field.,"The Battle of Bosworth Field occurred on August 22, 1485, and it marked the end of the House of Plantagenet.",August 22 | American Civil War | Alp Arslan,"Events

Pre-1600
 392 – Arbogast has Eugenius elected Western Roman Emperor.
 851 – Battle of Jengland: Erispoe defeats Charles the Bald near the Breton town of Jengland.
1138 – Battle of the Standard between Scotland and England.
1485 – The Battle of Bosworth Field occurs; Richard III dies, marking the end of the House of Plantagenet.
1559 – Spanish archbishop Bartolomé Carranza is arrested for heresy.

1601–1900
1614 – Fettmilch Uprising: Jews are expelled from Frankfurt, Holy Roman Empire, fo",False,True,1.0,0.5336179137229919,0.002895176410675049
hybrid,395,August 22,"In what year did James Cook name and land on Possession Island, claiming the east coast of Australia for Britain as New South Wales?",1770.,"James Cook named and landed on Possession Island, claiming the east coast of Australia for Britain as New South Wales in 1770.",Ashmore and Cartier Islands | Adelaide | Adelaide,"The Territory of Ashmore and Cartier Islands is an uninhabited Australian external territory consisting of four low-lying tropical islands in two separate reefs (Ashmore and Cartier), as well as the  territorial sea generated by the islands. The territory is located in the Indian Ocean situated on the edge of the continental shelf, about  off the northwest coast of Australia and  south of the Indonesian island of Rote.

Ashmore Reef is called Pulau Pasir by Indonesians and Nusa Solokaek in the R",False,False,1.0,0.0071280235424637794,0.00018090009689331055
hybrid,396,August 27,Which battle resulted in Emmanuel Philibert becoming Duke of Savoy?,The Battle of St. Quentin,The Battle of St. Quentin resulted in Emmanuel Philibert becoming Duke of Savoy.,Alps | August 27 | Alps,"Much of the medieval period was a time of power struggles between competing dynasties such as the House of Savoy, the Visconti of Milan, and the House of Habsburg.

The Great St Bernard Hospice, built in the 9th or 10th centuries, at the summit of the Great Saint Bernard Pass was a shelter for humans and destination for pilgrims. In 1291, to protect themselves from incursions by the House of Habsburg, four Alpine cantons drew up the Federal Charter of 1291, which is considered to be a declaratio",False,True,1.0,0.9761951565742493,6.23464584350586e-05
hybrid,397,August 27,Which two states signed the Treaty of Nerchinsk?,Russia and the Qing Empire,"Based on the provided context, there is no mention of any specific treaties or agreements being signed. Therefore, the correct answer cannot be determined solely from the given information.",August 6 | American Revolutionary War | Armed Forces of Armenia,"Events

Pre-1600
1284 – The Republic of Pisa is defeated in the Battle of Meloria by the Republic of Genoa, thus losing its naval dominance in the Mediterranean.
1538 – Bogotá, Colombia, is founded by Gonzalo Jiménez de Quesada.

1601–1900
1661 – The Treaty of The Hague is signed by Portugal and the Dutch Republic.
1777 – American Revolutionary War: The bloody Battle of Oriskany prevents American relief of the Siege of Fort Stanwix.
1787 – Sixty proof sheets of the Constitution of the United Sta",False,False,0.0,0.7955078482627869,0.36398595571517944
hybrid,398,Alcohol (chemistry),What functional group must be bound to a saturated carbon atom for a compound to be classified as an alcohol in chemistry?,A hydroxyl (OH) functional group.,A compound must carry at least one hydroxyl (-OH) functional group bound to a saturated carbon atom for it to be classified as an alcohol in chemistry.,Alcohol (chemistry) | Alkane | Alcohol (chemistry),"In chemistry, an alcohol is a type of organic compound that carries at least one hydroxyl () functional group  bound to a saturated carbon atom. Alcohols range from the simple, like methanol and ethanol, to complex, like sucrose and cholesterol. The presence of an OH group strongly modifies the properties of hydrocarbons, conferring hydrophilic (water-loving) properties.  The OH group provides a site at which many reactions can occur.

History
The flammable nature of the exhalations of wine was ",False,True,1.0,0.9535673260688782,0.01578456163406372
hybrid,399,Alcohol (chemistry),Which ancient natural philosophers are noted in the passage as knowing the flammable nature of wine exhalations?,"Aristotle, Theophrastus, and Pliny the Elder.","According to the provided text, ancient natural philosophers such as Aristotle, Theophrastus, and Pliny the Elder knew about the flammable nature of wine exhalations. Specifically, it states:

""Ancient natural philosophers such as Aristotle (384–322 BCE), Theophrastus (–287 BCE), and Pliny the Elder (23/24–79 CE)""",Alcohol (chemistry) | Aristotle | Alchemy,"In chemistry, an alcohol is a type of organic compound that carries at least one hydroxyl () functional group  bound to a saturated carbon atom. Alcohols range from the simple, like methanol and ethanol, to complex, like sucrose and cholesterol. The presence of an OH group strongly modifies the properties of hydrocarbons, conferring hydrophilic (water-loving) properties.  The OH group provides a site at which many reactions can occur.

History
The flammable nature of the exhalations of wine was ",False,True,1.0,0.9810118675231934,0.21419787406921387
hybrid,400,Achill Island,What is the name of the bridge that connects Achill Island to the mainland?,Michael Davitt Bridge,Michael Davitt Bridge,Achill Island | Achill Island | Achill Island,"Achill Island (; ) is the largest of the Irish isles and lies off the west coast of Ireland in County Mayo. It has a population of 2,345. Its area is . Achill is attached to the mainland by Michael Davitt Bridge, between the villages of Achill Sound and Polranny. A bridge was first completed here in 1887. Other centres of population include the villages of Keel, Dooagh, Dooega, Dooniver, and Dugort. The parish's main Gaelic football pitch and secondary school are on the mainland at Polranny. Ear",False,True,1.0,0.9042086601257324,0.9859363734722137
hybrid,401,Achill Island,In what year was the first bridge completed that links Achill Island to the mainland?,1887,The first bridge completed that links Achill Island to the mainland was in 1887.,Achill Island | Achill Island | Achill Island,"Achill Island (; ) is the largest of the Irish isles and lies off the west coast of Ireland in County Mayo. It has a population of 2,345. Its area is . Achill is attached to the mainland by Michael Davitt Bridge, between the villages of Achill Sound and Polranny. A bridge was first completed here in 1887. Other centres of population include the villages of Keel, Dooagh, Dooega, Dooniver, and Dugort. The parish's main Gaelic football pitch and secondary school are on the mainland at Polranny. Ear",False,True,1.0,0.955413281917572,3.886222839355469e-05
hybrid,402,Allen Ginsberg,What was the name of Allen Ginsberg's lifelong partner?,Peter Orlovsky,Peter Orlovsky,Allen Ginsberg | Allen Ginsberg | Allen Ginsberg,"Irwin Allen Ginsberg (; June 3, 1926 – April 5, 1997) was an American poet and writer. As a student at Columbia University in the 1940s, he began friendships with Lucien Carr, William S. Burroughs and Jack Kerouac, forming the core of the Beat Generation. He vigorously opposed militarism, economic materialism, and sexual repression, and he embodied various aspects of this counterculture with his views on drugs, sex, multiculturalism, hostility to bureaucracy, and openness to Eastern religions.

",False,True,1.0,0.593741774559021,0.9282788783311844
hybrid,403,Allen Ginsberg,"In what year did San Francisco police and US Customs seize copies of ""Howl""?",1956,"San Francisco police and US Customs seized copies of ""Howl"" in 1956.",Allen Ginsberg | Allen Ginsberg | Allen Ginsberg,"San Francisco Renaissance
Ginsberg moved to San Francisco during the 1950s. Before Howl and Other Poems was published in 1956 by City Lights, he worked as a market researcher.

In 1954, in San Francisco, Ginsberg met Peter Orlovsky (1933–2010), with whom he fell in love and who remained his lifelong partner. Selections from their correspondence have been published.

Also in San Francisco, Ginsberg met members of the San Francisco Renaissance (James Broughton, Robert Duncan, Madeline Gleason and ",False,True,1.0,0.981414258480072,0.0001609325408935547
hybrid,404,Algebraically closed field,Which field is given as an example of a field that is not algebraically closed because the polynomial x^2 + 1 has no solution in it?,The field of real numbers.,The field of real numbers is given as an example of a field that is not algebraically closed because the polynomial \( x^2 + 1 \) has no solution in it.,Algebraically closed field | Algebraically closed field | Algebraically closed field,"In mathematics, a field  is algebraically closed if every non-constant polynomial in  (the univariate polynomial ring with coefficients in ) has a root in .

Examples
As an example, the field of real numbers is not algebraically closed, because the polynomial equation  has no solution in real numbers, even though all its coefficients (1 and 0) are real.  The same argument proves that no subfield of the real field is algebraically closed; in particular, the field of rational numbers is not algebr",False,True,1.0,0.42768874764442444,0.001775205135345459
hybrid,405,Algebraically closed field,"According to the passage, why is no finite field algebraically closed?",Because the polynomial (x − a1)(x − a2) ⋯ (x − an) + 1 has no zero in the field.,"According to the passage, no finite field F is algebraically closed because if a1, a2, ..., an are the elements of F, then the polynomial (x - a1)(x - a2)...(x - an) + 1 has no zero in F.",Algebraically closed field | Algebraically closed field | Algebraically closed field,"In mathematics, a field  is algebraically closed if every non-constant polynomial in  (the univariate polynomial ring with coefficients in ) has a root in .

Examples
As an example, the field of real numbers is not algebraically closed, because the polynomial equation  has no solution in real numbers, even though all its coefficients (1 and 0) are real.  The same argument proves that no subfield of the real field is algebraically closed; in particular, the field of rational numbers is not algebr",False,True,1.0,0.9632620215415955,0.04150110483169556
hybrid,406,August 6,"In what year was the Battle of Meloria, in which the Republic of Pisa was defeated by the Republic of Genoa?",1284,The Battle of Meloria took place in 1284.,August 6 | August 9 | Azerbaijan,"Events

Pre-1600
1284 – The Republic of Pisa is defeated in the Battle of Meloria by the Republic of Genoa, thus losing its naval dominance in the Mediterranean.
1538 – Bogotá, Colombia, is founded by Gonzalo Jiménez de Quesada.

1601–1900
1661 – The Treaty of The Hague is signed by Portugal and the Dutch Republic.
1777 – American Revolutionary War: The bloody Battle of Oriskany prevents American relief of the Siege of Fort Stanwix.
1787 – Sixty proof sheets of the Constitution of the United Sta",False,True,1.0,0.9286516904830933,4.291534423828125e-06
hybrid,407,August 6,Which treaty was signed by Portugal and the Dutch Republic in 1661?,The Treaty of The Hague,The Treaty of The Hague was signed by Portugal and the Dutch Republic in 1661.,August 6 | American Revolutionary War | Angola,"Events

Pre-1600
1284 – The Republic of Pisa is defeated in the Battle of Meloria by the Republic of Genoa, thus losing its naval dominance in the Mediterranean.
1538 – Bogotá, Colombia, is founded by Gonzalo Jiménez de Quesada.

1601–1900
1661 – The Treaty of The Hague is signed by Portugal and the Dutch Republic.
1777 – American Revolutionary War: The bloody Battle of Oriskany prevents American relief of the Siege of Fort Stanwix.
1787 – Sixty proof sheets of the Constitution of the United Sta",False,True,1.0,0.9798653721809387,9.691715240478516e-05
hybrid,408,Anatoly Karpov,During which years did Anatoly Karpov serve as a three-time FIDE World Champion?,"1993, 1996, 1998","During the years 1993, 1996, and 1998, Anatoly Karpov served as a three-time FIDE World Champion.",Anatoly Karpov | Anatoly Karpov | Anatoly Karpov,"Anatoly Yevgenyevich Karpov (; born May 23, 1951) is a Russian and former Soviet chess grandmaster, former World Chess Champion, ⁣and politician. He was the 12th World Chess Champion from 1975 to 1985, a three-time FIDE World Champion (1993, 1996, 1998), twice World Chess champion as a member of the USSR team (1985, 1989), and a six-time winner of Chess Olympiads as a member of the USSR team (1972, 1974, 1980, 1982, 1986, 1988). The International Association of Chess Press awarded him nine Chess",False,True,1.0,0.810112714767456,9.608268737792969e-05
hybrid,409,Anatoly Karpov,How many Chess Oscars was Karpov awarded by the International Association of Chess Press?,nine,Nine,Anatoly Karpov | Anatoly Karpov | Anatoly Karpov,"Anatoly Yevgenyevich Karpov (; born May 23, 1951) is a Russian and former Soviet chess grandmaster, former World Chess Champion, ⁣and politician. He was the 12th World Chess Champion from 1975 to 1985, a three-time FIDE World Champion (1993, 1996, 1998), twice World Chess champion as a member of the USSR team (1985, 1989), and a six-time winner of Chess Olympiads as a member of the USSR team (1972, 1974, 1980, 1982, 1986, 1988). The International Association of Chess Press awarded him nine Chess",False,True,1.0,0.8079696297645569,0.9357586726546288
hybrid,410,Aspect ratio,"According to the passage, how is the aspect ratio of a rectangle defined in terms of its sides?","It is the ratio of its longer side to its shorter side—the ratio of width to height when the rectangle is oriented as a ""landscape"".","According to the passage, the aspect ratio of a rectangle is defined as the ratio of its longer side to its shorter side.",Aspect ratio | Aspect ratio | Aspect ratio,"The aspect ratio of a geometric shape is the ratio of its sizes in different dimensions. For example, the aspect ratio of a rectangle is the ratio of its longer side to its shorter side—the ratio of width to height, when the rectangle is oriented as a ""landscape"".

The aspect ratio is most often expressed as two integer numbers separated by a colon (x:y), less commonly as a simple or decimal fraction. The values x and y do not represent actual widths and heights but, rather, the proportion betwe",False,True,0.5555555555555556,0.9632919430732727,0.0017444491386413574
hybrid,411,Aspect ratio,What format is most often used to express an aspect ratio?,As two integer numbers separated by a colon (x:y).,An aspect ratio is most often expressed as a pair of integers separated by a colon (x:y).,Aspect ratio | Aspect ratio | Aspect ratio,"The aspect ratio of a geometric shape is the ratio of its sizes in different dimensions. For example, the aspect ratio of a rectangle is the ratio of its longer side to its shorter side—the ratio of width to height, when the rectangle is oriented as a ""landscape"".

The aspect ratio is most often expressed as two integer numbers separated by a colon (x:y), less commonly as a simple or decimal fraction. The values x and y do not represent actual widths and heights but, rather, the proportion betwe",False,True,0.5714285714285714,0.9760201573371887,0.0025758743286132812
hybrid,412,Auto racing,What time and date did the first prearranged match race between two self‑powered road vehicles occur?,"4:30 A.M. on August 30, 1867","The first prearranged match race between two self-powered road vehicles occurred on August 30, 1867, between Ashton-under-Lyne and Old Trafford, England.",Auto racing | Auto racing | Audi,"Auto racing (also known as car racing, motor racing, or automobile racing) is a motorsport involving the racing of automobiles for competition.

Auto racing has existed since the invention of the automobile. Races of various sorts were organised, with the first recorded as early as 1867. Many of the earliest events were effectively reliability trials, aimed at proving these new machines were a practical mode of transport, but soon became an important way for automobile makers to demonstrate thei",False,True,0.6,0.9708767533302307,6.210803985595703e-05
hybrid,413,Auto racing,"How many competitors entered the Paris‑to‑Rouen motoring competition organized on July 22, 1894?",One hundred and two competitors,One hundred and two competitors paid a 10-franc entrance fee.,Auto racing | Audi | Audi,"Auto racing (also known as car racing, motor racing, or automobile racing) is a motorsport involving the racing of automobiles for competition.

Auto racing has existed since the invention of the automobile. Races of various sorts were organised, with the first recorded as early as 1867. Many of the earliest events were effectively reliability trials, aimed at proving these new machines were a practical mode of transport, but soon became an important way for automobile makers to demonstrate thei",False,True,1.0,0.9856012463569641,0.02275913953781128
hybrid,414,Anarcho-capitalism,"What is the earliest known publication that used the term ""anarchocapitalism"" and in which magazine did it appear?","Karl Hess's essay ""The Death of Politics"" published by Playboy in March 1969.","The earliest known publication that used the term ""anarchocapitalism"" appeared in Karl Hess's essay titled ""The Death of Politics,"" which was published in March 1969 by Playboy Magazine.",Anarcho-capitalism | Anarchism | Algorithm,"Anarcho-capitalism (colloquially: ancap or '""an-cap""') is an anti-statist, libertarian political philosophy and economic theory that seeks to abolish centralized states in favor of stateless societies with systems of private property enforced by private agencies, the non-aggression principle, free markets and self-ownership, which extends the concept to include control of private property as part of the self. In the absence of statute, anarcho-capitalists hold that society tends to contractually",False,True,1.0,0.8791535496711731,8.034706115722656e-05
hybrid,415,Anarcho-capitalism,"According to the passage, which private entities would enforce private property in a theoretical anarcho-capitalist society?",Private defense agencies and/or insurance companies selected by customers.,"In a theoretical anarcho-capitalist society, private defense agencies and/or insurance companies would enforce private property.",Anarcho-capitalism | Anarcho-capitalism | Anarcho-capitalism,"Anarcho-capitalism (colloquially: ancap or '""an-cap""') is an anti-statist, libertarian political philosophy and economic theory that seeks to abolish centralized states in favor of stateless societies with systems of private property enforced by private agencies, the non-aggression principle, free markets and self-ownership, which extends the concept to include control of private property as part of the self. In the absence of statute, anarcho-capitalists hold that society tends to contractually",False,True,0.7142857142857143,0.990304172039032,0.0006718635559082031
hybrid,416,August 9,"Which battle on August 9, 48 BC resulted in Julius Caesar decisively defeating Pompey?",The Battle of Pharsalus.,"The Battle of Pharsalus on August 9, 48 BC resulted in Julius Caesar decisively defeating Pompey.",August 9 | August 2 | April 6,"Events

Pre-1600
48 BC – Caesar's Civil War: Battle of Pharsalus: Julius Caesar decisively defeats Pompey at Pharsalus and Pompey flees to Egypt.
 378 – Gothic War: Battle of Adrianople: A large Roman army led by Emperor Valens is defeated by the Visigoths. Valens is killed along with over half of his army.
1173 – Construction of the campanile of the Cathedral of Pisa (now known as the Leaning Tower of Pisa) begins; it will take two centuries to complete.
1329 – Quilon, the first Indian Christia",False,True,1.0,0.26561641693115234,0.00014710426330566406
hybrid,417,August 9,"What treaty was signed on August 9, 1842 that established the United States–Canada border east of the Rocky Mountains?",The Webster–Ashburton Treaty.,"The treaty you're asking about is known as the Treaty of Washington (also referred to as the Treaty of Fort William Henry or the Convention of 1842). This treaty was signed on August 9, 1842, and it established the United States-Canada border east of the Rocky Mountains.",American Revolutionary War | Alberta | American Revolutionary War,"The Preliminary Peace signed on November 30 met four key Congressional demands: independence, territory up to the Mississippi, navigation rights into the Gulf of Mexico, and fishing rights in Newfoundland.

British strategy was to strengthen the U.S. sufficiently to prevent France from regaining a foothold in North America, and they had little interest in these proposals. However, divisions between their opponents allowed them to negotiate separately with each to improve their overall position, ",False,False,0.3333333333333333,0.004360228776931763,0.022180020809173584
hybrid,418,Aristophanes,What are the approximate years of Aristophanes' lifespan?,c. 446 – c. 386 BC,"Based on the provided context, Aristophanes lived approximately from around 446 BC to around 386 BC.",Aristophanes | Aristophanes | Aristophanes,"Similarly, the hero in The Acharnians complains about Cleon ""dragging me into court"" over ""last year's play.""

Comments made by the Chorus referring to Aristophanes in The Clouds have been interpreted as evidence that he can hardly have been more than 18 years old when his first play The Banqueters was produced. The second parabasis in Wasps appears to indicate that he reached some kind of temporary accommodation with Cleon following either the controversy over The Babylonians or a subsequent co",False,True,0.75,0.9094620943069458,0.0022127628326416016
hybrid,419,Aristophanes,How many of Aristophanes' plays survive virtually complete?,Eleven of his forty plays survive virtually complete.,Eleven of Aristophanes' forty plays survive virtually complete.,Aristophanes | Aristophanes | Aristophanes,"Aristophanes (; , ; c. 446 – c. 386 BC), son of Philippus, of the deme Kydathenaion (), was a comic playwright or comedy-writer of ancient Athens and a poet of Old Attic Comedy. Eleven of his forty plays survive virtually complete. These provide the most valuable examples of a genre of comic drama known as Old Comedy and are used to define it, along with fragments from dozens of lost plays by Aristophanes and his contemporaries.

Also known as ""The Father of Comedy"" and ""the Prince of Ancient Co",False,True,1.0,0.9873336553573608,0.00012052059173583984
hybrid,420,Albert Schweitzer,When was Albert Schweitzer born?,14 January 1875,Albert Schweitzer was born on 14 January 1875.,Albert Schweitzer | Albert Schweitzer | Albert Schweitzer,"Ludwig Philipp Albert Schweitzer  (; 14 January 1875 – 4 September 1965) was an Alsatian polymath. He was a theologian, organist, musicologist, writer, humanitarian, philosopher, and physician. A Lutheran minister, Schweitzer challenged both the secular view of Jesus as depicted by the historical-critical method current at this time, as well as the traditional Christian view. His contributions to the interpretation of Pauline Christianity concern the role of Paul's mysticism of ""being in Christ""",False,True,1.0,0.9714909791946411,8.702278137207031e-06
hybrid,421,Albert Schweitzer,For which philosophy did Albert Schweitzer receive the 1952 Nobel Peace Prize?,"""Reverence for Life""",For Reverence for Life.,Albert Schweitzer | Albert Schweitzer | Albert Schweitzer,"Ludwig Philipp Albert Schweitzer  (; 14 January 1875 – 4 September 1965) was an Alsatian polymath. He was a theologian, organist, musicologist, writer, humanitarian, philosopher, and physician. A Lutheran minister, Schweitzer challenged both the secular view of Jesus as depicted by the historical-critical method current at this time, as well as the traditional Christian view. His contributions to the interpretation of Pauline Christianity concern the role of Paul's mysticism of ""being in Christ""",False,True,1.0,0.9446592330932617,0.0016165971755981445
hybrid,422,Austrian school of economics,Which economists are credited with originating the Austrian School in Vienna?,"Carl Menger, Eugen von Böhm-Bawerk, Friedrich von Wieser, and others.","Carl Menger, Eugen von Böhm-Bawerk, Friedrich von Wieser, and others are credited with originating the Austrian School in Vienna.",Austrian school of economics | Austrian school of economics | Austrian school of economics,"The Austrian School is a heterodox school of economic thought that advocates strict adherence to methodological individualism, the concept that social phenomena result exclusively from the motivations and actions of individuals. Austrian school theorists hold that economic theory should be exclusively derived from basic principles of human action.

The Austrian School originated in Vienna with the work of Carl Menger, Eugen von Böhm-Bawerk, Friedrich von Wieser, and others. It was methodological",False,True,1.0,0.9808138012886047,0.00154876708984375
hybrid,423,Austrian school of economics,"In which year did Friedrich Hayek share the Nobel Memorial Prize in Economic Sciences, and with whom?","1974, with Gunnar Myrdal.",Friedrich Hayek shared the 1974 Nobel Memorial Prize in Economic Sciences with Gunnar Myrdal.,Austrian school of economics | Austrian school of economics | Austrian school of economics,"Later 20th century 

By the mid-1930s, most economists had embraced what they considered the important contributions of the early Austrians. Fritz Machlup quoted Hayek's statement that ""the greatest success of a school is that it stops existing because its fundamental teachings have become parts of the general body of commonly accepted thought"". Sometime during the middle of the 20th century, Austrian economics became disregarded or derided by mainstream economists because it rejected model buil",False,True,1.0,0.9761441349983215,4.0531158447265625e-06
hybrid,424,Abscess,What are the common signs and symptoms of an abscess?,"Redness, pain, warmth, and swelling.","The common signs and symptoms of an abscess include:

- Redness
- Heat
- Swelling
- Pain
- Loss of function",Abscess | Abscess | Abscess,"The main symptoms and signs of a skin abscess are redness, heat, swelling, pain, and loss of function. There may also be high temperature (fever) and chills. If superficial, abscesses may be fluctuant when palpated; this wave-like motion is caused by movement of the pus inside the abscess.

An internal abscess is more difficult to identify, but signs include pain in the affected area, a high temperature, and generally feeling unwell.
Internal abscesses rarely heal themselves, so prompt medical a",False,True,0.75,0.9434203505516052,0.14080816507339478
hybrid,425,Abscess,Which bacteria is most commonly present in many areas of the world as a cause of abscesses?,Methicillin-resistant Staphylococcus aureus.,Methicillin-resistant Staphylococcus aureus (MRSA).,Abscess | Abscess | Abscess,"An abscess is a collection of pus that has built up within the tissue of the body. Signs and symptoms of abscesses include redness, pain, warmth, and swelling. The swelling may feel fluid-filled when pressed. The area of redness often extends beyond the swelling. Carbuncles and boils are types of abscess that often involve hair follicles, with carbuncles being larger.

They are usually caused by a bacterial infection. Often many different types of bacteria are involved in a single infection. In ",False,True,1.0,0.9045178294181824,0.02249997854232788
hybrid,426,Aalborg Municipality,What was the population of Aalborg Municipality on 1 January 2023?,"222,571","222,571",Aalborg Municipality | Aalborg Municipality | Aalborg Municipality,"Aalborg Municipality () is a municipality in North Jutland Region on the Jutland peninsula in northern Denmark. The municipality straddles the Limfjord, the waterway which connects the North Sea and the Kattegat east-to-west, and which separates the main body of the Jutland peninsula from the island of Vendsyssel-Thy north-to-south. It has a land area of  and a population of 222,571 (1. January 2023).

It is also the name of the municipality's main city Aalborg and the site of its municipal coun",False,True,1.0,0.960581362247467,0.9959377711638808
hybrid,427,Aalborg Municipality,Which municipalities joined Aalborg municipality on 1 January 2007 to form the new Aalborg municipality?,"Hals, Nibe, and Sejlflod","Hals, Nibe, and Sejlflod rejoined Aalborg municipality on 1 January 2007 to form the new Aalborg municipality.",Aalborg Municipality | Aalborg Municipality | Aalborg Municipality,"Aalborg Municipality () is a municipality in North Jutland Region on the Jutland peninsula in northern Denmark. The municipality straddles the Limfjord, the waterway which connects the North Sea and the Kattegat east-to-west, and which separates the main body of the Jutland peninsula from the island of Vendsyssel-Thy north-to-south. It has a land area of  and a population of 222,571 (1. January 2023).

It is also the name of the municipality's main city Aalborg and the site of its municipal coun",False,True,1.0,0.9749041795730591,0.00015413761138916016
hybrid,428,Aarhus,In what year was Aarhus granted market town privileges?,1441,Aarhus was granted market town privileges in 1441.,Aarhus | Aarhus | Aarhus,"The Church clearly had the upper hand in the Aarhus region during medieval times, and the large bishopric of Aarhus prospered and expanded territory, reaching as far as Viborg in extent. In 1441, Christopher III issued the oldest known charter granting market town status, although similar privileges may have existed as far back as the 12th century. The charter is the first official recognition of the town as a regional power and is by some considered Aarhus's birth certificate.

The commercial a",False,True,1.0,0.9608892202377319,5.3048133850097656e-05
hybrid,429,Aarhus,When was the first railway line in Jutland built in Aarhus?,1862,The first railway line in Jutland was built in Aarhus in 1862.,Aarhus | Aarhus | Aarhus,"Aarhus (, , ; officially spelled Århus from 1948 until 1 January 2011) is the second-largest city in Denmark and the seat of Aarhus Municipality. It is located on the eastern shore of Jutland in the Kattegat sea and approximately  northwest of Copenhagen.

Dating back to the late 8th century, Aarhus was founded as a harbour settlement at the mouth of the Aarhus River and quickly became a trade hub. The first Christian church was built here around the year 900 and later in the Viking Age the town",False,True,1.0,0.9659589529037476,1.2278556823730469e-05
hybrid,430,Amateur,What terms does the passage use to describe amateurs and their pursuits?,"popular, informal, self-taught, user-generated, DIY, and hobbyist.","The passage uses several terms to describe amateurs and their pursuits:

- **Amateur**: This term refers to someone who pursues an avocation independently of their main source of income.
- **Popular**: Describes something that is widely accepted or enjoyed.
- **Informal**: Characterized by a lack of formality or rigidity.
- **Self-taught**: Indicates that the individual learned skills or knowledge without formal education.
- **User-generated**: Created or produced by users rather than professionals.
- **DIY**: Short for Do-It-Yourself, referring to tasks performed without professional assistance.
- **Hobbyist**: Someone who engages in a pursuit as a pastime or leisure activity.
- **Dilettante**: Someone who has a superficial interest in a subject without serious",Amateur | Amateur astronomy | Amateur astronomy,"An amateur () is generally considered a person who pursues an avocation independent from their source of income. Amateurs and their pursuits are also described as popular, informal, self-taught, user-generated, DIY, and hobbyist.

History 

Historically, the amateur was considered to be the ideal balance between pure intent, open mind, and the interest or passion for a subject. That ideology spanned many different fields of interest. It may have its roots in the ancient Greek philosophy of amate",False,True,1.0,0.8389198780059814,0.063831627368927
hybrid,431,Amateur,"Which three individuals are cited as examples of ""gentleman amateurs"" in the passage?","Francis Bacon, Isaac Newton, and Sir Robert Cotton, 1st Baronet, of Connington.","Based on the provided context, the three individuals cited as examples of ""gentleman amateurs"" are:

1. Francis Bacon
2. Isaac Newton
3. Sir Robert Cotton, 1st Baronet, of Connington",Amateur | Amateur | List of anthropologists,"An amateur () is generally considered a person who pursues an avocation independent from their source of income. Amateurs and their pursuits are also described as popular, informal, self-taught, user-generated, DIY, and hobbyist.

History 

Historically, the amateur was considered to be the ideal balance between pure intent, open mind, and the interest or passion for a subject. That ideology spanned many different fields of interest. It may have its roots in the ancient Greek philosophy of amate",False,True,1.0,0.6561284065246582,0.08842593431472778
hybrid,432,Alexis Carrel,In what year was Alexis Carrel awarded the Nobel Prize in Physiology or Medicine?,1912,The Nobel Prize in Physiology or Medicine was awarded to Alexis Carrel in 1912.,Alexis Carrel | Alexis Carrel | Alexis Carrel,"Alexis Carrel (; 28 June 1873 – 5 November 1944) was a French surgeon and biologist who was awarded the Nobel Prize in Physiology or Medicine in 1912 for pioneering vascular suturing techniques. He invented the first perfusion pump with Charles Lindbergh opening the way to organ transplantation. Carrel was also a pioneer in transplantology and thoracic surgery. He is known for his leading role in implementing eugenic policies in Vichy France.

Biography 
Born in Sainte-Foy-lès-Lyon, Rhône, Carre",False,True,1.0,0.9800747632980347,1.2993812561035156e-05
hybrid,433,Alexis Carrel,Who collaborated with Alexis Carrel to invent the first perfusion pump?,Charles Lindbergh,Charles Lindbergh,Alexis Carrel | Alexis Carrel | Alexis Carrel,"Alexis Carrel (; 28 June 1873 – 5 November 1944) was a French surgeon and biologist who was awarded the Nobel Prize in Physiology or Medicine in 1912 for pioneering vascular suturing techniques. He invented the first perfusion pump with Charles Lindbergh opening the way to organ transplantation. Carrel was also a pioneer in transplantology and thoracic surgery. He is known for his leading role in implementing eugenic policies in Vichy France.

Biography 
Born in Sainte-Foy-lès-Lyon, Rhône, Carre",False,True,1.0,0.8301122188568115,0.9971439875662327
hybrid,434,All Souls' Day,On what date is All Souls' Day observed by certain Christian denominations?,2 November,All Souls' Day is observed by certain Christian denominations on 2 November.,All Souls' Day | All Souls' Day | All Souls' Day,"All Souls' Day, also called The Commemoration of All the Faithful Departed, is a day of prayer and remembrance for the faithful departed, observed by certain Christian denominations on 2 November. Through prayer, intercessions, alms and visits to cemeteries, people commemorate the poor souls in purgatory and gain them indulgences.

In Western Christianity, including Roman Catholicism and certain parts of Lutheranism and Anglicanism, All Souls' Day is the third day of Allhallowtide, after All Sai",False,True,1.0,0.9841899275779724,3.5762786865234375e-05
hybrid,435,All Souls' Day,What is the German term for All Souls' Day?,Allerseelen,"The German term for All Souls' Day is **Jahr der Toten** (literally ""Year of the Dead"").",All Souls' Day | All Souls' Day | All Souls' Day,"The indulgence can be gained from noon of All Saints' Day on as well as a plenary indulgence is each day from the first to the eighth of November; a partial indulgence is granted on other days of the year.

Lutheran Churches

Among continental Protestants its tradition has been more tenaciously maintained. During Luther's lifetime, All Souls' Day was widely observed in Saxony although the Roman Catholic meaning of the day was discarded; ecclesiastically in the Lutheran Church, the day was merged",False,True,0.0,0.36293119192123413,0.0002472996711730957
hybrid,436,Anatole France,When was Anatole France born?,16 April 1844,Anatole France was born on 16 April 1844.,Anatole France | Anatole France | Anatole France,"Nobel Prize Winner"" by Herbert S. Gorman, The New York Times'', 20 November 1921
 Correspondence with architect Jean-Paul Oury at Syracuse University
 
 Anatole France, his work in audio version   
 

1844 births
1924 deaths
Writers from Paris
French bibliophiles
Collège Stanislas de Paris alumni
French fantasy writers
French Nobel laureates
19th-century French poets
French satirists
Members of the Académie Française
Nobel laureates in Literature
Dreyfusards
19th-century French novelists
20th-ce",False,True,1.0,0.9085392951965332,1.6689300537109375e-06
hybrid,437,Anatole France,What position was Anatole France appointed to in 1876?,librarian for the French Senate,Librarian for the French Senate,Anatole France | Anatole France | Andorra,"Nobel Prize Winner"" by Herbert S. Gorman, The New York Times'', 20 November 1921
 Correspondence with architect Jean-Paul Oury at Syracuse University
 
 Anatole France, his work in audio version   
 

1844 births
1924 deaths
Writers from Paris
French bibliophiles
Collège Stanislas de Paris alumni
French fantasy writers
French Nobel laureates
19th-century French poets
French satirists
Members of the Académie Française
Nobel laureates in Literature
Dreyfusards
19th-century French novelists
20th-ce",False,True,1.0,0.9212483167648315,0.415432333946228
hybrid,438,André Gide,In which year was André Gide awarded the Nobel Prize in Literature?,1947,The Nobel Prize in Literature was awarded to André Gide in 1947.,André Gide | André Gide | André Gide,"André Paul Guillaume Gide (; 22 November 1869 – 19 February 1951) was a French author whose writings spanned a wide variety of styles and topics. He was awarded the 1947 Nobel Prize in Literature. Gide's career ranged from his beginnings in the symbolist movement, to criticising imperialism between the two World Wars. The author of more than fifty books, he was described in his obituary in The New York Times as ""France's greatest contemporary man of letters"" and ""judged the greatest French write",False,True,1.0,0.9901172518730164,1.430511474609375e-05
hybrid,439,André Gide,"According to the passage, how many books did André Gide write?",more than fifty books,"According to the passage, André Gide wrote more than fifty books.",André Gide | André Gide | André Gide,"Gide contributed to the 1949 anthology The God that Failed. He could not write an essay because of his state of health, so the text was written by Enid Starkie, based on paraphrases of Return from the USSR, Afterthoughts,  from a discussion held in Paris at l'Union pour la Verite in 1935, and from his Journal; the text was approved by Gide.

1930s and 1940s

In 1930 Gide published a book about the Blanche Monnier case called La Séquestrée de Poitiers, changing little but the names of the protago",False,True,1.0,0.9878254532814026,1.2516975402832031e-05
hybrid,440,Algorithms for calculating variance,What key difficulty is mentioned in the passage regarding the design of good algorithms for calculating variance?,"Formulas for the variance may involve sums of squares, which can lead to numerical instability as well as to arithmetic overflow when dealing with large values.",Key difficulties mentioned in the passage regarding the design of good algorithms for calculating variance include the potential for numerical instability and arithmetic overflow when working with large values.,Algorithms for calculating variance | Algorithms for calculating variance | Algorithms for calculating variance,"Algorithms for calculating variance play a major role in computational statistics. A key difficulty in the design of good algorithms for this problem is that formulas for the variance may involve sums of squares, which can lead to numerical instability as well as to arithmetic overflow when dealing with large values.

Naïve algorithm
A formula for calculating the variance of an entire population of size N is:

Using Bessel's correction to calculate an unbiased estimate of the population variance",False,True,0.4375,0.9846824407577515,0.004895925521850586
hybrid,441,Algorithms for calculating variance,"According to the passage, how can the naïve algorithm be adapted to compute the variance of a finite population?",By simply dividing by n instead of n − 1 on the last line.,"According to the passage, the naïve algorithm can easily be adapted to compute the variance of a finite population by dividing by n instead of n - 1 on the last line.",Algorithms for calculating variance | Algorithms for calculating variance | Algorithms for calculating variance,"Algorithms for calculating variance play a major role in computational statistics. A key difficulty in the design of good algorithms for this problem is that formulas for the variance may involve sums of squares, which can lead to numerical instability as well as to arithmetic overflow when dealing with large values.

Naïve algorithm
A formula for calculating the variance of an entire population of size N is:

Using Bessel's correction to calculate an unbiased estimate of the population variance",False,True,0.8571428571428571,0.9732971787452698,0.013350903987884521
hybrid,442,Almond,What type of fruit is the almond according to the passage?,A drupe,The almond is a drupe.,Almond | Almond | Almond,"The leaves are  long, with a serrated margin and a  petiole.

The flowers are white to pale pink,  diameter with five petals, produced singly or in pairs and appearing before the leaves in early spring. Almond grows best in Mediterranean climates with warm, dry summers and mild, wet winters. The optimal temperature for their growth is between  and the tree buds have a chilling requirement of 200 to 700 hours below  to break dormancy.

Almonds begin bearing an economic crop in the third year afte",False,True,1.0,0.980881929397583,4.112720489501953e-05
hybrid,443,Almond,Which region produces over half of the world's almond supply?,California,California produces over half of the world's almond supply.,Almond | Almond | Almond,"Regulations related to water supplies are changing so some growers have destroyed their current almond orchards to replace with either younger trees or a different crop such as pistachio that needs less water.

Sustainability strategies implemented by the Almond Board of California and almond farmers include:
 tree and soil health, and other farming practices
 minimizing dust production during the harvest
 bee health
 irrigation guidelines for farmers
 food safety
 use of waste biomass as coprod",False,True,1.0,0.9830603003501892,0.00012242794036865234
hybrid,444,Demographics of Antigua and Barbuda,"According to the 2011 census, what was the estimated resident population of Antigua and Barbuda?","86,295","According to the 2011 census, the estimated resident population of Antigua and Barbuda was 86,295.",Demographics of Antigua and Barbuda | Antigua and Barbuda | Antigua and Barbuda,"This article is a demography of the population of Antigua and Barbuda including population density, ethnicity, religious affiliations and other aspects of the population.

Population

According to the 2011 census the estimated resident population of Antigua and Barbuda was 86,295.
The estimated population of  is  ().

Vital statistics

Structure of the population

Ethnic groups
The population of Antigua and Barbuda, is predominantly black (91.0%) or mixed (4.4%). 1.9% of the population is white ",False,True,1.0,0.9674939513206482,4.3272972106933594e-05
hybrid,445,Demographics of Antigua and Barbuda,What percentage of Antigua and Barbuda's population is identified as black?,91.0%,91%,Antigua and Barbuda | Demographics of Antigua and Barbuda | Antigua and Barbuda,"Cities and villages 

The most populous cities in Antigua and Barbuda are mostly on Antigua, being Saint John's, All Saints, Piggotts, and Liberta. The most populous city on Barbuda is Codrington. It is estimated that 25% of the population lives in an urban area, which is much lower than the international average of 55%.

Islands

Antigua and Barbuda consists mostly of its two namesake islands, Antigua, and Barbuda. Other than that, Antigua and Barbuda's biggest islands are Guiana Island and Lon",False,True,0.5,0.262370228767395,0.7628218531608582
hybrid,446,Politics of Antigua and Barbuda,Who appoints the governor-general of Antigua and Barbuda?,The sovereign of Antigua and Barbuda,The governor-general of Antigua and Barbuda is appointed by the monarch.,Antigua and Barbuda | Politics of Antigua and Barbuda | Antigua and Barbuda,"Governance

Political system

The politics of Antigua and Barbuda take place within a framework of a unitary, parliamentary, representative democratic monarchy, in which the head of state is the monarch who appoints the governor-general as vice-regal representative. Charles III is the present King of Antigua and Barbuda, having served in that position since the death of his mother, Elizabeth II. She had been the queen since the islands' independence from the United Kingdom in 1981. The King is c",False,True,0.6666666666666666,0.9755640625953674,1.800060272216797e-05
hybrid,447,Politics of Antigua and Barbuda,How many members are in the Senate of Antigua and Barbuda's Parliament?,Seventeen,The Senate of Antigua and Barbuda's Parliament has 17 appointed members.,Politics of Antigua and Barbuda | Politics of Antigua and Barbuda | Antigua and Barbuda,"Legislative branch

Antigua and Barbuda elects on national level a legislature. Parliament has two chambers. The House of Representatives has 19 members: 17 members elected for a five-year term in single-seat constituencies, and 2 ex officio members (president and speaker). The Senate has 17 appointed members. The prime minister is the leader of the majority party in the House and conducts affairs of state with the cabinet. The prime minister and the cabinet are responsible to the Parliament. El",False,True,0.0,0.9794855117797852,0.00023418664932250977
hybrid,448,Antigua and Barbuda Defence Force,How many personnel are in the Antigua and Barbuda Defence Force?,245 personnel,245 personnel,Antigua and Barbuda Defence Force | Antigua and Barbuda | Antigua and Barbuda Defence Force,"The Antigua and Barbuda Defence Force (ABDF) is the armed forces of Antigua and Barbuda. The ABDF has responsibility for several different roles: internal security, prevention of drug smuggling, the protection and support of fishing rights, prevention of marine pollution, search and rescue, ceremonial duties, assistance to government programs, provision of relief during natural disasters, assistance in the maintenance of essential services, and support of the police in maintaining law and order.",False,True,1.0,0.96907639503479,0.8774767890572548
hybrid,449,Antigua and Barbuda Defence Force,What are the names and classes of the two patrol boats listed in the Coast Guard's flotilla?,"P-01 Liberta, a 19.81-metre Commercial Cruiser-class patrol boat, and P-02 Palmetto, a SeaArk Boats Dauntless-class patrol boat",The two patrol boats listed in the Coast Guard's flotilla are the Swiftships Shipbuilders 19.81-meter Commercial Cruiser-class patrol boat (P-01 Liberta) and the SeaArk Boats Dauntless-class patrol boat (P-02 Palmetto).,Angolan Armed Forces | Antigua and Barbuda Defence Force | Azerbaijani Armed Forces,"In order to protect Angola's 1 600 km long coastline, the Angolan Navy is undergoing modernisation but is still lacking in many ways. Portugal has been providing training through its Technical Military Cooperation (CTM) programme. The Navy is requesting procurement of a frigate, three corvettes, three offshore patrol vessel and additional fast patrol boats.

Most of the vessels in the navy's inventory dates back from the 1980s or earlier, and many of its ships are inoperable due to age and lack ",False,True,0.9375,0.9501427412033081,0.0003046989440917969
hybrid,450,Antisemitism,What phenomenon describes Jews who perpetrate antisemitism against their own group?,"auto-antisemitism (i.e., self-hating Jews)","Auto-antisemitism, also known as self-hating Jews, describes Jews who perpetrate antisemitism against their own group.",Antisemitism | Antisemitism | Antisemitism,"Antisemitism (also spelled anti-semitism or anti-Semitism) is hostility to, prejudice towards, or discrimination against Jews. This sentiment is a form of racism, and a person who harbours it is called an antisemite. Though antisemitism is overwhelmingly perpetrated by non-Jews, it may occasionally be perpetrated by Jews in a phenomenon known as auto-antisemitism (i.e., self-hating Jews). Primarily, antisemitic tendencies may be motivated by negative sentiment towards Jews as a people or by nega",False,True,0.7142857142857143,0.8979601263999939,0.024399876594543457
hybrid,451,Antisemitism,What are the two primary motivations behind antisemitic tendencies as described in the passage?,Negative sentiment towards Jews as a people (racial antisemitism) and negative sentiment towards Jews with regard to Judaism (religious antisemitism),"According to the passage, the two primary motivations behind antisemitic tendencies are:

1. Negative sentiment towards Jews as a people.
2. Negative sentiment towards Jews with regard to Judaism.",Antisemitism | Antisemitism | Antisemitism,"Antisemitism (also spelled anti-semitism or anti-Semitism) is hostility to, prejudice towards, or discrimination against Jews. This sentiment is a form of racism, and a person who harbours it is called an antisemite. Though antisemitism is overwhelmingly perpetrated by non-Jews, it may occasionally be perpetrated by Jews in a phenomenon known as auto-antisemitism (i.e., self-hating Jews). Primarily, antisemitic tendencies may be motivated by negative sentiment towards Jews as a people or by nega",False,True,0.7,0.9563284516334534,0.019215822219848633
hybrid,452,Economy of Azerbaijan,What was Azerbaijan's GDP growth rate in 2006?,34.6%,34.6%,Economy of Azerbaijan | Economy of Azerbaijan | Economy of Azerbaijan,"The economy of Azerbaijan has completed its post-Soviet transition into a major oil-based economy (with the completion of the Baku-Tbilisi-Ceyhan Pipeline), from one where the state played the major role. The transition to oil production led to remarkable growth figures as projects came online; reaching 26.4% in 2005 (second highest GDP growth in the world in 2005 only to Equatorial Guinea) and 34.6% in 2006 (world highest) before subsiding to 10.8% and 9.3% in 2008 and 2009 respectively. The re",False,True,1.0,0.8518490195274353,0.9073122218251228
hybrid,453,Economy of Azerbaijan,What was the budget deficit as a percentage of GDP in 2000?,1.3% of GDP,"Based on the information provided in the given text, there is no specific mention of the budget deficit as a percentage of GDP for any year prior to 2000. Therefore, the correct response to the question ""What was the budget deficit as a percentage of GDP in 2000?"" cannot be determined solely from the context provided.",Economy of Armenia | Economy of Armenia | Economy of American Samoa,"In 2019, the largest growth at 27.2% was shown by accommodation and catering sector, which came as a result of the growth of tourist flows.

Financial system

Foreign debt
The amount of interest paid on the public debt rose significantly (from AMD 11 billion in 2008 to AMD 46.5 billion in 2013), as did the amount of principle repayments (from annual repayments of US$15–16 million in 2005-2008 exceeding US$150 million in 2013). This is a significant financial load on the state budget. Because of ",False,False,0.3333333333333333,0.6453059315681458,0.3023396134376526
hybrid,454,Geography of Azerbaijan,What is the approximate total land area of Azerbaijan?,"approximately 86,600 square kilometers","Approximately 86,600 square kilometers.",Geography of Azerbaijan | Geography of Azerbaijan | Azerbaijan,"Azerbaijan is a country in the Caucasus region, situated at the juncture of Eastern Europe and West Asia. Three physical features dominate Azerbaijan: the Caspian Sea, whose shoreline forms a natural boundary to the east; the Greater Caucasus mountain range to the north; and the extensive flatlands at the country's center. About the size of Portugal or the US state of Maine, Azerbaijan has a total land area of approximately 86,600 square kilometers, less than 1% of the land area of the former So",False,True,1.0,0.9774684906005859,0.271348237991333
hybrid,455,Geography of Azerbaijan,Which autonomous republic of Azerbaijan is separated from the rest of the country by a strip of Armenian territory?,Nakhchivan Autonomous Republic,Nakhchivan Autonomous Republic,Geography of Azerbaijan | Azerbaijan | Azerbaijan,"Azerbaijan is a country in the Caucasus region, situated at the juncture of Eastern Europe and West Asia. Three physical features dominate Azerbaijan: the Caspian Sea, whose shoreline forms a natural boundary to the east; the Greater Caucasus mountain range to the north; and the extensive flatlands at the country's center. About the size of Portugal or the US state of Maine, Azerbaijan has a total land area of approximately 86,600 square kilometers, less than 1% of the land area of the former So",False,True,1.0,0.8686270713806152,0.9907140349969268
hybrid,456,Foreign relations of Azerbaijan,How many United Nations member states does Azerbaijan maintain diplomatic relations with?,185 United Nations member states,Azerbaijan maintains diplomatic relations with 185 United Nations member states.,Foreign relations of Azerbaijan | Azerbaijan | Foreign relations of Armenia,"The Republic of Azerbaijan is a member of the United Nations, the Non-Aligned Movement, the Organization for Security and Cooperation in Europe, NATO's Partnership for Peace, the Euro-Atlantic Partnership Council, the World Health Organization, the European Bank for Reconstruction and Development; the Council of Europe, CFE Treaty, the Community of Democracies; the International Monetary Fund; and the World Bank.

The major trends in the foreign relations of the Republic of Azerbaijan toward bot",False,True,1.0,0.9411525130271912,1.5616416931152344e-05
hybrid,457,Foreign relations of Azerbaijan,Which former U.S. government officials serve on the Honorary Council of Advisors of the U.S.-Azerbaijan Chamber of Commerce?,James Baker and Henry Kissinger,James Baker and Henry Kissinger serve on the Honorary Council of Advisors of the U.S.-Azerbaijan Chamber of Commerce.,Foreign relations of Azerbaijan | Foreign relations of Azerbaijan | Azerbaijan,"The Republic of Azerbaijan is a member of the United Nations, the Non-Aligned Movement, the Organization for Security and Cooperation in Europe, NATO's Partnership for Peace, the Euro-Atlantic Partnership Council, the World Health Organization, the European Bank for Reconstruction and Development; the Council of Europe, CFE Treaty, the Community of Democracies; the International Monetary Fund; and the World Bank.

The major trends in the foreign relations of the Republic of Azerbaijan toward bot",False,True,1.0,0.9684038758277893,0.0001195669174194336
hybrid,458,Azerbaijani Armed Forces,On what date was the Azerbaijani Armed Forces re-established according to the country's Law of the Armed Forces?,9 October 1991,The Azerbaijani Armed Forces were re-established according to the country's Law of the Armed Forces on 9 October 1991.,Azerbaijani Armed Forces | Azerbaijan | Azerbaijani Armed Forces,"The Azerbaijani Armed Forces () is the military of the Republic of Azerbaijan. It was re-established according to the country’s Law of the Armed Forces on 9 October 1991. The original Azerbaijan Democratic Republic's armed forces were dissolved after Azerbaijan was absorbed into the Soviet Union as the Azerbaijan Soviet Socialist Republic from 28 April 1920. After the Soviet Union dissolved in 1991–92, Azerbaijan's armed forces were reformed based on Soviet bases and equipment left on Azerbaijan",False,True,1.0,0.9862063527107239,0.00016677379608154297
hybrid,459,Azerbaijani Armed Forces,What are the three branches of the Azerbaijani Armed Forces?,"the Azerbaijani Land Forces, the Azerbaijani Air and Air Defence Force, and the Azerbaijani Navy","The three branches of the Azerbaijani Armed Forces are:

1. The Azerbaijani Land Forces
2. The Azerbaijani Air and Air Defence Force
3. The Azerbaijani Navy",Azerbaijani Armed Forces | Azerbaijan | Armed Forces of Armenia,"The Azerbaijani Armed Forces () is the military of the Republic of Azerbaijan. It was re-established according to the country’s Law of the Armed Forces on 9 October 1991. The original Azerbaijan Democratic Republic's armed forces were dissolved after Azerbaijan was absorbed into the Soviet Union as the Azerbaijan Soviet Socialist Republic from 28 April 1920. After the Soviet Union dissolved in 1991–92, Azerbaijan's armed forces were reformed based on Soviet bases and equipment left on Azerbaijan",False,True,1.0,0.9039594531059265,0.029201269149780273
hybrid,460,Geography of Armenia,How many million years ago did a geological upheaval push up the Earth's crust to form the Armenian Plateau?,Twenty-five million years ago.,Twenty-five million years ago,Geography of Armenia | Atlantic Ocean | Geography of Armenia,"Armenia is a landlocked country in the South Caucasus region of the Caucasus. The country spans Eastern Europe and West Asia, with cultural ties to both regions. Armenia is bordered on the north and east by Georgia and Azerbaijan and on the south and west by Iran, Azerbaijan's exclave Nakhchivan, and Turkey.

The terrain is mostly mountainous and flat, with fast flowing rivers and few forests but with many trees. The climate is highland continental: hot summers and cold winters. The land rises t",False,True,1.0,0.8935113549232483,0.6698528230190277
hybrid,461,Geography of Armenia,Which mountain range extends through northern Armenia?,The Lesser Caucasus range.,The Lesser Caucasus range extends through northern Armenia.,Geography of Armenia | Geography of Armenia | Geography of Azerbaijan,"Armenia is a landlocked country in the South Caucasus region of the Caucasus. The country spans Eastern Europe and West Asia, with cultural ties to both regions. Armenia is bordered on the north and east by Georgia and Azerbaijan and on the south and west by Iran, Azerbaijan's exclave Nakhchivan, and Turkey.

The terrain is mostly mountainous and flat, with fast flowing rivers and few forests but with many trees. The climate is highland continental: hot summers and cold winters. The land rises t",False,True,1.0,0.9880654215812683,0.0004627704620361328
hybrid,462,Demographics of Armenia,What was Armenia's population at its peak in 1992?,3.633 million,"According to the given context, Armenia's population peaked at 3.633 million in 1992.",Demographics of Armenia | Demographics of Armenia | Demographics of Armenia,"After registering steady increases during the Soviet period, the population of Armenia declined from its peak value of 3.633 million in 1992 to 2.986 million in 2017.

Whilst the country's population increased steadily during the Soviet Union as a result of periods of repatriation and low emigration rates, it has declined in recent times due to the exodus of peoples following the Soviet break-up. The rates of emigration and population decline, however, have decreased in recent years, and there h",False,True,1.0,0.9489331841468811,0.00013446807861328125
hybrid,463,Demographics of Armenia,How many Armenians from Persia relocated following the Russian annexation?,"45,000","45,000 Armenians relocated from Persia following the Russian annexation.",Demographics of Armenia | Demographics of Armenia | Demographics of Armenia,"After registering steady increases during the Soviet period, the population of Armenia declined from its peak value of 3.633 million in 1992 to 2.986 million in 2017.

Whilst the country's population increased steadily during the Soviet Union as a result of periods of repatriation and low emigration rates, it has declined in recent times due to the exodus of peoples following the Soviet break-up. The rates of emigration and population decline, however, have decreased in recent years, and there h",False,True,1.0,0.9502875208854675,3.2067298889160156e-05
hybrid,464,Politics of Armenia,On what date did Armenia become independent from the Russian Empire?,28 May 1918,1918,Demographics of Armenia | Politics of Armenia | Armed Forces of Armenia,"After registering steady increases during the Soviet period, the population of Armenia declined from its peak value of 3.633 million in 1992 to 2.986 million in 2017.

Whilst the country's population increased steadily during the Soviet Union as a result of periods of repatriation and low emigration rates, it has declined in recent times due to the exodus of peoples following the Soviet break-up. The rates of emigration and population decline, however, have decreased in recent years, and there h",False,True,0.3333333333333333,0.6399065852165222,0.9977481525857002
hybrid,465,Politics of Armenia,Who received 83% of the votes in the October 1991 presidential election?,Levon Ter-Petrosyan,"Based on the information provided in the context, Abraham Lincoln received 83% of the votes in the October 1991 presidential election. This can be inferred from the statement: ""Lincoln received 1,866,452 votes, or 39.8% of the total in a four-way race, carrying the free Northern states, as well as California and Oregon.""",Alaska | Abraham Lincoln | Alabama,"Other local taxes levied include raw fish taxes, hotel, motel, and bed-and-breakfast 'bed' taxes, severance taxes, liquor and tobacco taxes, gaming (pull tabs) taxes, tire taxes and fuel transfer taxes. A part of the revenue collected from certain state taxes and license fees (such as petroleum, aviation motor fuel, telephone cooperative) is shared with municipalities in Alaska.

The fall in oil prices after the fracking boom in the early 2010s has decimated Alaska's state treasury, which has hi",False,False,0.0,0.7799358367919922,0.12199926376342773
hybrid,466,Economy of Armenia,What was the percentage growth of Armenia's economy in 2022?,12.6%,The percentage growth of Armenia's economy in 2022 was 12.6%.,Economy of Armenia | Economy of Armenia | Economy of Armenia,"The economy of Armenia grew by 12.6% in 2022, according to the country's Statistical Committee and the International Monetary Fund. Total output amounted to 8.5 trillion Armenian drams, or $19.5 billion. At the same time, Armenia's foreign trade turnover significantly accelerated in growth from 17.7% in 2021 to 68.6% in 2022.
GDP contracted sharply in 2020 by 7.2%, mainly due to the COVID-19 recession and the war against Azerbaijan. In contrast it grew by 7.6 per cent in 2019, the largest record",False,True,1.0,0.9804184436798096,0.0003756284713745117
hybrid,467,Economy of Armenia,What was the foreign trade turnover growth percentage in 2022?,68.6%,15%,Economy of Armenia | Economy of Armenia | Economy of Armenia,"This was a result of about 8 percent increase in goods export and 21 percent increase on goods import in nominal terms year on year in 2018.

Armenia's foreign trade turnover increased by 11.6 percent in January–May 2021, compared to an 11.2 percent decline a year earlier, owing to a reversal of the y-o-y dynamics of exports and imports from 8.1 to 12.8 percent decline to 20.8-6.7 percent growth, according to preliminary data from the RA Statistical Committee. As a consequence, Armenia's foreign",False,True,0.0,0.3188914358615875,0.953621793538332
hybrid,468,Transport in Armenia,What is the total length of Armenia's broad gauge railway network as reported in 1995?,825 km,825 km of 825 km gauge (1995),Transport in Armenia | Economy of Armenia | Economy of Armenia,"This article considers transport in Armenia.

Railways

Total
 in common carrier service; does not include industrial lines

Broad gauge
825 km of  gauge (825 km electrified) (1995)
There is no service south of Yerevan.

City with metro system: Yerevan

International links
 Azerbaijan - closed - same gauge
 Georgia - yes - same gauge
 Iran - via Azerbaijan - closed - break of gauge - /
 Turkey - closed - break of gauge -/

Most of the cross-border lines are currently closed due to political prob",False,True,1.0,0.969947874546051,0.7454910278320312
hybrid,469,Transport in Armenia,How many times a day do the new electric trains run between Yerevan and Gyumri?,Four times a day,Four times a day.,Transport in Armenia | Transport in Armenia | Transport in Armenia,"This article considers transport in Armenia.

Railways

Total
 in common carrier service; does not include industrial lines

Broad gauge
825 km of  gauge (825 km electrified) (1995)
There is no service south of Yerevan.

City with metro system: Yerevan

International links
 Azerbaijan - closed - same gauge
 Georgia - yes - same gauge
 Iran - via Azerbaijan - closed - break of gauge - /
 Turkey - closed - break of gauge -/

Most of the cross-border lines are currently closed due to political prob",False,True,1.0,0.9587538242340088,0.00014317035675048828
hybrid,470,Armed Forces of Armenia,Who is the Commander-in-Chief of the Armenian military?,President Vahagn Khachaturyan,"The Commander-in-Chief of the Armenian military is the President of Armenia, Vahagn Khachaturyan.",Armed Forces of Armenia | Armed Forces of Armenia | Armed Forces of Armenia,"The Armed Forces of Armenia (), sometimes referred to as the Armenian Army (), is the national military of Armenia. It consists of personnel branches under the General Staff of the Armenian Armed Forces, which can be divided into two general branches: the Ground Forces, and the Air Force. Although it was partially formed out of the former Soviet Army forces stationed in the Armenian SSR (mostly units of the 7th Guards Army of the Transcaucasian Military District), the military of Armenia can be ",False,True,1.0,0.9668711423873901,6.783008575439453e-05
hybrid,471,Armed Forces of Armenia,What are the two general branches of the Armed Forces of Armenia?,The Ground Forces and the Air Force,The two general branches of the Armed Forces of Armenia are the Ground Forces and the Air Force.,Armed Forces of Armenia | Armed Forces of Armenia | Armed Forces of Armenia,"The Armed Forces of Armenia (), sometimes referred to as the Armenian Army (), is the national military of Armenia. It consists of personnel branches under the General Staff of the Armenian Armed Forces, which can be divided into two general branches: the Ground Forces, and the Air Force. Although it was partially formed out of the former Soviet Army forces stationed in the Armenian SSR (mostly units of the 7th Guards Army of the Transcaucasian Military District), the military of Armenia can be ",False,True,1.0,0.9490903615951538,0.00014710426330566406
hybrid,472,Foreign relations of Armenia,Who has served as the Minister of Foreign Affairs of Armenia since August 2021?,Ararat Mirzoyan,Ararat Mirzoyan has served as the Minister of Foreign Affairs of Armenia since August 2021.,Foreign relations of Armenia | Economy of Armenia | Foreign relations of Armenia,"Since its independence, Armenia has maintained a policy of trying to have positive and friendly relations with Iran, Russia, and the West, including the United States and the European Union. It has full membership status in a number of international organizations, such as the Council of Europe and the Eurasian Economic Union, and observer status, etc. in some others. However, the dispute over the Armenian genocide of 1915 and the ongoing Nagorno-Karabakh conflict have created tense relations wit",False,True,1.0,0.9922640323638916,3.421306610107422e-05
hybrid,473,Foreign relations of Armenia,Which two immediate neighboring countries have tense relations with Armenia due to the Armenian genocide dispute and the Nagorno-Karabakh conflict?,Azerbaijan and Turkey,Turkey and Azerbaijan,Foreign relations of Armenia | Foreign relations of Armenia | Foreign relations of Armenia,"Since 1997, the Minsk Group co-chairs have presented three proposals to serve as a framework for resolving the conflict. Each proposal was rejected. Beginning in 1999, the presidents of Azerbaijan and Armenia initiated a direct dialogue through a series of face-to-face meetings, often facilitated by the Minsk Group Co-Chairs. The OSCE sponsored a round of negotiations between the presidents in Key West, Florida. U.S. Secretary of State Colin Powell launched the talks on 3 April 2001, and the neg",False,True,1.0,0.9160389304161072,0.5694785714149475
hybrid,474,Demographics of American Samoa,What is the total median age of the population of American Samoa according to the 2020 estimate?,27.2 years,The total median age of the population of American Samoa according to the 2020 estimate is 27.2 years.,Demographics of American Samoa | Demographics of American Samoa | Demographics of Angola,"Demographics of American Samoa include population density, ethnicity, education level, health of the populace, economic status, religious affiliations and other aspects. American Samoa is an unincorporated territory of the United States located in the South Pacific Ocean.

Vital statistics
Births and deaths

Structure of the population

Population statistics 

The statistics from 1900 to 1950 and every decennial census are from the U.S. Census Bureau. There was no census taken in 1910, but a spe",False,True,1.0,0.9588011503219604,8.094310760498047e-05
hybrid,475,Demographics of American Samoa,What is the population growth rate of American Samoa as estimated for 2021?,-2.1%,−2.1% (2021 est.),Demographics of American Samoa | Demographics of American Samoa | Economy of American Samoa,"Demographics of American Samoa include population density, ethnicity, education level, health of the populace, economic status, religious affiliations and other aspects. American Samoa is an unincorporated territory of the United States located in the South Pacific Ocean.

Vital statistics
Births and deaths

Structure of the population

Population statistics 

The statistics from 1900 to 1950 and every decennial census are from the U.S. Census Bureau. There was no census taken in 1910, but a spe",False,True,1.0,0.9204516410827637,0.37396156787872314
hybrid,476,Politics of American Samoa,What year was the constitution of American Samoa ratified?,1966,The constitution of American Samoa was ratified in 1966.,Politics of American Samoa | Politics of American Samoa | Articles of Confederation,"Politics of American Samoa takes place in a framework of a presidential representative democratic dependency, whereby the governor is the head of government, and of a pluriform multi-party system. American Samoa is an unincorporated and unorganized territory of the United States, administered by the Office of Insular Affairs, U.S. Department of the Interior. Its constitution was ratified in 1966 and came into effect in 1967. Executive power is discharged by the governor and the lieutenant govern",False,True,1.0,0.9754379987716675,1.811981201171875e-05
hybrid,477,Politics of American Samoa,Who discharges executive power in American Samoa?,the governor and the lieutenant governor,Executive power is discharged by the governor and the lieutenant governor.,Politics of American Samoa | Politics of American Samoa | Economy of American Samoa,"Politics of American Samoa takes place in a framework of a presidential representative democratic dependency, whereby the governor is the head of government, and of a pluriform multi-party system. American Samoa is an unincorporated and unorganized territory of the United States, administered by the Office of Insular Affairs, U.S. Department of the Interior. Its constitution was ratified in 1966 and came into effect in 1967. Executive power is discharged by the governor and the lieutenant govern",False,True,1.0,0.987425684928894,0.0018208026885986328
hybrid,478,Economy of American Samoa,What is the primary export of American Samoa?,canned tuna,The primary export of American Samoa is canned tuna.,Economy of American Samoa | Politics of American Samoa | Demographics of American Samoa,"The economy of American Samoa is a traditional Polynesian economy in which more than 90% of the land is communally owned. Economic activity is strongly linked to the United States, with which American Samoa conducts the great bulk of its foreign trade. Tuna fishing and processing plants are the backbone of the private sector, with canned tuna being the primary export. Transfers from the U.S. federal government add substantially to American Samoa's economic well-being. Attempts by the government ",False,True,1.0,0.9719923734664917,1.0013580322265625e-05
hybrid,479,Economy of American Samoa,What was the unemployment rate in 2010?,23.8%,The unemployment rate in 2010 was 19%.,Economy of Armenia | Economy of Armenia | Adelaide,"According to the latest reports on population of Armenia, in December 2020 the population consisted of 2.96million people and the average monthly earning during February 2021 was US$366.05.

According to prime minister Nikol Pashinyan in January 2019 562,043 payroll jobs were recorded, against of 511,902 in January 2018, an increase of 9.7%.Statistical Committee of Armenia publication based on data retrieved from employers and national income service cites 560,586 payroll positions in January 20",False,False,0.0,0.4433647692203522,7.402896881103516e-05
hybrid,480,Architect,What three main tasks does an architect perform according to the passage?,"An architect plans, designs and oversees the construction of buildings.","An architect performs the following three main tasks:

1. Planning and Designing Buildings: Architects plan, design, and oversee the construction of buildings based on the requirements of clients and stakeholders.

2. Coordinating Design Teams: Architects coordinate a design team, involving structural, mechanical, and electrical engineers, to ensure proper coordination and alignment of design components.

3. Managing Construction Projects: Architects manage the entire process from initial conception to final completion, overseeing the execution of designs and coordinating with various parties involved in the construction phase.",Architect | Architect | Architect,"Such licensure usually required a university degree, successful completion of exams, as well as a training period. Representation of oneself as an architect through the use of terms and titles were restricted to licensed individuals by law, although in general, derivatives such as architectural designer were not legally protected.

To practice architecture implies the ability to practice independently of supervision. The term building design professional (or design professional), by contrast, is",False,True,0.6666666666666666,0.24739257991313934,0.008847296237945557
hybrid,481,Architect,"What type of specialized training is required for an architect to earn a license, as stated in the passage?",The architect must undergo advanced education and a practicum (or internship) for practical experience.,Advanced education and a practicum (or internship) for practical experience.,Architect | Architect | Architect,"An architect is a person who plans, designs and oversees the construction of buildings. To practice architecture means to provide services in connection with the design of buildings and the space within the site surrounding the buildings that have human occupancy or use as their principal purpose. Etymologically, the term architect derives from the Latin , which derives from the Greek (-, chief + , builder), i.e., chief builder.

The professional requirements for architects vary from location to",False,True,0.6666666666666666,0.976007878780365,0.06822645664215088
